item_type,item_id,secondary_id,region_id,sha256,status,previously_present,restored,assignment_count,evidence
image_use,S-001,IU-001,R01,e22ceffc6f07f38ecd3bcc46638bf34ecd80d5ab9230f59c612383d789210de2,processed-semantic-transcript,True,False,1,"Visually reviewed screenshot assigned to R01: Core flow, keys, token verification, hostname, and purpose"
image_use,S-002,IU-002,R01,b50df11299b96bcaa7e2aa06595f57acc390e59cc3911da81259fe2a6f278f58,processed-semantic-transcript,True,False,1,"Visually reviewed screenshot assigned to R01: Core flow, keys, token verification, hostname, and purpose"
image_use,S-003,IU-003,R01,6372d9ff2396e3c9f1f8a5903aec15ff513153d1fef52e309786e8c15339fe33,processed-semantic-transcript,True,False,1,"Visually reviewed screenshot assigned to R01: Core flow, keys, token verification, hostname, and purpose"
image_use,S-004,IU-004,R01,caad7a88cf42ddf4ca270d96f35f8b9648e05d415a9cc875e48f6ac1d1ed8b02,processed-semantic-transcript,True,False,1,"Visually reviewed screenshot assigned to R01: Core flow, keys, token verification, hostname, and purpose"
image_use,S-005,IU-005,R01,3d77736ad83eba005931e891f4157159a49ccd2b590b5846238616d6e91235ee,processed-semantic-transcript,True,False,1,"Visually reviewed screenshot assigned to R01: Core flow, keys, token verification, hostname, and purpose"
image_use,S-006,IU-006,R01,3f558f9e7662c2f763b02586acb9c13980adba3b531715a7ed225ae76332e62a,processed-semantic-transcript,True,False,1,"Visually reviewed screenshot assigned to R01: Core flow, keys, token verification, hostname, and purpose"
image_use,S-007,IU-007,R01,852542d67af953d929ab8f34f7f324ce0bf3a0909a9d179f323ff6c086348cbd,processed-semantic-transcript,True,False,1,"Visually reviewed screenshot assigned to R01: Core flow, keys, token verification, hostname, and purpose"
image_use,S-008,IU-008,R01,bf4acac48dc580e2264ff032d1408aed3cc6daae035db3490bc2c2e403acaac0,processed-semantic-transcript,True,False,1,"Visually reviewed screenshot assigned to R01: Core flow, keys, token verification, hostname, and purpose"
image_use,S-009,IU-009,R01,66a66bd8901f46a51b9ab504bd83f545af85451fe578bcf882dedf752a0873be,processed-semantic-transcript,True,False,1,"Visually reviewed screenshot assigned to R01: Core flow, keys, token verification, hostname, and purpose"
image_use,S-010,IU-010,R01,5a2027fcfd7e7581065265d8af25834ed01f7dc64e270a2ab0684fe448df4b19,processed-semantic-transcript,True,False,1,"Visually reviewed screenshot assigned to R01: Core flow, keys, token verification, hostname, and purpose"
image_use,S-011,IU-011,R01,13e1e2057404d498978d76a5b15028b993c051ba3db0ea1869c83aa2eff01cc7,processed-semantic-transcript,True,False,1,"Visually reviewed screenshot assigned to R01: Core flow, keys, token verification, hostname, and purpose"
image_use,S-012,IU-012,R01,c15e615ae8aca94ac72e98b33ff8b43d3e73b55375303ff9e4981db4f26ddd09,processed-semantic-transcript,True,False,1,"Visually reviewed screenshot assigned to R01: Core flow, keys, token verification, hostname, and purpose"
image_use,S-013,IU-013,R01,6ea147b9ed86b8c615ef29903a66d52a5e7115a135c0b28e498c2acf2749eb87,processed-semantic-transcript,True,False,1,"Visually reviewed screenshot assigned to R01: Core flow, keys, token verification, hostname, and purpose"
image_use,S-014,IU-014,R01,61689add213956e183499bb8004fff68c7d0d479bc2f30b2255572a7f6e74f03,processed-semantic-transcript,True,False,1,"Visually reviewed screenshot assigned to R01: Core flow, keys, token verification, hostname, and purpose"
image_use,S-015,IU-015,R01,aa7f2afb3366b1973b3044627495f3df1d19e253434d513d9f89465a1c06211f,processed-semantic-transcript,True,False,1,"Visually reviewed screenshot assigned to R01: Core flow, keys, token verification, hostname, and purpose"
image_use,S-016,IU-016,R01,04178a861089e5b04ab0f5859d76f261d177b634b25da2adc956bf806294415c,processed-semantic-transcript,True,False,1,"Visually reviewed screenshot assigned to R01: Core flow, keys, token verification, hostname, and purpose"
image_use,S-017,IU-017,R01,060dff727deb96f01f5fb83f81dda565eef6c13350b1cf49121e61942abc48b9,processed-semantic-transcript,True,False,1,"Visually reviewed screenshot assigned to R01: Core flow, keys, token verification, hostname, and purpose"
image_use,S-018,IU-018,R01,ed7d4fd6ec69cdafe6a3fe7fe040be7fc093ef0dde4a2fe983e6041b8eaf5e58,processed-semantic-transcript,True,False,1,"Visually reviewed screenshot assigned to R01: Core flow, keys, token verification, hostname, and purpose"
image_use,S-019,IU-019,R01,03045fa5b118184dc08637c39fec7f4cd52f2a0a9d592ceb510081e814996554,processed-semantic-transcript,True,False,1,"Visually reviewed screenshot assigned to R01: Core flow, keys, token verification, hostname, and purpose"
image_use,S-020,IU-020,R01,e40a7a15696b19d2c95598b99a6932135c718621d5ebcdc83b13fb9c87b9e22b,processed-semantic-transcript,True,False,1,"Visually reviewed screenshot assigned to R01: Core flow, keys, token verification, hostname, and purpose"
image_use,S-021,IU-021,R01,5db136f06f55f9d456532ebc7048708863863bf850aa4e18d2441d2bd0e74364,processed-semantic-transcript,True,False,1,"Visually reviewed screenshot assigned to R01: Core flow, keys, token verification, hostname, and purpose"
image_use,S-022,IU-022,R02,b50df11299b96bcaa7e2aa06595f57acc390e59cc3911da81259fe2a6f278f58,processed-semantic-transcript,True,False,1,Visually reviewed screenshot assigned to R02: reCAPTCHA v2 Razor and React integration with verification service
image_use,S-023,IU-023,R02,9b4cfd2d85297dfbffa896126166a1f33055145f62d30957fdfdd4664e2a746c,processed-semantic-transcript,True,False,1,Visually reviewed screenshot assigned to R02: reCAPTCHA v2 Razor and React integration with verification service
image_use,S-024,IU-024,R02,7cc9d778246a40c66fffb709436644c940ac294b156e109a54509c9d9e69d66f,processed-semantic-transcript,True,False,1,Visually reviewed screenshot assigned to R02: reCAPTCHA v2 Razor and React integration with verification service
image_use,S-025,IU-025,R02,4aea2e2fa63232495df23857b9f4c1855fa13f8478f2a13c60a5fd178510c903,processed-semantic-transcript,True,False,1,Visually reviewed screenshot assigned to R02: reCAPTCHA v2 Razor and React integration with verification service
image_use,S-026,IU-026,R02,f16ab9e8e9261a6446a6c8507a4637c3f47bbd6dbae64f13e00660cacb8a022f,processed-semantic-transcript,True,False,1,Visually reviewed screenshot assigned to R02: reCAPTCHA v2 Razor and React integration with verification service
image_use,S-027,IU-027,R02,0aa24c6edd08c51783266b5abe7f88ef0e594e054324555fd2774f54bd547e76,processed-semantic-transcript,True,False,1,Visually reviewed screenshot assigned to R02: reCAPTCHA v2 Razor and React integration with verification service
image_use,S-028,IU-028,R02,2abc92a97e676750b0737d1fb8f0fb262338a60d0aea9e4323b7af33a801f50b,processed-semantic-transcript,True,False,1,Visually reviewed screenshot assigned to R02: reCAPTCHA v2 Razor and React integration with verification service
image_use,S-029,IU-029,R02,b0fe47013eb7141ebeb1bbce8c222fb38d9868512b7f87239c40ce870d004790,processed-semantic-transcript,True,False,1,Visually reviewed screenshot assigned to R02: reCAPTCHA v2 Razor and React integration with verification service
image_use,S-030,IU-030,R02,3685c788b9d2bf8d0b4baa419bbf03e7e8dbbd26b416017f6740805aa0da96b6,processed-semantic-transcript,True,False,1,Visually reviewed screenshot assigned to R02: reCAPTCHA v2 Razor and React integration with verification service
image_use,S-031,IU-031,R02,94ce10e0918e8d045f163160a0c9e68baca491122a02d94205fbfd76469028b0,processed-semantic-transcript,True,False,1,Visually reviewed screenshot assigned to R02: reCAPTCHA v2 Razor and React integration with verification service
image_use,S-032,IU-032,R02,66494ae90c3898a8e0cdaeabd95b2bfaf4249b410370c595ee97632436b63af9,processed-semantic-transcript,True,False,1,Visually reviewed screenshot assigned to R02: reCAPTCHA v2 Razor and React integration with verification service
image_use,S-033,IU-033,R02,d825fe9d05eabb188135638312bfe45ccb65a40fc1e40ed76f52e9c0f97fe89a,processed-semantic-transcript,True,False,1,Visually reviewed screenshot assigned to R02: reCAPTCHA v2 Razor and React integration with verification service
image_use,S-034,IU-034,R02,73c438e6d7963b17184a5d63d11c77aa3f5f4d398389638eb3b4f1f7aa3a5683,processed-semantic-transcript,True,False,1,Visually reviewed screenshot assigned to R02: reCAPTCHA v2 Razor and React integration with verification service
image_use,S-035,IU-035,R02,57c1b2cfbfabb8506fbce905413f95352f4755ba1d50ef89b08707be5f07ed92,processed-semantic-transcript,True,False,1,Visually reviewed screenshot assigned to R02: reCAPTCHA v2 Razor and React integration with verification service
image_use,S-036,IU-036,R02,dddb9c95c7d19281bde69746b428205a4d72f4cbcc53679b9b1d2f2bfb28bb6c,processed-semantic-transcript,True,False,1,Visually reviewed screenshot assigned to R02: reCAPTCHA v2 Razor and React integration with verification service
image_use,S-037,IU-037,R02,91fe7522f06d93bf0ab8d87b2a4fe76ea9bfd2476a1f6f61427bd84f693aabb9,processed-semantic-transcript,True,False,1,Visually reviewed screenshot assigned to R02: reCAPTCHA v2 Razor and React integration with verification service
image_use,S-038,IU-038,R02,ca55b560277afdbed15b46130909c451a7d90dd26a31bbbc51db2b947a7b4cb2,processed-semantic-transcript,True,False,1,Visually reviewed screenshot assigned to R02: reCAPTCHA v2 Razor and React integration with verification service
image_use,S-039,IU-039,R02,b1184ea9419790dc3eba16c9041debd9460523a44cc634fa8e20bd63ced026b5,processed-semantic-transcript,True,False,1,Visually reviewed screenshot assigned to R02: reCAPTCHA v2 Razor and React integration with verification service
image_use,S-040,IU-040,R02,58da274377c94aee4a75b1ad8529c7b9513b087250a02fb1bb4e1086e7ed5151,processed-semantic-transcript,True,False,1,Visually reviewed screenshot assigned to R02: reCAPTCHA v2 Razor and React integration with verification service
image_use,S-041,IU-041,R02,2a6928a340a8f580ba5fd98a52bf03dafefa0fb9adfc4322e4ecc626e91e87fc,processed-semantic-transcript,True,False,1,Visually reviewed screenshot assigned to R02: reCAPTCHA v2 Razor and React integration with verification service
image_use,S-042,IU-042,R02,94d4a092e9323732b52cbc92682087b3214342e68b576539b6d7f53495619941,processed-semantic-transcript,True,False,1,Visually reviewed screenshot assigned to R02: reCAPTCHA v2 Razor and React integration with verification service
image_use,S-043,IU-043,R02,a67aa7f60ac5a5552e210b67a6776925527e65232cea51767c93fe1cb482ff58,processed-semantic-transcript,True,False,1,Visually reviewed screenshot assigned to R02: reCAPTCHA v2 Razor and React integration with verification service
image_use,S-044,IU-044,R02,42b9f3c04cca7e54b2b6a12b6b99b422b709cee49275cec8f8f1a02e76f3ecbe,processed-semantic-transcript,True,False,1,Visually reviewed screenshot assigned to R02: reCAPTCHA v2 Razor and React integration with verification service
image_use,S-045,IU-045,R02,78a0d2d5e477ce04e32cdad10fdc4de60375ae2215cb4627f8b5bbf92835dcb8,processed-semantic-transcript,True,False,1,Visually reviewed screenshot assigned to R02: reCAPTCHA v2 Razor and React integration with verification service
image_use,S-046,IU-046,R02,d8f0f557ad6613ce726990571d0e72ed6f9a2b5275dc4a64d78ee8e2495252e7,processed-semantic-transcript,True,False,1,Visually reviewed screenshot assigned to R02: reCAPTCHA v2 Razor and React integration with verification service
image_use,S-047,IU-047,R02,7688090cbceae984b15c3997f9a47d001c734afc409f52d22a31e87c9aa3d0e4,processed-semantic-transcript,True,False,1,Visually reviewed screenshot assigned to R02: reCAPTCHA v2 Razor and React integration with verification service
image_use,S-048,IU-048,R02,8babc55e6a67e8bf596da2a09997efd482efa066ab33341351bc7db5d2c0307c,processed-semantic-transcript,True,False,1,Visually reviewed screenshot assigned to R02: reCAPTCHA v2 Razor and React integration with verification service
image_use,S-049,IU-049,R02,9cb8212fec26eb1925c0a677503a8282eeed6373450fe6e4ae02f862b4122e0d,processed-semantic-transcript,True,False,1,Visually reviewed screenshot assigned to R02: reCAPTCHA v2 Razor and React integration with verification service
image_use,S-050,IU-050,R02,8e907c819e8942cc752871656b2928b574039b4fffe44b567244986cc9d48ffd,processed-semantic-transcript,True,False,1,Visually reviewed screenshot assigned to R02: reCAPTCHA v2 Razor and React integration with verification service
image_use,S-051,IU-051,R02,5515cd159593e67e2c214a3b95aa7576a0fc893c77d18d443fed0660955b2878,processed-semantic-transcript,True,False,1,Visually reviewed screenshot assigned to R02: reCAPTCHA v2 Razor and React integration with verification service
image_use,S-052,IU-052,R02,259e4b37f043c01a53b47aee56b006180074434fc953f7c7bb2f60a974b2a225,processed-semantic-transcript,True,False,1,Visually reviewed screenshot assigned to R02: reCAPTCHA v2 Razor and React integration with verification service
image_use,S-053,IU-053,R02,80690b19d3bf7ccd778b18cbc7d275176992aedb2b4616b7997549dd6e92c78a,processed-semantic-transcript,True,False,1,Visually reviewed screenshot assigned to R02: reCAPTCHA v2 Razor and React integration with verification service
image_use,S-054,IU-054,R02,d041c43a59a186118a12cde02b91d7662eb9af1170f78d7dcf07ab24d27ea73e,processed-semantic-transcript,True,False,1,Visually reviewed screenshot assigned to R02: reCAPTCHA v2 Razor and React integration with verification service
image_use,S-055,IU-055,R03,c48f56c79536ef6b610bfb2970f2da79f2fada633f85648298f9483163d3692c,processed-semantic-transcript,True,False,1,Visually reviewed screenshot assigned to R03: reCAPTCHA v3 Razor and React action/score flow
image_use,S-056,IU-056,R03,a1ca59772de95a0808d7a0e5c7cd488d78337fbc1935a01af910cd0a1036c0a6,processed-semantic-transcript,True,False,1,Visually reviewed screenshot assigned to R03: reCAPTCHA v3 Razor and React action/score flow
image_use,S-057,IU-057,R03,68d98c67f99cc3aa6f4cd4903cdc3c748add001c4d1568bf34c783d780edb034,processed-semantic-transcript,True,False,1,Visually reviewed screenshot assigned to R03: reCAPTCHA v3 Razor and React action/score flow
image_use,S-058,IU-058,R03,d2636b41fcb3fef7b3f40a89c0f1e891f732d4aa2dea8a000284bbbbcb2b5284,processed-semantic-transcript,True,False,1,Visually reviewed screenshot assigned to R03: reCAPTCHA v3 Razor and React action/score flow
image_use,S-059,IU-059,R03,4c32c3538b0c95ea55e08ee0f4849c766ee40b1da4145267ff1731d8dccebac5,processed-semantic-transcript,True,False,1,Visually reviewed screenshot assigned to R03: reCAPTCHA v3 Razor and React action/score flow
image_use,S-060,IU-060,R03,f8f00dcc8b0e5ad7aad1a6fa24753fb044db04411a8debb69807422b537d7f19,processed-semantic-transcript,True,False,1,Visually reviewed screenshot assigned to R03: reCAPTCHA v3 Razor and React action/score flow
image_use,S-061,IU-061,R03,05d0127e2a3323d799351b186217e23c5db195a0879855559535557603e231a4,processed-semantic-transcript,True,False,1,Visually reviewed screenshot assigned to R03: reCAPTCHA v3 Razor and React action/score flow
image_use,S-062,IU-062,R03,6ab59db57e2eef696a22246079c8097c04278aab326284368086deb5bc11db4c,processed-semantic-transcript,True,False,1,Visually reviewed screenshot assigned to R03: reCAPTCHA v3 Razor and React action/score flow
image_use,S-063,IU-063,R03,02e2ca202fb393a707fc27be395c24b1b06c06f919054746e20ced51b2b48b82,processed-semantic-transcript,True,False,1,Visually reviewed screenshot assigned to R03: reCAPTCHA v3 Razor and React action/score flow
image_use,S-064,IU-064,R03,300c24725524b49c4949f399dcf854e1e89d4bc3aa246b2823dec9d33724daa6,processed-semantic-transcript,True,False,1,Visually reviewed screenshot assigned to R03: reCAPTCHA v3 Razor and React action/score flow
image_use,S-065,IU-065,R03,56274f9ca35dd91b08802cd57ff93423fa52d83a36a13825899466ca29885b0d,processed-semantic-transcript,True,False,1,Visually reviewed screenshot assigned to R03: reCAPTCHA v3 Razor and React action/score flow
image_use,S-066,IU-066,R03,70e3a9bac6ccb8f1a1e0eaaea91181a2da42ee11889ade9f2554de990237f925,processed-semantic-transcript,True,False,1,Visually reviewed screenshot assigned to R03: reCAPTCHA v3 Razor and React action/score flow
image_use,S-067,IU-067,R03,e5973a7cb3053fb5e21eea703606f15f52b0d628592a72bced180da91f1eab91,processed-semantic-transcript,True,False,1,Visually reviewed screenshot assigned to R03: reCAPTCHA v3 Razor and React action/score flow
image_use,S-068,IU-068,R03,7c515874d16253ec0b679bc031d236c4e420726fe627a290f25c7781ed671b3f,processed-semantic-transcript,True,False,1,Visually reviewed screenshot assigned to R03: reCAPTCHA v3 Razor and React action/score flow
image_use,S-069,IU-069,R03,478bc9aa4809f7ea1cfb326d90ecf18cd9c103dbf78605696836840d181eadd3,processed-semantic-transcript,True,False,1,Visually reviewed screenshot assigned to R03: reCAPTCHA v3 Razor and React action/score flow
image_use,S-070,IU-070,R03,8044cbf5148aabcfc415d0b531dcd5ffea49be4fe8867bce01284c1fec8dadd8,processed-semantic-transcript,True,False,1,Visually reviewed screenshot assigned to R03: reCAPTCHA v3 Razor and React action/score flow
image_use,S-071,IU-071,R03,5d28f1c00142c8f9c46e34f98ad67e8cc4e0b0d6ca3d3b847b10590cd9eff4a0,processed-semantic-transcript,True,False,1,Visually reviewed screenshot assigned to R03: reCAPTCHA v3 Razor and React action/score flow
image_use,S-072,IU-072,R03,c12795d74f11519422cb1db4edae98e346ca5c89296f6a3b8e54a5f217f5165b,processed-semantic-transcript,True,False,1,Visually reviewed screenshot assigned to R03: reCAPTCHA v3 Razor and React action/score flow
image_use,S-073,IU-073,R04,264ec7c25d6c893daf5b7cc00cfdff3ef4d2d3e12ca9f33a1cc96fa503f2c333,processed-semantic-transcript,True,False,1,"Visually reviewed screenshot assigned to R04: remoteip, forwarded headers, and reverse-proxy handling"
image_use,S-074,IU-074,R04,0dff047e34df4557db06de75784ba78d2cba4bc860998029ef4982a547b7bdac,processed-semantic-transcript,True,False,1,"Visually reviewed screenshot assigned to R04: remoteip, forwarded headers, and reverse-proxy handling"
image_use,S-075,IU-075,R04,1e815f1249c0032d98058074ca17f57466649d3492dde4a5b4bc313597e68596,processed-semantic-transcript,True,False,1,"Visually reviewed screenshot assigned to R04: remoteip, forwarded headers, and reverse-proxy handling"
image_use,S-076,IU-076,R04,35635aea956edeb8cdcd276dd444c435aa346b9722633cf224f0b6b46d00c0d5,processed-semantic-transcript,True,False,1,"Visually reviewed screenshot assigned to R04: remoteip, forwarded headers, and reverse-proxy handling"
image_use,S-077,IU-077,R04,abe8a0b1704689201189cff40fd48cdb80514be79b70d5a91e209a5d5d349f72,processed-semantic-transcript,True,False,1,"Visually reviewed screenshot assigned to R04: remoteip, forwarded headers, and reverse-proxy handling"
svg_text_node,T-001,,R01,31c3235bbaaf20079600507dedec986c3be5cce9d2389a453a7325427df69fad,processed-semantic-transcript,True,False,1,so flow exp
svg_text_node,T-002,,R01,042d8bdf36f21e2223ec76fd2b317e93de26d6d1e27167690edecbe37276d2d1,processed-semantic-transcript,True,False,1,"so, we need to give site key to client"
svg_text_node,T-003,,R01,e3b0c44298fc1c149afbf4c8996fb92427ae41e4649b934ca495991b7852b855,reviewed-empty-structural,True,False,1,[empty structural SVG text node]
svg_text_node,T-004,,R01,80a50409fb90b490ca23ffe20de2d1d57b0e130d00ce90ee5fcccd7074938461,processed-semantic-transcript,True,False,1,1 razor - from config/env variables/keystroe => viewbag
svg_text_node,T-005,,R01,84d6fceaa3fe7d0c73046669238d1db08f4b02048676eb8401288a8c190d912d,processed-semantic-transcript,True,False,1,2 react - just pass in response
svg_text_node,T-006,,R01,df9f111daf93460749c71e30f58dd480914e0da66063b83ddb133e0bc17a2d83,processed-semantic-transcript,True,False,1,1 razor -> we are loading script
svg_text_node,T-007,,R01,57ebee9a97d6bf6656de106aae648f8b4f4a6818199fa765de9541c0324c30c2,processed-semantic-transcript,True,False,1,in v3 - with our sitekey in qstring
svg_text_node,T-008,,R01,84e6ebb5ef66f8fe587f666ad3b3869ec12c0401f6258af3fa5d69f1884ae98f,processed-semantic-transcript,True,False,1,"and in script tag we are manually executing recapcha,"
svg_text_node,T-009,,R01,738c17c492d87c13ff2ddf245480886341032421d55a45e384f86ec76fc5747f,processed-semantic-transcript,True,False,1,"with v3 we also need to set action ""register"",""login"""
svg_text_node,T-010,,R01,b4c73ad5e130ac3bdc4a3b6f97590c79b286c5b47ae50a7328504b4af1e82120,processed-semantic-transcript,True,False,1,in v2 we just set class and sitekey to div
svg_text_node,T-011,,R01,e3b0c44298fc1c149afbf4c8996fb92427ae41e4649b934ca495991b7852b855,reviewed-empty-structural,True,False,1,[empty structural SVG text node]
svg_text_node,T-012,,R01,b9d11627376094e99b34f47cd0145b211d9686c1e09de9cbb6b8eb73d46ba3b0,processed-semantic-transcript,True,False,1,so here we prevent default and add event listener on recapchas token ready
svg_text_node,T-013,,R01,ad1bb9140cc9adeaaa39a7bce1b7eadbcaf73b17926f3365fec7dc90c8494721,processed-semantic-transcript,True,False,1,to execute and put token from resolved promise into the input and submit
svg_text_node,T-014,,R01,44bf0a8a50f7fad4a6e729652857d4578141525af8372083b828c066108e1f0a,processed-semantic-transcript,True,False,1,!!! we can do literally the same with v2
svg_text_node,T-015,,R01,0cf607d86a31ebc07f5d52bd946c48425bd5678203967711f2884e4297d2560b,processed-semantic-transcript,True,False,1,using form because v2 automatically sets it
svg_text_node,T-016,,R01,9d7c5715d4589d97304f69b7f252aa745f5242300d952b0be3e840fb301e8975,processed-semantic-transcript,True,False,1,can do like v3
svg_text_node,T-017,,R01,d7cc996230773fc2a20811ca3726ea20d974eaa502fe9d429e4d94dd3aa442f8,processed-semantic-transcript,True,False,1,we also may need to verify hostname
svg_text_node,T-018,,R01,277cc55da8c212c1090b498ce41231d34ce23fd5204f8a683a87a98bc37252b8,processed-semantic-transcript,True,False,1,expected action in recapcha is just a string to put inside
svg_text_node,T-019,,R01,e3b0c44298fc1c149afbf4c8996fb92427ae41e4649b934ca495991b7852b855,reviewed-empty-structural,True,False,1,[empty structural SVG text node]
svg_text_node,T-020,,R01,b102ef01bb422aeb8c18c1814f7faf357f016bad374c5881af116d340a5b0fc4,processed-semantic-transcript,True,False,1,and to verify
svg_text_node,T-021,,R02,44f7e6e3bc4488627c29f9c1f3233741985eebe325b8df9c89277e99c8219960,processed-semantic-transcript,True,False,1,"<script src=""https://www.google.com/recaptcha/api.js"" async defer></script>"
svg_text_node,T-022,,R02,e3b0c44298fc1c149afbf4c8996fb92427ae41e4649b934ca495991b7852b855,reviewed-empty-structural,True,False,1,[empty structural SVG text node]
svg_text_node,T-023,,R02,6d27ef22565a3d05e0765a15147281a3a561edffce64c7b19c0bdf96eb3d57fa,processed-semantic-transcript,True,False,1,"<form asp-action=""Register"" method=""post"">"
svg_text_node,T-024,,R02,88495aecaa0f95361ffcccc8aaac68efce99a9db7d9a4cb6b6751bca3a8d8060,processed-semantic-transcript,True,False,1,"<input type=""email"" name=""Email"" required />"
svg_text_node,T-025,,R02,d4d5034f25630f5f714bfa9f89892076ecfd030deb4372860909e5d585cfe7c9,processed-semantic-transcript,True,False,1,"<input type=""password"" name=""Password"" required />"
svg_text_node,T-026,,R02,e3b0c44298fc1c149afbf4c8996fb92427ae41e4649b934ca495991b7852b855,reviewed-empty-structural,True,False,1,[empty structural SVG text node]
svg_text_node,T-027,,R02,bb459b34ae5edf9a1db4199afdb551af68f4a176810ee5134c225e72d9ceae81,processed-semantic-transcript,True,False,1,"<div class=""g-recaptcha"" data-sitekey=""@ViewBag.RecaptchaSiteKey""></div>"
svg_text_node,T-028,,R02,e3b0c44298fc1c149afbf4c8996fb92427ae41e4649b934ca495991b7852b855,reviewed-empty-structural,True,False,1,[empty structural SVG text node]
svg_text_node,T-029,,R02,af2424dd0001d27b462e758595c92e7b027fb15c416c83705dde664e8c07da55,processed-semantic-transcript,True,False,1,"<button type=""submit"">Submit</button>"
svg_text_node,T-030,,R02,e0c7bb7b72eeecfc07340f6bce5874176ae2e9d13551d2d6a6f3409e66c2f8c9,processed-semantic-transcript,True,False,1,</form>
svg_text_node,T-031,,R02,7a8b4710cf0f183f074b013405f7ef658b6c12343082e5dc91d65a2126fec633,processed-semantic-transcript,True,False,1,"import React, { useRef, useState } from ""react"";"
svg_text_node,T-032,,R02,4307e7c52c5802086e38a3ed59720f45802dbba9e2bc95ea152a0be9dcf10669,processed-semantic-transcript,True,False,1,"import ReCAPTCHA from ""react-google-recaptcha"";"
svg_text_node,T-033,,R02,e3b0c44298fc1c149afbf4c8996fb92427ae41e4649b934ca495991b7852b855,reviewed-empty-structural,True,False,1,[empty structural SVG text node]
svg_text_node,T-034,,R02,33224021d34a9be727525bdd56c9704448bf2abfddd5152d83c11e53c41e099b,processed-semantic-transcript,True,False,1,const SITE_KEY = import.meta.env.VITE_RECAPTCHA_SITE_KEY; // or REACT_APP_...
svg_text_node,T-035,,R02,e3b0c44298fc1c149afbf4c8996fb92427ae41e4649b934ca495991b7852b855,reviewed-empty-structural,True,False,1,[empty structural SVG text node]
svg_text_node,T-036,,R02,0b00daf55406ee278f219f23c809bf0affa61fa740496cb5897dae9fce819ed0,processed-semantic-transcript,True,False,1,export default function RegisterV2() {
svg_text_node,T-037,,R02,cfc8016e1e8c708ee796fba5d1759d5f08473d4d8cc931cf5b89e7628fc302a2,processed-semantic-transcript,True,False,1,const recaptchaRef = useRef(null);
svg_text_node,T-038,,R02,0da1eeea29496c66fb72aa7713c17a3650f0a8719d5e62b0c78af6b73927f706,processed-semantic-transcript,True,False,1,"const [email, setEmail] = useState("""");"
svg_text_node,T-039,,R02,a29857e63814f6df9d718244da56f62f3868a043039238cbe92bc925324e4450,processed-semantic-transcript,True,False,1,"const [password, setPassword] = useState("""");"
svg_text_node,T-040,,R02,25c4d43572bc29a71a61515973880e14a4e547f255ef7a530fd4faa9e87400bc,processed-semantic-transcript,True,False,1,"const [status, setStatus] = useState("""");"
svg_text_node,T-041,,R02,e3b0c44298fc1c149afbf4c8996fb92427ae41e4649b934ca495991b7852b855,reviewed-empty-structural,True,False,1,[empty structural SVG text node]
svg_text_node,T-042,,R02,60feb94dff28a559aea894b5377948f23823ae5b3a5e881d2afa03b8973045bc,processed-semantic-transcript,True,False,1,const onSubmit = async (e) => {
svg_text_node,T-043,,R02,894c24bbd2dd531cc2cdc13ea85683503bc7a4a2629ceb09c859591e621a3804,processed-semantic-transcript,True,False,1,e.preventDefault();
svg_text_node,T-044,,R02,e8233589ea3a222b87ef1b4859d6eea0fccce29d15ba91f3f95c313992dc520b,processed-semantic-transcript,True,False,1,"setStatus("""");"
svg_text_node,T-045,,R02,e3b0c44298fc1c149afbf4c8996fb92427ae41e4649b934ca495991b7852b855,reviewed-empty-structural,True,False,1,[empty structural SVG text node]
svg_text_node,T-046,,R02,810a87919f5157476c83c3149cd6768f25268a21a40e020584b33325defc3dea,processed-semantic-transcript,True,False,1,const token = recaptchaRef.current?.getValue();
svg_text_node,T-047,,R02,8ae3495b40e4755c0e5026ce6d60f7d87e3800ce0878dcb73e560ade068c7f55,processed-semantic-transcript,True,False,1,if (!token) {
svg_text_node,T-048,,R02,ddb57ac7936d164296a3d3be8afc490d636ce0e4b6e66c135ae53edae5315b63,processed-semantic-transcript,True,False,1,"setStatus(""Please complete reCAPTCHA."");"
svg_text_node,T-049,,R02,8beaabe25ab7e0a80d1e25bada55a2f5a227101c2210eadf0b368d3c2be4a83f,processed-semantic-transcript,True,False,1,return;
svg_text_node,T-050,,R02,d10b36aa74a59bcf4a88185837f658afaf3646eff2bb16c3928d0e9335e945d2,processed-semantic-transcript,True,False,1,}
svg_text_node,T-051,,R02,e3b0c44298fc1c149afbf4c8996fb92427ae41e4649b934ca495991b7852b855,reviewed-empty-structural,True,False,1,[empty structural SVG text node]
svg_text_node,T-052,,R02,acbe5051a143c0ee9d708f04acd378f364dc4b97367c3266a18387fa8ced638d,processed-semantic-transcript,True,False,1,"const resp = await fetch(""/api/auth/register"", {"
svg_text_node,T-053,,R02,fa8f0b5ceabf772901474bc25319f2eedb1f710c45f1b586f3af334eea183b9d,processed-semantic-transcript,True,False,1,"method: ""POST"","
svg_text_node,T-054,,R02,2b88f4d4f8f1954658367dcec28e8db230feb8ed9909edb0c54a65daf18dd9d4,processed-semantic-transcript,True,False,1,"headers: { ""Content-Type"": ""application/json"" },"
svg_text_node,T-055,,R02,dccf26308684abc515823bab49b8b97558c24ec492c24b6ff66fa55d58a44be4,processed-semantic-transcript,True,False,1,"body: JSON.stringify({ email, password, recaptchaToken: token })"
svg_text_node,T-056,,R02,29576b54e255e3c948eea5b5904fa38b81682fdd3cbd9ae841ff0e7bd80d394c,processed-semantic-transcript,True,False,1,});
svg_text_node,T-057,,R02,e3b0c44298fc1c149afbf4c8996fb92427ae41e4649b934ca495991b7852b855,reviewed-empty-structural,True,False,1,[empty structural SVG text node]
svg_text_node,T-058,,R02,5b8896395731649f30f078541a586b3144a2c2ef1ff7d31be57e8012e199828b,processed-semantic-transcript,True,False,1,if (!resp.ok) {
svg_text_node,T-059,,R02,f3ecda7a1e1b696ec8bbccdc7f0c66812fbc09b1bd37af90a5875fe94183764a,processed-semantic-transcript,True,False,1,setStatus(await resp.text());
svg_text_node,T-060,,R02,66d9b410bf2bca9a6ac250695dc8398dd80cbc24d934b1a315666e67ed1eb92d,processed-semantic-transcript,True,False,1,recaptchaRef.current?.reset(); // token is single-use-ish; reset after failure
svg_text_node,T-061,,R02,8beaabe25ab7e0a80d1e25bada55a2f5a227101c2210eadf0b368d3c2be4a83f,processed-semantic-transcript,True,False,1,return;
svg_text_node,T-062,,R02,d10b36aa74a59bcf4a88185837f658afaf3646eff2bb16c3928d0e9335e945d2,processed-semantic-transcript,True,False,1,}
svg_text_node,T-063,,R02,e3b0c44298fc1c149afbf4c8996fb92427ae41e4649b934ca495991b7852b855,reviewed-empty-structural,True,False,1,[empty structural SVG text node]
svg_text_node,T-064,,R02,2b618eb8fa2102f4c90074960da0140be5cc0a1aeedda690c1e25998275d34da,processed-semantic-transcript,True,False,1,"setStatus(""Registered!"");"
svg_text_node,T-065,,R02,df3982fd610173599241fca93c7c866683f58f541eced1c2098102145477164c,processed-semantic-transcript,True,False,1,};
svg_text_node,T-066,,R02,e3b0c44298fc1c149afbf4c8996fb92427ae41e4649b934ca495991b7852b855,reviewed-empty-structural,True,False,1,[empty structural SVG text node]
svg_text_node,T-067,,R02,fc4c1868f34cfb519e76be7307878b7254a939fea0a2f13fd8029482816af74d,processed-semantic-transcript,True,False,1,return (
svg_text_node,T-068,,R02,804b9c4c26c03470f54a3e72430146ba6176db5972e61fd585e8ee27501d0a2d,processed-semantic-transcript,True,False,1,<form onSubmit={onSubmit}>
svg_text_node,T-069,,R02,458b6d7d523ad29d59f054db323f5fa116da7155d2597293655bf228c8a8ab64,processed-semantic-transcript,True,False,1,"<input type=""email"" value={email} onChange={e => setEmail(e.target.value)} required />"
svg_text_node,T-070,,R02,916a2cbae6dd2515901e4c315ab1812011c63c1693f497d55b00d5a4fe175aca,processed-semantic-transcript,True,False,1,"<input type=""password"" value={password} onChange={e => setPassword(e.target.value)} required />"
svg_text_node,T-071,,R02,e3b0c44298fc1c149afbf4c8996fb92427ae41e4649b934ca495991b7852b855,reviewed-empty-structural,True,False,1,[empty structural SVG text node]
svg_text_node,T-072,,R02,cc7045b1d4b625e06a437c809c1fda788c74335e0d140a3edc4e3fefc031f776,processed-semantic-transcript,True,False,1,<ReCAPTCHA sitekey={SITE_KEY} ref={recaptchaRef} />
svg_text_node,T-073,,R02,e3b0c44298fc1c149afbf4c8996fb92427ae41e4649b934ca495991b7852b855,reviewed-empty-structural,True,False,1,[empty structural SVG text node]
svg_text_node,T-074,,R02,bdc94113f57e993a757422daff019c5871a5961b53fd383f57d2695453a6cbd5,processed-semantic-transcript,True,False,1,"<button type=""submit"">Register</button>"
svg_text_node,T-075,,R02,77bdc611bbf6f55aec1d6b5d4b1c22c32f525cbbb4a09bb6209f08396eee05a1,processed-semantic-transcript,True,False,1,<div>{status}</div>
svg_text_node,T-076,,R02,e0c7bb7b72eeecfc07340f6bce5874176ae2e9d13551d2d6a6f3409e66c2f8c9,processed-semantic-transcript,True,False,1,</form>
svg_text_node,T-077,,R02,a77e09550e0f8690a9d1d9763b3dba33bc7f80c04d23a23051c3a17c47899b2b,processed-semantic-transcript,True,False,1,public sealed class RecaptchaVerifyResponse
svg_text_node,T-078,,R02,9d8b2b5670d18da8a99f6152f7ee75558019cd106d8032bf7c1117bd37273e37,processed-semantic-transcript,True,False,1,);
svg_text_node,T-079,,R02,021fb596db81e6d02bf3d2586ee3981fe519f275c0ac9ca76bbcf2ebb4097d96,processed-semantic-transcript,True,False,1,{
svg_text_node,T-080,,R02,d10b36aa74a59bcf4a88185837f658afaf3646eff2bb16c3928d0e9335e945d2,processed-semantic-transcript,True,False,1,}
svg_text_node,T-081,,R02,273b6ab3c04b81989f1fe5f7ec70f5a5b3fd5bd138c9f5846bac68d0f145d8ff,processed-semantic-transcript,True,False,1,public bool success { get; set; }
svg_text_node,T-082,,R02,975dff6baf58a70e36dbdee29c4d9257d8e453d84c6cd94c98a89b5fe4734f5a,processed-semantic-transcript,True,False,1,public string[]? error-codes { get; set; } // google uses this name in JSON sometimes
svg_text_node,T-083,,R02,0e3c55bc6ced706c6ac3c9effd41241699afec3a72d6a0e49c5319c1911f2132,processed-semantic-transcript,True,False,1,public List<string>? error_codes { get; set; } // in case serializer maps differently
svg_text_node,T-084,,R02,650f7d00aaf62e6368e8eeb5b73239eb4f7be15a1e5814bd395c080c0569a9ec,processed-semantic-transcript,True,False,1,public double score { get; set; } // v3 only
svg_text_node,T-085,,R02,d999cd033c438d4fb1949a3552deaef12b58d7fe024b98c21a7b21a6c37e4329,processed-semantic-transcript,True,False,1,public string? action { get; set; } // v3 only
svg_text_node,T-086,,R02,3007027fd13e6b580e4440a71ff4ba8cfba2c091b14cba7d0a9d933bf51c9475,processed-semantic-transcript,True,False,1,public string? hostname { get; set; }
svg_text_node,T-087,,R02,d10b36aa74a59bcf4a88185837f658afaf3646eff2bb16c3928d0e9335e945d2,processed-semantic-transcript,True,False,1,}
svg_text_node,T-088,,R02,d329b7c0c89952800d125445fd4a15f52eb3d98061f8409fb22a3050563e3425,processed-semantic-transcript,True,False,1,v3 must check action and score
svg_text_node,T-089,,R02,d8ec01fffb11ef19bee8b97391affd498b9652466960710799cda14c1de186f3,processed-semantic-transcript,True,False,1,using System.Net.Http;
svg_text_node,T-090,,R02,732a4059a3613f473ef78b42923c4e58871fc116be8101990a55bb4ce32453d2,processed-semantic-transcript,True,False,1,using System.Text.Json;
svg_text_node,T-091,,R02,7f0b65ae6b122f5ef5e90611bba7c33bb7fe9345fe35ea2e1cb675e18344fdfe,processed-semantic-transcript,True,False,1,using Microsoft.AspNetCore.WebUtilities;
svg_text_node,T-092,,R02,e3b0c44298fc1c149afbf4c8996fb92427ae41e4649b934ca495991b7852b855,reviewed-empty-structural,True,False,1,[empty structural SVG text node]
svg_text_node,T-093,,R02,36168f2f5b965da514843d3b1d18ecd4e4bb63ba34cdbe0abe5efed5165db9c8,processed-semantic-transcript,True,False,1,public interface IRecaptchaVerifier
svg_text_node,T-094,,R02,021fb596db81e6d02bf3d2586ee3981fe519f275c0ac9ca76bbcf2ebb4097d96,processed-semantic-transcript,True,False,1,{
svg_text_node,T-095,,R02,a2c41a812d05b09244430845a9b28645d4a1a4c14371b61a712fddefc96d7008,processed-semantic-transcript,True,False,1,"Task<bool> VerifyV2Async(string token, string? remoteIp = null);"
svg_text_node,T-096,,R02,d10b36aa74a59bcf4a88185837f658afaf3646eff2bb16c3928d0e9335e945d2,processed-semantic-transcript,True,False,1,}
svg_text_node,T-097,,R02,e3b0c44298fc1c149afbf4c8996fb92427ae41e4649b934ca495991b7852b855,reviewed-empty-structural,True,False,1,[empty structural SVG text node]
svg_text_node,T-098,,R02,bc7abb91206b90cbbd7eca7363d707f43a9790a0bda789b5b687c91deb8d530f,processed-semantic-transcript,True,False,1,combined v2 and v3
svg_text_node,T-099,,R02,e37c9622f982a2ef4c46043c26cd304393a13d7a8baef5669e4c61a7d3d2096f,processed-semantic-transcript,True,False,1,public class GoogleRecaptchaVerifier : IRecaptchaVerifier
svg_text_node,T-100,,R02,021fb596db81e6d02bf3d2586ee3981fe519f275c0ac9ca76bbcf2ebb4097d96,processed-semantic-transcript,True,False,1,{
svg_text_node,T-101,,R02,c2ec65189398b039b666e776b84bcc8adb7f906859a78d23ef1cd5c9496c744d,processed-semantic-transcript,True,False,1,private readonly HttpClient _http;
svg_text_node,T-102,,R02,245ba8819c99ea1b0d4a97f97fc736a4d99ff1f02387938c2bad0f446418dcbb,processed-semantic-transcript,True,False,1,private readonly IConfiguration _config;
svg_text_node,T-103,,R02,e3b0c44298fc1c149afbf4c8996fb92427ae41e4649b934ca495991b7852b855,reviewed-empty-structural,True,False,1,[empty structural SVG text node]
svg_text_node,T-104,,R02,1f2d3fda08f031a38a55b5db63d320b62f43262cd6388b316dc0eb99dde569ad,processed-semantic-transcript,True,False,1,"import React, { useEffect, useRef, useState } from ""react"";"
svg_text_node,T-105,,R02,667dd006678f55fcd07d7f99ef87602203f62788aefe98e30d6b106b9d598f94,processed-semantic-transcript,True,False,1,"public GoogleRecaptchaVerifier(HttpClient http, IConfiguration config)"
svg_text_node,T-106,,R02,e3b0c44298fc1c149afbf4c8996fb92427ae41e4649b934ca495991b7852b855,reviewed-empty-structural,True,False,1,[empty structural SVG text node]
svg_text_node,T-107,,R02,021fb596db81e6d02bf3d2586ee3981fe519f275c0ac9ca76bbcf2ebb4097d96,processed-semantic-transcript,True,False,1,{
svg_text_node,T-108,,R02,e30ae75bd91b4c5f043821ca718e26aa7cff1cf997af317fd0b22e2929447957,processed-semantic-transcript,True,False,1,const SITE_KEY = import.meta.env.VITE_RECAPTCHA_SITE_KEY;
svg_text_node,T-109,,R02,13f104c2c01483b4191bd35f3c261197a7977c5708bef13ccafd7f1f9e14b894,processed-semantic-transcript,True,False,1,_http = http;
svg_text_node,T-110,,R02,e3b0c44298fc1c149afbf4c8996fb92427ae41e4649b934ca495991b7852b855,reviewed-empty-structural,True,False,1,[empty structural SVG text node]
svg_text_node,T-111,,R02,0be37150bbc73220dbe49c0001bc58b8a2ce67f13b7188394ce7a904f961472a,processed-semantic-transcript,True,False,1,_config = config;
svg_text_node,T-112,,R02,e43b607bb4680295a303844c070c642cdd6a2e318a7cd6478e68d4b1ddd26c44,processed-semantic-transcript,True,False,1,function loadScript(src) {
svg_text_node,T-113,,R02,d10b36aa74a59bcf4a88185837f658afaf3646eff2bb16c3928d0e9335e945d2,processed-semantic-transcript,True,False,1,}
svg_text_node,T-114,,R02,23c1643fd7629907a734653bfbaa51f1a544ba70cfb84d827f4feadb2b700129,processed-semantic-transcript,True,False,1,"return new Promise((resolve, reject) => {"
svg_text_node,T-115,,R02,e3b0c44298fc1c149afbf4c8996fb92427ae41e4649b934ca495991b7852b855,reviewed-empty-structural,True,False,1,[empty structural SVG text node]
svg_text_node,T-116,,R02,42b0d363fe2b305cf28a858f2b808f511c205b6854b57700af401a649d7135a0,processed-semantic-transcript,True,False,1,"const existing = document.querySelector(`script[src=""${src}""]`);"
svg_text_node,T-117,,R02,c71c6be0e816dfccb5b614cf6c447d2989e6a162a385c87c2baa061ae06ef2d9,processed-semantic-transcript,True,False,1,"public async Task<bool> VerifyV2Async(string token, string? remoteIp = null)"
svg_text_node,T-118,,R02,5994960c3cc8236567f4288e1ce2b407e87f3c8e95c5bbc9c5d38aaf20762751,processed-semantic-transcript,True,False,1,if (existing) return resolve();
svg_text_node,T-119,,R02,d20d5b43d8217dabb59f68b8bff257ddbd2d9bf0bb5ca337704fdc170781f7da,processed-semantic-transcript,True,False,1,using System.Text.Json.Serialization;
svg_text_node,T-120,,R02,021fb596db81e6d02bf3d2586ee3981fe519f275c0ac9ca76bbcf2ebb4097d96,processed-semantic-transcript,True,False,1,{
svg_text_node,T-121,,R02,e3b0c44298fc1c149afbf4c8996fb92427ae41e4649b934ca495991b7852b855,reviewed-empty-structural,True,False,1,[empty structural SVG text node]
svg_text_node,T-122,,R02,e3b0c44298fc1c149afbf4c8996fb92427ae41e4649b934ca495991b7852b855,reviewed-empty-structural,True,False,1,[empty structural SVG text node]
svg_text_node,T-123,,R02,05a2220a96b1163f503aad0073009029989a6cca0b5e5b37ee775826f534f1d9,processed-semantic-transcript,True,False,1,if (string.IsNullOrWhiteSpace(token)) return false;
svg_text_node,T-124,,R02,68450a46e72a884ce0954f59f14a86b3045e581a4eda83bd680f67d22dfae4e8,processed-semantic-transcript,True,False,1,"const s = document.createElement(""script"");"
svg_text_node,T-125,,R02,a77e09550e0f8690a9d1d9763b3dba33bc7f80c04d23a23051c3a17c47899b2b,processed-semantic-transcript,True,False,1,public sealed class RecaptchaVerifyResponse
svg_text_node,T-126,,R02,e3b0c44298fc1c149afbf4c8996fb92427ae41e4649b934ca495991b7852b855,reviewed-empty-structural,True,False,1,[empty structural SVG text node]
svg_text_node,T-127,,R02,1d4c9cbec5e8b9ae7c49521ae5fb5dd315a2f6da6fc48f22f5e13e9af8d4b8c3,processed-semantic-transcript,True,False,1,s.src = src;
svg_text_node,T-128,,R02,021fb596db81e6d02bf3d2586ee3981fe519f275c0ac9ca76bbcf2ebb4097d96,processed-semantic-transcript,True,False,1,{
svg_text_node,T-129,,R02,50898e0f22c78be7234e9bbcc2d3f85fbe7d72c8bdd2f8b542a3c4a5c149c82a,processed-semantic-transcript,True,False,1,"var secret = _config[""Recaptcha:SecretKey""];"
svg_text_node,T-130,,R02,c6c59d2d4ba50b7aaf341eaf41c45ad253d8a7bb7d8e1d9347f575077bf1052e,processed-semantic-transcript,True,False,1,s.async = true;
svg_text_node,T-131,,R02,b161ec5f14279f64776bb5f51541202281ac7907416904408df3cd1fc751282c,processed-semantic-transcript,True,False,1,"[JsonPropertyName(""success"")]"
svg_text_node,T-132,,R02,4dda69d90deab36911aa7bca89244028f1b57f62027489ddb2d70959c57ae468,processed-semantic-transcript,True,False,1,if (string.IsNullOrWhiteSpace(secret))
svg_text_node,T-133,,R02,d480978ef656de3a104058c3fd8ac914f033af9f71822067dc8e47269540f7f6,processed-semantic-transcript,True,False,1,s.defer = true;
svg_text_node,T-134,,R02,c16cfaa17fc0e4bf8706fe361f90329e71c3ec4876ed1cb0b56b81b27f27c44d,processed-semantic-transcript,True,False,1,public bool Success { get; set; }
svg_text_node,T-135,,R02,eb77b554e28e8dbeb23910d4e741943db79b494dd5119280bc5138761ddd223a,processed-semantic-transcript,True,False,1,"throw new InvalidOperationException(""Recaptcha:SecretKey is not configured."");"
svg_text_node,T-136,,R02,6e7eaaf1d5229ba9916b482e57a7d8856923a8f83c52f60d43b9ecb08701c699,processed-semantic-transcript,True,False,1,s.onload = resolve;
svg_text_node,T-137,,R02,e3b0c44298fc1c149afbf4c8996fb92427ae41e4649b934ca495991b7852b855,reviewed-empty-structural,True,False,1,[empty structural SVG text node]
svg_text_node,T-138,,R02,e3b0c44298fc1c149afbf4c8996fb92427ae41e4649b934ca495991b7852b855,reviewed-empty-structural,True,False,1,[empty structural SVG text node]
svg_text_node,T-139,,R02,0b3aaa44a72b1c4ec8ede9c240fa47a2b6f30dc85215806a981aa1c0e77e6232,processed-semantic-transcript,True,False,1,s.onerror = reject;
svg_text_node,T-140,,R02,d9651c9c69c14f57495e0320d98f32abe9ea40eed240b7ccbe11ecf48aa1cb47,processed-semantic-transcript,True,False,1,"[JsonPropertyName(""challenge_ts"")]"
svg_text_node,T-141,,R02,df817cc0be6fcb2b44ff9d9ebd830396aeb6684638bc50bf6f58e9b239c90e93,processed-semantic-transcript,True,False,1,// POST https://www.google.com/recaptcha/api/siteverify
svg_text_node,T-142,,R02,cf328489e166e0ff6c6eaede2485af2714c290169db8971aafee44fcdb0c3e44,processed-semantic-transcript,True,False,1,document.head.appendChild(s);
svg_text_node,T-143,,R02,130d9efc66ae057c4b903da3dc0eae9b3c8ac045768e9295c8ac7ad4bda09d6c,processed-semantic-transcript,True,False,1,public DateTimeOffset? ChallengeTs { get; set; }
svg_text_node,T-144,,R02,6bd0935a67be7fc56df306ab7ea4f9b4116dbf9a38a4e2ca7265d334fac13b63,processed-semantic-transcript,True,False,1,"// with form fields: secret, response, remoteip(optional)"
svg_text_node,T-145,,R02,29576b54e255e3c948eea5b5904fa38b81682fdd3cbd9ae841ff0e7bd80d394c,processed-semantic-transcript,True,False,1,});
svg_text_node,T-146,,R02,e3b0c44298fc1c149afbf4c8996fb92427ae41e4649b934ca495991b7852b855,reviewed-empty-structural,True,False,1,[empty structural SVG text node]
svg_text_node,T-147,,R02,e3b0c44298fc1c149afbf4c8996fb92427ae41e4649b934ca495991b7852b855,reviewed-empty-structural,True,False,1,[empty structural SVG text node]
svg_text_node,T-148,,R02,d10b36aa74a59bcf4a88185837f658afaf3646eff2bb16c3928d0e9335e945d2,processed-semantic-transcript,True,False,1,}
svg_text_node,T-149,,R02,6aa66369bf6d4c2a41146a4e738d7da1772d921472ce752981c036c7e3c75628,processed-semantic-transcript,True,False,1,"[JsonPropertyName(""hostname"")]"
svg_text_node,T-150,,R02,f6e6c200d813f9f0aa4527b94f128c24824e12cb04c65796cde59ae112b324d5,processed-semantic-transcript,True,False,1,"var data = new Dictionary<string, string>"
svg_text_node,T-151,,R02,e3b0c44298fc1c149afbf4c8996fb92427ae41e4649b934ca495991b7852b855,reviewed-empty-structural,True,False,1,[empty structural SVG text node]
svg_text_node,T-152,,R02,b4fd8952c89900639c26f1d1da5732fcb5ad0c93157e98d17cfdba84c935bfb2,processed-semantic-transcript,True,False,1,public string? Hostname { get; set; }
svg_text_node,T-153,,R02,021fb596db81e6d02bf3d2586ee3981fe519f275c0ac9ca76bbcf2ebb4097d96,processed-semantic-transcript,True,False,1,{
svg_text_node,T-154,,R02,8f127028e396d29525df11f2c9b83d9363555b9444379048082f1bfe3afa7897,processed-semantic-transcript,True,False,1,export default function RegisterV2NoLib() {
svg_text_node,T-155,,R02,e3b0c44298fc1c149afbf4c8996fb92427ae41e4649b934ca495991b7852b855,reviewed-empty-structural,True,False,1,[empty structural SVG text node]
svg_text_node,T-156,,R02,2a5c1a7e259cac8c4eb744cd0fa91de971e477641ca33e2873f38650dbc8df91,processed-semantic-transcript,True,False,1,"[""secret""] = secret,"
svg_text_node,T-157,,R02,8a2498e4f718e8c20709867d29ab3eb36adf416f1b5ebd3d3f0d99e6eeed1db1,processed-semantic-transcript,True,False,1,const captchaDivRef = useRef(null);
svg_text_node,T-158,,R02,2dae8704184f8c7c2d58897192897296c87741c2271fc21f3084802196b26b1c,processed-semantic-transcript,True,False,1,// v3 fields
svg_text_node,T-159,,R02,1220fc7e0a17dde74dcd64523b7c99a3792e2a460cc04ce4edd75e2c345b355e,processed-semantic-transcript,True,False,1,"[""response""] = token"
svg_text_node,T-160,,R02,b3a1990f68f200d20c74ceb85c0cdac397bf7053ea0f872633bb47c738caa24f,processed-semantic-transcript,True,False,1,const widgetIdRef = useRef(null);
svg_text_node,T-161,,R02,f7bfb1de4e7c054ad57d11ad0a3925ed9faa817acda4a013dd8847d2ab706259,processed-semantic-transcript,True,False,1,"[JsonPropertyName(""score"")]"
svg_text_node,T-162,,R02,df3982fd610173599241fca93c7c866683f58f541eced1c2098102145477164c,processed-semantic-transcript,True,False,1,};
svg_text_node,T-163,,R02,e3b0c44298fc1c149afbf4c8996fb92427ae41e4649b934ca495991b7852b855,reviewed-empty-structural,True,False,1,[empty structural SVG text node]
svg_text_node,T-164,,R02,58327e79f441cfcbe5594b18ca17d0e05b9b7de90b9eef1305f050efa0ab3674,processed-semantic-transcript,True,False,1,public double? Score { get; set; }
svg_text_node,T-165,,R02,e3b0c44298fc1c149afbf4c8996fb92427ae41e4649b934ca495991b7852b855,reviewed-empty-structural,True,False,1,[empty structural SVG text node]
svg_text_node,T-166,,R02,0da1eeea29496c66fb72aa7713c17a3650f0a8719d5e62b0c78af6b73927f706,processed-semantic-transcript,True,False,1,"const [email, setEmail] = useState("""");"
svg_text_node,T-167,,R02,e3b0c44298fc1c149afbf4c8996fb92427ae41e4649b934ca495991b7852b855,reviewed-empty-structural,True,False,1,[empty structural SVG text node]
svg_text_node,T-168,,R02,588b2238fc955f094c552ce47bac8e036898d743ac595b2bee1e39ac650bf039,processed-semantic-transcript,True,False,1,if (!string.IsNullOrWhiteSpace(remoteIp))
svg_text_node,T-169,,R02,a29857e63814f6df9d718244da56f62f3868a043039238cbe92bc925324e4450,processed-semantic-transcript,True,False,1,"const [password, setPassword] = useState("""");"
svg_text_node,T-170,,R02,6214f1253c5b8b685fba1f0fd15ef02d57530f03f06dafc66f30415922587883,processed-semantic-transcript,True,False,1,"[JsonPropertyName(""action"")]"
svg_text_node,T-171,,R02,33a00d09b4f42ad855947d1718a46a51600e6130e54bd95aeab3afb57059e685,processed-semantic-transcript,True,False,1,"data[""remoteip""] = remoteIp;"
svg_text_node,T-172,,R02,25c4d43572bc29a71a61515973880e14a4e547f255ef7a530fd4faa9e87400bc,processed-semantic-transcript,True,False,1,"const [status, setStatus] = useState("""");"
svg_text_node,T-173,,R02,05452f6acfe479e7ea7d5a6aff0c97d4f50a11e197c87cc7a36ba92a6be7f6d6,processed-semantic-transcript,True,False,1,public string? Action { get; set; }
svg_text_node,T-174,,R02,e3b0c44298fc1c149afbf4c8996fb92427ae41e4649b934ca495991b7852b855,reviewed-empty-structural,True,False,1,[empty structural SVG text node]
svg_text_node,T-175,,R02,e3b0c44298fc1c149afbf4c8996fb92427ae41e4649b934ca495991b7852b855,reviewed-empty-structural,True,False,1,[empty structural SVG text node]
svg_text_node,T-176,,R02,e3b0c44298fc1c149afbf4c8996fb92427ae41e4649b934ca495991b7852b855,reviewed-empty-structural,True,False,1,[empty structural SVG text node]
svg_text_node,T-177,,R02,d15682b7fae79579f7ec041fe50e5d6ab2a20a22451f016e379786c86560dd61,processed-semantic-transcript,True,False,1,using var content = new FormUrlEncodedContent(data);
svg_text_node,T-178,,R02,f28ea927c74f4339d40c3cf0626cab7fdec954d41ef387a713650bc54eca15b3,processed-semantic-transcript,True,False,1,useEffect(() => {
svg_text_node,T-179,,R02,daca856135fdf0237942b4e45428eece37d50dd9fd92a47f49c090a28ac78279,processed-semantic-transcript,True,False,1,"[JsonPropertyName(""error-codes"")]"
svg_text_node,T-180,,R02,044aa5c9a454cfd50d47fad9a94761ab8323c0bc7d1abe69975c02df765635f8,processed-semantic-transcript,True,False,1,"using var resp = await _http.PostAsync(""https://www.google.com/recaptcha/api/siteverify"", content);"
svg_text_node,T-181,,R02,cb024149face99dbb0a6ec8743c280cf5bd9bade83ccdbfc5ebdeea270b586d7,processed-semantic-transcript,True,False,1,"const src = ""https://www.google.com/recaptcha/api.js?render=explicit"";"
svg_text_node,T-182,,R02,b1c22765358c2ab5fb6a18249918569a99f0498cb07c27a0f4b658cda6c2e697,processed-semantic-transcript,True,False,1,public string[]? ErrorCodes { get; set; }
svg_text_node,T-183,,R02,0ae1ef40ed584a94f73974e0b515268775f7749fb67ccb4f6e1930f984cc0568,processed-semantic-transcript,True,False,1,resp.EnsureSuccessStatusCode();
svg_text_node,T-184,,R02,e3b0c44298fc1c149afbf4c8996fb92427ae41e4649b934ca495991b7852b855,reviewed-empty-structural,True,False,1,[empty structural SVG text node]
svg_text_node,T-185,,R02,d10b36aa74a59bcf4a88185837f658afaf3646eff2bb16c3928d0e9335e945d2,processed-semantic-transcript,True,False,1,}
svg_text_node,T-186,,R02,e3b0c44298fc1c149afbf4c8996fb92427ae41e4649b934ca495991b7852b855,reviewed-empty-structural,True,False,1,[empty structural SVG text node]
svg_text_node,T-187,,R02,0693f6856d280032ca3482a177499cb84c8518c0b4c72f14d1096bbdca04a052,processed-semantic-transcript,True,False,1,loadScript(src).then(() => {
svg_text_node,T-188,,R02,e3b0c44298fc1c149afbf4c8996fb92427ae41e4649b934ca495991b7852b855,reviewed-empty-structural,True,False,1,[empty structural SVG text node]
svg_text_node,T-189,,R02,0e0dce0d6aa2f8feaca7b34a3092686cff0ffc850432f7091bbe0625d36830dc,processed-semantic-transcript,True,False,1,var json = await resp.Content.ReadAsStringAsync();
svg_text_node,T-190,,R02,a2b27a80b06d8999e5008cb3c073c86ced632052855aaa0906ee5b85bd87b1bd,processed-semantic-transcript,True,False,1,// Wait until grecaptcha is ready
svg_text_node,T-191,,R02,7a9852109d0048d87efe5471e944b9421840be3973e5bb0dfb63923c5d26731b,processed-semantic-transcript,True,False,1,"public sealed record RecaptchaV3Result(bool Success, double Score, string? Action, string? Hostname, string[]? ErrorCodes);"
svg_text_node,T-192,,R02,bf52eafd4b2e7c2f66b2a94c16b664c684145837e11f0947cbf541b09a9f5874,processed-semantic-transcript,True,False,1,var result = JsonSerializer.Deserialize<RecaptchaVerifyResponse>(json);
svg_text_node,T-193,,R02,3723a122127f2038240f6f1bd536201412fcfdfe0b1185dca3ab58e10ff26569,processed-semantic-transcript,True,False,1,window.grecaptcha.ready(() => {
svg_text_node,T-194,,R02,6a79f6b3cf331e98ea07c064afed706800f27998e591afac9524099cb4bcddc3,processed-semantic-transcript,True,False,1,"public sealed record RecaptchaV2Result(bool Success, string? Hostname, string[]? ErrorCodes);"
svg_text_node,T-195,,R02,e3b0c44298fc1c149afbf4c8996fb92427ae41e4649b934ca495991b7852b855,reviewed-empty-structural,True,False,1,[empty structural SVG text node]
svg_text_node,T-196,,R02,af13d010798ce1d91366ee41f5dc0eb2727de3c010143eee473a1ed6ca00f281,processed-semantic-transcript,True,False,1,if (widgetIdRef.current !== null) return; // already rendered
svg_text_node,T-197,,R02,35a9d0ddf25f0e3dcc52a34ffc8834173fc82171f227affc99fec65583bbd078,processed-semantic-transcript,True,False,1,return result?.success == true;
svg_text_node,T-198,,R02,e3b0c44298fc1c149afbf4c8996fb92427ae41e4649b934ca495991b7852b855,reviewed-empty-structural,True,False,1,[empty structural SVG text node]
svg_text_node,T-199,,R02,d10b36aa74a59bcf4a88185837f658afaf3646eff2bb16c3928d0e9335e945d2,processed-semantic-transcript,True,False,1,}
svg_text_node,T-200,,R02,5142f5506751dafd2b928e6ac9b938a1489378751ba6b95d4f4b9eb13ea9691a,processed-semantic-transcript,True,False,1,"widgetIdRef.current = window.grecaptcha.render(captchaDivRef.current, {"
svg_text_node,T-201,,R02,d10b36aa74a59bcf4a88185837f658afaf3646eff2bb16c3928d0e9335e945d2,processed-semantic-transcript,True,False,1,}
svg_text_node,T-202,,R02,d71e0b0778bb71190c686d1b3deb5b6ea2892d98b31fe4bdb2567582d47a46ff,processed-semantic-transcript,True,False,1,"sitekey: SITE_KEY,"
svg_text_node,T-203,,R02,0789af111dcf146f942e8d3b58e8fc8128b13ba2c47817ecd7232927657cf182,processed-semantic-transcript,True,False,1,"theme: ""light"","
svg_text_node,T-204,,R02,2c75edbba1ac7052b9b0fd260c4a140e17af159f7c4739ce855af6c98e45e821,processed-semantic-transcript,True,False,1,"// callback: () => {}, // optional: called on success"
svg_text_node,T-205,,R02,eb9ca2aa05e733261aefaaef79ba66bc303b522109134c69ad3265c28a45f2d9,processed-semantic-transcript,True,False,1,"// ""expired-callback"": () => {}, // optional: called on expiration"
svg_text_node,T-206,,R02,29576b54e255e3c948eea5b5904fa38b81682fdd3cbd9ae841ff0e7bd80d394c,processed-semantic-transcript,True,False,1,});
svg_text_node,T-207,,R02,29576b54e255e3c948eea5b5904fa38b81682fdd3cbd9ae841ff0e7bd80d394c,processed-semantic-transcript,True,False,1,});
svg_text_node,T-208,,R02,29576b54e255e3c948eea5b5904fa38b81682fdd3cbd9ae841ff0e7bd80d394c,processed-semantic-transcript,True,False,1,});
svg_text_node,T-209,,R02,67d57c0e12af56b73510be588dbe1d71eca4401ab11ea8ab7c015fbbfebd3ef6,processed-semantic-transcript,True,False,1,public interface IRecaptchaService
svg_text_node,T-210,,R02,27c7e19d1e112eeabf093062e0e24babd319cebac309a618f8cf7a9aa324b972,processed-semantic-transcript,True,False,1,"}, []);"
svg_text_node,T-211,,R02,021fb596db81e6d02bf3d2586ee3981fe519f275c0ac9ca76bbcf2ebb4097d96,processed-semantic-transcript,True,False,1,{
svg_text_node,T-212,,R02,e3b0c44298fc1c149afbf4c8996fb92427ae41e4649b934ca495991b7852b855,reviewed-empty-structural,True,False,1,[empty structural SVG text node]
svg_text_node,T-213,,R02,0898f1e4311a9940b99544fcca70af75a78410ce5773140914fc46bcb175d3a2,processed-semantic-transcript,True,False,1,"Task<RecaptchaV3Result> VerifyV3Async(string token, string expectedAction, string? remoteIp = null);"
svg_text_node,T-214,,R02,60feb94dff28a559aea894b5377948f23823ae5b3a5e881d2afa03b8973045bc,processed-semantic-transcript,True,False,1,const onSubmit = async (e) => {
svg_text_node,T-215,,R02,25dc63a2c6581ff80ecba72d576114afb91b28b6fcf9b1fd5cc99df81e041d8b,processed-semantic-transcript,True,False,1,"Task<RecaptchaV2Result> VerifyV2Async(string token, string? remoteIp = null);"
svg_text_node,T-216,,R02,894c24bbd2dd531cc2cdc13ea85683503bc7a4a2629ceb09c859591e621a3804,processed-semantic-transcript,True,False,1,e.preventDefault();
svg_text_node,T-217,,R02,d10b36aa74a59bcf4a88185837f658afaf3646eff2bb16c3928d0e9335e945d2,processed-semantic-transcript,True,False,1,}
svg_text_node,T-218,,R02,e8233589ea3a222b87ef1b4859d6eea0fccce29d15ba91f3f95c313992dc520b,processed-semantic-transcript,True,False,1,"setStatus("""");"
svg_text_node,T-219,,R02,e3b0c44298fc1c149afbf4c8996fb92427ae41e4649b934ca495991b7852b855,reviewed-empty-structural,True,False,1,[empty structural SVG text node]
svg_text_node,T-220,,R02,bcc532b0d20a13cd5d421c5d493920ce41700fbe938866c1baaf0f7a5442efaa,processed-semantic-transcript,True,False,1,const widgetId = widgetIdRef.current;
svg_text_node,T-221,,R02,e3b0c44298fc1c149afbf4c8996fb92427ae41e4649b934ca495991b7852b855,reviewed-empty-structural,True,False,1,[empty structural SVG text node]
svg_text_node,T-222,,R02,a605c5a3d8a4d7c151f8dc4ea74fa2f14fc3cd575935657ee54ce769140afdf6,processed-semantic-transcript,True,False,1,"// If you rendered explicitly, prefer getResponse(widgetId)"
svg_text_node,T-223,,R02,cf5ba1872a1e8674c7bede36a25a1e9b341b28f4f3bfdc5ed3014bd9e32b5457,processed-semantic-transcript,True,False,1,public class RegisterVm
svg_text_node,T-224,,R02,2a2bd19570142c92d111df759821a9fc233dde20e9f6652a57b3beb292ceb362,processed-semantic-transcript,True,False,1,const token =
svg_text_node,T-225,,R02,021fb596db81e6d02bf3d2586ee3981fe519f275c0ac9ca76bbcf2ebb4097d96,processed-semantic-transcript,True,False,1,{
svg_text_node,T-226,,R02,003537d6e459c25a67fce29d3e65e7655f2396b239ee153007c05cdb6c3164b3,processed-semantic-transcript,True,False,1,widgetId !== null
svg_text_node,T-227,,R02,e7a3d61b6a702f3882c0431e1529601781d175ab7899c755f3522bf6c956e749,processed-semantic-transcript,True,False,1,"public string Email { get; set; } = """";"
svg_text_node,T-228,,R02,b9ea2c8ba17aa15f43112530f8fc911fecda044a106f9fbc1859e0b8aa6aac24,processed-semantic-transcript,True,False,1,? window.grecaptcha.getResponse(widgetId)
svg_text_node,T-229,,R02,0a6e97544d09c3d9675d8674ad5e220bd809e052d717411862733be5371de6db,processed-semantic-transcript,True,False,1,"public string Password { get; set; } = """";"
svg_text_node,T-230,,R02,875d41cd775732f64a0805bb9bc6efa876debf0917533de80639e222b633e28d,processed-semantic-transcript,True,False,1,: window.grecaptcha.getResponse(); // fallback
svg_text_node,T-231,,R02,e3b0c44298fc1c149afbf4c8996fb92427ae41e4649b934ca495991b7852b855,reviewed-empty-structural,True,False,1,[empty structural SVG text node]
svg_text_node,T-232,,R02,e3b0c44298fc1c149afbf4c8996fb92427ae41e4649b934ca495991b7852b855,reviewed-empty-structural,True,False,1,[empty structural SVG text node]
svg_text_node,T-233,,R02,9922abfddfcba14073bf3f6f288dedf981af100387ed4ced86df47a8352dd925,processed-semantic-transcript,True,False,1,// name must match form field for model binding:
svg_text_node,T-234,,R02,8ae3495b40e4755c0e5026ce6d60f7d87e3800ce0878dcb73e560ade068c7f55,processed-semantic-transcript,True,False,1,if (!token) {
svg_text_node,T-235,,R02,3bfb06f7cd9d48cfb2a172e5c96abcd1086eabcedb2ac015855bdd63e75ad61a,processed-semantic-transcript,True,False,1,public string? g_recaptcha_response { get; set; } // for manual binding (see note below)
svg_text_node,T-236,,R02,ddb57ac7936d164296a3d3be8afc490d636ce0e4b6e66c135ae53edae5315b63,processed-semantic-transcript,True,False,1,"setStatus(""Please complete reCAPTCHA."");"
svg_text_node,T-237,,R02,d10b36aa74a59bcf4a88185837f658afaf3646eff2bb16c3928d0e9335e945d2,processed-semantic-transcript,True,False,1,}
svg_text_node,T-238,,R02,8beaabe25ab7e0a80d1e25bada55a2f5a227101c2210eadf0b368d3c2be4a83f,processed-semantic-transcript,True,False,1,return;
svg_text_node,T-239,,R02,d8ec01fffb11ef19bee8b97391affd498b9652466960710799cda14c1de186f3,processed-semantic-transcript,True,False,1,using System.Net.Http;
svg_text_node,T-240,,R02,d10b36aa74a59bcf4a88185837f658afaf3646eff2bb16c3928d0e9335e945d2,processed-semantic-transcript,True,False,1,}
svg_text_node,T-241,,R02,732a4059a3613f473ef78b42923c4e58871fc116be8101990a55bb4ce32453d2,processed-semantic-transcript,True,False,1,using System.Text.Json;
svg_text_node,T-242,,R02,e3b0c44298fc1c149afbf4c8996fb92427ae41e4649b934ca495991b7852b855,reviewed-empty-structural,True,False,1,[empty structural SVG text node]
svg_text_node,T-243,,R02,19ac6dde14fc9643fa95af76717b297e017ed8926562f04564d82ebfe00953d9,processed-semantic-transcript,True,False,1,using Microsoft.Extensions.Configuration;
svg_text_node,T-244,,R02,acbe5051a143c0ee9d708f04acd378f364dc4b97367c3266a18387fa8ced638d,processed-semantic-transcript,True,False,1,"const resp = await fetch(""/api/auth/register"", {"
svg_text_node,T-245,,R02,e3b0c44298fc1c149afbf4c8996fb92427ae41e4649b934ca495991b7852b855,reviewed-empty-structural,True,False,1,[empty structural SVG text node]
svg_text_node,T-246,,R02,fa8f0b5ceabf772901474bc25319f2eedb1f710c45f1b586f3af334eea183b9d,processed-semantic-transcript,True,False,1,"method: ""POST"","
svg_text_node,T-247,,R02,b4be8bcf6db77369408c4c45144bc8558ad01c01b54b53e3c73cef432a604867,processed-semantic-transcript,True,False,1,public sealed class GoogleRecaptchaService : IRecaptchaService
svg_text_node,T-248,,R02,2b88f4d4f8f1954658367dcec28e8db230feb8ed9909edb0c54a65daf18dd9d4,processed-semantic-transcript,True,False,1,"headers: { ""Content-Type"": ""application/json"" },"
svg_text_node,T-249,,R02,021fb596db81e6d02bf3d2586ee3981fe519f275c0ac9ca76bbcf2ebb4097d96,processed-semantic-transcript,True,False,1,{
svg_text_node,T-250,,R02,80e550dc2adacc87940b2b16df976943f8edc2e4e5d28853c995586e3fd2f28f,processed-semantic-transcript,True,False,1,"body: JSON.stringify({ email, password, recaptchaToken: token }),"
svg_text_node,T-251,,R02,c2ec65189398b039b666e776b84bcc8adb7f906859a78d23ef1cd5c9496c744d,processed-semantic-transcript,True,False,1,private readonly HttpClient _http;
svg_text_node,T-252,,R02,29576b54e255e3c948eea5b5904fa38b81682fdd3cbd9ae841ff0e7bd80d394c,processed-semantic-transcript,True,False,1,});
svg_text_node,T-253,,R02,245ba8819c99ea1b0d4a97f97fc736a4d99ff1f02387938c2bad0f446418dcbb,processed-semantic-transcript,True,False,1,private readonly IConfiguration _config;
svg_text_node,T-254,,R02,e3b0c44298fc1c149afbf4c8996fb92427ae41e4649b934ca495991b7852b855,reviewed-empty-structural,True,False,1,[empty structural SVG text node]
svg_text_node,T-255,,R02,e3b0c44298fc1c149afbf4c8996fb92427ae41e4649b934ca495991b7852b855,reviewed-empty-structural,True,False,1,[empty structural SVG text node]
svg_text_node,T-256,,R02,5b8896395731649f30f078541a586b3144a2c2ef1ff7d31be57e8012e199828b,processed-semantic-transcript,True,False,1,if (!resp.ok) {
svg_text_node,T-257,,R02,921cb8c8ac30a75c0d8748bda917118f795849f66bf570d435c46f696a60b9c3,processed-semantic-transcript,True,False,1,"public GoogleRecaptchaService(HttpClient http, IConfiguration config)"
svg_text_node,T-258,,R02,f3ecda7a1e1b696ec8bbccdc7f0c66812fbc09b1bd37af90a5875fe94183764a,processed-semantic-transcript,True,False,1,setStatus(await resp.text());
svg_text_node,T-259,,R02,c40b69e8eba015c7977b3f54e5e6f4135bf785d1bdd23ab54ea23d708d029274,processed-semantic-transcript,True,False,1,using Microsoft.AspNetCore.Mvc;
svg_text_node,T-260,,R02,021fb596db81e6d02bf3d2586ee3981fe519f275c0ac9ca76bbcf2ebb4097d96,processed-semantic-transcript,True,False,1,{
svg_text_node,T-261,,R02,e3b0c44298fc1c149afbf4c8996fb92427ae41e4649b934ca495991b7852b855,reviewed-empty-structural,True,False,1,[empty structural SVG text node]
svg_text_node,T-262,,R02,e3b0c44298fc1c149afbf4c8996fb92427ae41e4649b934ca495991b7852b855,reviewed-empty-structural,True,False,1,[empty structural SVG text node]
svg_text_node,T-263,,R02,13f104c2c01483b4191bd35f3c261197a7977c5708bef13ccafd7f1f9e14b894,processed-semantic-transcript,True,False,1,_http = http;
svg_text_node,T-264,,R02,5c9584330d9e1b2d8dad763673e719759b399e2aefdcd666321df654d163d344,processed-semantic-transcript,True,False,1,// Let user retry (token may be consumed/expired)
svg_text_node,T-265,,R02,0aa3a78388255f5deb344f96414d5c2c787e75c5852ab79e7cbef969b9f0e7bf,processed-semantic-transcript,True,False,1,public class AccountController : Controller
svg_text_node,T-266,,R02,0be37150bbc73220dbe49c0001bc58b8a2ce67f13b7188394ce7a904f961472a,processed-semantic-transcript,True,False,1,_config = config;
svg_text_node,T-267,,R02,ea75566fa84ee0b024892dfa45bdb64b4b4ddb5228d1f535603e847a30007e71,processed-semantic-transcript,True,False,1,if (widgetId !== null) window.grecaptcha.reset(widgetId);
svg_text_node,T-268,,R02,021fb596db81e6d02bf3d2586ee3981fe519f275c0ac9ca76bbcf2ebb4097d96,processed-semantic-transcript,True,False,1,{
svg_text_node,T-269,,R02,d10b36aa74a59bcf4a88185837f658afaf3646eff2bb16c3928d0e9335e945d2,processed-semantic-transcript,True,False,1,}
svg_text_node,T-270,,R02,e538f5a9867798ed50135074579693361a23960bcc52291b6f2de3826c20cbb9,processed-semantic-transcript,True,False,1,else window.grecaptcha.reset();
svg_text_node,T-271,,R02,d3b44d44453475330fe9bce330eec31ff43543aec2a01cd27eea06d11adce12e,processed-semantic-transcript,True,False,1,private readonly IRecaptchaVerifier _recaptcha;
svg_text_node,T-272,,R02,e3b0c44298fc1c149afbf4c8996fb92427ae41e4649b934ca495991b7852b855,reviewed-empty-structural,True,False,1,[empty structural SVG text node]
svg_text_node,T-273,,R02,e3b0c44298fc1c149afbf4c8996fb92427ae41e4649b934ca495991b7852b855,reviewed-empty-structural,True,False,1,[empty structural SVG text node]
svg_text_node,T-274,,R02,245ba8819c99ea1b0d4a97f97fc736a4d99ff1f02387938c2bad0f446418dcbb,processed-semantic-transcript,True,False,1,private readonly IConfiguration _config;
svg_text_node,T-275,,R02,f52cd9589ed6bd3689e3ec4a6b20c4ffbc45ac57f09139120c801902af9e1b55,processed-semantic-transcript,True,False,1,"public async Task<RecaptchaV3Result> VerifyV3Async(string token, string expectedAction, string? remoteIp = null)"
svg_text_node,T-276,,R02,8beaabe25ab7e0a80d1e25bada55a2f5a227101c2210eadf0b368d3c2be4a83f,processed-semantic-transcript,True,False,1,return;
svg_text_node,T-277,,R02,e3b0c44298fc1c149afbf4c8996fb92427ae41e4649b934ca495991b7852b855,reviewed-empty-structural,True,False,1,[empty structural SVG text node]
svg_text_node,T-278,,R02,021fb596db81e6d02bf3d2586ee3981fe519f275c0ac9ca76bbcf2ebb4097d96,processed-semantic-transcript,True,False,1,{
svg_text_node,T-279,,R02,d10b36aa74a59bcf4a88185837f658afaf3646eff2bb16c3928d0e9335e945d2,processed-semantic-transcript,True,False,1,}
svg_text_node,T-280,,R02,07ea6238aeaf04fd472d6a6ccd2cdadf924e1a89aac436468cd66ee14e90678c,processed-semantic-transcript,True,False,1,"public AccountController(IRecaptchaVerifier recaptcha, IConfiguration config)"
svg_text_node,T-281,,R02,e82a3ed3857ff2d6fb22a848f4b3385bdbb102f2527eaca879f312f46ed9015d,processed-semantic-transcript,True,False,1,"var resp = await VerifyCoreAsync(token, remoteIp);"
svg_text_node,T-282,,R02,e3b0c44298fc1c149afbf4c8996fb92427ae41e4649b934ca495991b7852b855,reviewed-empty-structural,True,False,1,[empty structural SVG text node]
svg_text_node,T-283,,R02,021fb596db81e6d02bf3d2586ee3981fe519f275c0ac9ca76bbcf2ebb4097d96,processed-semantic-transcript,True,False,1,{
svg_text_node,T-284,,R02,e3b0c44298fc1c149afbf4c8996fb92427ae41e4649b934ca495991b7852b855,reviewed-empty-structural,True,False,1,[empty structural SVG text node]
svg_text_node,T-285,,R02,2b618eb8fa2102f4c90074960da0140be5cc0a1aeedda690c1e25998275d34da,processed-semantic-transcript,True,False,1,"setStatus(""Registered!"");"
svg_text_node,T-286,,R02,ecd510b78d7726d0c66be661b19db98edd7a0b8354fbf9017f4f944bf66cdd5a,processed-semantic-transcript,True,False,1,_recaptcha = recaptcha;
svg_text_node,T-287,,R02,1233cf1000c9509a1a97bf9e9791fec9e48099cc03ecc52baf96bebf5277fb62,processed-semantic-transcript,True,False,1,// v3: must check action + score
svg_text_node,T-288,,R02,df3982fd610173599241fca93c7c866683f58f541eced1c2098102145477164c,processed-semantic-transcript,True,False,1,};
svg_text_node,T-289,,R02,0be37150bbc73220dbe49c0001bc58b8a2ce67f13b7188394ce7a904f961472a,processed-semantic-transcript,True,False,1,_config = config;
svg_text_node,T-290,,R02,34d6f4e0e18a2f958a29f4cf0853d211b5241566a1d746e4648ca807dc8aeda4,processed-semantic-transcript,True,False,1,"var ok = resp.Success && string.Equals(resp.Action, expectedAction, StringComparison.Ordinal);"
svg_text_node,T-291,,R02,e3b0c44298fc1c149afbf4c8996fb92427ae41e4649b934ca495991b7852b855,reviewed-empty-structural,True,False,1,[empty structural SVG text node]
svg_text_node,T-292,,R02,d10b36aa74a59bcf4a88185837f658afaf3646eff2bb16c3928d0e9335e945d2,processed-semantic-transcript,True,False,1,}
svg_text_node,T-293,,R02,e3b0c44298fc1c149afbf4c8996fb92427ae41e4649b934ca495991b7852b855,reviewed-empty-structural,True,False,1,[empty structural SVG text node]
svg_text_node,T-294,,R02,fc4c1868f34cfb519e76be7307878b7254a939fea0a2f13fd8029482816af74d,processed-semantic-transcript,True,False,1,return (
svg_text_node,T-295,,R02,e3b0c44298fc1c149afbf4c8996fb92427ae41e4649b934ca495991b7852b855,reviewed-empty-structural,True,False,1,[empty structural SVG text node]
svg_text_node,T-296,,R02,febc766cc40e6dcb751a828fa3dc3bc5fc2aada30688703ab14c4f713fda0db6,processed-semantic-transcript,True,False,1,var score = resp.Score ?? 0.0;
svg_text_node,T-297,,R02,804b9c4c26c03470f54a3e72430146ba6176db5972e61fd585e8ee27501d0a2d,processed-semantic-transcript,True,False,1,<form onSubmit={onSubmit}>
svg_text_node,T-298,,R02,0886af02d308ca20628b60e9f48cbae20615b09bbd83ff05095a4dd8ca74868e,processed-semantic-transcript,True,False,1,[HttpGet]
svg_text_node,T-299,,R02,26374c3741b2ade7f483a32745443377f5ff955d8e8b1954f3c2bfb5048c541f,processed-semantic-transcript,True,False,1,"return new RecaptchaV3Result(ok, score, resp.Action, resp.Hostname, resp.ErrorCodes);"
svg_text_node,T-300,,R02,eba5c12b7120461c60e5e053a415958484ccc879c71c7cee9220b61bc3674436,processed-semantic-transcript,True,False,1,"<input type=""email"" value={email} onChange={(e) => setEmail(e.target.value)} required />"
svg_text_node,T-301,,R02,9aae1a9bd51347889944d1d0fb3bcf4754f01809cb571bb7c1f18fc9102943bd,processed-semantic-transcript,True,False,1,public IActionResult Register()
svg_text_node,T-302,,R02,d10b36aa74a59bcf4a88185837f658afaf3646eff2bb16c3928d0e9335e945d2,processed-semantic-transcript,True,False,1,}
svg_text_node,T-303,,R02,4a43b621a42cac4b4db78ec516ac026357328bcd3e4e9875c6bcb8a0ee294e9e,processed-semantic-transcript,True,False,1,"<input type=""password"" value={password} onChange={(e) => setPassword(e.target.value)} required />"
svg_text_node,T-304,,R02,021fb596db81e6d02bf3d2586ee3981fe519f275c0ac9ca76bbcf2ebb4097d96,processed-semantic-transcript,True,False,1,{
svg_text_node,T-305,,R02,e3b0c44298fc1c149afbf4c8996fb92427ae41e4649b934ca495991b7852b855,reviewed-empty-structural,True,False,1,[empty structural SVG text node]
svg_text_node,T-306,,R02,e3b0c44298fc1c149afbf4c8996fb92427ae41e4649b934ca495991b7852b855,reviewed-empty-structural,True,False,1,[empty structural SVG text node]
svg_text_node,T-307,,R02,383c451e3c77d9d4c4ed4bec3caf45a2747e60ae3292bbf71a8bad6de2dde4fc,processed-semantic-transcript,True,False,1,"ViewBag.RecaptchaSiteKey = _config[""Recaptcha:SiteKey""];"
svg_text_node,T-308,,R02,351b2f548aff5199299d5847741615454bd35f573bbf631b48b5075f2b380c91,processed-semantic-transcript,True,False,1,"public async Task<RecaptchaV2Result> VerifyV2Async(string token, string? remoteIp = null)"
svg_text_node,T-309,,R02,f28b777cc09602af6e581a2c4ce8f7a155d464d85502056e4512b73b2a15aeb3,processed-semantic-transcript,True,False,1,<div ref={captchaDivRef} />
svg_text_node,T-310,,R02,bf0cd459880a8de56d1afaf6639f7a9a8bc88c11ebb38703643e2b33541102ba,processed-semantic-transcript,True,False,1,return View();
svg_text_node,T-311,,R02,021fb596db81e6d02bf3d2586ee3981fe519f275c0ac9ca76bbcf2ebb4097d96,processed-semantic-transcript,True,False,1,{
svg_text_node,T-312,,R02,e3b0c44298fc1c149afbf4c8996fb92427ae41e4649b934ca495991b7852b855,reviewed-empty-structural,True,False,1,[empty structural SVG text node]
svg_text_node,T-313,,R02,d10b36aa74a59bcf4a88185837f658afaf3646eff2bb16c3928d0e9335e945d2,processed-semantic-transcript,True,False,1,}
svg_text_node,T-314,,R02,e82a3ed3857ff2d6fb22a848f4b3385bdbb102f2527eaca879f312f46ed9015d,processed-semantic-transcript,True,False,1,"var resp = await VerifyCoreAsync(token, remoteIp);"
svg_text_node,T-315,,R02,bdc94113f57e993a757422daff019c5871a5961b53fd383f57d2695453a6cbd5,processed-semantic-transcript,True,False,1,"<button type=""submit"">Register</button>"
svg_text_node,T-316,,R02,e3b0c44298fc1c149afbf4c8996fb92427ae41e4649b934ca495991b7852b855,reviewed-empty-structural,True,False,1,[empty structural SVG text node]
svg_text_node,T-317,,R02,0e4a671074c8c3e7d40fb6dcbe9d7e1d801425e69d77fbb0e683d3526ab71b03,processed-semantic-transcript,True,False,1,"return new RecaptchaV2Result(resp.Success, resp.Hostname, resp.ErrorCodes);"
svg_text_node,T-318,,R02,77bdc611bbf6f55aec1d6b5d4b1c22c32f525cbbb4a09bb6209f08396eee05a1,processed-semantic-transcript,True,False,1,<div>{status}</div>
svg_text_node,T-319,,R02,468ed26624faf3f486b8ebd31d7d7b2d5287a6781f855d3a08e5fe38b0fc7a02,processed-semantic-transcript,True,False,1,[HttpPost]
svg_text_node,T-320,,R02,d10b36aa74a59bcf4a88185837f658afaf3646eff2bb16c3928d0e9335e945d2,processed-semantic-transcript,True,False,1,}
svg_text_node,T-321,,R02,e0c7bb7b72eeecfc07340f6bce5874176ae2e9d13551d2d6a6f3409e66c2f8c9,processed-semantic-transcript,True,False,1,</form>
svg_text_node,T-322,,R02,9fca539ec6d644882c924878a363009ab59088528df10488f0459c14296a3baf,processed-semantic-transcript,True,False,1,[ValidateAntiForgeryToken]
svg_text_node,T-323,,R02,e3b0c44298fc1c149afbf4c8996fb92427ae41e4649b934ca495991b7852b855,reviewed-empty-structural,True,False,1,[empty structural SVG text node]
svg_text_node,T-324,,R02,9d8b2b5670d18da8a99f6152f7ee75558019cd106d8032bf7c1117bd37273e37,processed-semantic-transcript,True,False,1,);
svg_text_node,T-325,,R02,90de6918910a99db9f230e10e4bf9f3c19797c9c0b95e690c14c1261937813b5,processed-semantic-transcript,True,False,1,public async Task<IActionResult> Register(RegisterVm vm)
svg_text_node,T-326,,R02,4173859fe56f1c74fd711e0a1a89757b664afa7c0a7c7aa790159a1eba578988,processed-semantic-transcript,True,False,1,"private async Task<RecaptchaVerifyResponse> VerifyCoreAsync(string token, string? remoteIp)"
svg_text_node,T-327,,R02,d10b36aa74a59bcf4a88185837f658afaf3646eff2bb16c3928d0e9335e945d2,processed-semantic-transcript,True,False,1,}
svg_text_node,T-328,,R02,021fb596db81e6d02bf3d2586ee3981fe519f275c0ac9ca76bbcf2ebb4097d96,processed-semantic-transcript,True,False,1,{
svg_text_node,T-329,,R02,021fb596db81e6d02bf3d2586ee3981fe519f275c0ac9ca76bbcf2ebb4097d96,processed-semantic-transcript,True,False,1,{
svg_text_node,T-330,,R02,f794e2f09efdec49db5086340cb58ad28fbe7f011d0474a48ce365e43f5567dd,processed-semantic-transcript,True,False,1,"var token = Request.Form[""g-recaptcha-response""].ToString();"
svg_text_node,T-331,,R02,0904bb651be077ec10383a8493feecec1e5100afa1647a2b1a6b43601ceced99,processed-semantic-transcript,True,False,1,if (string.IsNullOrWhiteSpace(token))
svg_text_node,T-332,,R02,f9e4663d9c1c61512d1cdcf714df16b0bf46930e53f4d5afc9f0d430fcb4bb6d,processed-semantic-transcript,True,False,1,var ip = HttpContext.Connection.RemoteIpAddress?.ToString();
svg_text_node,T-333,,R02,0a2d885255d4145a840ba5c71d3643b1cbe332a4b65ebc7f2eccad8262e29891,processed-semantic-transcript,True,False,1,"return new RecaptchaVerifyResponse { Success = false, ErrorCodes = [""missing-input-response""] };"
svg_text_node,T-334,,R02,e3b0c44298fc1c149afbf4c8996fb92427ae41e4649b934ca495991b7852b855,reviewed-empty-structural,True,False,1,[empty structural SVG text node]
svg_text_node,T-335,,R02,e3b0c44298fc1c149afbf4c8996fb92427ae41e4649b934ca495991b7852b855,reviewed-empty-structural,True,False,1,[empty structural SVG text node]
svg_text_node,T-336,,R02,10ca7d83d8773d681c4044ef66d5f86d61ac8d3eccf7c1307e7463ac9e0938b3,processed-semantic-transcript,True,False,1,"var ok = await _recaptcha.VerifyV2Async(token, ip);"
svg_text_node,T-337,,R02,50898e0f22c78be7234e9bbcc2d3f85fbe7d72c8bdd2f8b542a3c4a5c149c82a,processed-semantic-transcript,True,False,1,"var secret = _config[""Recaptcha:SecretKey""];"
svg_text_node,T-338,,R02,340023cc998fae5a2a668cc6e59ac721f03706de64064c99b16fde6f80ed2bcf,processed-semantic-transcript,True,False,1,if (!ok)
svg_text_node,T-339,,R02,4dda69d90deab36911aa7bca89244028f1b57f62027489ddb2d70959c57ae468,processed-semantic-transcript,True,False,1,if (string.IsNullOrWhiteSpace(secret))
svg_text_node,T-340,,R02,021fb596db81e6d02bf3d2586ee3981fe519f275c0ac9ca76bbcf2ebb4097d96,processed-semantic-transcript,True,False,1,{
svg_text_node,T-341,,R02,eb77b554e28e8dbeb23910d4e741943db79b494dd5119280bc5138761ddd223a,processed-semantic-transcript,True,False,1,"throw new InvalidOperationException(""Recaptcha:SecretKey is not configured."");"
svg_text_node,T-342,,R02,9838a4254a4aa7ae23b262cf22a43398e51933a905ef0c2c048587bf933c954e,processed-semantic-transcript,True,False,1,"ModelState.AddModelError("""", ""reCAPTCHA failed. Please try again."");"
svg_text_node,T-343,,R02,e3b0c44298fc1c149afbf4c8996fb92427ae41e4649b934ca495991b7852b855,reviewed-empty-structural,True,False,1,[empty structural SVG text node]
svg_text_node,T-344,,R02,383c451e3c77d9d4c4ed4bec3caf45a2747e60ae3292bbf71a8bad6de2dde4fc,processed-semantic-transcript,True,False,1,"ViewBag.RecaptchaSiteKey = _config[""Recaptcha:SiteKey""];"
svg_text_node,T-345,,R02,f6e6c200d813f9f0aa4527b94f128c24824e12cb04c65796cde59ae112b324d5,processed-semantic-transcript,True,False,1,"var data = new Dictionary<string, string>"
svg_text_node,T-346,,R02,b0203b6876a1e5c6c6683cb3fc6e2ab99f95985108a53a132fcbdfbfac9061ba,processed-semantic-transcript,True,False,1,return View(vm);
svg_text_node,T-347,,R02,021fb596db81e6d02bf3d2586ee3981fe519f275c0ac9ca76bbcf2ebb4097d96,processed-semantic-transcript,True,False,1,{
svg_text_node,T-348,,R02,d10b36aa74a59bcf4a88185837f658afaf3646eff2bb16c3928d0e9335e945d2,processed-semantic-transcript,True,False,1,}
svg_text_node,T-349,,R02,2a5c1a7e259cac8c4eb744cd0fa91de971e477641ca33e2873f38650dbc8df91,processed-semantic-transcript,True,False,1,"[""secret""] = secret,"
svg_text_node,T-350,,R02,e3b0c44298fc1c149afbf4c8996fb92427ae41e4649b934ca495991b7852b855,reviewed-empty-structural,True,False,1,[empty structural SVG text node]
svg_text_node,T-351,,R02,1220fc7e0a17dde74dcd64523b7c99a3792e2a460cc04ce4edd75e2c345b355e,processed-semantic-transcript,True,False,1,"[""response""] = token"
svg_text_node,T-352,,R02,8635f10d040cb821009d2cf932a17b9d5b7f55060e27e166e21a330024e8ad72,processed-semantic-transcript,True,False,1,// reCAPTCHA passed -> proceed with registration
svg_text_node,T-353,,R02,df3982fd610173599241fca93c7c866683f58f541eced1c2098102145477164c,processed-semantic-transcript,True,False,1,};
svg_text_node,T-354,,R02,cda49256fcf759ba8705811eaee0fcf8368a9a11bb83853e3c5f399ebb22f7e2,processed-semantic-transcript,True,False,1,"// create user, hash password, etc."
svg_text_node,T-355,,R02,e3b0c44298fc1c149afbf4c8996fb92427ae41e4649b934ca495991b7852b855,reviewed-empty-structural,True,False,1,[empty structural SVG text node]
svg_text_node,T-356,,R02,1d9fe7cfe07a206ac8f1cd000bc5c8634b67a8cc814ad5d22011673775cd250d,processed-semantic-transcript,True,False,1,"return RedirectToAction(""RegisterSuccess"");"
svg_text_node,T-357,,R02,588b2238fc955f094c552ce47bac8e036898d743ac595b2bee1e39ac650bf039,processed-semantic-transcript,True,False,1,if (!string.IsNullOrWhiteSpace(remoteIp))
svg_text_node,T-358,,R02,d10b36aa74a59bcf4a88185837f658afaf3646eff2bb16c3928d0e9335e945d2,processed-semantic-transcript,True,False,1,}
svg_text_node,T-359,,R02,33a00d09b4f42ad855947d1718a46a51600e6130e54bd95aeab3afb57059e685,processed-semantic-transcript,True,False,1,"data[""remoteip""] = remoteIp;"
svg_text_node,T-360,,R02,d10b36aa74a59bcf4a88185837f658afaf3646eff2bb16c3928d0e9335e945d2,processed-semantic-transcript,True,False,1,}
svg_text_node,T-361,,R02,e3b0c44298fc1c149afbf4c8996fb92427ae41e4649b934ca495991b7852b855,reviewed-empty-structural,True,False,1,[empty structural SVG text node]
svg_text_node,T-362,,R02,d15682b7fae79579f7ec041fe50e5d6ab2a20a22451f016e379786c86560dd61,processed-semantic-transcript,True,False,1,using var content = new FormUrlEncodedContent(data);
svg_text_node,T-363,,R02,43d0593e23222dc407cd887d650d4341c50cbfd95fdc849f2f8f38ae5b4f8868,processed-semantic-transcript,True,False,1,"using var httpResp = await _http.PostAsync(""https://www.google.com/recaptcha/api/siteverify"", content);"
svg_text_node,T-364,,R02,84da9e4896be4ec03d619019b0077cba1ea389c987f0e49e034354eaf3ece446,processed-semantic-transcript,True,False,1,httpResp.EnsureSuccessStatusCode();
svg_text_node,T-365,,R02,e3b0c44298fc1c149afbf4c8996fb92427ae41e4649b934ca495991b7852b855,reviewed-empty-structural,True,False,1,[empty structural SVG text node]
svg_text_node,T-366,,R02,923076d56d59648a4431be8d14c1f43b28f6b3173fce510b17f3dd4f4d0271bd,processed-semantic-transcript,True,False,1,var json = await httpResp.Content.ReadAsStringAsync();
svg_text_node,T-367,,R02,e3b0c44298fc1c149afbf4c8996fb92427ae41e4649b934ca495991b7852b855,reviewed-empty-structural,True,False,1,[empty structural SVG text node]
svg_text_node,T-368,,R02,18b17c861f991fb9b1e091180631e7afd2a9b0260d3e34b1ec647c81d13a7e34,processed-semantic-transcript,True,False,1,"var result = JsonSerializer.Deserialize<RecaptchaVerifyResponse>(json, new JsonSerializerOptions"
svg_text_node,T-369,,R02,021fb596db81e6d02bf3d2586ee3981fe519f275c0ac9ca76bbcf2ebb4097d96,processed-semantic-transcript,True,False,1,{
svg_text_node,T-370,,R02,ae18be3e8b59d4c74f4b2ad27de0b2678b53548988cd8c4095660722eb6db868,processed-semantic-transcript,True,False,1,PropertyNameCaseInsensitive = true
svg_text_node,T-371,,R02,29576b54e255e3c948eea5b5904fa38b81682fdd3cbd9ae841ff0e7bd80d394c,processed-semantic-transcript,True,False,1,});
svg_text_node,T-372,,R02,e3b0c44298fc1c149afbf4c8996fb92427ae41e4649b934ca495991b7852b855,reviewed-empty-structural,True,False,1,[empty structural SVG text node]
svg_text_node,T-373,,R02,f65b32c2f3e188316ff0c41b70a4c6184714394d379ee143f67709715f3887b2,processed-semantic-transcript,True,False,1,"return result ?? new RecaptchaVerifyResponse { Success = false, ErrorCodes = [""invalid-json""] };"
svg_text_node,T-374,,R02,d10b36aa74a59bcf4a88185837f658afaf3646eff2bb16c3928d0e9335e945d2,processed-semantic-transcript,True,False,1,}
svg_text_node,T-375,,R02,d10b36aa74a59bcf4a88185837f658afaf3646eff2bb16c3928d0e9335e945d2,processed-semantic-transcript,True,False,1,}
svg_text_node,T-376,,R03,e0d2747b9ab7abb6eb65e0373fa1b428a28bd6d8a2380106dcc080f58005ee14,processed-semantic-transcript,True,False,1,v3
svg_text_node,T-377,,R03,f97b6d2065b683b3e836fa2db38f03c0487d08d197ba3d8420d17f461277b035,processed-semantic-transcript,True,False,1,@model RazorRegisterVm
svg_text_node,T-378,,R03,e45d2ae2cb4a52cd612eba81130599c1b792738febb63664f5177e0c6fa46dbe,processed-semantic-transcript,True,False,1,@{
svg_text_node,T-379,,R03,215e00d7d5ef665604df703051960f61ecbac109242896764d8478734c14c422,processed-semantic-transcript,True,False,1,var siteKey = (string)ViewBag.RecaptchaSiteKey;
svg_text_node,T-380,,R03,d10b36aa74a59bcf4a88185837f658afaf3646eff2bb16c3928d0e9335e945d2,processed-semantic-transcript,True,False,1,}
svg_text_node,T-381,,R03,e3b0c44298fc1c149afbf4c8996fb92427ae41e4649b934ca495991b7852b855,reviewed-empty-structural,True,False,1,[empty structural SVG text node]
svg_text_node,T-382,,R03,9fbf683015f4f6069fd4dfbddb9de175ce75f6ed8b6be7a99ed6ea3e21f25977,processed-semantic-transcript,True,False,1,"<form id=""registerForm"" method=""post"" asp-action=""Register"">"
svg_text_node,T-383,,R03,cbe3209c2ad7cb64842d0fd02e5254eee5f83f67c48c96540e5b8240466968da,processed-semantic-transcript,True,False,1,with library
svg_text_node,T-384,,R03,7d4ac0759a1384e82d0b70a631c21becf04d78780dd4becdf8a10f9e943e052c,processed-semantic-transcript,True,False,1,@Html.AntiForgeryToken()
svg_text_node,T-385,,R03,2d00afbe7c942f261178eceae0dfa28017ee1d0d25a395b7b8b5005211e79c8b,processed-semantic-transcript,True,False,1,without library
svg_text_node,T-386,,R03,e3b0c44298fc1c149afbf4c8996fb92427ae41e4649b934ca495991b7852b855,reviewed-empty-structural,True,False,1,[empty structural SVG text node]
svg_text_node,T-387,,R03,cb41f558823b108bd4b600f16643e3d11a5ed2566be5c7cb9f586ec4fcf6c672,processed-semantic-transcript,True,False,1,"<input asp-for=""Email"" type=""email"" required />"
svg_text_node,T-388,,R03,f550fd60c35bca9cf5bb2410d7074f9c6ca2feaf2928769acde246d87df50619,processed-semantic-transcript,True,False,1,"<input asp-for=""Password"" type=""password"" required />"
svg_text_node,T-389,,R03,e3b0c44298fc1c149afbf4c8996fb92427ae41e4649b934ca495991b7852b855,reviewed-empty-structural,True,False,1,[empty structural SVG text node]
svg_text_node,T-390,,R03,d8d9c40bbc0d56948a7364e543a5b135965ec6c28ffe02edd15ff65283496f95,processed-semantic-transcript,True,False,1,"<input asp-for=""RecaptchaToken"" type=""hidden"" />"
svg_text_node,T-391,,R03,e3b0c44298fc1c149afbf4c8996fb92427ae41e4649b934ca495991b7852b855,reviewed-empty-structural,True,False,1,[empty structural SVG text node]
svg_text_node,T-392,,R03,bdc94113f57e993a757422daff019c5871a5961b53fd383f57d2695453a6cbd5,processed-semantic-transcript,True,False,1,"<button type=""submit"">Register</button>"
svg_text_node,T-393,,R03,e3b0c44298fc1c149afbf4c8996fb92427ae41e4649b934ca495991b7852b855,reviewed-empty-structural,True,False,1,[empty structural SVG text node]
svg_text_node,T-394,,R03,35994747b8dc5cc332f87c06c77eb3e86b64fa1b808f2458506df1c77c7c1648,processed-semantic-transcript,True,False,1,"<div asp-validation-summary=""All""></div>"
svg_text_node,T-395,,R03,e0c7bb7b72eeecfc07340f6bce5874176ae2e9d13551d2d6a6f3409e66c2f8c9,processed-semantic-transcript,True,False,1,</form>
svg_text_node,T-396,,R03,e3b0c44298fc1c149afbf4c8996fb92427ae41e4649b934ca495991b7852b855,reviewed-empty-structural,True,False,1,[empty structural SVG text node]
svg_text_node,T-397,,R03,fc78622275aaa2a52ec341d3e6b3706be21ef38d7d0000a3dcbaaa3751fbc848,processed-semantic-transcript,True,False,1,"<script src=""https://www.google.com/recaptcha/api.js?render=@siteKey""></script>"
svg_text_node,T-398,,R03,195c97e22ca18e0c760abab7baed962741405ae3b6cf9a587c8402a32f9511ff,processed-semantic-transcript,True,False,1,"import React, { useEffect, useState } from ""react"";"
svg_text_node,T-399,,R03,5b63e5b2097fc6906601e85e381d998a7db971aca73c9213dc2b107ccab734d4,processed-semantic-transcript,True,False,1,<script>
svg_text_node,T-400,,R03,e3b0c44298fc1c149afbf4c8996fb92427ae41e4649b934ca495991b7852b855,reviewed-empty-structural,True,False,1,[empty structural SVG text node]
svg_text_node,T-401,,R03,bcfa2f6db808b089b588ad81c5dc6b42f5a323be52bc934134e6cbc0eaf5f487,processed-semantic-transcript,True,False,1,(function () {
svg_text_node,T-402,,R03,e30ae75bd91b4c5f043821ca718e26aa7cff1cf997af317fd0b22e2929447957,processed-semantic-transcript,True,False,1,const SITE_KEY = import.meta.env.VITE_RECAPTCHA_SITE_KEY;
svg_text_node,T-403,,R03,3848022000f55c58ba09b7244147bbdd3eeb2e4930f2291d2d3a8734b1a2baea,processed-semantic-transcript,True,False,1,"const form = document.getElementById(""registerForm"");"
svg_text_node,T-404,,R03,e3b0c44298fc1c149afbf4c8996fb92427ae41e4649b934ca495991b7852b855,reviewed-empty-structural,True,False,1,[empty structural SVG text node]
svg_text_node,T-405,,R03,3d488995206793e443421a859516e578c49440a97580acb1c3db6c6fe3c59693,processed-semantic-transcript,True,False,1,"const tokenInput = document.querySelector('input[name=""RecaptchaToken""]');"
svg_text_node,T-406,,R03,086ceb062be696388e39eb609e764f24c10c44c9c0e52b3891410edb2cbe3d04,processed-semantic-transcript,True,False,1,function loadRecaptchaV3(siteKey) {
svg_text_node,T-407,,R03,f694fea8732bc42da66bdf1b3d69b113a97b8f4ec595a318dde7c7f5ce558d7b,processed-semantic-transcript,True,False,1,"const siteKey = ""@siteKey"";"
svg_text_node,T-408,,R03,23c1643fd7629907a734653bfbaa51f1a544ba70cfb84d827f4feadb2b700129,processed-semantic-transcript,True,False,1,"return new Promise((resolve, reject) => {"
svg_text_node,T-409,,R03,9abf3e6700d98954fe8bbe11cbda048f525400b21632402972b47c423c1be127,processed-semantic-transcript,True,False,1,"import React from ""react"";"
svg_text_node,T-410,,R03,e3b0c44298fc1c149afbf4c8996fb92427ae41e4649b934ca495991b7852b855,reviewed-empty-structural,True,False,1,[empty structural SVG text node]
svg_text_node,T-411,,R03,67204937079c4494b1129d0cb90706fad977e54d82042e4bff246d704df0340e,processed-semantic-transcript,True,False,1,if (window.grecaptcha) return resolve(window.grecaptcha);
svg_text_node,T-412,,R03,32db0cbe3930a7b90beb8289528808a9eda8636d357717e40b66fd98677ec540,processed-semantic-transcript,True,False,1,"import { GoogleReCaptchaProvider } from ""react-google-recaptcha-v3"";"
svg_text_node,T-413,,R03,f023d4a3fa60925c9bcfc77ab886f69150ed1035d4d756992b2b211c15f54169,processed-semantic-transcript,True,False,1,"form.addEventListener(""submit"", function (e) {"
svg_text_node,T-414,,R03,e3b0c44298fc1c149afbf4c8996fb92427ae41e4649b934ca495991b7852b855,reviewed-empty-structural,True,False,1,[empty structural SVG text node]
svg_text_node,T-415,,R03,8a48bc03581ad926cf9aaf873cb225b3967e5bb74dfccfe35d4e43aec927e9b6,processed-semantic-transcript,True,False,1,"import RegisterV3 from ""./RegisterV3"";"
svg_text_node,T-416,,R03,894c24bbd2dd531cc2cdc13ea85683503bc7a4a2629ceb09c859591e621a3804,processed-semantic-transcript,True,False,1,e.preventDefault();
svg_text_node,T-417,,R03,e81f8b7ffd01a5d377e850c249922aafd98a311784ded33b375a977791debc32,processed-semantic-transcript,True,False,1,"const script = document.createElement(""script"");"
svg_text_node,T-418,,R03,e3b0c44298fc1c149afbf4c8996fb92427ae41e4649b934ca495991b7852b855,reviewed-empty-structural,True,False,1,[empty structural SVG text node]
svg_text_node,T-419,,R03,e3b0c44298fc1c149afbf4c8996fb92427ae41e4649b934ca495991b7852b855,reviewed-empty-structural,True,False,1,[empty structural SVG text node]
svg_text_node,T-420,,R03,9113abd5e9a5c931924434198b49840a985e55fba4f2d95e85ce46347f47c839,processed-semantic-transcript,True,False,1,script.src = `https://www.google.com/recaptcha/api.js?render=${siteKey}`;
svg_text_node,T-421,,R03,e30ae75bd91b4c5f043821ca718e26aa7cff1cf997af317fd0b22e2929447957,processed-semantic-transcript,True,False,1,const SITE_KEY = import.meta.env.VITE_RECAPTCHA_SITE_KEY;
svg_text_node,T-422,,R03,81b0bb6f74e439646ce6c46d586fff0ce21a5ee905123ceda7e0f3d133c58b8a,processed-semantic-transcript,True,False,1,grecaptcha.ready(function () {
svg_text_node,T-423,,R03,0a9c8e45016e0717dfb14c248294d0d5e2737e2a54da45e597bed4ab2e11a392,processed-semantic-transcript,True,False,1,script.async = true;
svg_text_node,T-424,,R03,e3b0c44298fc1c149afbf4c8996fb92427ae41e4649b934ca495991b7852b855,reviewed-empty-structural,True,False,1,[empty structural SVG text node]
svg_text_node,T-425,,R03,fb0762bee99c476a00b87077b774311bd807fc4f0f9a2f9be0125a8cf91ab9ef,processed-semantic-transcript,True,False,1,"grecaptcha.execute(siteKey, { action: ""register"" }).then(function (token) {"
svg_text_node,T-426,,R03,d036f5d4a880571c6ef068c0455aeaa80e7a7c3c7a828b5058c4a3873c5090f5,processed-semantic-transcript,True,False,1,script.defer = true;
svg_text_node,T-427,,R03,9b15f943d5e45c6262c1fb9264c7b1ffb09569bdbeb511e0ae530d490a4cde6a,processed-semantic-transcript,True,False,1,export default function App() {
svg_text_node,T-428,,R03,2d6d4d52fc62d9b90652cec95573e533cc5fb5ee7f8c61677a1f603b753d3162,processed-semantic-transcript,True,False,1,tokenInput.value = token;
svg_text_node,T-429,,R03,f34db00bde449bb948b79dab685143c110f1b95d9c3118b1af5ece27b84f32cd,processed-semantic-transcript,True,False,1,script.onload = () => resolve(window.grecaptcha);
svg_text_node,T-430,,R03,fc4c1868f34cfb519e76be7307878b7254a939fea0a2f13fd8029482816af74d,processed-semantic-transcript,True,False,1,return (
svg_text_node,T-431,,R03,21885c0199e98f91f48f98516ea157bdda4dc0a084f54b42f977a7698c9ca529,processed-semantic-transcript,True,False,1,form.submit();
svg_text_node,T-432,,R03,bfc83c17410e0f6f096b1bcc0e3f6cea2d850366914cf96c13ecebc5723a9fa5,processed-semantic-transcript,True,False,1,script.onerror = reject;
svg_text_node,T-433,,R03,7c10eaf34c59bc02c02a4741494bfced7065525f85ada0c3bc32e2724e943eb9,processed-semantic-transcript,True,False,1,<GoogleReCaptchaProvider
svg_text_node,T-434,,R03,29576b54e255e3c948eea5b5904fa38b81682fdd3cbd9ae841ff0e7bd80d394c,processed-semantic-transcript,True,False,1,});
svg_text_node,T-435,,R03,b38fe1f7ba04b2f0e83a5f85d929147bed50445919556209d9d1915e135f4209,processed-semantic-transcript,True,False,1,document.head.appendChild(script);
svg_text_node,T-436,,R03,02c9cc6c318ba60b15c15483b2348431d7e9eda0e48b3c364f6ff3c5fa1bf440,processed-semantic-transcript,True,False,1,reCaptchaKey={SITE_KEY}
svg_text_node,T-437,,R03,29576b54e255e3c948eea5b5904fa38b81682fdd3cbd9ae841ff0e7bd80d394c,processed-semantic-transcript,True,False,1,});
svg_text_node,T-438,,R03,29576b54e255e3c948eea5b5904fa38b81682fdd3cbd9ae841ff0e7bd80d394c,processed-semantic-transcript,True,False,1,});
svg_text_node,T-439,,R03,84c1e80ff78ac0120b87352cb51282ae51e3b701644c26860473c9b417783109,processed-semantic-transcript,True,False,1,"scriptProps={{ async: true, defer: true }}"
svg_text_node,T-440,,R03,29576b54e255e3c948eea5b5904fa38b81682fdd3cbd9ae841ff0e7bd80d394c,processed-semantic-transcript,True,False,1,});
svg_text_node,T-441,,R03,d10b36aa74a59bcf4a88185837f658afaf3646eff2bb16c3928d0e9335e945d2,processed-semantic-transcript,True,False,1,}
svg_text_node,T-442,,R03,62b67e1f685b7fef51102005dddd27774be3fee38c42965c53aab035d0b6b221,processed-semantic-transcript,True,False,1,>
svg_text_node,T-443,,R03,9f49d5ddded342f8184c0ae9ad7394e52a1f8f41ac7ced56607bafeae43fb26e,processed-semantic-transcript,True,False,1,})();
svg_text_node,T-444,,R03,e3b0c44298fc1c149afbf4c8996fb92427ae41e4649b934ca495991b7852b855,reviewed-empty-structural,True,False,1,[empty structural SVG text node]
svg_text_node,T-445,,R03,9247b991e0ac8757a01313df58d090a21f79541be40ed555ab1da98e1e43fca6,processed-semantic-transcript,True,False,1,<RegisterV3 />
svg_text_node,T-446,,R03,6c9656210a0202719c1cc3f33bba512135c26bb8d970d2350552e75d257631ca,processed-semantic-transcript,True,False,1,</script>
svg_text_node,T-447,,R03,5f9ebe15d1d2181f562a5db3ff6c181c4811a9985d171f865705a45c2e09161e,processed-semantic-transcript,True,False,1,export default function RegisterV3React() {
svg_text_node,T-448,,R03,9e702df5d58386bfaf5240cab8cde48a83533f93aa9af4111ab90ea296a2da47,processed-semantic-transcript,True,False,1,</GoogleReCaptchaProvider>
svg_text_node,T-449,,R03,2a4206a2c44d9851d657b31ce81c480693cdc3d1c8142e2537c179f6506bdb79,processed-semantic-transcript,True,False,1,"const [ready, setReady] = useState(false);"
svg_text_node,T-450,,R03,9d8b2b5670d18da8a99f6152f7ee75558019cd106d8032bf7c1117bd37273e37,processed-semantic-transcript,True,False,1,);
svg_text_node,T-451,,R03,0da1eeea29496c66fb72aa7713c17a3650f0a8719d5e62b0c78af6b73927f706,processed-semantic-transcript,True,False,1,"const [email, setEmail] = useState("""");"
svg_text_node,T-452,,R03,d10b36aa74a59bcf4a88185837f658afaf3646eff2bb16c3928d0e9335e945d2,processed-semantic-transcript,True,False,1,}
svg_text_node,T-453,,R03,a29857e63814f6df9d718244da56f62f3868a043039238cbe92bc925324e4450,processed-semantic-transcript,True,False,1,"const [password, setPassword] = useState("""");"
svg_text_node,T-454,,R03,25c4d43572bc29a71a61515973880e14a4e547f255ef7a530fd4faa9e87400bc,processed-semantic-transcript,True,False,1,"const [status, setStatus] = useState("""");"
svg_text_node,T-455,,R03,c1472135b14c77c8bef98e73f70208325fa0dcf1e6bd668ae9b31a9cea295fe7,processed-semantic-transcript,True,False,1,controller
svg_text_node,T-456,,R03,e3b0c44298fc1c149afbf4c8996fb92427ae41e4649b934ca495991b7852b855,reviewed-empty-structural,True,False,1,[empty structural SVG text node]
svg_text_node,T-457,,R03,f28ea927c74f4339d40c3cf0626cab7fdec954d41ef387a713650bc54eca15b3,processed-semantic-transcript,True,False,1,useEffect(() => {
svg_text_node,T-458,,R03,c0ed5da140de702efd371ed458a56137d7c2f6003bd1ae7b9db58626854a57f6,processed-semantic-transcript,True,False,1,loadRecaptchaV3(SITE_KEY)
svg_text_node,T-459,,R03,523ff0e45e5dfc5c6d5f24f81dbbdc211d617fdee5f6446bc3d851913c5daa87,processed-semantic-transcript,True,False,1,.then((g) => g.ready(() => setReady(true)))
svg_text_node,T-460,,R03,8197f5827cff15b433b75d91170a2b6c101c1a96f96927b94b7143ac28f057da,processed-semantic-transcript,True,False,1,.catch(() => setReady(false));
svg_text_node,T-461,,R03,c9b136889491a3b5ba9eed54af93a2376470cfeb9283b4df09a11895e775f337,processed-semantic-transcript,True,False,1,"import React, { useState } from ""react"";"
svg_text_node,T-462,,R03,27c7e19d1e112eeabf093062e0e24babd319cebac309a618f8cf7a9aa324b972,processed-semantic-transcript,True,False,1,"}, []);"
svg_text_node,T-463,,R03,e9b6ba928a7da690213c888f6504f3478432141080e70ba64f0b5f354c56b779,processed-semantic-transcript,True,False,1,"import { useGoogleReCaptcha } from ""react-google-recaptcha-v3"";"
svg_text_node,T-464,,R03,e3b0c44298fc1c149afbf4c8996fb92427ae41e4649b934ca495991b7852b855,reviewed-empty-structural,True,False,1,[empty structural SVG text node]
svg_text_node,T-465,,R03,e3b0c44298fc1c149afbf4c8996fb92427ae41e4649b934ca495991b7852b855,reviewed-empty-structural,True,False,1,[empty structural SVG text node]
svg_text_node,T-466,,R03,60feb94dff28a559aea894b5377948f23823ae5b3a5e881d2afa03b8973045bc,processed-semantic-transcript,True,False,1,const onSubmit = async (e) => {
svg_text_node,T-467,,R03,4329d650150141bea0adc6f4979e388cfff6a608f7c77d8afcebf080ec6f1fa9,processed-semantic-transcript,True,False,1,export default function RegisterV3() {
svg_text_node,T-468,,R03,894c24bbd2dd531cc2cdc13ea85683503bc7a4a2629ceb09c859591e621a3804,processed-semantic-transcript,True,False,1,e.preventDefault();
svg_text_node,T-469,,R03,067723cc43dfd8054933d34f9f7d8f3640c1b453048b5dbbf1099bcf748f6776,processed-semantic-transcript,True,False,1,const { executeRecaptcha } = useGoogleReCaptcha();
svg_text_node,T-470,,R03,e8233589ea3a222b87ef1b4859d6eea0fccce29d15ba91f3f95c313992dc520b,processed-semantic-transcript,True,False,1,"setStatus("""");"
svg_text_node,T-471,,R03,e3b0c44298fc1c149afbf4c8996fb92427ae41e4649b934ca495991b7852b855,reviewed-empty-structural,True,False,1,[empty structural SVG text node]
svg_text_node,T-472,,R03,e3b0c44298fc1c149afbf4c8996fb92427ae41e4649b934ca495991b7852b855,reviewed-empty-structural,True,False,1,[empty structural SVG text node]
svg_text_node,T-473,,R03,0da1eeea29496c66fb72aa7713c17a3650f0a8719d5e62b0c78af6b73927f706,processed-semantic-transcript,True,False,1,"const [email, setEmail] = useState("""");"
svg_text_node,T-474,,R03,adf57a1edfedb3beb9c4160eb1e523967005045ee66d23312db7e385de427b04,processed-semantic-transcript,True,False,1,if (!ready) {
svg_text_node,T-475,,R03,a29857e63814f6df9d718244da56f62f3868a043039238cbe92bc925324e4450,processed-semantic-transcript,True,False,1,"const [password, setPassword] = useState("""");"
svg_text_node,T-476,,R03,1b344bbe9397120867e5866743a83dec0221afdcfe89f92f3bc0afd4a1154b51,processed-semantic-transcript,True,False,1,"setStatus(""reCAPTCHA not ready yet."");"
svg_text_node,T-477,,R03,25c4d43572bc29a71a61515973880e14a4e547f255ef7a530fd4faa9e87400bc,processed-semantic-transcript,True,False,1,"const [status, setStatus] = useState("""");"
svg_text_node,T-478,,R03,8beaabe25ab7e0a80d1e25bada55a2f5a227101c2210eadf0b368d3c2be4a83f,processed-semantic-transcript,True,False,1,return;
svg_text_node,T-479,,R03,e3b0c44298fc1c149afbf4c8996fb92427ae41e4649b934ca495991b7852b855,reviewed-empty-structural,True,False,1,[empty structural SVG text node]
svg_text_node,T-480,,R03,d10b36aa74a59bcf4a88185837f658afaf3646eff2bb16c3928d0e9335e945d2,processed-semantic-transcript,True,False,1,}
svg_text_node,T-481,,R03,60feb94dff28a559aea894b5377948f23823ae5b3a5e881d2afa03b8973045bc,processed-semantic-transcript,True,False,1,const onSubmit = async (e) => {
svg_text_node,T-482,,R03,e3b0c44298fc1c149afbf4c8996fb92427ae41e4649b934ca495991b7852b855,reviewed-empty-structural,True,False,1,[empty structural SVG text node]
svg_text_node,T-483,,R03,894c24bbd2dd531cc2cdc13ea85683503bc7a4a2629ceb09c859591e621a3804,processed-semantic-transcript,True,False,1,e.preventDefault();
svg_text_node,T-484,,R03,1c5c6d91e155605a46b6421b1614576c0a43c7aa411e23261915f96bf4f26a2f,processed-semantic-transcript,True,False,1,"const token = await window.grecaptcha.execute(SITE_KEY, { action: ""register"" });"
svg_text_node,T-485,,R03,e8233589ea3a222b87ef1b4859d6eea0fccce29d15ba91f3f95c313992dc520b,processed-semantic-transcript,True,False,1,"setStatus("""");"
svg_text_node,T-486,,R03,e3b0c44298fc1c149afbf4c8996fb92427ae41e4649b934ca495991b7852b855,reviewed-empty-structural,True,False,1,[empty structural SVG text node]
svg_text_node,T-487,,R03,e3b0c44298fc1c149afbf4c8996fb92427ae41e4649b934ca495991b7852b855,reviewed-empty-structural,True,False,1,[empty structural SVG text node]
svg_text_node,T-488,,R03,7cbc411141265080b67511c23f5082d4ef4f9ff73977d96896b0b00ce2427aa1,processed-semantic-transcript,True,False,1,"const resp = await fetch(""/api/auth/register-v3"", {"
svg_text_node,T-489,,R03,c420f7fd46b5d1adf2434e0738370ca27bdd7a0feadb040edea1b9d69b1726c2,processed-semantic-transcript,True,False,1,if (!executeRecaptcha) {
svg_text_node,T-490,,R03,fa8f0b5ceabf772901474bc25319f2eedb1f710c45f1b586f3af334eea183b9d,processed-semantic-transcript,True,False,1,"method: ""POST"","
svg_text_node,T-491,,R03,1b344bbe9397120867e5866743a83dec0221afdcfe89f92f3bc0afd4a1154b51,processed-semantic-transcript,True,False,1,"setStatus(""reCAPTCHA not ready yet."");"
svg_text_node,T-492,,R03,2b88f4d4f8f1954658367dcec28e8db230feb8ed9909edb0c54a65daf18dd9d4,processed-semantic-transcript,True,False,1,"headers: { ""Content-Type"": ""application/json"" },"
svg_text_node,T-493,,R03,8beaabe25ab7e0a80d1e25bada55a2f5a227101c2210eadf0b368d3c2be4a83f,processed-semantic-transcript,True,False,1,return;
svg_text_node,T-494,,R03,80e550dc2adacc87940b2b16df976943f8edc2e4e5d28853c995586e3fd2f28f,processed-semantic-transcript,True,False,1,"body: JSON.stringify({ email, password, recaptchaToken: token }),"
svg_text_node,T-495,,R03,d10b36aa74a59bcf4a88185837f658afaf3646eff2bb16c3928d0e9335e945d2,processed-semantic-transcript,True,False,1,}
svg_text_node,T-496,,R03,29576b54e255e3c948eea5b5904fa38b81682fdd3cbd9ae841ff0e7bd80d394c,processed-semantic-transcript,True,False,1,});
svg_text_node,T-497,,R03,e3b0c44298fc1c149afbf4c8996fb92427ae41e4649b934ca495991b7852b855,reviewed-empty-structural,True,False,1,[empty structural SVG text node]
svg_text_node,T-498,,R03,e3b0c44298fc1c149afbf4c8996fb92427ae41e4649b934ca495991b7852b855,reviewed-empty-structural,True,False,1,[empty structural SVG text node]
svg_text_node,T-499,,R03,7ea7b894ca53db0263d43ae58510649a56a26dcee825b1265dd7d65fbb5d9c99,processed-semantic-transcript,True,False,1,// action name must match what server expects
svg_text_node,T-500,,R03,5b8896395731649f30f078541a586b3144a2c2ef1ff7d31be57e8012e199828b,processed-semantic-transcript,True,False,1,if (!resp.ok) {
svg_text_node,T-501,,R03,4867dfad9cc2770d38b1427533734fe5955ea7582a52c65e12b03a535438bab0,processed-semantic-transcript,True,False,1,"const token = await executeRecaptcha(""register"");"
svg_text_node,T-502,,R03,f3ecda7a1e1b696ec8bbccdc7f0c66812fbc09b1bd37af90a5875fe94183764a,processed-semantic-transcript,True,False,1,setStatus(await resp.text());
svg_text_node,T-503,,R03,e3b0c44298fc1c149afbf4c8996fb92427ae41e4649b934ca495991b7852b855,reviewed-empty-structural,True,False,1,[empty structural SVG text node]
svg_text_node,T-504,,R03,8beaabe25ab7e0a80d1e25bada55a2f5a227101c2210eadf0b368d3c2be4a83f,processed-semantic-transcript,True,False,1,return;
svg_text_node,T-505,,R03,7cbc411141265080b67511c23f5082d4ef4f9ff73977d96896b0b00ce2427aa1,processed-semantic-transcript,True,False,1,"const resp = await fetch(""/api/auth/register-v3"", {"
svg_text_node,T-506,,R03,d10b36aa74a59bcf4a88185837f658afaf3646eff2bb16c3928d0e9335e945d2,processed-semantic-transcript,True,False,1,}
svg_text_node,T-507,,R03,fa8f0b5ceabf772901474bc25319f2eedb1f710c45f1b586f3af334eea183b9d,processed-semantic-transcript,True,False,1,"method: ""POST"","
svg_text_node,T-508,,R03,e3b0c44298fc1c149afbf4c8996fb92427ae41e4649b934ca495991b7852b855,reviewed-empty-structural,True,False,1,[empty structural SVG text node]
svg_text_node,T-509,,R03,2b88f4d4f8f1954658367dcec28e8db230feb8ed9909edb0c54a65daf18dd9d4,processed-semantic-transcript,True,False,1,"headers: { ""Content-Type"": ""application/json"" },"
svg_text_node,T-510,,R03,515d0fad5781888ecc9534112fe4d6e770f5d5232a1c7a44a3b9a62813c1f98f,processed-semantic-transcript,True,False,1,"setStatus(""Registered (React v3)!"");"
svg_text_node,T-511,,R03,80e550dc2adacc87940b2b16df976943f8edc2e4e5d28853c995586e3fd2f28f,processed-semantic-transcript,True,False,1,"body: JSON.stringify({ email, password, recaptchaToken: token }),"
svg_text_node,T-512,,R03,df3982fd610173599241fca93c7c866683f58f541eced1c2098102145477164c,processed-semantic-transcript,True,False,1,};
svg_text_node,T-513,,R03,29576b54e255e3c948eea5b5904fa38b81682fdd3cbd9ae841ff0e7bd80d394c,processed-semantic-transcript,True,False,1,});
svg_text_node,T-514,,R03,e3b0c44298fc1c149afbf4c8996fb92427ae41e4649b934ca495991b7852b855,reviewed-empty-structural,True,False,1,[empty structural SVG text node]
svg_text_node,T-515,,R03,e3b0c44298fc1c149afbf4c8996fb92427ae41e4649b934ca495991b7852b855,reviewed-empty-structural,True,False,1,[empty structural SVG text node]
svg_text_node,T-516,,R03,fc4c1868f34cfb519e76be7307878b7254a939fea0a2f13fd8029482816af74d,processed-semantic-transcript,True,False,1,return (
svg_text_node,T-517,,R03,a50b174fc055a1678cffb4f4b6a2ffa6d0aa1f6653f085df29001b375b6c2751,processed-semantic-transcript,True,False,1,"setStatus(resp.ok ? ""Registered!"" : await resp.text());"
svg_text_node,T-518,,R03,804b9c4c26c03470f54a3e72430146ba6176db5972e61fd585e8ee27501d0a2d,processed-semantic-transcript,True,False,1,<form onSubmit={onSubmit}>
svg_text_node,T-519,,R03,df3982fd610173599241fca93c7c866683f58f541eced1c2098102145477164c,processed-semantic-transcript,True,False,1,};
svg_text_node,T-520,,R03,8adda46c907947446fd548d7212d563931f9081a67ca3cbfb5b1c4b122a51027,processed-semantic-transcript,True,False,1,"<input value={email} onChange={(e) => setEmail(e.target.value)} type=""email"" required />"
svg_text_node,T-521,,R03,e3b0c44298fc1c149afbf4c8996fb92427ae41e4649b934ca495991b7852b855,reviewed-empty-structural,True,False,1,[empty structural SVG text node]
svg_text_node,T-522,,R03,d70ccfb8fa401103ec73e819679c94f939c9899858ce58fef53bdd35d225dd83,processed-semantic-transcript,True,False,1,"<input value={password} onChange={(e) => setPassword(e.target.value)} type=""password"" required />"
svg_text_node,T-523,,R03,fc4c1868f34cfb519e76be7307878b7254a939fea0a2f13fd8029482816af74d,processed-semantic-transcript,True,False,1,return (
svg_text_node,T-524,,R03,ba1489b56e77a4b8a6b92174c2b4c434e058829565b8729a785c948cebeb0e98,processed-semantic-transcript,True,False,1,"<button type=""submit"" disabled={!ready}>Register</button>"
svg_text_node,T-525,,R03,804b9c4c26c03470f54a3e72430146ba6176db5972e61fd585e8ee27501d0a2d,processed-semantic-transcript,True,False,1,<form onSubmit={onSubmit}>
svg_text_node,T-526,,R03,77bdc611bbf6f55aec1d6b5d4b1c22c32f525cbbb4a09bb6209f08396eee05a1,processed-semantic-transcript,True,False,1,<div>{status}</div>
svg_text_node,T-527,,R03,eba5c12b7120461c60e5e053a415958484ccc879c71c7cee9220b61bc3674436,processed-semantic-transcript,True,False,1,"<input type=""email"" value={email} onChange={(e) => setEmail(e.target.value)} required />"
svg_text_node,T-528,,R03,e0c7bb7b72eeecfc07340f6bce5874176ae2e9d13551d2d6a6f3409e66c2f8c9,processed-semantic-transcript,True,False,1,</form>
svg_text_node,T-529,,R03,4a43b621a42cac4b4db78ec516ac026357328bcd3e4e9875c6bcb8a0ee294e9e,processed-semantic-transcript,True,False,1,"<input type=""password"" value={password} onChange={(e) => setPassword(e.target.value)} required />"
svg_text_node,T-530,,R03,9d8b2b5670d18da8a99f6152f7ee75558019cd106d8032bf7c1117bd37273e37,processed-semantic-transcript,True,False,1,);
svg_text_node,T-531,,R03,bdc94113f57e993a757422daff019c5871a5961b53fd383f57d2695453a6cbd5,processed-semantic-transcript,True,False,1,"<button type=""submit"">Register</button>"
svg_text_node,T-532,,R03,d10b36aa74a59bcf4a88185837f658afaf3646eff2bb16c3928d0e9335e945d2,processed-semantic-transcript,True,False,1,}
svg_text_node,T-533,,R03,77bdc611bbf6f55aec1d6b5d4b1c22c32f525cbbb4a09bb6209f08396eee05a1,processed-semantic-transcript,True,False,1,<div>{status}</div>
svg_text_node,T-534,,R03,e0c7bb7b72eeecfc07340f6bce5874176ae2e9d13551d2d6a6f3409e66c2f8c9,processed-semantic-transcript,True,False,1,</form>
svg_text_node,T-535,,R03,9d8b2b5670d18da8a99f6152f7ee75558019cd106d8032bf7c1117bd37273e37,processed-semantic-transcript,True,False,1,);
svg_text_node,T-536,,R03,d10b36aa74a59bcf4a88185837f658afaf3646eff2bb16c3928d0e9335e945d2,processed-semantic-transcript,True,False,1,}
svg_text_node,T-537,,R04,aeb67aa0a79acb07591922b4db0e4875fd67e837a98ac159291730555f96c902,processed-semantic-transcript,True,False,1,what is remote ip
