use_id,image_id,filename,sha256_12,region_id,x,y,width,height,opacity,duplicate_of_use_id,nearest_text_ids,nearest_captions,status
IU-0001,image-02f6f0e70276e974257c4d127fd49fbc136899f5,54edfdf5ae21.png,54edfdf5ae21,R01,1832.2109592788056,7619.068155416982,655.0,482.0,1.0,,T-0163|T-0162|T-0164,Large file on disk:|(avoids big UTF-16 JSON string)|- Prefer FileStream + StreamContent,pending_transcript
IU-0002,image-aa374613be4703cf97192002a8225a9a464d9aeb,bfbb9f96e131.png,bfbb9f96e131,R01,1835.1991279062295,7109.068002829092,696.0,482.0,1.0,,T-0147|T-0146|T-0148,- Client: FormUrlEncodedContent|application/x-www-form-urlencoded|- Server: [FromForm] MyFormDto,pending_transcript
IU-0003,image-0c06e64a8fcf7eee1c78339a7873e2097264c683,182ef994fa87.png,182ef994fa87,R01,1857.958017208949,6729.224252829092,824.0,342.0,1.0,,T-0207|T-0132|T-0131,but you buffer bytes in memory|────────────────────────────────────────────────────────────|HOW TO CHOOSE QUICKLY,pending_transcript
IU-0004,image-3fb15b2ab5174ed7131dd3452247d51e3b318d81,74cba8b6319b.png,74cba8b6319b,R01,1859.0083473942577,6218.433244470181,735.0,482.0,1.0,,T-0120|T-0119|T-0121,- File upload endpoints|Best for:|────────────────────────────────────────────────────────────,pending_transcript
IU-0005,image-dc39ba02a4230af74f2321bd5321ecbdd750af0c,d41fd9f94060.png,d41fd9f94060,R01,1860.93787704221,5805.734720358389,798.0,482.0,1.0,,T-0108|T-0107|T-0109,"- var mp = new MultipartFormDataContent()|Client:|- mp.Add(new StreamContent(fileStream), ""file"", ""photo.png"")",pending_transcript
IU-0006,image-4efeefd343ea968192dab9461cb99c8686d51ba0,f7394078e031.png,f7394078e031,R01,1854.7914522675428,5426.724405416982,917.0,367.0,1.0,,T-0095|T-0094|T-0096,Best for:|- Common for OAuth/token endpoints|- Login/token requests,pending_transcript
IU-0007,image-3b62b63f81f6cffdae8df2220040944a74e19190,6adc3e88420d.png,6adc3e88420d,R01,1842.1245821503553,4881.224252829092,909.0,478.0,1.0,,T-0080|T-0081|T-0082,────────────────────────────────────────────────────────────|5) FormUrlEncodedContent|────────────────────────────────────────────────────────────,pending_transcript
IU-0008,image-af7588fa62296a09b703f104e6e17658446b5c3f,0b8c143e3483.png,0b8c143e3483,R01,1860.7914522675428,4481.724252829092,825.0,357.0,1.0,,T-0066|T-0067|T-0068,Content-Type sent:|- Set it manually (important)|e.g. video/mp4,pending_transcript
IU-0009,image-72db92725a4857d0a5e935e4e25e235b906e0035,20ca51ea6abb.png,20ca51ea6abb,R01,1866.6248873261366,4008.0022476207587,840.0,436.0,1.0,,T-0168|T-0169|T-0054,"can use jsoncontent with big object, too, if dont need compression|!!!|Why use it:",pending_transcript
IU-0010,image-53a89c17e87cdb3bdb1f5a6177e5845658d67e7c,739f48425dc9.png,739f48425dc9,R01,1908.7395741570854,3534.6260443935116,670.0,463.0,1.0,,T-0168|T-0169|T-0203,"can use jsoncontent with big object, too, if dont need compression|!!!|not requestmessage",pending_transcript
IU-0011,image-843489ee91c9462d5f216c09a61a906e1c3a41da,d0fdb6ddbdb3.png,d0fdb6ddbdb3,R01,1903.384905226435,3061.805515922959,734.0,463.0,1.0,,T-0168|T-0169|T-0170,"can use jsoncontent with big object, too, if dont need compression|!!!|types",pending_transcript
IU-0012,image-73d10150c16a570c27fbd33cc0df8b350dd1dcc4,32b2baa4a27f.png,32b2baa4a27f,R01,1880.693958222084,2530.124581636431,799.0,463.0,1.0,,T-0168|T-0170|T-0169,"can use jsoncontent with big object, too, if dont need compression|types|!!!",pending_transcript
IU-0013,image-5b72416282bce8e6a7b692c773cfb1de3cf9d99d,a7a55244ba9d.png,a7a55244ba9d,R01,2787.4056094674443,6753.4307653276865,743.0,482.0,1.0,,T-0207|T-0213|T-0212,"but you buffer bytes in memory|in headers|issue, what jsoncontent can set",pending_transcript
IU-0014,image-a854a00f83a4cfeaf3a461f4fa143ee1580c6762,3ab0363e5628.png,3ab0363e5628,R01,2806.7457456770026,7255.249002632372,676.0,482.0,1.0,,T-0207|T-0217|T-0213,but you buffer bytes in memory|memorystream fits content-length|in headers,pending_transcript
IU-0015,image-f46606cd55ef0bb4a8d3b23188a79dba602ba8e3,6de62b3f6a36.png,6de62b3f6a36,R01,2843.563342127929,7753.43082081419,672.0,482.0,1.0,,T-0207|T-0217|T-0175,but you buffer bytes in memory|memorystream fits content-length|when deserializing async enumerable,pending_transcript
IU-0016,image-3fb15b2ab5174ed7131dd3452247d51e3b318d81,74cba8b6319b.png,74cba8b6319b,R01,2906.0192149662053,6072.152627415717,735.0,482.0,1.0,IU-0004,T-0207|T-0211|T-0210,but you buffer bytes in memory|transfer-encoding: chuncked|jsoncontent.create/content-length issue,pending_transcript
IU-0017,image-4d24af0060c8824e64cbb941b9ba9b01ec830991,96e0de967535.png,96e0de967535,R01,2842.267189286613,4414.015015064427,782.0,459.0,1.0,,T-0169|T-0203|T-0168,"!!!|not requestmessage|can use jsoncontent with big object, too, if dont need compression",pending_transcript
IU-0018,image-606f4408a0dc13b863690748093dc1c31c86f1b0,74b3def31492.png,74b3def31492,R01,3676.325686366172,4429.267254538884,577.0,403.0,1.0,,T-0210|T-0211|T-0169,jsoncontent.create/content-length issue|transfer-encoding: chuncked|!!!,pending_transcript
IU-0019,image-b2ce8d621fba55cfe65542ce1cbd70e70c550555,8fc918776f2f.png,8fc918776f2f,R03,874.9418180054527,11163.112045214597,708.0,331.0,1.0,,T-0174|T-0204|T-0205,case 3|need to dispose|readasstreamasync too,pending_transcript
IU-0020,image-b113458eb207c863ff2ab20faf71301df972537a,9ab2129843be.png,9ab2129843be,R03,871.6800298793587,10621.529654535341,646.0,482.0,1.0,,T-0174|T-0176|T-0204,case 3|downloading file|need to dispose,pending_transcript
IU-0021,image-cd892666f7cb07310d0b615d80bfee3c41d8691f,78ae55e5d87e.png,78ae55e5d87e,R03,772.052454398683,10158.889653450273,896.0,415.0,1.0,,T-0174|T-0176|T-0177,case 3|downloading file|when deserializing json,pending_transcript
IU-0022,image-1f92b9b1d63b12c8709a40f77f495d996820cb0c,a5f1a4ecc807.png,a5f1a4ecc807,R03,785.4423417685866,9619.778770142093,881.0,482.0,1.0,,T-0177|T-0171|T-0175,when deserializing json|when reading response|when deserializing async enumerable,pending_transcript
IU-0023,image-a4a8bc0316d1e70e7374cbd149243534ddd3a8d5,dfa85dd5d1b4.png,dfa85dd5d1b4,R03,916.8348843091117,13589.56846795799,878.0,394.0,1.0,,T-0173|T-0172|T-0205,default behavior|deserializing stream on headers arrive in server indpoint|readasstreamasync too,pending_transcript
IU-0024,image-1227e053263ec0f6295b5bed4338cc0157e46fb4,a3afcc37e0af.png,a3afcc37e0af,R03,887.7191239405693,13053.745500428693,930.0,482.0,1.0,,T-0173|T-0172|T-0205,default behavior|deserializing stream on headers arrive in server indpoint|readasstreamasync too,pending_transcript
IU-0025,image-24f0ee74b90f18f39542aea71205d9dd2fc64c12,7cf29338e7b3.png,7cf29338e7b3,R03,905.5793476775834,12530.503706974345,854.0,482.0,1.0,,T-0173|T-0172|T-0205,default behavior|deserializing stream on headers arrive in server indpoint|readasstreamasync too,pending_transcript
IU-0026,image-8534de729da9322adc678eb63013ab3daf27c6bd,e52bb75e0501.png,e52bb75e0501,R03,2014.8794226456203,10675.80233240363,857.0,482.0,1.0,,T-0176|T-0204|T-0205,downloading file|need to dispose|readasstreamasync too,pending_transcript
IU-0027,image-e3c87ff97f4866bd2fbcadfe37430ff85dc9709f,20c952b57a47.png,20c952b57a47,R03,1918.9982719946393,9662.024541062483,883.0,482.0,1.0,,T-0175|T-0176|T-0171,when deserializing async enumerable|downloading file|when reading response,pending_transcript
IU-0028,image-44a48f25ed6dec5e58add6dd3b9c5421991c2dc5,31832f0ebd62.png,31832f0ebd62,R05,23236.61142045371,2949.528411953169,753.0,482.0,1.0,,T-0181|T-0180|T-0179,BASE64 STRING|ADD TO REQUEST MEDIA TYPES|BINDING DTO WITH FILE FROM FORM,pending_transcript
IU-0029,image-8ae7208416cb7ff850756a8f47d8768aea0a6829,cb4db44ff26e.png,cb4db44ff26e,R05,23274.725934483602,3438.0494892492798,676.0,209.0,1.0,,T-0181|T-0180|T-0179,BASE64 STRING|ADD TO REQUEST MEDIA TYPES|BINDING DTO WITH FILE FROM FORM,pending_transcript
IU-0030,image-c827ae6d3906081bb9a378a60a71bc9b44aceb72,9a24cb1c11a9.png,9a24cb1c11a9,R05,24090.637592290226,2988.423623659787,929.0,482.0,1.0,,T-0181|T-0180|T-0179,BASE64 STRING|ADD TO REQUEST MEDIA TYPES|BINDING DTO WITH FILE FROM FORM,pending_transcript
IU-0031,image-344705760e6d2dab566c262a9ef8b965b8040d9b,b043f08b2305.png,b043f08b2305,R05,24175.854620064965,3522.9690227187357,744.0,482.0,1.0,,T-0181|T-0180|T-0179,BASE64 STRING|ADD TO REQUEST MEDIA TYPES|BINDING DTO WITH FILE FROM FORM,pending_transcript
IU-0032,image-f6adbe110dec6a4bdd23d2fa389650d7cde75c73,9719ea1fbd27.png,9719ea1fbd27,R05,23676.239716954253,5369.676330455158,761.0,482.0,1.0,,T-0181|T-0180|T-0179,BASE64 STRING|ADD TO REQUEST MEDIA TYPES|BINDING DTO WITH FILE FROM FORM,pending_transcript
IU-0033,image-76dfd3410488275ac12f42d0d45ebdbdb9d2befa,2d761110ff9d.png,2d761110ff9d,R05,23721.848354720358,5907.276697605278,660.0,441.0,1.0,,T-0181|T-0180|T-0179,BASE64 STRING|ADD TO REQUEST MEDIA TYPES|BINDING DTO WITH FILE FROM FORM,pending_transcript
IU-0034,image-9603772b70e0e04fe859c72cdee8e98216e15eb0,a898586b256a.png,a898586b256a,R05,23665.096825095665,6417.0074611197315,785.0,482.0,1.0,,T-0233|T-0181|T-0234,trying to inprove|BASE64 STRING|performance /memory,pending_transcript
IU-0035,image-419113421d51b1ae331c66e8af7acc7319280142,308977bf7c7c.png,308977bf7c7c,R05,23772.725823242006,6928.718902056671,700.0,482.0,1.0,,T-0233|T-0234|T-0235,trying to inprove|performance /memory|through streams/pipes,pending_transcript
IU-0036,image-1a25f32af5066aa694dbbf6903cb591423e13655,f4e0735add58.png,f4e0735add58,R05,23652.63992374135,7439.960179783155,903.0,233.0,1.0,,T-0233|T-0234|T-0235,trying to inprove|performance /memory|through streams/pipes,pending_transcript
IU-0037,image-43a56ec68a638e9db338e5c23fa2e384e902308b,3298368bc0fb.png,3298368bc0fb,R05,23665.17569454314,4215.192066789904,720.0,482.0,1.0,,T-0181|T-0180|T-0179,BASE64 STRING|ADD TO REQUEST MEDIA TYPES|BINDING DTO WITH FILE FROM FORM,pending_transcript
IU-0038,image-664cc900be82c61cfb280704e9165dac3ed90956,d98bf2c3a769.png,d98bf2c3a769,R05,23700.555061666797,4617.5571641991055,875.0,482.0,1.0,,T-0181|T-0180|T-0179,BASE64 STRING|ADD TO REQUEST MEDIA TYPES|BINDING DTO WITH FILE FROM FORM,pending_transcript
IU-0039,image-2fddbbb319414901b5e6ff47953e6b7b25529a1d,29bfb82b0203.png,29bfb82b0203,R04,14504.911896709864,3319.517641659517,801.0,321.0,1.0,,T-0186|T-0206|T-0185,GIVES US|readfromjson need responseheadersread too|WHAT RESPONSEHEADERSREAD,pending_transcript
IU-0040,image-2f8ae74c4db42d54378eed79fa930188f0734150,65ceafb6a7b9.png,65ceafb6a7b9,R04,14545.799810819672,3617.0596367418457,666.0,482.0,1.0,,T-0206|T-0186|T-0185,readfromjson need responseheadersread too|GIVES US|WHAT RESPONSEHEADERSREAD,pending_transcript
IU-0041,image-c4cce7431237e5e5cf58311a2872dac486d6abef,7c11eb4cd80b.png,7c11eb4cd80b,R04,14424.330475811426,4162.670595761079,842.0,482.0,1.0,,T-0206|T-0186|T-0187,readfromjson need responseheadersread too|GIVES US|CAVEATS WHEN YOU DONT BUFFER,pending_transcript
IU-0042,image-8ca1c1ac5ea883f69f705f2aa2e25971129527e9,4cb0ef1e004b.png,4cb0ef1e004b,R04,14513.578766827051,4747.183901425142,677.0,319.0,1.0,,T-0187|T-0206|T-0186,CAVEATS WHEN YOU DONT BUFFER|readfromjson need responseheadersread too|GIVES US,pending_transcript
IU-0043,image-ec7e4402e7c110d39c4ad9ea1e64c9a32883e58b,71402d293c66.png,71402d293c66,R04,14394.34341244619,5643.8852029668205,795.0,177.0,1.0,,T-0187|T-0474|T-0197,CAVEATS WHEN YOU DONT BUFFER|enable buffering|!!!,pending_transcript
IU-0044,image-87389587fa3e38a91aa0592042a0462f5f5d28fa,4317ce41bd72.png,4317ce41bd72,R04,14375.489686633022,5916.734148991838,886.0,437.0,1.0,,T-0187|T-0474|T-0197,CAVEATS WHEN YOU DONT BUFFER|enable buffering|!!!,pending_transcript
IU-0045,image-62c55639b8dfc810a82ed97a3b59605022a14d59,1c43f2a8a50d.png,1c43f2a8a50d,R04,14386.156404162319,6392.567339909807,912.0,274.0,1.0,,T-0474|T-0187|T-0197,enable buffering|CAVEATS WHEN YOU DONT BUFFER|!!!,pending_transcript
IU-0046,image-c758d2c95d8850330b91f8ac576c520a6a1893fa,d3e9bbb313a9.png,d3e9bbb313a9,R04,14401.989686633022,6712.400774968401,837.0,341.0,1.0,,T-0197|T-0474|T-0187,!!!|enable buffering|CAVEATS WHEN YOU DONT BUFFER,pending_transcript
IU-0047,image-33ccd0635980e0dadf7d417fc3dc3c9816d6f211,1e35e21c17b8.png,1e35e21c17b8,R04,14432.510880672162,7067.855568262672,798.0,482.0,1.0,,T-0197|T-0474|T-0187,!!!|enable buffering|CAVEATS WHEN YOU DONT BUFFER,pending_transcript
IU-0048,image-e9397dcc431c08ee185d85303f849d01e2e40e31,5c6794ec3373.png,5c6794ec3373,R04,14414.156353299688,7584.420839813631,846.0,471.0,1.0,,T-0197|T-0474|T-0228,!!!|enable buffering|server,pending_transcript
IU-0049,image-51a6f6bfda4e06326bf081d383817b5f8ab7ab2b,6c422ed045cc.png,6c422ed045cc,R04,14440.711976672084,8072.5875573429275,764.0,228.0,1.0,,T-0197|T-0228|T-0474,!!!|server|enable buffering,pending_transcript
IU-0050,image-911ebc85ceb804dcff3844f15d535851419d1d48,7ab4e2140f8d.png,7ab4e2140f8d,R04,14453.989584907762,8333.587506480297,653.0,366.0,1.0,,T-0228|T-0197|T-0474,server|!!!|enable buffering,pending_transcript
IU-0051,image-3c3adde4461e54099f6d630f0feb6a7b82560745,a129e450a105.png,a129e450a105,R04,16667.152504700018,4544.724762905161,870.0,324.0,1.0,,T-0182|T-0183|T-0188,"sream reader|can be useful too if you want line by line reading somewhere|AND ALSO YOU CANT READASSTRING ON SERVER ENDPOINT,",pending_transcript
IU-0052,image-62cfce53b67a1ca49c90cc4fb3d2047d0c5d837c,43751b19b355.png,43751b19b355,R04,16705.899219715717,5324.725226931639,827.0,333.0,1.0,,T-0189|T-0188|T-0183,"YOU NEED TO USE THIS|AND ALSO YOU CANT READASSTRING ON SERVER ENDPOINT,|can be useful too if you want line by line reading somewhere",pending_transcript
IU-0053,image-3c0515f8fad70f4a68f50aed38da8b6bb7f28f21,ae1c7748142a.png,ae1c7748142a,R04,16798.49648776631,5700.624600304034,584.0,482.0,1.0,,T-0189|T-0188|T-0183,"YOU NEED TO USE THIS|AND ALSO YOU CANT READASSTRING ON SERVER ENDPOINT,|can be useful too if you want line by line reading somewhere",pending_transcript
IU-0054,image-b1eb92b621a8e0615b30bd1e2998f2439e21456b,09107f6d2455.png,09107f6d2455,R04,16694.79940846199,3047.0451141830854,848.0,463.0,1.0,,T-0190|T-0206|T-0182,CONDITIONAL BUFFERING|readfromjson need responseheadersread too|sream reader,pending_transcript
IU-0055,image-2f8ae74c4db42d54378eed79fa930188f0734150,65ceafb6a7b9.png,65ceafb6a7b9,R03,919.5966665627348,11567.653319360154,666.0,482.0,1.0,IU-0040,T-0172|T-0173|T-0205,deserializing stream on headers arrive in server indpoint|default behavior|readasstreamasync too,pending_transcript
IU-0056,image-59ed2fb29c9a87984434ee9bfc7191b6558b9242,8bdfef6e271d.png,8bdfef6e271d,R04,11277.989154872152,2946.586785580974,800.0,394.0,1.0,,T-0196|T-0193|T-0192,!!!|when you dont buffer full response and process as stream|when you generally buffer full bytes of response using httpclient,pending_transcript
IU-0057,image-f8c871656bff1eddf896fddcac9b4d834d156dbf,838dc54f7093.png,838dc54f7093,R04,11260.655902919027,3351.9202206395676,824.0,314.0,1.0,,T-0193|T-0192|T-0196,when you dont buffer full response and process as stream|when you generally buffer full bytes of response using httpclient|!!!,pending_transcript
IU-0058,image-a35f4a7bdbbb086c8e19104d97d3a00f605c5a5d,91c40b5ddff5.png,91c40b5ddff5,R04,11279.655902919027,3691.9201596044113,850.0,418.0,1.0,,T-0193|T-0192|T-0195,when you dont buffer full response and process as stream|when you generally buffer full bytes of response using httpclient|Stream Reader vs readasstring,pending_transcript
IU-0059,image-1808accc0111cb08cf5e307fad40b4c975d496b4,c9531f803102.png,c9531f803102,R04,11267.787889707644,4161.097405698161,810.0,482.0,1.0,,T-0195|T-0193|T-0192,Stream Reader vs readasstring|when you dont buffer full response and process as stream|when you generally buffer full bytes of response using httpclient,pending_transcript
IU-0060,image-c9168805b7359cfcf67df5ca2a23ea504dbe9dc6,2c3da0c59521.png,2c3da0c59521,R04,11240.600265983263,4649.605380958568,873.0,185.0,1.0,,T-0195|T-0193|T-0192,Stream Reader vs readasstring|when you dont buffer full response and process as stream|when you generally buffer full bytes of response using httpclient,pending_transcript
IU-0061,image-cdc4097c7f439a83f0415f80d23c838e5583665e,b4c0292ef90e.png,b4c0292ef90e,R04,11275.1874307445,4851.9121775623025,714.0,482.0,1.0,,T-0195|T-0198|T-0187,Stream Reader vs readasstring|using delegate handler to fix streaming issues + retries|CAVEATS WHEN YOU DONT BUFFER,pending_transcript
IU-0062,image-f39199d8f3ad294e9b822e924f572ab37618ac49,056dd64dd660.png,056dd64dd660,R04,11261.637375358263,5604.309190908662,809.0,379.0,1.0,,T-0195|T-0198|T-0197,Stream Reader vs readasstring|using delegate handler to fix streaming issues + retries|!!!,pending_transcript
IU-0063,image-fc42e3a0f31cf980360c31d07541986352a101f4,796e6c5f9b7d.png,796e6c5f9b7d,R04,11273.637375358263,6013.36467864738,865.0,352.0,1.0,,T-0195|T-0198|T-0197,Stream Reader vs readasstring|using delegate handler to fix streaming issues + retries|!!!,pending_transcript
IU-0064,image-e364c537a34fcd20ad5dd974f1ae0b346f4ae3c2,58718e388d54.png,58718e388d54,R04,12436.441031411436,3574.134315013479,782.0,482.0,1.0,,T-0186|T-0185|T-0187,GIVES US|WHAT RESPONSEHEADERSREAD|CAVEATS WHEN YOU DONT BUFFER,pending_transcript
IU-0065,image-9dd50dcc0e197d70239282e1dbbbf766f537bc2e,467b8ee37659.png,467b8ee37659,R04,12453.452201475884,3107.049903392385,835.0,415.0,1.0,,T-0186|T-0185|T-0196,GIVES US|WHAT RESPONSEHEADERSREAD|!!!,pending_transcript
IU-0066,image-a5c4a2841ee4a08afa077d8661002543fb6a4e94,9056557c6d22.png,9056557c6d22,R04,12332.026399880831,4232.938775327068,846.0,141.0,1.0,,T-0187|T-0195|T-0186,CAVEATS WHEN YOU DONT BUFFER|Stream Reader vs readasstring|GIVES US,pending_transcript
IU-0067,image-003170a71516e9639a94976b0a051d69d5e9b334,f50cac287cfb.png,f50cac287cfb,R04,12412.659846729122,4093.8275963991146,557.0,95.0,1.0,,T-0187|T-0186|T-0185,CAVEATS WHEN YOU DONT BUFFER|GIVES US|WHAT RESPONSEHEADERSREAD,pending_transcript
IU-0068,image-889a124fd10aa83595fd618d35a0d9289f9854b0,817b34762dd0.png,817b34762dd0,R04,11673.755474844238,7556.168556476514,774.0,482.0,1.0,,T-0198|T-0199|T-0200,"using delegate handler to fix streaming issues + retries|making request with pipeline.execute|the pipeline, not handler, you cant use handler for manual execution",pending_transcript
IU-0069,image-829326150fd8a3c64602cd81ab46a5437fedba7b,b67675fb25aa.png,b67675fb25aa,R04,11744.107815905434,8047.4494622698185,580.0,482.0,1.0,,T-0199|T-0200|T-0198,"making request with pipeline.execute|the pipeline, not handler, you cant use handler for manual execution|using delegate handler to fix streaming issues + retries",pending_transcript
IU-0070,image-a4219729d41dc4c00c201ab65e2266c0aa2c14c2,ecedcb636cb8.png,ecedcb636cb8,R04,12387.180413801225,8170.62533838096,813.0,290.0,1.0,,T-0199|T-0200|T-0197,"making request with pipeline.execute|the pipeline, not handler, you cant use handler for manual execution|!!!",pending_transcript
IU-0071,image-2d36297f56a7725c9346a2c5626fbb24a493cce7,af110c203116.png,af110c203116,R04,11557.918730281122,10047.550361543697,707.0,482.0,1.0,,T-0200|T-0199|T-0198,"the pipeline, not handler, you cant use handler for manual execution|making request with pipeline.execute|using delegate handler to fix streaming issues + retries",pending_transcript
IU-0072,image-af54ccdfe57f9790f4306110bd0012fb68d6f415,77df3f194bb8.png,77df3f194bb8,R04,11459.223154877753,9504.47050499035,854.0,444.0,1.0,,T-0200|T-0199|T-0198,"the pipeline, not handler, you cant use handler for manual execution|making request with pipeline.execute|using delegate handler to fix streaming issues + retries",pending_transcript
IU-0073,image-f0f0808ea8de7f77884ef79b57e84495c038a396,dbd817e489b1.png,dbd817e489b1,R04,11569.149165787756,9005.715178293445,858.0,464.0,1.0,,T-0200|T-0199|T-0198,"the pipeline, not handler, you cant use handler for manual execution|making request with pipeline.execute|using delegate handler to fix streaming issues + retries",pending_transcript
IU-0074,image-db8e76c35ce7b250e8475e9f14bda8182b728731,561f50eb4ec3.png,561f50eb4ec3,R04,12564.117770838522,9948.357882040124,891.0,291.0,1.0,,T-0200|T-0199|T-0228,"the pipeline, not handler, you cant use handler for manual execution|making request with pipeline.execute|server",pending_transcript
IU-0075,image-5bd0dfe740d9e5feba622d5306af33a5fcf5897e,fb7bd94396d1.png,fb7bd94396d1,R04,12524.309886069837,9584.320763132513,961.0,370.0,1.0,,T-0200|T-0199|T-0228,"the pipeline, not handler, you cant use handler for manual execution|making request with pipeline.execute|server",pending_transcript
IU-0076,image-c35fa352c0126d5603655f843f3a5180193a930e,25e45e57a507.png,25e45e57a507,R01,3181.418442326316,3210.5045159477104,877.0,220.0,1.0,,T-0203|T-0169|T-0202,not requestmessage|!!!|content type,pending_transcript
IU-0077,image-87ece5e4383255215193257d6b74eed2f6d18bcd,3b7ea45814ee.png,3b7ea45814ee,R01,3190.001897327089,2814.0338918093858,792.0,354.0,1.0,,T-0203|T-0202|T-0201,not requestmessage|content type|contenttype headers on,pending_transcript
IU-0078,image-e3c87ff97f4866bd2fbcadfe37430ff85dc9709f,20c952b57a47.png,20c952b57a47,R03,2300.099663903865,11830.243505778093,883.0,482.0,1.0,IU-0027,T-0205|T-0204|T-0194,readasstreamasync too|need to dispose|!!!,pending_transcript
IU-0079,image-e5c6a3f0ca8e2fda44b3513b5caf80fe59854b7f,3f2edbb21804.png,3f2edbb21804,R04,15969.974662427485,3911.7550931862897,870.0,454.0,1.0,,T-0206|T-0182|T-0183,readfromjson need responseheadersread too|sream reader|can be useful too if you want line by line reading somewhere,pending_transcript
IU-0080,image-0875f02132ab286b459c18623bef6cf8a9f66f1f,79e466677c9a.png,79e466677c9a,R02,7890.791374113551,2675.728822323639,1067.0,203.0,1.0,,T-0224|T-0223|T-0222,jsoncontent.create|vs|memorystream + stream content,pending_transcript
IU-0081,image-243ea2e732727283c25fba94f084ef25e3fd49c7,edb4c18defa9.png,edb4c18defa9,R02,7924.492749886216,2919.278111901247,1050.0,377.0,1.0,,T-0224|T-0223|T-0222,jsoncontent.create|vs|memorystream + stream content,pending_transcript
IU-0082,image-77754e4da73bcbd0b097b9911e473c8a241df0a5,3316c1c7b594.png,3316c1c7b594,R02,7943.619763497603,3706.295961361353,1091.0,354.0,1.0,,T-0224|T-0223|T-0222,jsoncontent.create|vs|memorystream + stream content,pending_transcript
IU-0083,image-85365fa651348f6ae239118cd9ddfac383a2a32c,b2b5bcb79456.png,b2b5bcb79456,R02,7928.242157747749,3379.1992903833598,984.0,191.0,1.0,,T-0224|T-0223|T-0222,jsoncontent.create|vs|memorystream + stream content,pending_transcript
IU-0084,image-07ee32802951bb57bedef5361159c0d680b834d3,b568d2067f09.png,b568d2067f09,R02,6332.279224318872,3112.895025461541,993.0,364.0,1.0,,T-0209|T-0224|T-0208,that seialize to string|jsoncontent.create|memorystream is still better,pending_transcript
IU-0085,image-da7e380b7d410e5059e398d8943e2d9c0a6072b3,8579786fa6fa.png,8579786fa6fa,R02,6340.496265997024,2633.1326408734712,923.0,482.0,1.0,,T-0209|T-0224|T-0208,that seialize to string|jsoncontent.create|memorystream is still better,pending_transcript
IU-0086,image-7dd5fb053c00ed389847f492437ff434ce57349c,9fd26fea877d.png,9fd26fea877d,R02,5077.3238451293655,3370.5239476461247,999.0,247.0,1.0,,T-0209|T-0208|T-0225,that seialize to string|memorystream is still better|sending json,pending_transcript
IU-0087,image-f044ce7f3b69f99d4f1e129ecb62f7a92e721b93,906849a736d9.png,906849a736d9,R02,5058.067544423235,3137.0880815103083,857.0,279.0,1.0,,T-0209|T-0208|T-0225,that seialize to string|memorystream is still better|sending json,pending_transcript
IU-0088,image-51e5837bcb2074a1ec80ed0f5d7ea52797d4fb30,63062f0b283b.png,63062f0b283b,R02,5137.028993273998,6552.100444866806,989.0,482.0,1.0,,T-0213|T-0212|T-0215,"in headers|issue, what jsoncontent can set|without transfer-encoding",pending_transcript
IU-0089,image-e616cd37b7b0c51f299634dc74f2a716825b3214,fd7dabe2fe1e.png,fd7dabe2fe1e,R02,5130.243520435139,7052.682666003962,987.0,269.0,1.0,,T-0217|T-0213|T-0212,"memorystream fits content-length|in headers|issue, what jsoncontent can set",pending_transcript
IU-0090,image-12f4074972911f17c241defe8df396e3b71df80a,53730961f6a3.png,53730961f6a3,R02,5131.236393406894,7330.510226559189,972.0,288.0,1.0,,T-0217|T-0213|T-0212,"memorystream fits content-length|in headers|issue, what jsoncontent can set",pending_transcript
IU-0091,image-fde0da3120c76af04619b993a4db9df1d9fd45de,2e8dc53f914e.png,2e8dc53f914e,R02,6406.104824563412,6461.605709018619,1034.0,269.0,1.0,,T-0215|T-0214|T-0216,without transfer-encoding|request with content-length|request with transfer-encoding: chunked,pending_transcript
IU-0092,image-dd22004fbdfeda18afb3ac246032d2fc56d840f6,34863280e568.png,34863280e568,R02,6410.076487557535,6742.4604776901615,1006.0,149.0,1.0,,T-0215|T-0214|T-0216,without transfer-encoding|request with content-length|request with transfer-encoding: chunked,pending_transcript
IU-0093,image-03f0b610e0655c818799bab7495578d85c063458,364af723d1ed.png,364af723d1ed,R02,6392.311769675591,6919.5078409714115,887.0,482.0,1.0,,T-0218|T-0226|T-0215,compression and 2 flows|!!!|without transfer-encoding,pending_transcript
IU-0094,image-16f6914af1169cb01674b91a9c8c095eed9f2bc2,163516233fa7.png,163516233fa7,R02,7597.299116680801,6386.0346082782635,1076.0,210.0,1.0,,T-0216|T-0221|T-0226,request with transfer-encoding: chunked|crlf|!!!,pending_transcript
IU-0095,image-e0c066115b478f543700bb945db223adbec8e52a,b4a556f90816.png,b4a556f90816,R02,7627.281913000688,6608.396899402396,1010.0,482.0,1.0,,T-0216|T-0226|T-0221,request with transfer-encoding: chunked|!!!|crlf,pending_transcript
IU-0096,image-18cb24802ffe01c6a3f6a85fecb67afcff6390dc,94b06e224819.png,94b06e224819,R02,7622.465783347467,7108.590096016982,999.0,276.0,1.0,,T-0226|T-0216|T-0221,!!!|request with transfer-encoding: chunked|crlf,pending_transcript
IU-0097,image-ba357a4fe1ebc9f4d088a5dcf3d23ff3a2fdd4cd,5c7291ec303c.png,5c7291ec303c,R02,5198.259583338166,7878.060933322446,875.0,326.0,1.0,,T-0217|T-0219|T-0220,memorystream fits content-length|so what is the practical difference|are there difference in bodystream usage?,pending_transcript
IU-0098,image-529dda103e5fa8146e0cd7f447129b2766029142,2acd3f33b6f8.png,2acd3f33b6f8,R02,6920.280372106147,8111.794048382442,993.0,357.0,1.0,,T-0226|T-0218|T-0216,!!!|compression and 2 flows|request with transfer-encoding: chunked,pending_transcript
IU-0099,image-36f647bb34a5bee80bd5daab0f8be490153dd7cb,5eeb6a4f48ee.png,5eeb6a4f48ee,R02,7662.1951002545175,7472.100302060204,949.0,152.0,1.0,,T-0226|T-0216|T-0218,!!!|request with transfer-encoding: chunked|compression and 2 flows,pending_transcript
IU-0100,image-bdd74279027b48178450d82ccbba01307177c152,a3b704fec7aa.png,a3b704fec7aa,R04,5696.280168655627,8949.53491345406,1081.0,403.0,1.0,,T-0220|T-0219|T-0218,are there difference in bodystream usage?|so what is the practical difference|compression and 2 flows,pending_transcript
IU-0101,image-1637e3ae40c350adfbc64e622db70a804541c1d3,fcf4e0998db9.png,fcf4e0998db9,R04,5685.298641962918,9393.016372329927,940.0,319.0,1.0,,T-0220|T-0219|T-0218,are there difference in bodystream usage?|so what is the practical difference|compression and 2 flows,pending_transcript
IU-0102,image-f0f9f33b1e2742423e98bebe397142277f2bfec9,c263b9bef403.png,c263b9bef403,R02,9044.063709137177,6359.156375140621,1019.0,361.0,1.0,,T-0221|T-0198|T-0195,crlf|using delegate handler to fix streaming issues + retries|Stream Reader vs readasstring,pending_transcript
IU-0103,image-af923f93883c2383c21462e88ea422bcef1430e2,93487a239715.png,93487a239715,R02,9042.485058281138,6745.523076768899,1037.0,288.0,1.0,,T-0221|T-0198|T-0216,crlf|using delegate handler to fix streaming issues + retries|request with transfer-encoding: chunked,pending_transcript
IU-0104,image-6bc52fc2987ad27a23576dc4719060eead9b4f93,eb07ff6b1662.png,eb07ff6b1662,R02,9054.90795884019,7000.489919737844,622.0,270.0,1.0,,T-0221|T-0226|T-0198,crlf|!!!|using delegate handler to fix streaming issues + retries,pending_transcript
IU-0105,image-89d73f6ae92b751a7db196da17f2a902c1307483,754283e7bfc6.png,754283e7bfc6,R02,9057.966738823363,7232.040398330206,1023.0,337.0,1.0,,T-0221|T-0198|T-0226,crlf|using delegate handler to fix streaming issues + retries|!!!,pending_transcript
IU-0106,image-c90e8681c388af112c2b7cc46547a58daaa34199,d2f19ad0fdce.png,d2f19ad0fdce,R07,19828.7966822597,12010.194689717533,969.0,127.0,1.0,,T-0240|T-0244|T-0239,typed model|body/stream|reading,pending_transcript
IU-0107,image-8683712a0a398ea6d1eb531377ebfeb358acbe58,c13c817f9ba1.png,c13c817f9ba1,R07,19827.130117318295,12351.528124776127,879.0,461.0,1.0,,T-0240|T-0244|T-0241,typed model|body/stream|pipereader,pending_transcript
IU-0108,image-b75739bb0192b5444e17a53e1485d4eef8369e71,3fd5c7a8ab99.png,3fd5c7a8ab99,R07,19857.01907402402,12970.694842305424,807.0,436.0,1.0,,T-0244|T-0241|T-0242,body/stream|pipereader|custom delimiter/protocol,pending_transcript
IU-0109,image-2ed833cfb0bfec3fe9ceba5e3fb0a4a0f1a8e7a6,088ab25ee3fc.png,088ab25ee3fc,R07,19911.23005184347,14001.982994364344,815.0,482.0,1.0,,T-0243|T-0242|T-0241,cursor api|custom delimiter/protocol|pipereader,pending_transcript
IU-0110,image-2e92d3136d0d5c0e50ad1c5200821fe1867d6cc7,bffff3407603.png,bffff3407603,R07,19920.10094270375,14464.20515724683,694.0,482.0,1.0,,T-0317|T-0243|T-0242,stream reader|cursor api|custom delimiter/protocol,pending_transcript
IU-0111,image-b24a73e786917189c8c17629f9391a717eebfd5d,397f62929abe.png,397f62929abe,R07,23897.7418595696,11193.058608742318,1009.0,356.0,1.0,,T-0232|T-0231|T-0230,write|about using stream for normal json read|does it make sense to think,pending_transcript
IU-0112,image-443db7a69f7f2b1d80f0e92d952d28b822610123,c1b8f3e94aff.png,c1b8f3e94aff,R07,23883.383088661147,11575.1056922791,1009.0,419.0,1.0,,T-0232|T-0231|T-0230,write|about using stream for normal json read|does it make sense to think,pending_transcript
IU-0113,image-f9c1facc95aa8d6941816060b8bfb7b2a4ca5879,f16390d53631.png,f16390d53631,R07,23877.94902272708,12018.70824073162,934.0,463.0,1.0,,T-0232|T-0231|T-0230,write|about using stream for normal json read|does it make sense to think,pending_transcript
IU-0114,image-ab514addd3ef82183b25c605bbdf8a9e76aefb82,f3a8d51e81b2.png,f3a8d51e81b2,R07,23864.242078670162,12528.105645328975,996.0,193.0,1.0,,T-0232|T-0231|T-0230,write|about using stream for normal json read|does it make sense to think,pending_transcript
IU-0115,image-aef55283ae0f5bd5f21bbd683d153d755ec4b770,e4d2ffdf8b98.png,e4d2ffdf8b98,R07,22443.69079974889,12472.387702871034,841.0,327.0,1.0,,T-0232|T-0231|T-0230,write|about using stream for normal json read|does it make sense to think,pending_transcript
IU-0116,image-b2ffe5238b7b2735bdca2f07a4dc667489e81dbd,d9a6232ceb20.png,d9a6232ceb20,R07,22469.18553104499,12895.631261314542,901.0,463.0,1.0,,T-0232|T-0231|T-0229,write|about using stream for normal json read|about new .net overload,pending_transcript
IU-0117,image-c597ea7c64878218be98efdb92bf118656679fcf,cd633a13d8ac.png,cd633a13d8ac,R07,22453.447260085428,13447.938887892062,1002.0,316.0,1.0,,T-0229|T-0232|T-0231,about new .net overload|write|about using stream for normal json read,pending_transcript
IU-0118,image-734ac5e24be72d9efcb27d9097c899317d55dbcb,b1437c71417a.png,b1437c71417a,R07,22419.652338210428,13822.951789785086,1006.0,311.0,1.0,,T-0229|T-0232|T-0243,about new .net overload|write|cursor api,pending_transcript
IU-0119,image-7d0d5d416e31a88902c5683a4b113503b9679901,4d16f749ec58.png,4d16f749ec58,R07,22437.36664794248,14153.067174400465,923.0,463.0,1.0,,T-0229|T-0243|T-0242,about new .net overload|cursor api|custom delimiter/protocol,pending_transcript
IU-0120,image-b0e1bed6b6576036f207dae71d1a3f05433791d7,3f1bbdaf5bcf.png,3f1bbdaf5bcf,R07,22410.52421133242,14639.272271305512,1014.0,424.0,1.0,,T-0229|T-0315|T-0317,about new .net overload|pipereader|stream reader,pending_transcript
IU-0121,image-41c856b909a8628ad78ae2693d459f284c4a8af5,52644e50241f.png,52644e50241f,R07,22428.998604736866,15133.528600181711,975.0,192.0,1.0,,T-0229|T-0315|T-0317,about new .net overload|pipereader|stream reader,pending_transcript
IU-0122,image-e60b95e6c5fbc56e94b535517b871d2b96652053,9cca66a129f8.png,9cca66a129f8,R07,22368.75886132598,15482.244702865639,962.0,249.0,1.0,,T-0229|T-0315|T-0386,about new .net overload|pipereader|custom protocols,pending_transcript
IU-0123,image-76cc8bec82af74db7e3a4a90f82ab5ba344f9989,59529722f20a.png,59529722f20a,R07,22355.72937396764,15735.29787790106,1060.0,330.0,1.0,,T-0229|T-0315|T-0386,about new .net overload|pipereader|custom protocols,pending_transcript
IU-0124,image-d9b18326c688ecd92ae4af4b964f2b92bc6b4504,15cb33928080.png,15cb33928080,R07,19917.46335293627,11593.944215702559,637.0,178.0,1.0,,T-0239|T-0240|T-0244,reading|typed model|body/stream,pending_transcript
IU-0125,image-8feef4f1ea6075a6ce4b258b25fd2558dd7787a8,226da49c3484.png,226da49c3484,R11,20380.309295972875,17490.043568309095,926.0,396.0,1.0,,T-0283|T-0284|T-0303,readresult|readonlysequence|sequenceposition,pending_transcript
IU-0126,image-def15adf6372c557269b121d730c37544c4ba623,6d907be4ed63.png,6d907be4ed63,R11,20381.52358168716,18023.829282594805,935.0,357.0,1.0,,T-0283|T-0284|T-0303,readresult|readonlysequence|sequenceposition,pending_transcript
IU-0127,image-decc7f67113ccd0389b9efc3c74c139ceb755eca,ad3e5b94bab9.png,ad3e5b94bab9,R11,20384.404650325556,18510.234015435217,674.0,268.0,1.0,,T-0283|T-0284|T-0303,readresult|readonlysequence|sequenceposition,pending_transcript
IU-0128,image-9952f0c6d7652b77cd613f1220dcab929664c235,1c1c7ebd3b8a.png,1c1c7ebd3b8a,R11,20372.547350520865,18960.519799475387,924.0,196.0,1.0,,T-0284|T-0303|T-0283,readonlysequence|sequenceposition|readresult,pending_transcript
IU-0129,image-966a9ad4e957700b11474fcbed757044714acb24,ac16834e5d2d.png,ac16834e5d2d,R11,20411.54749293623,19281.908552730598,706.0,175.0,1.0,,T-0303|T-0302|T-0304,sequenceposition|readasync|-----------methods--------------,pending_transcript
IU-0130,image-4206c797d0607fad960ace303a689656cfc034d0,f3e1b2b427ac.png,f3e1b2b427ac,R11,20382.71409856774,19710.68642545195,933.0,365.0,1.0,,T-0302|T-0300|T-0304,readasync|tryread|-----------methods--------------,pending_transcript
IU-0131,image-529cc1eb44bea8502fb9dd09e414a8546f8e2716,28ca0ea39f23.png,28ca0ea39f23,R11,20384.047472591177,20246.68642545195,909.0,437.0,1.0,,T-0300|T-0291|T-0302,tryread|advanceto(consumed)|readasync,pending_transcript
IU-0132,image-945edff57b3f42a707ad94f997d799158bf32a3e,790186ff94ab.png,790186ff94ab,R11,20363.71409856774,20854.686364416793,939.0,445.0,1.0,,T-0291|T-0292|T-0300,"advanceto(consumed)|advanceto(consumed,examined)|tryread",pending_transcript
IU-0133,image-caef960d87561c7e0640001d8749c4ca2c03c720,a970f0c1a3b9.png,a970f0c1a3b9,R11,20355.380724544302,21489.85311246367,881.0,356.0,1.0,,T-0292|T-0293|T-0291,"advanceto(consumed,examined)|complete|advanceto(consumed)",pending_transcript
IU-0134,image-03065d29d3a111b912670e4787eea02d0a02c873,e3c2c2cf06d9.png,e3c2c2cf06d9,R11,20366.713976497427,21847.18642545195,933.0,420.0,1.0,,T-0293|T-0292|T-0294,"complete|advanceto(consumed,examined)|cancelpendingread",pending_transcript
IU-0135,image-8dd201262e02b9f6f97a8456d6b67e6a89569845,2e79ad1145bf.png,2e79ad1145bf,R11,20357.380724544302,22464.853051428512,925.0,414.0,1.0,,T-0293|T-0294|T-0296,complete|cancelpendingread|copyto,pending_transcript
IU-0136,image-e472108048ddcd4a251160e1ed053cd756db911e,c63cf3451529.png,c63cf3451529,R11,20358.71409856774,23041.019799475387,949.0,171.0,1.0,,T-0294|T-0296|T-0293,cancelpendingread|copyto|complete,pending_transcript
IU-0137,image-ca62013e974a1765bc685a780b532151f7f9e6b4,f24a772bec0b.png,f24a772bec0b,R12,20361.380724544302,23385.68642545195,957.0,359.0,1.0,,T-0296|T-0297|T-0294,copyto|consumed vs examined|cancelpendingread,pending_transcript
IU-0138,image-6ea88dc338da877cb5aa5d14500a3cb1750c5f89,2daf1d298a7e.png,2daf1d298a7e,R12,20357.44813452794,23916.03017545195,709.0,482.0,1.0,,T-0297|T-0298|T-0296,consumed vs examined|newline-delimited text|copyto,pending_transcript
IU-0139,image-6fa4735171a16b3ab1ba1dba3e6fe3e79805a3c0,44f2525ceb10.png,44f2525ceb10,R12,20327.38060247399,24393.519799475387,977.0,330.0,1.0,,T-0298|T-0299|T-0297,newline-delimited text|example|consumed vs examined,pending_transcript
IU-0140,image-b71cc9279c2efbf13ffaa6ce18f446c978c69981,f2b795d55b7b.png,f2b795d55b7b,R12,20333.8879331387,24966.696801428512,727.0,482.0,1.0,,T-0299|T-0298|T-0306,example|newline-delimited text|toarray,pending_transcript
IU-0141,image-3a747ba3e8b57216d5506a42d9bc0fd7e2146399,b4a80ef9d218.png,b4a80ef9d218,R12,20322.595309388667,25425.36352913034,834.0,482.0,1.0,,T-0299|T-0298|T-0378,example|newline-delimited text|can have overloads with pos,pending_transcript
IU-0142,image-e6c83c8ee941dfcbd402fb88b1095ea3cd2d598c,f777fa0ed14d.png,f777fa0ed14d,R12,20292.727207420692,25961.808765994403,912.0,299.0,1.0,,T-0378|T-0379|T-0380,can have overloads with pos|of count of bytes form start|or some sequenceposition,pending_transcript
IU-0143,image-914b80956bfea44d06fbe763c5bf15b41d599a7d,08de323589d0.png,08de323589d0,R12,20290.93225737562,26467.090832926497,932.0,351.0,1.0,,T-0378|T-0379|T-0380,can have overloads with pos|of count of bytes form start|or some sequenceposition,pending_transcript
IU-0144,image-bdf8560be99ed3bc484b96f1289bc0aef7d3cdbe,b705ad545dc2.png,b705ad545dc2,R12,20302.892623414726,26814.12924751484,824.0,463.0,1.0,,T-0380|T-0379|T-0378,or some sequenceposition|of count of bytes form start|can have overloads with pos,pending_transcript
IU-0145,image-4dc77b37daec38487e861fbd3f2b2fd1bb00e522,050e8325a2e6.png,050e8325a2e6,R12,20308.316966660477,27288.026699062317,928.0,344.0,1.0,,T-0312|T-0311|T-0310,and end|and we pass its start|buffer for next iteration,pending_transcript
IU-0146,image-97b02b497c86d33e3a1f7b8a95718d5d4e9d1a1b,8e9688dcc6cc.png,8e9688dcc6cc,R12,20301.316966660477,27641.501167586957,942.0,275.0,1.0,,T-0312|T-0311|T-0310,and end|and we pass its start|buffer for next iteration,pending_transcript
IU-0147,image-8889650d35245fcad9a29086a302991c5d17fac9,298f49a3ae7e.png,298f49a3ae7e,R12,20274.423135637986,28115.8893967894,970.0,363.0,1.0,,T-0312|T-0311|T-0310,and end|and we pass its start|buffer for next iteration,pending_transcript
IU-0148,image-33c09d265018edb65b66c6aa6732cdca38bafd5f,c7ca704537e6.png,c7ca704537e6,R12,20282.13922155402,28493.2942302372,949.0,332.0,1.0,,T-0312|T-0383|T-0311,and end|multisegment sequence|and we pass its start,pending_transcript
IU-0149,image-775add8f7684a0c761b71b9beadc4a251e9892ba,c6f3a6927dad.png,c6f3a6927dad,R12,20273.305655705808,28879.960751582064,940.0,412.0,1.0,,T-0383|T-0382|T-0381,multisegment sequence|or something to get string from|dont need sequencereader,pending_transcript
IU-0150,image-ab021a035b4f60835c09036d6c7ed469dd7c62e2,b6adc640d351.png,b6adc640d351,R12,21925.76000942923,24946.218359423645,881.0,414.0,1.0,,T-0306|T-0305|T-0307,toarray|issinglesegment|ways to avoid toarray,pending_transcript
IU-0151,image-4049201e90433c7b0847f01cc80a9cf4cec004fb,9aa6b77238ec.png,9aa6b77238ec,R12,21924.245984794008,25377.988012743957,721.0,482.0,1.0,,T-0306|T-0305|T-0307,toarray|issinglesegment|ways to avoid toarray,pending_transcript
IU-0152,image-620cb89b86b6d2f6552f8258dd73bed1447c0cdc,bb786352a681.png,bb786352a681,R12,21879.628520420312,25939.469471619832,1006.0,522.0,1.0,,T-0307|T-0378|T-0379,ways to avoid toarray|can have overloads with pos|of count of bytes form start,pending_transcript
IU-0153,image-26222440d07daabe058d08169d4cee4afa37b949,ea8797891e2a.png,ea8797891e2a,R12,21883.75997552081,26521.55169275698,805.0,370.0,1.0,,T-0378|T-0379|T-0380,can have overloads with pos|of count of bytes form start|or some sequenceposition,pending_transcript
IU-0154,image-9a35b98b0b137a23cb5418e3928c99503f6eb070,e894f56f8e9b.png,e894f56f8e9b,R12,21850.741502213517,26964.236900547778,954.0,255.0,1.0,,T-0380|T-0379|T-0378,or some sequenceposition|of count of bytes form start|can have overloads with pos,pending_transcript
IU-0155,image-4c7021c2c239f1ab85b1945bcfba2f69efb85f6f,0aaab62b1ec0.png,0aaab62b1ec0,R12,21882.820860167427,27311.321346077293,884.0,482.0,1.0,,T-0380|T-0379|T-0378,or some sequenceposition|of count of bytes form start|can have overloads with pos,pending_transcript
IU-0156,image-360b3d275f423b301a681669d1f37bdeb7c812ff,6d44808d45f5.png,6d44808d45f5,R12,21891.794690654904,27751.321346077293,659.0,482.0,1.0,,T-0380|T-0379|T-0378,or some sequenceposition|of count of bytes form start|can have overloads with pos,pending_transcript
IU-0157,image-c64746fc4975c6e1aadaa743c618b10ddc9aaf6d,aff32b39a630.png,aff32b39a630,R12,21881.741502213517,28221.71842724049,892.0,463.0,1.0,,T-0308|T-0380|T-0379,sequencereader|or some sequenceposition|of count of bytes form start,pending_transcript
IU-0158,image-2a537c094ae8762a84aebb0a46199853ad27bec5,867e9d9c8411.png,867e9d9c8411,R12,21875.16747335067,28774.570166064277,917.0,421.0,1.0,,T-0308|T-0380|T-0379,sequencereader|or some sequenceposition|of count of bytes form start,pending_transcript
IU-0159,image-f48a86e9c743bf572a4f3a6f94c903477b0fdf41,8575507c5b85.png,8575507c5b85,R12,21871.534249955508,29194.284263829035,681.0,482.0,1.0,,T-0308|T-0380|T-0379,sequencereader|or some sequenceposition|of count of bytes form start,pending_transcript
IU-0160,image-45b26813d2011c559d42a7d29caf4a3a2fc6bf33,6674af3fbe81.png,6674af3fbe81,R12,21871.611917795115,29702.996137201433,933.0,416.0,1.0,,T-0308|T-0380|T-0379,sequencereader|or some sequenceposition|of count of bytes form start,pending_transcript
IU-0161,image-cb68ec31c54f9f25365748da09198f8ab58e35a3,50eecc56aea3.png,50eecc56aea3,R11,18864.004667690482,17666.353120931195,879.0,482.0,1.0,,T-0285|T-0286|T-0283,readonlysequence|readresult|readresult,pending_transcript
IU-0162,image-2b504d1722ec5a49568f821aaff0831cf73cf35b,89b75e7a9b1b.png,89b75e7a9b1b,R11,18892.15137217957,18267.85054873533,921.0,139.0,1.0,,T-0285|T-0287|T-0286,readonlysequence|positionof|readresult,pending_transcript
IU-0163,image-d8df058707b15005be6b92683fee0bfdd58302d1,d6bcd0c67584.png,d6bcd0c67584,R11,19186.67529796082,17513.041083054533,511.0,121.0,1.0,,T-0286|T-0285|T-0283,readresult|readonlysequence|readresult,pending_transcript
IU-0164,image-de66bcae8405003c5e49af24be255a70cb494b6c,1439d0ff3a84.png,1439d0ff3a84,R11,18877.508631294153,18411.541112118884,956.0,164.0,1.0,,T-0285|T-0287|T-0283,readonlysequence|positionof|readresult,pending_transcript
IU-0165,image-aa035d08cad176028b0b7b3f212ced177404b6cb,f2b1f78de1fd.png,f2b1f78de1fd,R11,18882.45174894876,18577.146708752076,803.0,482.0,1.0,,T-0287|T-0285|T-0288,positionof|readonlysequence|slice,pending_transcript
IU-0166,image-3fa8aefa070aa79905896e79d2a9c8b011a0bdc7,71619b92e31f.png,71619b92e31f,R11,18868.667235507324,19181.612453497237,954.0,281.0,1.0,,T-0287|T-0288|T-0304,positionof|slice|-----------methods--------------,pending_transcript
IU-0167,image-8dfb2b958381e292bece9e6b1a99072b53cb40e2,fe1b6562b332.png,fe1b6562b332,R11,18839.27056512042,19613.5649216427,962.0,419.0,1.0,,T-0288|T-0289|T-0287,"slice|getposition, toarray|positionof",pending_transcript
IU-0168,image-e31a214ff5153881ea7ad0a90c2fcc30bef44507,d1433e8f2b7e.png,d1433e8f2b7e,R11,18847.143658498393,20141.564950707067,938.0,363.0,1.0,,T-0289|T-0290|T-0288,"getposition, toarray|sequenceposition|slice",pending_transcript
IU-0169,image-c7f4ac4fc2db6c329352a3c129e9e4e13e59ad31,8b70eff591c8.png,8b70eff591c8,R11,18813.96895844259,20849.68394019739,918.0,442.0,1.0,,T-0290|T-0292|T-0289,"sequenceposition|advanceto(consumed,examined)|getposition, toarray",pending_transcript
IU-0170,image-1253874f2db7e9f43d9671b4fb2b401a0732fae5,e56683ddae86.png,e56683ddae86,R12,18970.853853059067,26483.12083215776,885.0,482.0,1.0,,T-0309|T-0310|T-0311,so we get unprocessed|buffer for next iteration|and we pass its start,pending_transcript
IU-0171,image-fa45a28b269d71d97940cbb8ff14e99fb2d4dabd,5ae8fe94c760.png,5ae8fe94c760,R12,18957.06424013437,27008.721484216683,928.0,280.0,1.0,,T-0309|T-0310|T-0311,so we get unprocessed|buffer for next iteration|and we pass its start,pending_transcript
IU-0172,image-27b340d57a5b466e3ab2e2de91044757be689362,fbd184ef8620.png,fbd184ef8620,R12,18953.230906801036,27314.999346765504,989.0,123.0,1.0,,T-0381|T-0382|T-0383,dont need sequencereader|or something to get string from|multisegment sequence,pending_transcript
IU-0173,image-d335be818bc406cacfc9c341ff575ddf6a23d5db,ec57e9823fc2.png,ec57e9823fc2,R11,22338.35303475785,22773.035263960355,851.0,182.0,1.0,,T-0295|T-0305|T-0306,cancelpendingread|issinglesegment|toarray,pending_transcript
IU-0174,image-2dbbe73e12529e99e9bdb5a38d9f37a461e7baed,edd164717dcd.png,edd164717dcd,R12,23720.786708566953,26173.64470880314,687.0,482.0,1.0,,T-0307|T-0308|T-0306,ways to avoid toarray|sequencereader|toarray,pending_transcript
IU-0175,image-d3f160114b94feb740b19531f1c8e0e616e716fd,43eae02b43a9.png,43eae02b43a9,R12,23689.08495315887,26727.13424127384,797.0,282.0,1.0,,T-0308|T-0307|T-0380,sequencereader|ways to avoid toarray|or some sequenceposition,pending_transcript
IU-0176,image-2df804526d7de02cc533a121d09c534f832e3a71,479c68a23c6c.png,479c68a23c6c,R12,23725.247848016457,27400.31150262638,751.0,482.0,1.0,,T-0308|T-0307|T-0380,sequencereader|ways to avoid toarray|or some sequenceposition,pending_transcript
IU-0177,image-92ab0c8bdc261d27ab098cac03031b897087f869,26098b66e103.png,26098b66e103,R12,23714.58495315887,27850.467676332435,976.0,382.0,1.0,,T-0308|T-0307|T-0380,sequencereader|ways to avoid toarray|or some sequenceposition,pending_transcript
IU-0178,image-8b022e437de884c84326cd2cff21b35c15f8d79a,46efe274ebac.png,46efe274ebac,R12,23706.418388217462,28241.80095880314,979.0,316.0,1.0,,T-0308|T-0307|T-0380,sequencereader|ways to avoid toarray|or some sequenceposition,pending_transcript
IU-0179,image-c01dc5955b29bd2c37d2d2b9282b3ef109cb659b,a5a12f7919a8.png,a5a12f7919a8,R12,23671.918388217462,28701.134393861732,668.0,184.0,1.0,,T-0308|T-0307|T-0380,sequencereader|ways to avoid toarray|or some sequenceposition,pending_transcript
IU-0180,image-6ff6700c32dda1f8098947c083f3ed545fbfbfb0,fa7dfe153681.png,fa7dfe153681,R12,23664.746008442893,28888.644785097084,752.0,482.0,1.0,,T-0308|T-0307|T-0380,sequencereader|ways to avoid toarray|or some sequenceposition,pending_transcript
IU-0181,image-dfb9aec31f6fe13535c6954c4b598a0a9ab2211b,16f260be5bd5.png,16f260be5bd5,R12,23661.091463575536,29490.311426332435,623.0,482.0,1.0,,T-0308|T-0307|T-0380,sequencereader|ways to avoid toarray|or some sequenceposition,pending_transcript
IU-0182,image-f8f57b34caa522ce9789fc61809067e0665737f5,2389a3cd44e5.png,2389a3cd44e5,R12,23645.418388217462,29978.134393861732,931.0,300.0,1.0,,T-0308|T-0307|T-0380,sequencereader|ways to avoid toarray|or some sequenceposition,pending_transcript
IU-0183,image-4cb47ec7ebca65f79ffe6c92a6458b6cad02dd0e,5d924348cf50.png,5d924348cf50,R11,22128.002533987732,19879.115776229974,910.0,382.0,1.0,,T-0301|T-0387|T-0386,tryread|with big endian|custom protocols,pending_transcript
IU-0184,image-3701f8a6878b1690689dccfa44db538be94e1a42,6bfe918ce726.png,6bfe918ce726,R11,22132.71681970202,20255.99684486837,672.0,253.0,1.0,,T-0301|T-0300|T-0291,tryread|tryread|advanceto(consumed),pending_transcript
IU-0185,image-c3850c59dce7ab2219dbb4dbe064d8307bd4d9d9,a78549df219e.png,a78549df219e,R11,22105.050385550232,20600.9730062802,914.0,424.0,1.0,,T-0301|T-0295|T-0300,tryread|cancelpendingread|tryread,pending_transcript
IU-0186,image-8583045a56fe4c94326777e811d15dd3a00fe4f8,b6e13505f3c0.png,b6e13505f3c0,R11,22109.455031197554,21049.568360632886,989.0,403.0,1.0,,T-0295|T-0301|T-0291,cancelpendingread|tryread|advanceto(consumed),pending_transcript
IU-0187,image-ccd58136f4a39d71d41d4335724f7012434934f5,fa3738f057f3.png,fa3738f057f3,R11,22310.652624633305,23219.400322722864,928.0,261.0,1.0,,T-0295|T-0305|T-0306,cancelpendingread|issinglesegment|toarray,pending_transcript
IU-0188,image-6dc9eb03a90b57debf9a2688baaecc1de2cd50da,da71ef8d797f.png,da71ef8d797f,R11,22330.956792850073,23019.09337982853,873.0,185.0,1.0,,T-0295|T-0305|T-0306,cancelpendingread|issinglesegment|toarray,pending_transcript
IU-0189,image-10abcc5dbbe03e63ea3df4b4cbd7bf1035ff81d0,62990316871c.png,62990316871c,R12,22319.900623770507,23995.114538693128,967.0,219.0,1.0,,T-0305|T-0306|T-0295,issinglesegment|toarray|cancelpendingread,pending_transcript
IU-0190,image-6c550b3edd7a46a33557a660a0538688867532fe,33847a124f40.png,33847a124f40,R12,22324.62918541489,23494.56946762108,744.0,482.0,1.0,,T-0295|T-0305|T-0306,cancelpendingread|issinglesegment|toarray,pending_transcript
IU-0191,image-94cc23a6ea44c520de4776d3832fa2acca509dcb,f041d8d39af3.png,f041d8d39af3,R11,18149.61716170848,22575.78496457054,811.0,377.0,1.0,,T-0314|T-0313|T-0294,when pipereader|when stream|cancelpendingread,pending_transcript
IU-0192,image-aa40c87120bb3d3d48eff03b541900fa0abe3c95,6004c6143101.png,6004c6143101,R11,18173.741351077053,23073.077927771894,955.0,285.0,1.0,,T-0314|T-0313|T-0296,when pipereader|when stream|copyto,pending_transcript
IU-0193,image-6584af4ff8731e3f4f6800336b00656016fe8d81,dac3d3f84a85.png,dac3d3f84a85,R12,18190.407977053615,23397.077927771894,975.0,341.0,1.0,,T-0314|T-0313|T-0297,when pipereader|when stream|consumed vs examined,pending_transcript
IU-0194,image-4a37a63d5ae250267194c3e25dcadf4d5760709a,077bfe699394.png,077bfe699394,R12,18199.407977053615,23788.244614783613,949.0,460.0,1.0,,T-0314|T-0297|T-0313,when pipereader|consumed vs examined|when stream,pending_transcript
IU-0195,image-d82f4ae814be8a1d556841a3966c67d8d072f03a,3e28603f5849.png,3e28603f5849,R12,18218.07472510049,24298.911240760175,973.0,444.0,1.0,,T-0298|T-0299|T-0297,newline-delimited text|example|consumed vs examined,pending_transcript
IU-0196,image-aa78ebb553c7e18f05b0c86fdbb158c0d96379ac,b9c571ca7821.png,b9c571ca7821,R12,18217.99608081726,25147.606850443266,1019.0,185.0,1.0,,T-0299|T-0298|T-0297,example|newline-delimited text|consumed vs examined,pending_transcript
IU-0197,image-6d5448ae899b31bf7711f47c6f3028bbc43fef52,d43c7d9cb57c.png,d43c7d9cb57c,R12,18309.35810265569,25435.459301079656,956.0,125.0,1.0,,T-0299|T-0298|T-0309,example|newline-delimited text|so we get unprocessed,pending_transcript
IU-0198,image-dd9bf518404a0a42f7d683069553e7d2a2186df8,5ced9199dbc5.png,5ced9199dbc5,R12,18244.143991327568,24753.19725099595,995.0,400.0,1.0,,T-0299|T-0298|T-0297,example|newline-delimited text|consumed vs examined,pending_transcript
IU-0199,image-6231eec4ed75847d9004afbc7a1620c6a30648d4,c1b0baca46de.png,c1b0baca46de,R10,10568.623898969705,23159.47504899286,910.0,318.0,1.0,,T-0364|T-0363|T-0356,with different approaches|just plain text writes|when you ve advanced and call,pending_transcript
IU-0200,image-6231eec4ed75847d9004afbc7a1620c6a30648d4,c1b0baca46de.png,c1b0baca46de,R06,15155.29015873533,12606.141613934265,910.0,318.0,1.0,IU-0199,T-0366|T-0365|T-0252,with different approaches|just plain text writes|ndjson sse,pending_transcript
IU-0201,image-c69b8c4b0c4cc6b7ed72664d388b8d1de8a239cd,6cc7853f04a6.png,6cc7853f04a6,R10,10596.957242475564,23626.975048992863,986.0,427.0,1.0,,T-0357|T-0356|T-0364,getspan again(without flushing yet)|when you ve advanced and call|with different approaches,pending_transcript
IU-0202,image-c69b8c4b0c4cc6b7ed72664d388b8d1de8a239cd,6cc7853f04a6.png,6cc7853f04a6,R06,15183.62350224119,13073.64161393427,986.0,427.0,1.0,IU-0201,T-0252|T-0258|T-0257,"ndjson sse|no frequent flushes|many text writes /n lines,",pending_transcript
IU-0203,image-c23016e91eda0b29f27ed3f7c9a03779e187a026,1f5d7510ef12.png,1f5d7510ef12,R10,10621.123960004861,24242.975201580753,901.0,305.0,1.0,,T-0357|T-0356|T-0364,getspan again(without flushing yet)|when you ve advanced and call|with different approaches,pending_transcript
IU-0204,image-c23016e91eda0b29f27ed3f7c9a03779e187a026,1f5d7510ef12.png,1f5d7510ef12,R06,15207.790219770486,13689.64176652216,901.0,305.0,1.0,IU-0203,T-0277|T-0278|T-0279,"1 construct custom binary|or framed output,may need to|2 write in memory and in resp",pending_transcript
IU-0205,image-c23016e91eda0b29f27ed3f7c9a03779e187a026,1f5d7510ef12.png,1f5d7510ef12,R06,17921.123451378557,11468.531130128931,901.0,305.0,1.0,IU-0203,T-0253|T-0239|T-0240,write bytes to body|reading|typed model,pending_transcript
IU-0206,image-4666459f15120edac99c720677b0da7738a30091,c35dffe89687.png,c35dffe89687,R10,10645.457242475564,24757.475125286808,909.0,466.0,1.0,,T-0321|T-0357|T-0356,here may need to use pooled array|getspan again(without flushing yet)|when you ve advanced and call,pending_transcript
IU-0207,image-4666459f15120edac99c720677b0da7738a30091,c35dffe89687.png,c35dffe89687,R06,15232.12350224119,14204.141690228214,909.0,466.0,1.0,IU-0206,T-0279|T-0280|T-0278,"2 write in memory and in resp|or test (ibuf case)|or framed output,may need to",pending_transcript
IU-0208,image-fc17e5e826f85bb7f414c28d786c69180dd97b3f,092545aa20b1.png,092545aa20b1,R10,10226.598623505233,17328.938023541206,752.0,482.0,1.0,,T-0247|T-0245|T-0250,"raw upload,raw donwload|normal json api|plaintext response",pending_transcript
IU-0209,image-fc17e5e826f85bb7f414c28d786c69180dd97b3f,092545aa20b1.png,092545aa20b1,R06,16723.26518844664,10595.605198834175,752.0,482.0,1.0,IU-0208,T-0246|T-0248|T-0249,"normal json api|raw upload,raw donwload|utf8writer",pending_transcript
IU-0210,image-42943fcaf949011c639b5fa61bde960817dcad92,792c978a82b3.png,792c978a82b3,R10,10228.981242370932,17937.094387982124,897.0,386.0,1.0,,T-0247|T-0250|T-0245,"raw upload,raw donwload|plaintext response|normal json api",pending_transcript
IU-0211,image-42943fcaf949011c639b5fa61bde960817dcad92,792c978a82b3.png,792c978a82b3,R06,16722.314372253742,11370.4281282165,897.0,386.0,1.0,IU-0210,T-0249|T-0248|T-0253,"utf8writer|raw upload,raw donwload|write bytes to body",pending_transcript
IU-0212,image-f72edb0047cd68d7366cb01bfd203f998623ba1f,774dec041c5c.png,774dec041c5c,R10,10242.574440777094,18462.271420452827,843.0,482.0,1.0,,T-0250|T-0247|T-0256,"plaintext response|raw upload,raw donwload|many text writes /n lines",pending_transcript
IU-0213,image-f72edb0047cd68d7366cb01bfd203f998623ba1f,774dec041c5c.png,774dec041c5c,R06,16742.574440777094,11802.271725628609,843.0,482.0,1.0,IU-0212,T-0249|T-0251|T-0252,"utf8writer|plaintext response, response.write|ndjson sse",pending_transcript
IU-0214,image-cad83918c272d1505d37608fa2f4d9c7e9a351b6,871960801834.png,871960801834,R10,10233.318493801207,19147.271420452827,805.0,482.0,1.0,,T-0256|T-0250|T-0275,many text writes /n lines|plaintext response|construct custom binary,pending_transcript
IU-0215,image-cad83918c272d1505d37608fa2f4d9c7e9a351b6,871960801834.png,871960801834,R06,16736.651623684018,12630.60470292353,805.0,482.0,1.0,IU-0214,T-0257|T-0258|T-0252,"many text writes /n lines,|no frequent flushes|ndjson sse",pending_transcript
IU-0216,image-38e5b703cf47b95ec76ad4dd8a213518473c27ce,424ebacf764f.png,424ebacf764f,R10,10243.314677429526,19798.094387982124,945.0,374.0,1.0,,T-0256|T-0275|T-0276,many text writes /n lines|construct custom binary|or framed output,pending_transcript
IU-0217,image-38e5b703cf47b95ec76ad4dd8a213518473c27ce,424ebacf764f.png,424ebacf764f,R06,16736.647807312336,13358.094387982124,945.0,374.0,1.0,IU-0216,T-0258|T-0257|T-0277,"no frequent flushes|many text writes /n lines,|1 construct custom binary",pending_transcript
IU-0218,image-d712f781a3ba9b817c9760df175ea17ce9cb60c8,c4340e64e4cc.png,c4340e64e4cc,R10,10273.647959900229,20184.26095292353,951.0,235.0,1.0,,T-0275|T-0256|T-0276,construct custom binary|many text writes /n lines|or framed output,pending_transcript
IU-0219,image-d712f781a3ba9b817c9760df175ea17ce9cb60c8,c4340e64e4cc.png,c4340e64e4cc,R06,16766.98108978304,13744.26095292353,951.0,235.0,1.0,IU-0218,T-0258|T-0277|T-0257,"no frequent flushes|1 construct custom binary|many text writes /n lines,",pending_transcript
IU-0220,image-3d05e3833832e117cb76c570b536d43539580b26,8f63195afce4.png,8f63195afce4,R10,10443.006447399232,20939.427670452827,559.0,93.0,1.0,,T-0276|T-0275|T-0254,"or framed output|construct custom binary|expl json write,but high level",pending_transcript
IU-0221,image-3d05e3833832e117cb76c570b536d43539580b26,8f63195afce4.png,8f63195afce4,R06,17008.085531523117,14890.538713747097,559.0,93.0,1.0,IU-0220,T-0282|T-0281|T-0280,memory for something/tests|3 use utf8writer with ability to write in|or test (ibuf case),pending_transcript
IU-0222,image-7748d8a414dde7eaad617be86847b1311ca002ba,65389c2c2d5a.png,65389c2c2d5a,R10,10440.462520262296,21050.604779217476,897.0,482.0,1.0,,T-0276|T-0275|T-0354,or framed output|construct custom binary|writers advance vs,pending_transcript
IU-0223,image-7748d8a414dde7eaad617be86847b1311ca002ba,65389c2c2d5a.png,65389c2c2d5a,R06,16936.01794018417,15028.382692628933,897.0,482.0,1.0,IU-0222,T-0282|T-0255|T-0281,"memory for something/tests|expl json write,but high level|3 use utf8writer with ability to write in",pending_transcript
IU-0224,image-24784d87a935c9d528e8a56a227d91308b0c0d4a,1487fb57d7a0.png,1487fb57d7a0,R10,10473.98078460726,21542.927670452827,957.0,421.0,1.0,,T-0354|T-0355|T-0254,"writers advance vs|readers advanceto|expl json write,but high level",pending_transcript
IU-0225,image-24784d87a935c9d528e8a56a227d91308b0c0d4a,1487fb57d7a0.png,1487fb57d7a0,R06,16969.536204529133,15520.705583864285,957.0,421.0,1.0,IU-0224,T-0255|T-0282|T-0281,"expl json write,but high level|memory for something/tests|3 use utf8writer with ability to write in",pending_transcript
IU-0226,image-a27d5f6834130ca761747fb6e0253c39321e2ae5,9572c3d03bd0.png,9572c3d03bd0,R10,10477.462065061913,22139.799819762964,829.0,482.0,1.0,,T-0254|T-0363|T-0364,"expl json write,but high level|just plain text writes|with different approaches",pending_transcript
IU-0227,image-a27d5f6834130ca761747fb6e0253c39321e2ae5,9572c3d03bd0.png,9572c3d03bd0,R06,16973.017484983786,16117.577733174421,829.0,482.0,1.0,IU-0226,T-0255|T-0282|T-0286,"expl json write,but high level|memory for something/tests|readresult",pending_transcript
IU-0228,image-11c044326950b25af150a6572b5cf8eaa22aecb9,b875847dcd9a.png,b875847dcd9a,R10,13230.125925363654,20263.321751652922,961.0,442.0,1.0,,T-0322|T-0272|T-0323,flushresult|pipewriter|memory/span,pending_transcript
IU-0229,image-310ef42d83b63f3a75afef25ef964c756496a957,9b4fc05cabc6.png,9b4fc05cabc6,R10,13265.267964272924,21471.93497953019,745.0,482.0,1.0,,T-0325|T-0324|T-0362,advance|getspan/getmemory|stackalloc span,pending_transcript
IU-0230,image-a11ec2eb420fa8b37a545ca7bbde8b391a77e39e,61601320da59.png,61601320da59,R10,13321.27230862991,22074.048946699088,956.0,422.0,1.0,,T-0325|T-0326|T-0362,advance|flush|stackalloc span,pending_transcript
IU-0231,image-91ef1faae365221fee9685dd879e83a200ae851b,9e9bcd3b1d15.png,9e9bcd3b1d15,R10,13336.327864185465,22664.900821156552,997.0,464.0,1.0,,T-0326|T-0327|T-0328,flush|write|complete,pending_transcript
IU-0232,image-3a5be6b94b4f7bf432fc989b9db2862843009f1f,7354cba4c18b.png,7354cba4c18b,R10,13354.494530852133,23284.400821156556,1014.0,345.0,1.0,,T-0327|T-0328|T-0329,write|complete|cancelpendingflush,pending_transcript
IU-0233,image-7feedfe4ab55d83dde84a5cdfa24a8f1e0ebc517,f02fc8bb5026.png,f02fc8bb5026,R10,13381.124115270535,23821.04894669909,940.0,208.0,1.0,,T-0328|T-0329|T-0330,complete|cancelpendingflush|example,pending_transcript
IU-0234,image-0169de1634cd2e14a4e065871ef55baeccc4aac3,82ab58b3536e.png,82ab58b3536e,R10,13417.75383532262,24202.363738908294,686.0,195.0,1.0,,T-0329|T-0330|T-0328,cancelpendingflush|example|complete,pending_transcript
IU-0235,image-0f2900db507033505a01ffe2c7befb102fefd490,743eb13acf4b.png,743eb13acf4b,R10,13372.698279767063,24558.397895642403,945.0,339.0,1.0,,T-0330|T-0329|T-0332,example|cancelpendingflush|!!!!,pending_transcript
IU-0236,image-40ec7dbcdeb1ea871ce9e17c2d06111a21450dcd,ffa8aae18444.png,ffa8aae18444,R10,13231.009318930672,20858.404742314746,922.0,179.0,1.0,,T-0323|T-0322|T-0324,memory/span|flushresult|getspan/getmemory,pending_transcript
IU-0237,image-836d5253085056a3e2d2bcfd9436d3fe1d7cff90,85815ce63fe1.png,85815ce63fe1,R10,13224.84787539374,21148.182655726207,946.0,195.0,1.0,,T-0324|T-0323|T-0361,getspan/getmemory|memory/span|can get,pending_transcript
IU-0238,image-b69b65a8f33e667379a76b19d756fd3fa36bcca4,e8fdb32b1958.png,e8fdb32b1958,R10,13399.17524188169,24984.559700817223,885.0,404.0,1.0,,T-0330|T-0332|T-0329,example|!!!!|cancelpendingflush,pending_transcript
IU-0239,image-97f00e14b95b8b1cb7ae709765da70c61c1c303b,e791abe86983.png,e791abe86983,R10,13360.063987870808,25399.33743257643,931.0,440.0,1.0,,T-0332|T-0319|T-0330,!!!!|writing bytes|example,pending_transcript
IU-0240,image-2a991344e8d1a546093df336f25f6092dfc8274d,03aa8630fcb2.png,03aa8630fcb2,R10,13344.032862261534,26078.1811317138,934.0,482.0,1.0,,T-0319|T-0320|T-0332,writing bytes|writing text|!!!!,pending_transcript
IU-0241,image-d2c35ed5f5882f2855f26092da34303ab76f386e,71bf99ac0c71.png,71bf99ac0c71,R10,13364.563987870808,26544.781910929305,882.0,218.0,1.0,,T-0320|T-0319|T-0321,writing text|writing bytes|here may need to use pooled array,pending_transcript
IU-0242,image-f8d2b8b7a042a1027d1550ffb855869f98c5fec5,76dd54f0cb05.png,76dd54f0cb05,R10,13370.230654537474,26787.670765909774,984.0,350.0,1.0,,T-0320|T-0319|T-0321,writing text|writing bytes|here may need to use pooled array,pending_transcript
IU-0243,image-f295c259c7a3ee8aaf0ad80d0e8526349d9c31e4,ee2a469ee336.png,ee2a469ee336,R10,12074.661209237882,26315.553078867357,909.0,408.0,1.0,,T-0320|T-0321|T-0319,writing text|here may need to use pooled array|writing bytes,pending_transcript
IU-0244,image-1ab925d67698db087ca457e5c8b810217adab119,c04591858558.png,c04591858558,R10,14497.573975467421,26060.6641439599,920.0,340.0,1.0,,T-0342|T-0341|T-0340,avoid that and write directly|with writer we can|can use arraypool but okay,pending_transcript
IU-0245,image-e5bec265b46a048c63bd8c11bfbf9118592bd0a7,82dbe84a3d40.png,82dbe84a3d40,R10,14508.518352095027,26427.497477293233,947.0,193.0,1.0,,T-0342|T-0341|T-0340,avoid that and write directly|with writer we can|can use arraypool but okay,pending_transcript
IU-0246,image-e8dc74af9649355de7bd4108dc9c94e45f586d39,53b2454875ba.png,53b2454875ba,R09,6276.6140129428095,19097.548214504313,893.0,463.0,1.0,,T-0263|T-0262|T-0261,dont use when|use when|stream writer,pending_transcript
IU-0247,image-810ad80340a1ed53c1afa73cedd72c3bd9ff3a4d,60805c35787e.png,60805c35787e,R09,6284.680133283875,19597.03537834145,524.0,463.0,1.0,,T-0263|T-0262|T-0261,dont use when|use when|stream writer,pending_transcript
IU-0248,image-21bcd051798dbdab1ec60075b418cd845b4f64e9,5ff2bcecf248.png,5ff2bcecf248,R09,6303.3044588581015,20237.830281436392,764.0,322.0,1.0,,T-0266|T-0264|T-0263,write|ndjson|dont use when,pending_transcript
IU-0249,image-721fd8968ec0ee423a66ad1fda81facd23def1c2,a20385c85e6d.png,a20385c85e6d,R09,6287.0865727403125,20577.5738398799,739.0,182.0,1.0,,T-0266|T-0264|T-0267,write|ndjson|writeline,pending_transcript
IU-0250,image-44d8fe3f748ca929a0c40530423188bad58695f5,3a58d24b37d2.png,3a58d24b37d2,R09,6256.253302007139,20778.20206065815,934.0,431.0,1.0,,T-0266|T-0264|T-0267,write|ndjson|writeline,pending_transcript
IU-0251,image-45ed13c06b0c615a2dc577ac931e9fcce9a494aa,c0acbb9d6b38.png,c0acbb9d6b38,R09,6083.935895719578,21700.48251770417,948.0,276.0,1.0,,T-0264|T-0267|T-0331,ndjson|writeline|!!!,pending_transcript
IU-0252,image-db44266b59176ba264a239f3363a1fd0007d42b9,e881e0865ee6.png,e881e0865ee6,R09,6083.188562770949,21969.19460192529,880.0,421.0,1.0,,T-0264|T-0331|T-0265,ndjson|!!!|sse,pending_transcript
IU-0253,image-c4cb7b2e3f681dde027972db0658f9a463cbfcf6,9f9dce659f58.png,9f9dce659f58,R09,6066.067313658734,22447.66431739048,890.0,298.0,1.0,,T-0265|T-0331|T-0268,sse|!!!|flush,pending_transcript
IU-0254,image-452290c96d0dacbda97bb95e7cd6c55dd20082e6,3b02a9ee1312.png,3b02a9ee1312,R09,6055.279249915837,22923.3461910588,994.0,263.0,1.0,,T-0265|T-0331|T-0268,sse|!!!|flush,pending_transcript
IU-0255,image-6b6c92729836a28afdeaa05200ae33020708fc88,b99d1d6ff3b0.png,b99d1d6ff3b0,R09,6081.946064546519,23193.967329198,914.0,306.0,1.0,,T-0265|T-0268|T-0331,sse|flush|!!!,pending_transcript
IU-0256,image-5bffbd1bf0304fb2fb30fd71ef31891f07d2e105,ad0e92757c55.png,ad0e92757c55,R09,6070.445943004648,23510.65960103748,927.0,482.0,1.0,,T-0269|T-0265|T-0270,dispose/close|sse|basestream,pending_transcript
IU-0257,image-8a3e0911418a8263d7996bcd9ccdcd85c4fef5f0,fd5887679488.png,fd5887679488,R09,6072.673337273791,24006.709827422426,918.0,249.0,1.0,,T-0269|T-0270|T-0271,dispose/close|basestream|autoflush,pending_transcript
IU-0258,image-e6d34c3a70f216bc9d4e69366e9379c9b28afa46,d9518e3675a7.png,d9518e3675a7,R09,7361.1952236177,20868.994267896524,972.0,404.0,1.0,,T-0266|T-0267|T-0264,write|writeline|ndjson,pending_transcript
IU-0259,image-01815861d6a1b196e749848fa81cef413b9c470b,2e88c26920d7.png,2e88c26920d7,R09,7368.8113679713915,21270.36791402578,944.0,356.0,1.0,,T-0267|T-0266|T-0268,writeline|write|flush,pending_transcript
IU-0260,image-b20734d660b122226eec10a15094f2e57d906b27,db64e7fe530e.png,db64e7fe530e,R09,7363.010594947455,21894.12079192587,807.0,482.0,1.0,,T-0267|T-0268|T-0266,writeline|flush|write,pending_transcript
IU-0261,image-195794e60746228ff32dbe160c91366154551315,f6a6b3227250.png,f6a6b3227250,R09,7367.5689437289675,22390.110293878988,970.0,293.0,1.0,,T-0268|T-0267|T-0269,flush|writeline|dispose/close,pending_transcript
IU-0262,image-95e1cd240469eba59a24db23cb569d155d5b3c69,443a069956dd.png,443a069956dd,R09,7370.556910555437,23003.936050926302,955.0,284.0,1.0,,T-0268|T-0269|T-0267,flush|dispose/close|writeline,pending_transcript
IU-0263,image-adc77b3f3d675bdcdeedc24d61f308b4d78d5238,75cae9499389.png,75cae9499389,R09,7369.390284578874,23291.76942494974,1024.0,431.0,1.0,,T-0269|T-0268|T-0270,dispose/close|flush|basestream,pending_transcript
IU-0264,image-daefc694241be72c251bcc257c35d1a3d02754c1,8f88829de4b3.png,8f88829de4b3,R09,7356.996930905361,23891.002050275263,915.0,482.0,1.0,,T-0269|T-0270|T-0271,dispose/close|basestream|autoflush,pending_transcript
IU-0265,image-ff36254ca3ac55f6526c93d1121438adfb62b8d3,e41ae7752a2d.png,e41ae7752a2d,R09,7372.47762927831,24546.04723663593,893.0,358.0,1.0,,T-0270|T-0271|T-0269,basestream|autoflush|dispose/close,pending_transcript
IU-0266,image-a421952238a836af4ffc6f967ba9b5664fe14bfb,d5b951b93ff7.png,d5b951b93ff7,R09,7358.839249299985,25039.002019757678,885.0,482.0,1.0,,T-0271|T-0270|T-0269,autoflush|basestream|dispose/close,pending_transcript
IU-0267,image-09512a826d540ce23debe936d1fbbaa7b80e49dd,353abf7bdbc5.png,353abf7bdbc5,R09,7349.098612539707,19091.072948752397,817.0,353.0,1.0,,T-0261|T-0263|T-0266,stream writer|dont use when|write,pending_transcript
IU-0268,image-f3df054805cfa3d947df761893361d6e0f53ce71,747859d318fc.png,747859d318fc,R09,7358.3208347619275,19475.147045432088,923.0,373.0,1.0,,T-0261|T-0266|T-0263,stream writer|write|dont use when,pending_transcript
IU-0269,image-45a072b5d7128293746e8449620fc6fbdd670022,547239ff12ab.png,547239ff12ab,R09,7360.987501428595,19897.202533170803,971.0,400.0,1.0,,T-0266|T-0261|T-0267,write|stream writer|writeline,pending_transcript
IU-0270,image-c5375914558d28c11d3e0acc8af05a9446cca6d1,7c1350909014.png,7c1350909014,R09,7345.228196958109,20308.49885207271,884.0,330.0,1.0,,T-0266|T-0267|T-0261,write|writeline|stream writer,pending_transcript
IU-0271,image-70b2e5c60e84dce07b062201b4366d64154e747a,e32628638f2a.png,e32628638f2a,R09,4964.591095967737,19002.367642207955,1015.0,336.0,1.0,,T-0274|T-0263|T-0262,Buffer size|dont use when|use when,pending_transcript
IU-0272,image-1f3243c595ff075f4b76d1be2d674517cd531362,11b6d81b0d56.png,11b6d81b0d56,R09,4941.273025122564,19326.246393095735,1018.0,224.0,1.0,,T-0274|T-0263|T-0262,Buffer size|dont use when|use when,pending_transcript
IU-0273,image-e77f754f530f73d93f51cde813312c99ef613500,9e8151adab5e.png,9e8151adab5e,R09,4961.091206940748,19629.807017651838,942.0,349.0,1.0,,T-0274|T-0263|T-0262,Buffer size|dont use when|use when,pending_transcript
IU-0274,image-e3b773f2c799d8f0f087046ddfdba464295520ea,4a6a15db832d.png,4a6a15db832d,R09,4942.363878726968,19991.761507619878,994.0,236.0,1.0,,T-0274|T-0263|T-0262,Buffer size|dont use when|use when,pending_transcript
IU-0275,image-3bc167b7e6ba0f6ae7a47175145dc8bdba01053f,30a22f7b68d0.png,30a22f7b68d0,R10,14805.076063880682,20134.98705471683,920.0,288.0,1.0,,T-0273|T-0361|T-0362,when can be valid|can get|stackalloc span,pending_transcript
IU-0276,image-e060651000660d95f152b31ded0e01f4360688a8,6191680651fc.png,6191680651fc,R10,14823.909360223011,20449.138588363843,909.0,450.0,1.0,,T-0273|T-0361|T-0334,when can be valid|can get|!!! when send all events,pending_transcript
IU-0277,image-425801e78c7dcb5212fa1c42cc4a91e6e390e470,9759d19fc2e3.png,9759d19fc2e3,R10,14761.000380286932,20902.47188470617,853.0,370.0,1.0,,T-0361|T-0334|T-0362,can get|!!! when send all events|stackalloc span,pending_transcript
IU-0278,image-703dd0cced0b0c49bd5e38fae80fd824688d91d6,82337f7f5ab6.png,82337f7f5ab6,R10,14746.000269313921,21286.06279379707,963.0,381.0,1.0,,T-0334|T-0335|T-0336,!!! when send all events|after some disconnect may|need to send them in one,pending_transcript
IU-0279,image-0425118c7bdcdc7b2d3f25687580c75767da3f70,4bc3472e944c.png,4bc3472e944c,R10,14781.970040265625,21918.638588363836,845.0,311.0,1.0,,T-0337|T-0336|T-0338,round istead of many events|need to send them in one|to reduce everything,pending_transcript
IU-0280,image-49b2bafe6a14000c8841192285c8d8cfef87a2be,95d24098f7b5.png,95d24098f7b5,R10,14797.74265656534,22221.956770182016,908.0,388.0,1.0,,T-0338|T-0337|T-0336,to reduce everything|round istead of many events|need to send them in one,pending_transcript
IU-0281,image-7e010f6d5728b94cebeba5176195eee0c3b3d45c,9b4d92fe2499.png,9b4d92fe2499,R10,14804.394245698864,22623.95677018201,885.0,464.0,1.0,,T-0338|T-0337|T-0336,to reduce everything|round istead of many events|need to send them in one,pending_transcript
IU-0282,image-3e21b9b8990b942fb1c511ffe949867dc6a13ad2,7ee24b3dbd38.png,7ee24b3dbd38,R10,14807.16697297159,23096.047679272917,894.0,298.0,1.0,,T-0344|T-0345|T-0346,"many little writes/|operations, especially when|you dont win any allocations",pending_transcript
IU-0283,image-8cb20c09637ac05df463d9e8047346668995537e,09bd2caa53d2.png,09bd2caa53d2,R10,14820.924585720171,23529.274907610983,1002.0,353.0,1.0,,T-0344|T-0345|T-0346,"many little writes/|operations, especially when|you dont win any allocations",pending_transcript
IU-0284,image-9463740bd12d2f9d40ef74f671733d1702950f00,44d3dbfde56c.png,44d3dbfde56c,R10,14864.733375720105,23880.618779681296,824.0,482.0,1.0,,T-0353|T-0352|T-0351,bandwidth with it maybe)|(but we actually may save some|buisness rules,pending_transcript
IU-0285,image-cc201802bec44b5ac43b0b1bc770644262c8a1cd,a45375b20b69.png,a45375b20b69,R10,14850.424463649859,24382.4415946227,959.0,236.0,1.0,,T-0332|T-0359|T-0360,!!!!|flush every something|kb,pending_transcript
IU-0286,image-a34fb00b40a6505df7fa1709547b2a155cad66e2,4de560f01290.png,4de560f01290,R10,14864.757959743609,24749.60828163442,1013.0,379.0,1.0,,T-0332|T-0360|T-0359,!!!!|kb|flush every something,pending_transcript
IU-0287,image-a34fb00b40a6505df7fa1709547b2a155cad66e2,4de560f01290.png,4de560f01290,R10,16732.338251359542,29889.22019765213,1013.0,379.0,1.0,IU-0286,T-0333|T-0385|T-0384,!!!!|!!!!|can getstring from sequence,pending_transcript
IU-0288,image-0a625f90841efb580be90801a9aef2c03153bb0c,92327a14ab98.png,92327a14ab98,R10,16596.89019732163,22961.580336776922,713.0,482.0,1.0,,T-0260|T-0259|T-0339,streamwriter|why pipewriter over|!!!!,pending_transcript
IU-0289,image-93ae79581e9cd91192ea3040d6e0aa82def970fc,4da310acb4ff.png,4da310acb4ff,R10,16589.84101654906,23486.19942314845,849.0,383.0,1.0,,T-0339|T-0344|T-0345,"!!!!|many little writes/|operations, especially when",pending_transcript
IU-0290,image-714cb20a72606b4402d4afc5d48188d816c2ab9a,a4fee9c14204.png,a4fee9c14204,R10,16591.41518104559,23910.551297605918,914.0,438.0,1.0,,T-0339|T-0353|T-0352,!!!!|bandwidth with it maybe)|(but we actually may save some,pending_transcript
IU-0291,image-7c22f76965894234c190b183b93e6d98355756ee,3911ed177964.png,3911ed177964,R10,16634.35727152953,24360.913585339204,738.0,482.0,1.0,,T-0358|T-0359|T-0360,!!!!|flush every something|kb,pending_transcript
IU-0292,image-b17e47c99abef53b62be294fdd423de49e04238a,45705c955cc9.png,45705c955cc9,R10,16661.2754962336,24856.143872679157,909.0,360.0,1.0,,T-0358|T-0360|T-0359,!!!!|kb|flush every something,pending_transcript
IU-0293,image-6a3caf3c027d7a3ba360891da9f2e68e787e68b4,6e2fca47c18a.png,6e2fca47c18a,R10,16662.467785698216,25381.654340208457,882.0,482.0,1.0,,T-0358|T-0340|T-0341,!!!!|can use arraypool but okay|with writer we can,pending_transcript
IU-0294,image-bc0610615b37c2a84d9c4cbf888f93e01a735579,16bcf934fbbb.png,16bcf934fbbb,R10,16667.275394508342,25952.81053934583,937.0,480.0,1.0,,T-0342|T-0341|T-0340,avoid that and write directly|with writer we can|can use arraypool but okay,pending_transcript
IU-0295,image-ef661748b4a2c80b0d7f66bffaedcca8c6da7946,0c388e0d873c.png,0c388e0d873c,R10,16702.27539381042,26620.497476812627,867.0,331.0,1.0,,T-0343|T-0342|T-0341,!!!|avoid that and write directly|with writer we can,pending_transcript
IU-0296,image-d3a419b9983d5c1dc67ce9b636f0912389a1fcba,6aaed116e8b0.png,6aaed116e8b0,R10,16707.18947550384,26964.204433425784,928.0,436.0,1.0,,T-0343|T-0385|T-0342,!!!|!!!!|avoid that and write directly,pending_transcript
IU-0297,image-cfe8ac5ef887768e07b1295eb82c5d839e512a00,d7da5eb2d667.png,d7da5eb2d667,R10,16680.11379191009,27470.946931650207,987.0,431.0,1.0,,T-0343|T-0385|T-0384,!!!|!!!!|can getstring from sequence,pending_transcript
IU-0298,image-579be2433b296e7e4020d6519ac17462c0608d16,20aeaa793b3f.png,20aeaa793b3f,R10,16703.40680772435,28668.32096618501,928.0,482.0,1.0,,T-0333|T-0343|T-0385,!!!!|!!!|!!!!,pending_transcript
IU-0299,image-3174f97017ebde6a17b58f1c2a14052d7bd356db,d35c85039cb6.png,d35c85039cb6,R10,16735.74710877439,28085.2906261637,825.0,482.0,1.0,,T-0343|T-0385|T-0333,!!!|!!!!|!!!!,pending_transcript
IU-0300,image-a061647a895614d160f24f77c3aa55ed820979d8,c51adcd6efef.png,c51adcd6efef,R10,16729.386408209808,29275.113579821355,903.0,476.0,1.0,,T-0333|T-0385|T-0343,!!!!|!!!!|!!!,pending_transcript
IU-0301,image-c0693c3a6e17d8ea6deb53c3eb5af3eab8c8e423,6e0b44ec38e3.png,6e0b44ec38e3,R10,11783.011082467994,22059.62273811113,843.0,409.0,1.0,,T-0355|T-0354|T-0356,readers advanceto|writers advance vs|when you ve advanced and call,pending_transcript
IU-0302,image-a47751481a64a6723718f33883ef652352e0865e,a9102bd44461.png,a9102bd44461,R10,11787.805985562945,22509.930336518577,737.0,413.0,1.0,,T-0356|T-0357|T-0355,when you ve advanced and call|getspan again(without flushing yet)|readers advanceto,pending_transcript
IU-0303,image-b1ea87b8c44fc516adee7f025e6f82da5716c639,e49002979b59.png,e49002979b59,R10,11785.549544006455,22947.648316536597,641.0,315.0,1.0,,T-0356|T-0357|T-0355,when you ve advanced and call|getspan again(without flushing yet)|readers advanceto,pending_transcript
IU-0304,image-573695c34f6590d3c15f520c85d5b0fbea49b5ca,12d943f173f0.png,12d943f173f0,R10,11789.66476429642,23469.93033651857,962.0,433.0,1.0,,T-0357|T-0356|T-0328,getspan again(without flushing yet)|when you ve advanced and call|complete,pending_transcript
IU-0305,image-df4a032e600ba527b07306d81c8324ea5ca28912,043728ec0d10.png,043728ec0d10,R10,11799.908322739928,23887.314951903183,841.0,269.0,1.0,,T-0357|T-0356|T-0329,getspan again(without flushing yet)|when you ve advanced and call|cancelpendingflush,pending_transcript
IU-0306,image-2b2ed3125bf4da0885d197f5ee2eadd4dd65f5a1,b63cfa37d05f.png,b63cfa37d05f,R10,11808.41124316966,24145.148363486718,881.0,463.0,1.0,,T-0357|T-0356|T-0329,getspan again(without flushing yet)|when you ve advanced and call|cancelpendingflush,pending_transcript
IU-0307,image-cbc138a7c7412943f195a93dc0923d1a42326270,f89d193590d5.png,f89d193590d5,R10,11791.84309907026,24612.840624228895,810.0,463.0,1.0,,T-0330|T-0329|T-0321,example|cancelpendingflush|here may need to use pooled array,pending_transcript
IU-0308,image-0242e527bc9dc6c4d679808d64b30061d078395d,7dc97244a555.png,7dc97244a555,R10,11799.589732770568,25107.199614237907,678.0,463.0,1.0,,T-0321|T-0319|T-0320,here may need to use pooled array|writing bytes|writing text,pending_transcript
IU-0309,image-9bd7c530922623c802ee10a1cd97b26c8ab61990,b9b5f659d5f4.png,b9b5f659d5f4,R04,13560.677973040969,16767.476235789934,923.0,93.0,1.0,,T-0374|T-0373|T-0372,CAN COST MORE CPU|not about bandwidth at all|2 faster first object result (we dont materialize the huge list),pending_transcript
IU-0310,image-0d1c2017fccd8c82e756baa891c252492e59bfa8,d75124d679df.png,d75124d679df,R04,13585.344690570266,16921.14295331923,927.0,189.0,1.0,,T-0374|T-0373|T-0372,CAN COST MORE CPU|not about bandwidth at all|2 faster first object result (we dont materialize the huge list),pending_transcript
IU-0311,image-7b137a792d0ca873541052efe2856069c0ff098e,a0112a525960.png,a0112a525960,R04,13603.778911632915,17136.153344554583,957.0,482.0,1.0,,T-0374|T-0377|T-0376,CAN COST MORE CPU|somethign|from endpoint to optimize,pending_transcript
IU-0312,image-7cac40d5f8f763d8f48ea1419f5f8b8c34456da9,98f37c1fc925.png,98f37c1fc925,R10,13591.011408099563,17651.14295331923,919.0,389.0,1.0,,T-0377|T-0376|T-0375,somethign|from endpoint to optimize|returning async enumerable,pending_transcript
IU-0313,image-b96bf01f54fe1518c269bfb938eda4437c652432,a6307f25678c.png,a6307f25678c,R12,21268.477730640272,26903.52526498517,497.0,146.0,1.0,,T-0380|T-0379|T-0378,or some sequenceposition|of count of bytes form start|can have overloads with pos,pending_transcript
IU-0314,image-7c7cfdfc5c99b0a89e5d09850117a9822d683ef3,391c8412ca18.png,391c8412ca18,R12,19027.868927361298,27976.13646778205,1016.0,257.0,1.0,,T-0383|T-0382|T-0381,multisegment sequence|or something to get string from|dont need sequencereader,pending_transcript
IU-0315,image-d724894d6463ab70207a35f64ba0811805eac7d9,1e8a76b02ea1.png,1e8a76b02ea1,R11,23667.04849730812,18828.34457433898,759.0,482.0,1.0,,T-0387|T-0386|T-0315,with big endian|custom protocols|pipereader,pending_transcript
IU-0316,image-9ee04a2a216924dcde318096b94463deb59355d4,06961c3b2a45.png,06961c3b2a45,R11,23669.600230744927,19393.58269864143,822.0,482.0,1.0,,T-0387|T-0386|T-0301,with big endian|custom protocols|tryread,pending_transcript
IU-0317,image-71028e7a5d80be4833dcbfd633f8ff08af9f41fa,57c250e7baaa.png,57c250e7baaa,R11,23567.266823417907,19959.16752007,912.0,254.0,1.0,,T-0387|T-0386|T-0301,with big endian|custom protocols|tryread,pending_transcript
IU-0318,image-13f308733cf78fe0f5f6b511431383b4ba463a97,9d8357c88da9.png,9d8357c88da9,R11,23629.076398090063,20396.23894864143,846.0,427.0,1.0,,T-0301|T-0387|T-0386,tryread|with big endian|custom protocols,pending_transcript
IU-0319,image-f7220f957dca918f033628f831df76d4d8702086,400b3f9a0721.png,400b3f9a0721,R11,23659.452370312287,20811.916057406077,705.0,482.0,1.0,,T-0301|T-0295|T-0431,tryread|cancelpendingread|currentspan,pending_transcript
IU-0320,image-41bba80c16c9dec9b4b4e9518bc4c425f37a44cd,086c28017c71.png,086c28017c71,R11,23666.74296303147,21330.739024935374,944.0,398.0,1.0,,T-0295|T-0444|T-0432,cancelpendingread|integer reading|unreadspan,pending_transcript
IU-0321,image-2d3bdefbceccf9580071eddcf54886fa8f746e69,00619f19aa89.png,00619f19aa89,R11,23644.102058678254,21761.392835876624,958.0,359.0,1.0,,T-0295|T-0444|T-0445,cancelpendingread|integer reading|methods,pending_transcript
IU-0322,image-637e603fec1b992120058c6263d61ab0ffbf26ed,ea60855197f0.png,ea60855197f0,R11,24464.415741355508,20009.13925018821,995.0,112.0,1.0,,T-0431|T-0387|T-0386,currentspan|with big endian|custom protocols,pending_transcript
IU-0323,image-4e6e1df52b6d2d4667b310e895f2b407ee1e36ad,e8bb166b592e.png,e8bb166b592e,R08,31534.95606706825,3096.2811020184545,622.0,340.0,1.0,,T-0388|T-0389|T-0390,important concepts|encoding|buffering,pending_transcript
IU-0324,image-e9770168b1bc853d9549cf57ceb6718d4c9c4c9f,56a532c45a5a.png,56a532c45a5a,R08,31511.289400401583,3475.7440875870325,936.0,427.0,1.0,,T-0389|T-0388|T-0390,encoding|important concepts|buffering,pending_transcript
IU-0325,image-f6fb435ba381842dac35c21d0c5ff0f18e1d2462,4e2433f52400.png,4e2433f52400,R08,31536.54870487207,4307.669990907347,924.0,455.0,1.0,,T-0389|T-0390|T-0406,encoding|buffering|for text,pending_transcript
IU-0326,image-c291bff5d8dd31d8f56ce1e065deb3cad79483f7,ffe8bd03a72c.png,ffe8bd03a72c,R08,31498.86342926443,4919.0588797962355,869.0,210.0,1.0,,T-0390|T-0406|T-0389,buffering|for text|encoding,pending_transcript
IU-0327,image-926ab59043fc33b04c9e3a1142ca246e5304dda9,da929af27914.png,da929af27914,R08,31495.474676009224,5317.725546462905,538.0,266.0,1.0,,T-0406|T-0390|T-0407,for text|buffering|common constructions,pending_transcript
IU-0328,image-1d9ccefee62a8cf05ded343df33e9e19ed0aaa77,2ee3d73d3078.png,2ee3d73d3078,R08,31479.88587873993,5796.235895312733,791.0,482.0,1.0,,T-0407|T-0406|T-0391,common constructions|for text|read,pending_transcript
IU-0329,image-6e5da4bfe8e9397cb5517bd4212c3541afe5c2b5,c68522a76e52.png,c68522a76e52,R08,31467.419201833876,6312.947687304919,907.0,400.0,1.0,,T-0391|T-0408|T-0407,read|methods (use async)|common constructions,pending_transcript
IU-0330,image-46e648cc390f61040fb435cfbbf006df2f5ffc2d,d8fa47770caf.png,d8fa47770caf,R08,31513.95733424586,7203.458214173952,787.0,482.0,1.0,,T-0392|T-0391|T-0408,peek|read|methods (use async),pending_transcript
IU-0331,image-cf8cab1566677276ea1122a93fcfa16eed43c56d,648fa7da4ba5.png,648fa7da4ba5,R08,31499.363595415693,7863.558908618397,952.0,371.0,1.0,,T-0392|T-0393|T-0391,peek|read(char buffer)|read,pending_transcript
IU-0332,image-e28a6a8bff6af7e1b21183e2c2460f65103be8ba,b5a71298390f.png,b5a71298390f,R08,31524.34498647472,8250.762589716487,825.0,204.0,1.0,,T-0393|T-0392|T-0394,read(char buffer)|peek|readblock,pending_transcript
IU-0333,image-2a6634e6d7891c293206fe0efa1078cf0a5d253c,0bb94ac5a294.png,0bb94ac5a294,R08,31511.45609758583,8630.558840801557,993.0,357.0,1.0,,T-0393|T-0394|T-0392,read(char buffer)|readblock|peek,pending_transcript
IU-0334,image-bc363cac6ca8767b5b95a00d6642de7913bc0b93,8dfb92256442.png,8dfb92256442,R08,31513.900677663954,9000.744048592358,757.0,387.0,1.0,,T-0394|T-0393|T-0395,readblock|read(char buffer)|readline,pending_transcript
IU-0335,image-b1747af804750879b9bf8aecc3bb30eb60af0b45,8035270e88d3.png,8035270e88d3,R08,31518.14512342613,9532.347035246003,775.0,482.0,1.0,,T-0394|T-0395|T-0393,readblock|readline|read(char buffer),pending_transcript
IU-0336,image-d1ddc12f5110c7cdab16d466dd575f349cab06a8,e20a747b4edc.png,e20a747b4edc,R08,31499.84498647472,10160.410715259026,954.0,361.0,1.0,,T-0395|T-0396|T-0394,readline|readtoend|readblock,pending_transcript
IU-0337,image-d7324f316da09ba8b58387cec4aa166434c45d79,75c5a3c33f88.png,75c5a3c33f88,R08,31520.540147887525,10520.495228605381,764.0,482.0,1.0,,T-0396|T-0395|T-0397,readtoend|readline|discardbuffereddata,pending_transcript
IU-0338,image-4fb99fb4cef0f48299f9eb99778fdf59579a9881,5d335ee13135.png,5d335ee13135,R08,31507.233648871705,11151.606339716494,901.0,482.0,1.0,,T-0396|T-0397|T-0409,readtoend|discardbuffereddata|properties,pending_transcript
IU-0339,image-62d844bdacbd9509b2af5993beaa9e8f48fa9a52,6c55d6f307d0.png,6c55d6f307d0,R08,31544.900609847115,12955.762521899655,915.0,394.0,1.0,,T-0398|T-0409|T-0399,endofstream|properties|current encoding,pending_transcript
IU-0340,image-a54710f717078a00c85e2ffbe43147c6f75c6f86,07d705511492.png,07d705511492,R08,31537.900575938696,13360.78106980547,949.0,369.0,1.0,,T-0399|T-0398|T-0400,current encoding|endofstream|base stream,pending_transcript
IU-0341,image-8530c8245fc455db17511bdb93eca68151d03b09,56ac7833ccb8.png,56ac7833ccb8,R08,31530.807938134876,13893.855166485158,898.0,251.0,1.0,,T-0400|T-0399|T-0398,base stream|current encoding|endofstream,pending_transcript
IU-0342,image-7bcd1bb966e201a646f4ae8f754deab57b7a8a04,65dc9d3e59a4.png,65dc9d3e59a4,R08,31531.45613149425,14278.077388707377,953.0,407.0,1.0,,T-0400|T-0399|T-0401,base stream|current encoding|streamreader usecases,pending_transcript
IU-0343,image-e088ade3b1ccc92bd88bb8a033f3bd4ce181ba26,ac63ef63a817.png,ac63ef63a817,R08,31536.803274494072,11853.228922354396,855.0,407.0,1.0,,T-0397|T-0409|T-0398,discardbuffereddata|properties|endofstream,pending_transcript
IU-0344,image-5ce10e487e2799d5a3b2cc897036e4f9aeec5b56,62b05a03e6cc.png,62b05a03e6cc,R08,31547.85883004963,12283.488226824884,904.0,225.0,1.0,,T-0409|T-0398|T-0397,properties|endofstream|discardbuffereddata,pending_transcript
IU-0345,image-213514048e2d80b8d35ee35f9b2bd0776e3c89e5,b7da77a2b460.png,b7da77a2b460,R08,29940.34187079225,8542.67470161345,866.0,174.0,1.0,,T-0411|T-0410|T-0393,readblockasync|readasync vs|read(char buffer),pending_transcript
IU-0346,image-0c355d5dd60b9b66143bc72aa4017fe10ea56c53,c72ab491e996.png,c72ab491e996,R08,29965.644938086287,8799.417172094629,876.0,269.0,1.0,,T-0411|T-0410|T-0393,readblockasync|readasync vs|read(char buffer),pending_transcript
IU-0347,image-52ce253e76b0278d55ffefaf912bcd520226c822,38a9ee8f476c.png,38a9ee8f476c,R08,29937.402439861853,9101.205124864518,1044.0,463.0,1.0,,T-0411|T-0410|T-0394,readblockasync|readasync vs|readblock,pending_transcript
IU-0348,image-c0a95c2a08367fb26cc78ab2b51dbd6242c8a625,58b308e19c47.png,58b308e19c47,R08,31381.31433685251,15212.554227575984,908.0,482.0,1.0,,T-0400|T-0401|T-0399,base stream|streamreader usecases|current encoding,pending_transcript
IU-0349,image-4c7b9ec1799fd9e2416b7a7d1c68802c3de2b9a9,21efdfc5157c.png,21efdfc5157c,R08,31387.42247579414,15746.491902257472,937.0,304.0,1.0,,T-0401|T-0400|T-0399,streamreader usecases|base stream|current encoding,pending_transcript
IU-0350,image-130e92c73a0dbe66fb7441b775b2a363bbbcbcef,9060279ad10f.png,9060279ad10f,R08,31373.016576885202,16138.860205087625,969.0,361.0,1.0,,T-0401|T-0400|T-0399,streamreader usecases|base stream|current encoding,pending_transcript
IU-0351,image-7d8e1455b10428c95ca0e3b57a11a7f89f7c2d9a,4c2480f32817.png,4c2480f32817,R08,31369.74354689232,16593.129987442553,864.0,482.0,1.0,,T-0401|T-0400|T-0465,streamreader usecases|base stream|about not contiguous,pending_transcript
IU-0352,image-222930f7ee6579b8684ea0f7694cd673451727df,da62b0431237.png,da62b0431237,R08,30378.3163792217,15143.831503195539,869.0,471.0,1.0,,T-0401|T-0400|T-0402,streamreader usecases|base stream|pipereader >,pending_transcript
IU-0353,image-8e1c4c37b081345b39c0a2c2ff6e7e60a9960c48,dd12e797e0f1.png,dd12e797e0f1,R08,30368.638463174764,15667.025603421596,848.0,274.0,1.0,,T-0401|T-0400|T-0402,streamreader usecases|base stream|pipereader >,pending_transcript
IU-0354,image-eda790910d09f90a43414be259c603327cf8b44d,d302e22768af.png,d302e22768af,R08,29157.29119826369,15135.445968841188,767.0,381.0,1.0,,T-0402|T-0401|T-0403,pipereader >|streamreader usecases|pipereader,pending_transcript
IU-0355,image-2e2bb8be92dbf45e464a861bb9b9a4b3cd46408d,49fdddb4a671.png,49fdddb4a671,R08,29154.464789645557,15562.995615794123,897.0,323.0,1.0,,T-0402|T-0401|T-0403,pipereader >|streamreader usecases|pipereader,pending_transcript
IU-0356,image-ac19ddaf4808616082874caf10a95bfb5f0c825a,a3424527c5d5.png,a3424527c5d5,R08,29147.052051639523,15925.059800570696,644.0,278.0,1.0,,T-0402|T-0403|T-0404,pipereader >|pipereader|possible better,pending_transcript
IU-0357,image-2ea233f355777984ad5502ec4ecefb77872aec09,8fb0ac1bc9e0.png,8fb0ac1bc9e0,R08,29130.182194465935,16209.39235357194,936.0,296.0,1.0,,T-0402|T-0405|T-0404,pipereader >|for big lines|possible better,pending_transcript
IU-0358,image-88da74233209dc5130d15f33a1722815482be0e6,790b9e9f018f.png,790b9e9f018f,R08,29083.84669914339,16539.15788982244,980.0,330.0,1.0,,T-0405|T-0404|T-0403,for big lines|possible better|pipereader,pending_transcript
IU-0359,image-92afaa2e4323e1680a19d64f0f7488cfa4468003,006caa84fef6.png,006caa84fef6,R08,28004.858212530184,16474.749610186103,831.0,482.0,1.0,,T-0405|T-0404|T-0403,for big lines|possible better|pipereader,pending_transcript
IU-0360,image-5c7ca6904005b4dc56e7b1c674cdc2079c673ce2,e1bb01361d6d.png,e1bb01361d6d,R08,27979.51302374998,17056.2005964324,933.0,413.0,1.0,,T-0405|T-0404|T-0403,for big lines|possible better|pipereader,pending_transcript
IU-0361,image-949fd0fee459606793f04eab58cd635ccece2c4b,6b8d59ff86c9.png,6b8d59ff86c9,R13,27992.945473315976,17512.906500936155,684.0,428.0,1.0,,T-0405|T-0404|T-0429,for big lines|possible better|sequencereader,pending_transcript
IU-0362,image-114e1b18049aa1755ae0ba090708a6dfbc711bfd,569e85b882ec.png,569e85b882ec,R08,27094.49637390136,16513.59868717214,828.0,298.0,1.0,,T-0414|T-0413|T-0412,(cursor api)|lines with pipereader|can skip not needed,pending_transcript
IU-0363,image-1931e44b55d4e08bd5f05868aac49f4414c0df95,8cdd0fb0c6c0.png,8cdd0fb0c6c0,R13,29263.07481693251,19511.15141940079,959.0,435.0,1.0,,T-0455|T-0415|T-0427,!!!!|end|some cases),pending_transcript
IU-0364,image-677f536978807bbc0b588e040981c0af0ebf6f6f,915b1d7e4144.png,915b1d7e4144,R13,29311.01945804579,20347.596136808017,900.0,335.0,1.0,,T-0415|T-0430|T-0435,end|remaining|consumed,pending_transcript
IU-0365,image-bf836c13002b2ba79cf9144a83fa42c2bd71d537,03f2ed22e3a0.png,03f2ed22e3a0,R13,29321.186206092665,20800.4294497963,981.0,248.0,1.0,,T-0430|T-0435|T-0436,remaining|consumed|position,pending_transcript
IU-0366,image-ab6dab972a3e6c4a815fbf1da82218e43e670418,98704d2f342f.png,98704d2f342f,R13,29332.35295413954,21178.9294497963,940.0,251.0,1.0,,T-0435|T-0436|T-0430,consumed|position|remaining,pending_transcript
IU-0367,image-5fbe389b03060c0cb5e02bb8a27de25618b4d77b,92d3472453ab.png,92d3472453ab,R13,29351.01945804579,21582.096136808017,940.0,378.0,1.0,,T-0437|T-0436|T-0435,currentspan|position|consumed,pending_transcript
IU-0368,image-186f5d5d8616bf03c0c26d87c00cdad5cc3060bc,713a77832c3b.png,713a77832c3b,R13,29352.35295413954,22124.596136808017,924.0,301.0,1.0,,T-0437|T-0438|T-0423,currentspan|unreadspan|check prefixes without advancing,pending_transcript
IU-0369,image-95c1eba233ead1223ea244a029ef12f99fbeaf0e,2fe0bcc287c2.png,2fe0bcc287c2,R13,29348.01945804579,22584.429510831455,906.0,280.0,1.0,,T-0438|T-0424|T-0437,unreadspan|unless matched|currentspan,pending_transcript
IU-0370,image-70b71b264192884dba928ecef6708183066ded75,7de0302cb462.png,7de0302cb462,R13,29384.852832069228,23364.262640714267,595.0,83.0,1.0,,T-0439|T-0440|T-0438,advance|rewind|unreadspan,pending_transcript
IU-0371,image-d059975be1459a6b3117b19e83c31ae83c859a8f,3b97fe63798b.png,3b97fe63798b,R13,29365.519580116103,23567.59595370255,975.0,471.0,1.0,,T-0440|T-0439|T-0425,rewind|advance|look ahead without consuming,pending_transcript
IU-0372,image-1bfaa571b521c717567f1c11132978484fe6f1c6,6df1e10d6508.png,6df1e10d6508,R13,29357.21913151388,24176.66152920376,917.0,475.0,1.0,,T-0440|T-0441|T-0439,rewind|advancepast|advance,pending_transcript
IU-0373,image-fad68c34c69edda00e17c9a96f9254e705a38f30,bd482970a5d7.png,bd482970a5d7,R13,29379.274653161017,24771.494811674464,904.0,432.0,1.0,,T-0441|T-0442|T-0440,advancepast|advancepastany|rewind,pending_transcript
IU-0374,image-c2e8e2a4f0d08d3dd72fa17b0af5152eacdac390,3125cf4e587e.png,3125cf4e587e,R13,26554.646750256878,23684.116576811182,729.0,482.0,1.0,,T-0463|T-0460|T-0459,no adv at all|adv|adv,pending_transcript
IU-0375,image-e67f8d4be66ff0a341653099b97bce12c860dea7,2e1e76457bca.png,2e1e76457bca,R13,29357.441319827685,25357.994862537093,901.0,439.0,1.0,,T-0442|T-0441|T-0440,advancepastany|advancepast|rewind,pending_transcript
IU-0376,image-a9389ae6be8e94a1b4b1f73af288ce2c3b84879b,5fa4cc14ca4c.png,5fa4cc14ca4c,R13,26567.214580149513,24250.78314175259,964.0,482.0,1.0,,T-0463|T-0464|T-0447,no adv at all|no adv at all|trypeek,pending_transcript
IU-0377,image-b7cd11379c6f4460c45a6b70f7409067660d91bc,3be4c070ce30.png,3be4c070ce30,R13,26571.966698015844,24878.560902576155,748.0,482.0,1.0,,T-0464|T-0448|T-0452,no adv at all|trycodyto|tryreadto delimiterescape,pending_transcript
IU-0378,image-ba06a79a9d5342c50284dc80186f9ac03df98fcf,83ec3b0b8a27.png,83ec3b0b8a27,R13,27800.663508141486,23543.66158006639,479.0,101.0,1.0,,T-0449|T-0450|T-0461,searching/delimiter methods|tryfeadto|adv on sucess,pending_transcript
IU-0379,image-a37014546fa6c1e5f9c3d6fc99ac293cb6a4c026,62e245fce27b.png,62e245fce27b,R13,27807.503004342703,23768.560851713526,668.0,482.0,1.0,,T-0450|T-0451|T-0462,tryfeadto|tryreadto|no adv on failure,pending_transcript
IU-0380,image-c9e4de3ac0f1f3be0274bdecd31ac5b4695db836,1c0c94cb6d12.png,1c0c94cb6d12,R13,27795.44131982768,24386.994913399725,985.0,421.0,1.0,,T-0451|T-0452|T-0462,tryreadto|tryreadto delimiterescape|no adv on failure,pending_transcript
IU-0381,image-9b0d9100e273d284a563650d31666aa86c6262ec,5aa62419e7c6.png,5aa62419e7c6,R13,27793.77386678681,24956.338765124983,795.0,482.0,1.0,,T-0452|T-0453|T-0451,tryreadto delimiterescape|isnext|tryreadto,pending_transcript
IU-0382,image-1f53d6a64505138259f3cc5ebfa8d4c21214f73f,b522fdecc1a7.png,b522fdecc1a7,R13,27792.605489817994,25637.449757556624,822.0,482.0,1.0,,T-0453|T-0454|T-0452,isnext|isnext|tryreadto delimiterescape,pending_transcript
IU-0383,image-1c495eb5b68bff8466d5d3f765d199da6e209f4a,be34d1e470a6.png,be34d1e470a6,R13,27779.663569176642,26238.66164110155,1033.0,411.0,1.0,,T-0454|T-0453|T-0442,isnext|isnext|advancepastany,pending_transcript
IU-0384,image-7ceed4b709cb47191ef68c602a424a2a01c4f779,f5ec3b5aad9c.png,f5ec3b5aad9c,R13,28078.885901365175,19539.486429787095,996.0,385.0,1.0,,T-0429|T-0428|T-0455,sequencereader|cursor api|!!!!,pending_transcript
IU-0385,image-f24c1b0225c3518b9d38412c87dcc60a236b89c9,cc6929df12fc.png,cc6929df12fc,R13,28076.25819641746,19947.78253530816,786.0,482.0,1.0,,T-0455|T-0428|T-0434,!!!!|cursor api|remaining,pending_transcript
IU-0386,image-ca9b3c62f7fba09e914df412f377c045e95f3ba7,95a28b1d47bb.png,95a28b1d47bb,R13,28028.623557004823,20469.772220366754,955.0,295.0,1.0,,T-0434|T-0430|T-0415,remaining|remaining|end,pending_transcript
IU-0387,image-d5f22da6e6713775dbcee5b9c35f3d2aadc84317,a0a1746a01f2.png,a0a1746a01f2,R13,30609.95284832406,19566.075739591266,894.0,218.0,1.0,,T-0427|T-0426|T-0416,some cases)|escaped delimiter (ignore del in|multibyte delimiter,pending_transcript
IU-0388,image-5723a2bb6764f021ad8d2f6a50d381cc2a014aa5,aa557a877bf5.png,aa557a877bf5,R13,30622.17504415741,19791.227217111547,829.0,482.0,1.0,,T-0416|T-0427|T-0426,multibyte delimiter|some cases)|escaped delimiter (ignore del in,pending_transcript
IU-0389,image-92ee2140b6a2ec69ca040cd8d544343190e1b887,a9bee397e941.png,a9bee397e941,R13,30621.401444984967,20479.216825876196,987.0,163.0,1.0,,T-0416|T-0422|T-0427,multibyte delimiter|parse length prefixed protocol|some cases),pending_transcript
IU-0390,image-29e242e8e789093793cdcdab8c4ebc69c44c86f9,6b7ad3df0e7c.png,6b7ad3df0e7c,R13,30616.58217123423,20661.227217111547,860.0,482.0,1.0,,T-0422|T-0416|T-0456,parse length prefixed protocol|multibyte delimiter|we advance sequence reader,pending_transcript
IU-0391,image-30ee15853ccfe678e9b2847bf25a1b3e53af86da,ac439f32f7cc.png,ac439f32f7cc,R13,30613.23488004356,21315.050184640844,910.0,168.0,1.0,,T-0422|T-0456|T-0457,parse length prefixed protocol|we advance sequence reader|to just pass its position to,pending_transcript
IU-0392,image-edeedd3f5753936bf98c9e8e5660bbf3efdf6702,7d66f2a34e3b.png,7d66f2a34e3b,R13,30606.160459450857,21496.227217111547,694.0,482.0,1.0,,T-0422|T-0456|T-0457,parse length prefixed protocol|we advance sequence reader|to just pass its position to,pending_transcript
IU-0393,image-66603e91daf8b82b976cbf38aac250e5c6e65212,1e71d0cd1117.png,1e71d0cd1117,R13,30597.01917207896,22007.8938583469,802.0,482.0,1.0,,T-0423|T-0458|T-0457,check prefixes without advancing|advanceto later|to just pass its position to,pending_transcript
IU-0394,image-3062c0d41abbd7a98ab44556c79ce74eb15c6f65,94610609ee5e.png,94610609ee5e,R13,30589.901444984967,22680.883543405493,920.0,193.0,1.0,,T-0424|T-0423|T-0458,unless matched|check prefixes without advancing|advanceto later,pending_transcript
IU-0395,image-93d18d91ac2ac256f924557605b80a7622cee6a0,cfd2dfeed4f0.png,cfd2dfeed4f0,R13,30605.895734420053,22906.227293405493,848.0,482.0,1.0,,T-0425|T-0424|T-0423,look ahead without consuming|unless matched|check prefixes without advancing,pending_transcript
IU-0396,image-feb27f26e1ed68247e4e797a45ebf2dba619175a,2db8e50530ef.png,2db8e50530ef,R13,30610.23488004356,23402.383390817602,976.0,190.0,1.0,,T-0425|T-0424|T-0423,look ahead without consuming|unless matched|check prefixes without advancing,pending_transcript
IU-0397,image-630842337cd486bca6d72a06fe6619febaf7bb86,f1d088422f03.png,f1d088422f03,R13,30622.79610194917,23726.227293405493,858.0,482.0,1.0,,T-0425|T-0424|T-0423,look ahead without consuming|unless matched|check prefixes without advancing,pending_transcript
IU-0398,image-b27decafd5b43d037fb53614b1bdf4bbb90cc2c4,e2084d99f546.png,e2084d99f546,R13,30590.568315102155,24217.883543405493,952.0,139.0,1.0,,T-0425|T-0471|T-0440,look ahead without consuming|(can do manually with stackalloc and  sequence.copyto)|rewind,pending_transcript
IU-0399,image-9be74e4837dcef03e3281591c5ef032796a3212f,d4fada37634b.png,d4fada37634b,R13,25572.17069890303,23699.831820340576,734.0,482.0,1.0,,T-0445|T-0444|T-0447,methods|integer reading|trypeek,pending_transcript
IU-0400,image-83f695676ebd38bc24b4a9a37e4d47491360a633,70637b0165e1.png,70637b0165e1,R13,27945.985298721083,21002.930408704502,948.0,434.0,1.0,,T-0434|T-0433|T-0435,remaining|consumed|consumed,pending_transcript
IU-0401,image-c197b5caeba8389bb5893d4558a9bc59c2ca6940,90f13fef1e1d.png,90f13fef1e1d,R13,27946.003772028376,21413.856379841654,945.0,264.0,1.0,,T-0433|T-0434|T-0436,consumed|remaining|position,pending_transcript
IU-0402,image-0274f0578e27f54c70b716d1efdfef992599cc3c,b401b174c8f8.png,b401b174c8f8,R13,27966.74700003247,21891.560020249643,956.0,448.0,1.0,,T-0433|T-0437|T-0438,consumed|currentspan|unreadspan,pending_transcript
IU-0403,image-a2705301a02efc24292f86922a1abf26e8060144,9c3e06497425.png,9c3e06497425,R13,27989.46938501511,22377.911894707107,971.0,315.0,1.0,,T-0433|T-0438|T-0437,consumed|unreadspan|currentspan,pending_transcript
IU-0404,image-6d665f77b9967286f636be4e3a5a721e1b96fb31,ff14cc830938.png,ff14cc830938,R13,26536.13370909435,20909.152417303678,960.0,418.0,1.0,,T-0431|T-0434|T-0432,currentspan|remaining|unreadspan,pending_transcript
IU-0405,image-2de88ced8a0879d1f0f1d73fb0d7cbdb6b638630,325004c383cd.png,325004c383cd,R13,26541.189251086536,21305.76358266826,901.0,335.0,1.0,,T-0431|T-0432|T-0433,currentspan|unreadspan|consumed,pending_transcript
IU-0406,image-a076384c5a724d59d641f0b523fe44995586ac40,4a1a1456ac2c.png,4a1a1456ac2c,R13,26524.940483415405,21638.697327552934,931.0,402.0,1.0,,T-0432|T-0433|T-0431,unreadspan|consumed|currentspan,pending_transcript
IU-0407,image-64c72bc1b5265f700b223ab148d31769e8d5b7a7,0e5444695525.png,0e5444695525,R13,26545.382779183732,22250.128449379103,869.0,482.0,1.0,,T-0432|T-0443|T-0459,unreadspan|reading  methods|adv,pending_transcript
IU-0408,image-1aa7b90113680d465c570351265b8b4ef54d991f,ccef5e963773.png,ccef5e963773,R13,26552.551730160198,22726.17682134466,799.0,334.0,1.0,,T-0443|T-0459|T-0460,reading  methods|adv|adv,pending_transcript
IU-0409,image-120756f428e5c0b81126ff8c0a234a7b676d8e0a,d107a738bf2d.png,d107a738bf2d,R13,32672.415439184733,19825.886343963903,925.0,291.0,1.0,,T-0468|T-0417|T-0467,"why sequence reader|decoding to string, can decode|+ big reasons",pending_transcript
IU-0410,image-f8a39d1e9f598156cc6734ea2ad8dc263a2b1200,eef5dba21139.png,eef5dba21139,R13,32681.847944276662,20350.383579943256,770.0,482.0,1.0,,T-0418|T-0417|T-0419,"sequence btw|decoding to string, can decode|checking prefix across segments(cant with firstspan)",pending_transcript
IU-0411,image-d3f34e9ddff51dd64e6c68358662b62b16ed3301,452fd7c6cfa4.png,452fd7c6cfa4,R13,32688.923103666373,20848.161222087354,898.0,482.0,1.0,,T-0419|T-0418|T-0417,"checking prefix across segments(cant with firstspan)|sequence btw|decoding to string, can decode",pending_transcript
IU-0412,image-765e43655972e11358da45f9fa0c75bfc8d21153,251d93381d59.png,251d93381d59,R13,32701.130661850708,21483.71677764291,865.0,482.0,1.0,,T-0419|T-0420|T-0421,checking prefix across segments(cant with firstspan)|finding positionof multybyte delimiter|across spans,pending_transcript
IU-0413,image-443d8df846ff22b686a14237554b808a49882083,19c6d6fcdd44.png,19c6d6fcdd44,R13,32713.743325372576,21984.66934654482,979.0,473.0,1.0,,T-0420|T-0421|T-0419,finding positionof multybyte delimiter|across spans|checking prefix across segments(cant with firstspan),pending_transcript
IU-0414,image-e9d7a8f4f93165d6d4db50a2744e0450048d33a8,c82207a27ab5.png,c82207a27ab5,R13,32757.909890313982,22737.502629015522,904.0,354.0,1.0,,T-0421|T-0420|T-0469,across spans|finding positionof multybyte delimiter|parsing fixed size header,pending_transcript
IU-0415,image-2c9ae2445123b11d2349f920ee33c42379679263,bc8d5ce8cf55.png,bc8d5ce8cf55,R13,32769.72461470634,23096.261865669167,910.0,475.0,1.0,,T-0421|T-0469|T-0420,across spans|parsing fixed size header|finding positionof multybyte delimiter,pending_transcript
IU-0416,image-263e68abf94a4a93f407d44d23b8c7f03805ee7d,87b021bd5496.png,87b021bd5496,R13,32767.465445869537,23569.150822374897,956.0,427.0,1.0,,T-0469|T-0470|T-0471,parsing fixed size header|but its across segments|(can do manually with stackalloc and  sequence.copyto),pending_transcript
IU-0417,image-e5993539631eb979eb6e5d652d5a99e5008a828b,0fe7b2da1811.png,0fe7b2da1811,R13,32769.12757031206,24200.67979033822,851.0,482.0,1.0,,T-0471|T-0470|T-0469,(can do manually with stackalloc and  sequence.copyto)|but its across segments|parsing fixed size header,pending_transcript
IU-0418,image-01853dd47ea616c0564c2049d8e44fd3b9b5efb8,75616227b3ae.png,75616227b3ae,R13,32780.44683692856,24680.558228652026,893.0,227.0,1.0,,T-0472|T-0473|T-0471,reading text with some custom|delimiters|(can do manually with stackalloc and  sequence.copyto),pending_transcript
IU-0419,image-261fedff913092f5fab871aa80b3f89398edfd6c,7d5310886130.png,7d5310886130,R13,32777.72464861476,24901.835989475592,914.0,280.0,1.0,,T-0472|T-0473|T-0471,reading text with some custom|delimiters|(can do manually with stackalloc and  sequence.copyto),pending_transcript
IU-0420,image-faa0d9d7b10f2ce1194ffc61f32dd993fa8e5125,3c1ad283d63c.png,3c1ad283d63c,R13,32783.45633385745,25448.8439084851,758.0,482.0,1.0,,T-0473|T-0472|T-0471,delimiters|reading text with some custom|(can do manually with stackalloc and  sequence.copyto),pending_transcript
IU-0421,image-3c826cf925d5e044505b1ab3c48566ae75f94c28,486e2b8999e1.png,486e2b8999e1,R13,32799.863800186045,25938.555629269606,923.0,394.0,1.0,,T-0473|T-0472|T-0471,delimiters|reading text with some custom|(can do manually with stackalloc and  sequence.copyto),pending_transcript
IU-0422,image-5ae29adcf50bb8a6d9da3702ee3e1a4862ee17e6,dd609f0f893a.png,dd609f0f893a,R04,16223.79211951545,6710.881285377156,886.0,482.0,1.0,,T-0474|T-0189|T-0188,"enable buffering|YOU NEED TO USE THIS|AND ALSO YOU CANT READASSTRING ON SERVER ENDPOINT,",pending_transcript
IU-0423,image-031ff49e3572e359ce6cdc6828255838c9ef931f,8ec57d23f77f.png,8ec57d23f77f,R07,19933.018397704647,16414.820178934213,880.0,482.0,1.0,,T-0317|T-0286|T-0283,stream reader|readresult|readresult,pending_transcript
IU-0424,image-93555b9190cf2e4773fcb091cbe398e10943e2b8,b8d477ef7125.png,b8d477ef7125,R07,19921.187707410678,15375.904913169707,913.0,463.0,1.0,,T-0317|T-0243|T-0242,stream reader|cursor api|custom delimiter/protocol,pending_transcript
IU-0425,image-5ae29adcf50bb8a6d9da3702ee3e1a4862ee17e6,dd609f0f893a.png,dd609f0f893a,R07,19932.94118726737,15894.502585405102,886.0,482.0,1.0,IU-0422,T-0317|T-0286|T-0229,stream reader|readresult|about new .net overload,pending_transcript
IU-0426,image-263e68abf94a4a93f407d44d23b8c7f03805ee7d,87b021bd5496.png,87b021bd5496,R13,28548.33189317898,24275.133560240512,623.0,278.0,1.0,IU-0416,T-0440|T-0441|T-0462,rewind|advancepast|no adv on failure,pending_transcript
