use_id,image_id,filename,region_id,x,y,width,height,opacity,transform,duplicate_of_use_id,nearest_text_ids,nearest_captions,status
IU-001,image-706e71ad6c6aa1c598f0e533426555a0c3d5b7d1,image-706e71ad6c6aa1c598f0e533426555a0c3d5b7d1.png,R01,397.6438372473003,7347.961135150763,670.0,438.0,1,translate(397.6438372473003 7347.961135150763) rotate(0 335 219),,"[""T-004"", ""T-008"", ""T-007""]","[""edpoint names + min flow"", ""what endpoint who should have"", ""code and tokens""]",pending_supplemental_transcript
IU-002,image-446e1e19f9357edbe4dc67520bc461a0f7aed451,image-446e1e19f9357edbe4dc67520bc461a0f7aed451.png,R01,376.48520396977074,7001.357892730746,652.0,342.0,1,translate(376.48520396977074 7001.357892730746) rotate(0 326 171),,"[""T-004"", ""T-008"", ""T-024""]","[""edpoint names + min flow"", ""what endpoint who should have"", ""not storing access tokens in browsers cookie auth properties""]",pending_supplemental_transcript
IU-003,image-4bd547be160d4ebdb3cc704ed1a498c686e7f7d6,image-4bd547be160d4ebdb3cc704ed1a498c686e7f7d6.png,R01,402.2497695738439,6628.038232461411,441.0,349.0,1,translate(402.2497695738439 6628.038232461411) rotate(0 220.5 174.5),,"[""T-004"", ""T-024"", ""T-006""]","[""edpoint names + min flow"", ""not storing access tokens in browsers cookie auth properties"", ""def challenge scheme how works""]",pending_supplemental_transcript
IU-004,image-40b0783c4f4b698ce35f30d4fef9cda6834bb714,image-40b0783c4f4b698ce35f30d4fef9cda6834bb714.png,R01,399.9018518089524,6192.300108158961,480.0,430.0,1,translate(399.9018518089524 6192.300108158961) rotate(0 239.99077490774926 215),,"[""T-004"", ""T-024"", ""T-006""]","[""edpoint names + min flow"", ""not storing access tokens in browsers cookie auth properties"", ""def challenge scheme how works""]",pending_supplemental_transcript
IU-005,image-e17f7743b7766dbef3fc332e4a0b674f91467557,image-e17f7743b7766dbef3fc332e4a0b674f91467557.png,R01,356.01981871783755,5758.966803889993,509.0,430.0,1,translate(356.01981871783755 5758.966803889993) rotate(0 254.34905660377353 215),,"[""T-004"", ""T-024"", ""T-006""]","[""edpoint names + min flow"", ""not storing access tokens in browsers cookie auth properties"", ""def challenge scheme how works""]",pending_supplemental_transcript
IU-006,image-c573706c4aeeb5a8d3016dd049caa6dbc3c37afc,image-c573706c4aeeb5a8d3016dd049caa6dbc3c37afc.png,R01,280.4171844242137,5364.057164035412,639.0,388.0,1,translate(280.4171844242137 5364.057164035412) rotate(0 319.5 194),,"[""T-024"", ""T-004"", ""T-006""]","[""not storing access tokens in browsers cookie auth properties"", ""edpoint names + min flow"", ""def challenge scheme how works""]",pending_supplemental_transcript
IU-007,image-ae55543198ee366f7fdf5e926b576dbcd194599f,image-ae55543198ee366f7fdf5e926b576dbcd194599f.png,R01,280.0758061512952,4884.520023416235,611.0,482.0,1,translate(280.0758061512952 4884.520023416235) rotate(0 305.7144861830743 241.15625),,"[""T-024"", ""T-004"", ""T-023""]","[""not storing access tokens in browsers cookie auth properties"", ""edpoint names + min flow"", ""what to do for prod""]",pending_supplemental_transcript
IU-008,image-b2dd71d3cbd7f374dde603b3b6434406262cfb7f,image-b2dd71d3cbd7f374dde603b3b6434406262cfb7f.png,R01,253.40143735389938,4503.731820494688,667.0,375.0,1,translate(253.40143735389938 4503.731820494688) rotate(0 333.5 187.5),,"[""T-024"", ""T-023"", ""T-022""]","[""not storing access tokens in browsers cookie auth properties"", ""what to do for prod"", ""how api gets key fro idp endpoint, what is automatic""]",pending_supplemental_transcript
IU-009,image-2cbc05ea662fd811193f2861986c41f6c17632fe,image-2cbc05ea662fd811193f2861986c41f6c17632fe.png,R01,238.7346689619717,4137.842914651579,623.0,369.0,1,translate(238.7346689619717 4137.842914651579) rotate(0 311.5 184.5),,"[""T-023"", ""T-022"", ""T-024""]","[""what to do for prod"", ""how api gets key fro idp endpoint, what is automatic"", ""not storing access tokens in browsers cookie auth properties""]",pending_supplemental_transcript
IU-010,image-a33fad8e587c308d583a0c6908df33dc09ce8f65,image-a33fad8e587c308d583a0c6908df33dc09ce8f65.png,R01,171.1792490400967,3733.342965514219,727.0,418.0,1,translate(171.1792490400967 3733.342965514219) rotate(0 363.5 209),,"[""T-023"", ""T-022"", ""T-021""]","[""what to do for prod"", ""how api gets key fro idp endpoint, what is automatic"", ""jwt api/idp asymmetric keys""]",pending_supplemental_transcript
IU-011,image-428bcae2f40b285b07a5b99269b97c1c628f6fa9,image-428bcae2f40b285b07a5b99269b97c1c628f6fa9.png,R01,101.34571225624313,3298.454110533743,760.0,430.0,1,translate(101.34571225624313 3298.454110533743) rotate(0 380 215),,"[""T-023"", ""T-022"", ""T-021""]","[""what to do for prod"", ""how api gets key fro idp endpoint, what is automatic"", ""jwt api/idp asymmetric keys""]",pending_supplemental_transcript
IU-012,image-e7e905f858e393358def550043b082a8092e4aaf,image-e7e905f858e393358def550043b082a8092e4aaf.png,R01,101.46972538090631,2814.5200488475402,642.0,482.0,1,translate(101.46972538090631 2814.5200488475402) rotate(0 320.9872844827587 241.15625),,"[""T-022"", ""T-023"", ""T-021""]","[""how api gets key fro idp endpoint, what is automatic"", ""what to do for prod"", ""jwt api/idp asymmetric keys""]",pending_supplemental_transcript
IU-013,image-cfc6af529042451ce3f59b438c38c8d5dfbb85dc,image-cfc6af529042451ce3f59b438c38c8d5dfbb85dc.png,R01,51.95697934608688,2522.5651131379072,857.0,284.0,1,translate(51.95697934608688 2522.5651131379072) rotate(0 428.5 142),,"[""T-022"", ""T-023"", ""T-021""]","[""how api gets key fro idp endpoint, what is automatic"", ""what to do for prod"", ""jwt api/idp asymmetric keys""]",pending_supplemental_transcript
IU-014,image-245f562c414de7844949e634bbcba31483831c04,image-245f562c414de7844949e634bbcba31483831c04.png,R01,10.0,2026.075550149626,872.0,482.0,1,translate(10 2026.075550149626) rotate(0 435.7902312992128 241.15625),,"[""T-022"", ""T-023"", ""T-021""]","[""how api gets key fro idp endpoint, what is automatic"", ""what to do for prod"", ""jwt api/idp asymmetric keys""]",pending_supplemental_transcript
IU-015,image-2f92c66c96a62fd05ba5c5b812832ee177acc0ef,image-2f92c66c96a62fd05ba5c5b812832ee177acc0ef.png,R02,3491.901152428987,1965.3913495617035,724.0,51.0,1,translate(3491.901152428987 1965.3913495617035) rotate(0 362 25.5),,"[""T-001"", ""T-002"", ""T-003""]","[""sending hashed with secret and then sending secret to"", ""get tokens"", ""needed for idp to prove that its you who initialized the flow""]",pending_supplemental_transcript
IU-016,image-9b7b11c2198652c57afa855f361283ba6bfa1b57,image-9b7b11c2198652c57afa855f361283ba6bfa1b57.png,R02,3490.2345264524247,2088.058036573422,738.0,347.0,1,translate(3490.2345264524247 2088.058036573422) rotate(0 369 173.5),,"[""T-001"", ""T-002"", ""T-003""]","[""sending hashed with secret and then sending secret to"", ""get tokens"", ""needed for idp to prove that its you who initialized the flow""]",pending_supplemental_transcript
IU-017,image-d9e0ba36dbb98131e05fbe36fa204b268b5e7f18,image-d9e0ba36dbb98131e05fbe36fa204b268b5e7f18.png,R02,3561.734404382112,2433.7246015148285,731.0,77.0,1,translate(3561.734404382112 2433.7246015148285) rotate(0 365.5 38.5),,"[""T-003"", ""T-002"", ""T-001""]","[""needed for idp to prove that its you who initialized the flow"", ""get tokens"", ""sending hashed with secret and then sending secret to""]",pending_supplemental_transcript
IU-018,image-3e5bc985cd4cc03c3f585a6e0d0f35c8dedc459c,image-3e5bc985cd4cc03c3f585a6e0d0f35c8dedc459c.png,R02,3528.4012744992997,2506.3913495617035,555.0,193.0,1,translate(3528.4012744992997 2506.3913495617035) rotate(0 277.5 96.5),,"[""T-003"", ""T-002"", ""T-001""]","[""needed for idp to prove that its you who initialized the flow"", ""get tokens"", ""sending hashed with secret and then sending secret to""]",pending_supplemental_transcript
IU-019,image-2e33ad63b7209f67e77c699b4d054f6586dd8dae,image-2e33ad63b7209f67e77c699b4d054f6586dd8dae.png,R02,3542.4010303586747,3076.058036573422,439.0,131.0,1,translate(3542.4010303586747 3076.058036573422) rotate(0 219.5 65.5),,"[""T-021"", ""T-003"", ""T-002""]","[""jwt api/idp asymmetric keys"", ""needed for idp to prove that its you who initialized the flow"", ""get tokens""]",pending_supplemental_transcript
IU-020,image-76856ca89b0e9481e3fbe2a5d72b1733aed79103,image-76856ca89b0e9481e3fbe2a5d72b1733aed79103.png,R02,3761.067900475862,3041.5579145031097,559.0,152.0,1,translate(3761.067900475862 3041.5579145031097) rotate(0 279.5 76),,"[""T-021"", ""T-003"", ""T-002""]","[""jwt api/idp asymmetric keys"", ""needed for idp to prove that its you who initialized the flow"", ""get tokens""]",pending_supplemental_transcript
IU-021,image-d69893d562737159638243dad6580e5778762a48,image-d69893d562737159638243dad6580e5778762a48.png,R02,4078.734404382114,2992.3914105968597,249.0,53.0,1,translate(4078.734404382114 2992.3914105968597) rotate(0 124.5 26.5),,"[""T-003"", ""T-002"", ""T-001""]","[""needed for idp to prove that its you who initialized the flow"", ""get tokens"", ""sending hashed with secret and then sending secret to""]",pending_supplemental_transcript
IU-022,image-6694d90702bbcee3e1c885ec5b27df6f89294ca3,image-6694d90702bbcee3e1c885ec5b27df6f89294ca3.png,R02,3547.4012744992997,2962.057975538266,541.0,87.0,1,translate(3547.4012744992997 2962.057975538266) rotate(0 270.5 43.5),,"[""T-021"", ""T-003"", ""T-002""]","[""jwt api/idp asymmetric keys"", ""needed for idp to prove that its you who initialized the flow"", ""get tokens""]",pending_supplemental_transcript
IU-023,image-777455adfcfe697ea7026f3ee02cfecb85a7cbd0,image-777455adfcfe697ea7026f3ee02cfecb85a7cbd0.png,R02,3536.2345264524247,2874.558036573422,574.0,86.0,1,translate(3536.2345264524247 2874.558036573422) rotate(0 287 43),,"[""T-021"", ""T-003"", ""T-002""]","[""jwt api/idp asymmetric keys"", ""needed for idp to prove that its you who initialized the flow"", ""get tokens""]",pending_supplemental_transcript
IU-024,image-4b7e4e65fbfb033e95af8a7b1b6db30158148ca3,image-4b7e4e65fbfb033e95af8a7b1b6db30158148ca3.png,R02,3739.234648522737,2702.558036573422,560.0,166.0,1,translate(3739.234648522737 2702.558036573422) rotate(0 280 83),,"[""T-003"", ""T-002"", ""T-001""]","[""needed for idp to prove that its you who initialized the flow"", ""get tokens"", ""sending hashed with secret and then sending secret to""]",pending_supplemental_transcript
IU-025,image-dbe7b8fbc4aa77b57ed876abc1749d9a2b489fe6,image-dbe7b8fbc4aa77b57ed876abc1749d9a2b489fe6.png,R02,4162.5677784055515,2097.724723585141,284.0,93.0,1,translate(4162.5677784055515 2097.724723585141) rotate(0 142 46.5),,"[""T-001"", ""T-002"", ""T-003""]","[""sending hashed with secret and then sending secret to"", ""get tokens"", ""needed for idp to prove that its you who initialized the flow""]",pending_supplemental_transcript
IU-026,image-c8b3fdf91c078230fc4cc9206f6276e51c5335e6,image-c8b3fdf91c078230fc4cc9206f6276e51c5335e6.png,R02,2849.139154661132,2145.129561057229,496.0,50.0,1,translate(2849.139154661132 2145.129561057229) rotate(0 248 25),,"[""T-001"", ""T-002"", ""T-003""]","[""sending hashed with secret and then sending secret to"", ""get tokens"", ""needed for idp to prove that its you who initialized the flow""]",pending_supplemental_transcript
IU-027,image-6d8ba9d56abd6328d803cbcf1d7d4ad2dd2714c2,image-6d8ba9d56abd6328d803cbcf1d7d4ad2dd2714c2.png,R02,2677.476820565784,2212.923856727388,614.0,435.0,1,translate(2677.476820565784 2212.923856727388) rotate(0 307 217.5),,"[""T-021"", ""T-003"", ""T-002""]","[""jwt api/idp asymmetric keys"", ""needed for idp to prove that its you who initialized the flow"", ""get tokens""]",pending_supplemental_transcript
IU-028,image-9c35382fa28a2b753309f6731b0b070b2fc05ee6,image-9c35382fa28a2b753309f6731b0b070b2fc05ee6.png,R02,4650.704093293056,2361.83300312298,573.0,319.0,1,translate(4650.704093293056 2361.83300312298) rotate(0 286.5 159.5),,"[""T-003"", ""T-002"", ""T-001""]","[""needed for idp to prove that its you who initialized the flow"", ""get tokens"", ""sending hashed with secret and then sending secret to""]",pending_supplemental_transcript
IU-029,image-eef6a92f3f4c03dcd95152fd8c96dbcc85bd5988,image-eef6a92f3f4c03dcd95152fd8c96dbcc85bd5988.png,R02,4659.310116908113,2692.5754458609026,517.0,266.0,1,translate(4659.310116908113 2692.5754458609026) rotate(0 258.5 133),,"[""T-003"", ""T-002"", ""T-001""]","[""needed for idp to prove that its you who initialized the flow"", ""get tokens"", ""sending hashed with secret and then sending secret to""]",pending_supplemental_transcript
IU-030,image-c565574f1356b3688c489403ce3d9f1f9c8f6077,image-c565574f1356b3688c489403ce3d9f1f9c8f6077.png,R02,4052.5575978207544,3850.7622282354296,440.0,287.0,1,translate(4052.5575978207544 3850.7622282354296) rotate(0 220 143.5),,"[""T-029"", ""T-021"", ""T-003""]","[""iprofser"", ""jwt api/idp asymmetric keys"", ""needed for idp to prove that its you who initialized the flow""]",pending_supplemental_transcript
IU-031,image-84fb9d28e773adeb0f9d22b3b31dd1b5e9812c0a,image-84fb9d28e773adeb0f9d22b3b31dd1b5e9812c0a.png,R02,4037.9465545264848,3417.373347823641,457.0,396.0,1,translate(4037.9465545264848 3417.373347823641) rotate(0 228.5 198),,"[""T-021"", ""T-029"", ""T-003""]","[""jwt api/idp asymmetric keys"", ""iprofser"", ""needed for idp to prove that its you who initialized the flow""]",pending_supplemental_transcript
IU-032,image-907347387cf269b1cf01c0500a2f94ec3087925e,image-907347387cf269b1cf01c0500a2f94ec3087925e.png,R02,3765.7971741522197,9608.50195508505,658.0,329.0,1,translate(3765.7971741522197 9608.50195508505) rotate(0 329 164.5),,"[""T-019"", ""T-020"", ""T-007""]","[""sign out"", ""!!!"", ""code and tokens""]",pending_supplemental_transcript
IU-033,image-e15d2195756f96697a38d594192b4e3ab7490af8,image-e15d2195756f96697a38d594192b4e3ab7490af8.png,R02,3857.2971741522197,8739.50195508505,475.0,403.0,1,translate(3857.2971741522197 8739.50195508505) rotate(0 237.5 201.5),,"[""T-007"", ""T-019"", ""T-005""]","[""code and tokens"", ""sign out"", ""default schemes values that are possible""]",pending_supplemental_transcript
IU-034,image-434b27022eb6145bb8517fb0fbfd1bb26ab50adc,image-434b27022eb6145bb8517fb0fbfd1bb26ab50adc.png,R02,3839.2971741522197,9159.668565802824,493.0,428.0,1,translate(3839.2971741522197 9159.668565802824) rotate(0 246.5 214),,"[""T-019"", ""T-007"", ""T-020""]","[""sign out"", ""code and tokens"", ""!!!""]",pending_supplemental_transcript
IU-035,image-7f62b26e388494c997d6c9a4f83ca0e04d0bad07,image-7f62b26e388494c997d6c9a4f83ca0e04d0bad07.png,R02,3910.265411166265,4265.63651943936,347.0,246.0,1,translate(3910.265411166265 4265.63651943936) rotate(0 173.5 123),,"[""T-029"", ""T-024"", ""T-021""]","[""iprofser"", ""not storing access tokens in browsers cookie auth properties"", ""jwt api/idp asymmetric keys""]",pending_supplemental_transcript
IU-036,image-c4af1b403da80fdd49c924acb5baac4fea2fb318,image-c4af1b403da80fdd49c924acb5baac4fea2fb318.png,R02,3894.6679762568856,4551.92474779222,383.0,482.0,1,translate(3894.6679762568856 4551.92474779222) rotate(0 191.3195214979196 241.15625),,"[""T-024"", ""T-029"", ""T-021""]","[""not storing access tokens in browsers cookie auth properties"", ""iprofser"", ""jwt api/idp asymmetric keys""]",pending_supplemental_transcript
IU-037,image-4b6f770ea7abad3413e7df251a0d992be018f6cb,image-4b6f770ea7abad3413e7df251a0d992be018f6cb.png,R02,3842.132024200071,5047.48026943936,541.0,482.0,1,translate(3842.132024200071 5047.48026943936) rotate(0 270.5221402214022 241.15625),,"[""T-024"", ""T-006"", ""T-029""]","[""not storing access tokens in browsers cookie auth properties"", ""def challenge scheme how works"", ""iprofser""]",pending_supplemental_transcript
IU-038,image-fa3e7ef813642e72ec380c7dc060afad97047b87,image-fa3e7ef813642e72ec380c7dc060afad97047b87.png,R02,3863.838467226753,5534.147037831282,511.0,482.0,1,translate(3863.838467226753 5534.147037831282) rotate(0 255.48236386138615 241.15625),,"[""T-006"", ""T-024"", ""T-004""]","[""def challenge scheme how works"", ""not storing access tokens in browsers cookie auth properties"", ""edpoint names + min flow""]",pending_supplemental_transcript
IU-039,image-eb939d492c84bf101e0f0d3ecbe6fba5f4824946,image-eb939d492c84bf101e0f0d3ecbe6fba5f4824946.png,R02,3894.458922304355,6038.59141445889,450.0,482.0,1,translate(3894.458922304355 6038.59141445889) rotate(0 224.86190878378375 241.15625),,"[""T-006"", ""T-024"", ""T-005""]","[""def challenge scheme how works"", ""not storing access tokens in browsers cookie auth properties"", ""default schemes values that are possible""]",pending_supplemental_transcript
IU-040,image-6c2d6acf834f9c7ff4e297d1e6fd2de55192fd47,image-6c2d6acf834f9c7ff4e297d1e6fd2de55192fd47.png,R02,3822.2097877938686,6552.525374419827,652.0,370.0,1,translate(3822.2097877938686 6552.525374419827) rotate(0 326 185),,"[""T-006"", ""T-005"", ""T-004""]","[""def challenge scheme how works"", ""default schemes values that are possible"", ""edpoint names + min flow""]",pending_supplemental_transcript
IU-041,image-b7f9d8d7a943d5435065cda7b09d445750e76dc1,image-b7f9d8d7a943d5435065cda7b09d445750e76dc1.png,R02,3832.4874977548043,6924.469751047436,587.0,355.0,1,translate(3832.4874977548043 6924.469751047436) rotate(0 293.5 177.5),,"[""T-006"", ""T-005"", ""T-100""]","[""def challenge scheme how works"", ""default schemes values that are possible"", ""should we use refresh tokens in spa""]",pending_supplemental_transcript
IU-042,image-872af8b98ef7486db53c6adf99b14b6ef923e22c,image-872af8b98ef7486db53c6adf99b14b6ef923e22c.png,R02,3857.1641163843324,7274.14693610603,467.0,482.0,1,translate(3857.1641163843324 7274.14693610603) rotate(0 233.26796144859827 241.15625),,"[""T-005"", ""T-006"", ""T-007""]","[""default schemes values that are possible"", ""def challenge scheme how works"", ""code and tokens""]",pending_supplemental_transcript
IU-043,image-063785b2f78b1e9e03c7615c660031a8c16b98ba,image-063785b2f78b1e9e03c7615c660031a8c16b98ba.png,R02,3826.9790813117415,7751.924747792225,580.0,482.0,1,translate(3826.9790813117415 7751.924747792225) rotate(0 290.11966318785585 241.15625),,"[""T-005"", ""T-007"", ""T-006""]","[""default schemes values that are possible"", ""code and tokens"", ""def challenge scheme how works""]",pending_supplemental_transcript
IU-044,image-858eeb74f8796d07fead37b7d70e87592e587091,image-858eeb74f8796d07fead37b7d70e87592e587091.png,R02,3807.4587848092215,8271.323833603601,627.0,234.0,1,translate(3807.4587848092215 8271.323833603601) rotate(0 313.5 117),,"[""T-007"", ""T-005"", ""T-019""]","[""code and tokens"", ""default schemes values that are possible"", ""sign out""]",pending_supplemental_transcript
IU-045,image-df1e8eda9d097e4e731a565617d7612004bce1e5,image-df1e8eda9d097e4e731a565617d7612004bce1e5.png,R02,4699.022361643765,7397.3873995390095,638.0,286.0,1,translate(4699.022361643765 7397.3873995390095) rotate(0 319 143),,"[""T-005"", ""T-006"", ""T-100""]","[""default schemes values that are possible"", ""def challenge scheme how works"", ""should we use refresh tokens in spa""]",pending_supplemental_transcript
IU-046,image-7e1c838d3779bd2bc2a963e8c2a372e8f9b4dd0a,image-7e1c838d3779bd2bc2a963e8c2a372e8f9b4dd0a.png,R02,4710.403343089078,6965.125480244926,640.0,421.0,1,translate(4710.403343089078 6965.125480244926) rotate(0 320 210.5),,"[""T-006"", ""T-005"", ""T-100""]","[""def challenge scheme how works"", ""default schemes values that are possible"", ""should we use refresh tokens in spa""]",pending_supplemental_transcript
IU-047,image-b090f25f4ca61926d5c3ee6cf79270654dbb4f25,image-b090f25f4ca61926d5c3ee6cf79270654dbb4f25.png,R02,4706.427094484166,6798.768337387781,627.0,148.0,1,translate(4706.427094484166 6798.768337387781) rotate(0 313.5 74),,"[""T-006"", ""T-005"", ""T-100""]","[""def challenge scheme how works"", ""default schemes values that are possible"", ""should we use refresh tokens in spa""]",pending_supplemental_transcript
IU-048,image-36d6c30eb67bdf8f25fcf675f570eeedd4cb4885,image-36d6c30eb67bdf8f25fcf675f570eeedd4cb4885.png,R02,5529.818251078397,8058.57350378987,464.0,259.0,1,translate(5529.818251078397 8058.57350378987) rotate(0 232.11091968168012 129.41176470588232),,"[""T-005"", ""T-101"", ""T-100""]","[""default schemes values that are possible"", ""token rotation"", ""should we use refresh tokens in spa""]",pending_supplemental_transcript
IU-049,image-022ab31211f9ddb1701fb2050514bd4d1308ffb4,image-022ab31211f9ddb1701fb2050514bd4d1308ffb4.png,R02,5526.16602403598,7765.24022131916,515.0,259.0,1,translate(5526.16602403598 7765.24022131916) rotate(0 257.4298642533936 129.41176470588232),,"[""T-005"", ""T-101"", ""T-100""]","[""default schemes values that are possible"", ""token rotation"", ""should we use refresh tokens in spa""]",pending_supplemental_transcript
IU-050,image-ca5f3e3b220ec9063dfa852e8789d05b125cba1d,image-ca5f3e3b220ec9063dfa852e8789d05b125cba1d.png,R02,5481.820770005166,6796.701845148142,532.0,259.0,1,translate(5481.820770005166 6796.701845148142) rotate(0 266.14872364039957 129.41176470588243),,"[""T-006"", ""T-100"", ""T-101""]","[""def challenge scheme how works"", ""should we use refresh tokens in spa"", ""token rotation""]",pending_supplemental_transcript
IU-051,image-c428dd16db52b61107219c13849a66549e7726da,image-c428dd16db52b61107219c13849a66549e7726da.png,R02,5499.660944441125,7102.782077479838,516.0,259.0,1,translate(5499.660944441125 7102.782077479838) rotate(0 257.85487847833747 129.41176470588243),,"[""T-100"", ""T-005"", ""T-101""]","[""should we use refresh tokens in spa"", ""default schemes values that are possible"", ""token rotation""]",pending_supplemental_transcript
IU-052,image-1bdf2fc3891fb56cfb4a5b4035ab3d417fa6d84d,image-1bdf2fc3891fb56cfb4a5b4035ab3d417fa6d84d.png,R02,5521.330032552933,7423.778521196233,481.0,259.0,1,translate(5521.330032552933 7423.778521196233) rotate(0 240.36224659355264 129.41176470588243),,"[""T-005"", ""T-100"", ""T-101""]","[""default schemes values that are possible"", ""should we use refresh tokens in spa"", ""token rotation""]",pending_supplemental_transcript
IU-053,image-2b2fbbd24c014d61602bd786c9b7194d8270c775,image-2b2fbbd24c014d61602bd786c9b7194d8270c775.png,R02,4791.489980271203,9191.121676058925,613.0,211.0,1,translate(4791.489980271203 9191.121676058925) rotate(0 306.5 105.5),,"[""T-007"", ""T-019"", ""T-005""]","[""code and tokens"", ""sign out"", ""default schemes values that are possible""]",pending_supplemental_transcript
IU-054,image-a6efae304eb6e8c353f61e5d194b6deca24d5da6,image-a6efae304eb6e8c353f61e5d194b6deca24d5da6.png,R02,4772.267690232141,8790.066052686534,607.0,382.0,1,translate(4772.267690232141 8790.066052686534) rotate(0 303.5 191),,"[""T-007"", ""T-005"", ""T-019""]","[""code and tokens"", ""default schemes values that are possible"", ""sign out""]",pending_supplemental_transcript
IU-055,image-d54f404adc7f634563f5442ade4cce574b1f8fe0,image-d54f404adc7f634563f5442ade4cce574b1f8fe0.png,R02,4776.8229067034945,8352.45500939226,589.0,395.0,1,translate(4776.8229067034945 8352.45500939226) rotate(0 294.5 197.5),,"[""T-007"", ""T-005"", ""T-101""]","[""code and tokens"", ""default schemes values that are possible"", ""token rotation""]",pending_supplemental_transcript
IU-056,image-608c7f9e144ab9cbe109552a0b9813ba9eb03a84,image-608c7f9e144ab9cbe109552a0b9813ba9eb03a84.png,R02,4721.601023565474,7866.121676058932,615.0,421.0,1,translate(4721.601023565474 7866.121676058932) rotate(0 307.5 210.5),,"[""T-005"", ""T-007"", ""T-101""]","[""default schemes values that are possible"", ""code and tokens"", ""token rotation""]",pending_supplemental_transcript
IU-057,image-09aed4a363cb2f8d58f7a91f50819802dd0fb7eb,image-09aed4a363cb2f8d58f7a91f50819802dd0fb7eb.png,R01,1397.4902244118275,8391.95480594174,557.0,136.0,1,translate(1397.4902244118275 8391.95480594174) rotate(0 278.5 68),,"[""T-008"", ""T-019"", ""T-007""]","[""what endpoint who should have"", ""sign out"", ""code and tokens""]",pending_supplemental_transcript
IU-058,image-4db52bf90c8fbfcdd77cbd9cf2cd4e2e3b77d376,image-4db52bf90c8fbfcdd77cbd9cf2cd4e2e3b77d376.png,R01,1424.8788962868275,7929.177075635749,544.0,410.0,1,translate(1424.8788962868275 7929.177075635749) rotate(0 272 205),,"[""T-008"", ""T-019"", ""T-007""]","[""what endpoint who should have"", ""sign out"", ""code and tokens""]",pending_supplemental_transcript
IU-059,image-3b1eb45c220ab94135020ca17e0451566db8bed5,image-3b1eb45c220ab94135020ca17e0451566db8bed5.png,R01,1410.8788962868275,7522.51038862403,644.0,410.0,1,translate(1410.8788962868275 7522.51038862403) rotate(0 322 205),,"[""T-004"", ""T-008"", ""T-007""]","[""edpoint names + min flow"", ""what endpoint who should have"", ""code and tokens""]",pending_supplemental_transcript
IU-060,image-5fead2dc1875f74fb98ce1e125072a76f6bc9a84,image-5fead2dc1875f74fb98ce1e125072a76f6bc9a84.png,R01,1422.54552226339,7350.843762647468,410.0,164.0,1,translate(1422.54552226339 7350.843762647468) rotate(0 205 82),,"[""T-004"", ""T-008"", ""T-005""]","[""edpoint names + min flow"", ""what endpoint who should have"", ""default schemes values that are possible""]",pending_supplemental_transcript
IU-061,image-adec68e9fbc9f601a9e184b9c653b31467213224,image-adec68e9fbc9f601a9e184b9c653b31467213224.png,R01,1429.637688680681,6867.687451612312,396.0,482.0,1,translate(1429.637688680681 6867.687451612312) rotate(0 197.90795565302142 241.15625),,"[""T-004"", ""T-006"", ""T-024""]","[""edpoint names + min flow"", ""def challenge scheme how works"", ""not storing access tokens in browsers cookie auth properties""]",pending_supplemental_transcript
IU-062,image-4877e3934e40487d7c978b27d3233bc646391566,image-4877e3934e40487d7c978b27d3233bc646391566.png,R01,994.9396654285338,10209.542923897965,871.0,351.0,1,translate(994.9396654285338 10209.542923897965) rotate(0 435.5 175.5),,"[""T-020"", ""T-258"", ""T-019""]","[""!!!"", ""identity model package"", ""sign out""]",pending_supplemental_transcript
IU-063,image-284a4dbcb2cc0d6a6687693ffb99f750d4b938a2,image-284a4dbcb2cc0d6a6687693ffb99f750d4b938a2.png,R01,965.6654578110629,9788.813617370075,908.0,399.0,1,translate(965.6654578110629 9788.813617370075) rotate(0 454 199.5),,"[""T-020"", ""T-019"", ""T-008""]","[""!!!"", ""sign out"", ""what endpoint who should have""]",pending_supplemental_transcript
IU-064,image-ee014f39a7bfc660883b7e23204cfcb9a121ff8c,image-ee014f39a7bfc660883b7e23204cfcb9a121ff8c.png,R01,981.1890348199922,9317.57549306762,656.0,431.0,1,translate(981.1890348199922 9317.57549306762) rotate(0 328 215.5),,"[""T-008"", ""T-019"", ""T-020""]","[""what endpoint who should have"", ""sign out"", ""!!!""]",pending_supplemental_transcript
IU-065,image-25b260aa2d0e77d6e2eaeca03ee7e8007e540632,image-25b260aa2d0e77d6e2eaeca03ee7e8007e540632.png,R01,945.0701034583853,8872.527903084361,873.0,403.0,1,translate(945.0701034583853 8872.527903084361) rotate(0 436.5 201.5),,"[""T-008"", ""T-019"", ""T-020""]","[""what endpoint who should have"", ""sign out"", ""!!!""]",pending_supplemental_transcript
IU-066,image-99f9b985b1e5a1c878c18e9d492e45d3aeaa71b2,image-99f9b985b1e5a1c878c18e9d492e45d3aeaa71b2.png,R02,3013.266188541922,13793.132470707087,749.0,297.0,1,translate(3013.266188541922 13793.132470707087) rotate(0 374.5 148.5),,"[""T-099"", ""T-098"", ""T-097""]","[""JUST GOT WITH REFRESH"", ""IS VALID OR THAT WE "", ""THE ACCESS TOKEN THAT ""]",pending_supplemental_transcript
IU-067,image-4c2743e85e8a499fcec12a413811954a3e690511,image-4c2743e85e8a499fcec12a413811954a3e690511.png,R02,3012.84093352916,13315.587304691462,838.0,482.0,1,translate(3012.84093352916 13315.587304691462) rotate(0 418.92558053359676 241.15625),,"[""T-099"", ""T-098"", ""T-097""]","[""JUST GOT WITH REFRESH"", ""IS VALID OR THAT WE "", ""THE ACCESS TOKEN THAT ""]",pending_supplemental_transcript
IU-068,image-5113c0afde722592e3c55ab475a143c16d823f5e,image-5113c0afde722592e3c55ab475a143c16d823f5e.png,R02,3009.3818194427986,12828.920587162165,836.0,482.0,1,translate(3009.3818194427986 12828.920587162165) rotate(0 417.9401145418326 241.15625),,"[""T-099"", ""T-098"", ""T-097""]","[""JUST GOT WITH REFRESH"", ""IS VALID OR THAT WE "", ""THE ACCESS TOKEN THAT ""]",pending_supplemental_transcript
IU-069,image-d4a0089d38bb835dc1f07268f76fd6a60f422fa2,image-d4a0089d38bb835dc1f07268f76fd6a60f422fa2.png,R02,2967.4329772789024,12417.5212646524,902.0,394.0,1,translate(2967.4329772789024 12417.5212646524) rotate(0 451 197),,"[""T-097"", ""T-098"", ""T-099""]","[""THE ACCESS TOKEN THAT "", ""IS VALID OR THAT WE "", ""JUST GOT WITH REFRESH""]",pending_supplemental_transcript
IU-070,image-32ac46f90bc0588477b21c388cd2e4818d504d48,image-32ac46f90bc0588477b21c388cd2e4818d504d48.png,R02,2958.7681930262224,11920.031630456437,777.0,482.0,1,translate(2958.7681930262224 11920.031630456437) rotate(0 388.55374095840875 241.15625),,"[""T-011"", ""T-010"", ""T-097""]","[""wrapper with autorefresh accessing tokens from ticket"", ""implementation of apicaller service"", ""THE ACCESS TOKEN THAT ""]",pending_supplemental_transcript
IU-071,image-f67f7b8928a50a68402296be994f1c5ee673b9fb,image-f67f7b8928a50a68402296be994f1c5ee673b9fb.png,R02,2932.9329772789006,11490.181288659562,851.0,416.0,1,translate(2932.9329772789006 11490.181288659562) rotate(0 425.5 208),,"[""T-010"", ""T-011"", ""T-258""]","[""implementation of apicaller service"", ""wrapper with autorefresh accessing tokens from ticket"", ""identity model package""]",pending_supplemental_transcript
IU-072,image-5d7ac6a848994d120e8cc5571084a08bb66d88da,image-5d7ac6a848994d120e8cc5571084a08bb66d88da.png,R02,2942.2108906903613,11087.632307946671,828.0,396.0,1,translate(2942.2108906903613 11087.632307946671) rotate(0 414 198),,"[""T-010"", ""T-011"", ""T-258""]","[""implementation of apicaller service"", ""wrapper with autorefresh accessing tokens from ticket"", ""identity model package""]",pending_supplemental_transcript
IU-073,image-5d0a5167b01d80cb862ad25d2373982f23f2218b,image-5d0a5167b01d80cb862ad25d2373982f23f2218b.png,R02,2883.2108906903613,10668.319520974357,946.0,411.0,1,translate(2883.2108906903613 10668.319520974357) rotate(0 473 205.5),,"[""T-020"", ""T-009"", ""T-010""]","[""!!!"", ""why"", ""implementation of apicaller service""]",pending_supplemental_transcript
IU-074,image-9853b95717052d384c4bb3692a807bb8e062be0e,image-9853b95717052d384c4bb3692a807bb8e062be0e.png,R02,4337.650872854464,11011.228890647963,937.0,331.0,1,translate(4337.650872854464 11011.228890647963) rotate(0 468.5 165.5),,"[""T-009"", ""T-010"", ""T-011""]","[""why"", ""implementation of apicaller service"", ""wrapper with autorefresh accessing tokens from ticket""]",pending_supplemental_transcript
IU-075,image-28328b03a5df3063841abd82854638ed6c349bb0,image-28328b03a5df3063841abd82854638ed6c349bb0.png,R02,4344.832802009293,11348.759175182762,959.0,422.0,1,translate(4344.832802009293 11348.759175182762) rotate(0 479.5 211),,"[""T-010"", ""T-011"", ""T-009""]","[""implementation of apicaller service"", ""wrapper with autorefresh accessing tokens from ticket"", ""why""]",pending_supplemental_transcript
IU-076,image-ae782e6e6d717e0d2dfc0349ca0e48926a852295,image-ae782e6e6d717e0d2dfc0349ca0e48926a852295.png,R02,5382.908485603043,10998.865254284325,958.0,123.0,1,translate(5382.908485603043 10998.865254284325) rotate(0 479 61.5),,"[""T-009"", ""T-010"", ""T-011""]","[""why"", ""implementation of apicaller service"", ""wrapper with autorefresh accessing tokens from ticket""]",pending_supplemental_transcript
IU-077,image-91b4f5ac5d6b06f61854f727822197fac9c215c4,image-91b4f5ac5d6b06f61854f727822197fac9c215c4.png,R02,4888.3066139639395,16356.863269474768,859.0,197.0,1,translate(4888.3066139639395 16356.863269474768) rotate(0 429.5 98.5),,"[""T-245"", ""T-096"", ""T-095""]","[""accessing tokens from token store"", ""OR WE JUST FETCHED A NEW ONE "", ""ACCESS TOKEN EXISTS, ITS NOT EXPIRED ""]",pending_supplemental_transcript
IU-078,image-4dcd0e20202b15e7274b6d5cc2c36d47bbb7b3cf,image-4dcd0e20202b15e7274b6d5cc2c36d47bbb7b3cf.png,R02,4912.454651073314,15864.873645451331,731.0,482.0,1,translate(4912.454651073314 15864.873645451331) rotate(0 365.3517187499999 241.15625),,"[""T-096"", ""T-095"", ""T-245""]","[""OR WE JUST FETCHED A NEW ONE "", ""ACCESS TOKEN EXISTS, ITS NOT EXPIRED "", ""accessing tokens from token store""]",pending_supplemental_transcript
IU-079,image-66d17be922384a92134d4239072b3e1ab0da0390,image-66d17be922384a92134d4239072b3e1ab0da0390.png,R02,4830.3063698233145,15492.529895451331,927.0,347.0,1,translate(4830.3063698233145 15492.529895451331) rotate(0 463.5 173.5),,"[""T-096"", ""T-095"", ""T-245""]","[""OR WE JUST FETCHED A NEW ONE "", ""ACCESS TOKEN EXISTS, ITS NOT EXPIRED "", ""accessing tokens from token store""]",pending_supplemental_transcript
IU-080,image-fbe985fce09d006042229b6ff5769c9da9a9446f,image-fbe985fce09d006042229b6ff5769c9da9a9446f.png,R02,4782.3063698233145,15143.196643498206,847.0,299.0,1,translate(4782.3063698233145 15143.196643498206) rotate(0 423.5 149.5),,"[""T-095"", ""T-096"", ""T-245""]","[""ACCESS TOKEN EXISTS, ITS NOT EXPIRED "", ""OR WE JUST FETCHED A NEW ONE "", ""accessing tokens from token store""]",pending_supplemental_transcript
IU-081,image-2e90c1b17866f88f8893047a142d76bde447b6e4,image-2e90c1b17866f88f8893047a142d76bde447b6e4.png,R02,4793.833519391968,14659.540271427893,803.0,482.0,1,translate(4793.833519391968 14659.540271427893) rotate(0 401.3063465250965 241.15625),,"[""T-095"", ""T-096"", ""T-099""]","[""ACCESS TOKEN EXISTS, ITS NOT EXPIRED "", ""OR WE JUST FETCHED A NEW ONE "", ""JUST GOT WITH REFRESH""]",pending_supplemental_transcript
IU-082,image-725dc0a10a45ad7c37410ea3945c25d997e4e3cc,image-725dc0a10a45ad7c37410ea3945c25d997e4e3cc.png,R02,4814.558385871156,14176.873645451331,718.0,482.0,1,translate(4814.558385871156 14176.873645451331) rotate(0 359.2482280927835 241.15625),,"[""T-095"", ""T-096"", ""T-099""]","[""ACCESS TOKEN EXISTS, ITS NOT EXPIRED "", ""OR WE JUST FETCHED A NEW ONE "", ""JUST GOT WITH REFRESH""]",pending_supplemental_transcript
IU-083,image-666b3f707dcead9d4e2b9df8b0029835ff49f9fb,image-666b3f707dcead9d4e2b9df8b0029835ff49f9fb.png,R02,4776.3066139639395,13990.696521427895,763.0,188.0,1,translate(4776.3066139639395 13990.696521427895) rotate(0 381.5 94),,"[""T-099"", ""T-098"", ""T-097""]","[""JUST GOT WITH REFRESH"", ""IS VALID OR THAT WE "", ""THE ACCESS TOKEN THAT ""]",pending_supplemental_transcript
IU-084,image-38ec11ee4d3cce6783331a85062d331ec640aadd,image-38ec11ee4d3cce6783331a85062d331ec640aadd.png,R02,4778.602599002265,13504.873645451333,812.0,482.0,1,translate(4778.602599002265 13504.873645451333) rotate(0 405.8705188679246 241.15625),,"[""T-099"", ""T-098"", ""T-097""]","[""JUST GOT WITH REFRESH"", ""IS VALID OR THAT WE "", ""THE ACCESS TOKEN THAT ""]",pending_supplemental_transcript
IU-085,image-5c82ca013ff5a6f81a16ce838cb63006ee8b75c8,image-5c82ca013ff5a6f81a16ce838cb63006ee8b75c8.png,R02,4725.095761585767,12992.873584416177,833.0,482.0,1,translate(4725.095761585767 12992.873584416177) rotate(0 416.71060823754783 241.15625),,"[""T-099"", ""T-098"", ""T-097""]","[""JUST GOT WITH REFRESH"", ""IS VALID OR THAT WE "", ""THE ACCESS TOKEN THAT ""]",pending_supplemental_transcript
IU-086,image-ca60202c95c9deed1436c8f6fe18cc5eb4c7e73f,image-ca60202c95c9deed1436c8f6fe18cc5eb4c7e73f.png,R02,4748.083690321826,12494.206958439614,798.0,482.0,1,translate(4748.083690321826 12494.206958439614) rotate(0 399.0561755952381 241.15625),,"[""T-244"", ""T-243"", ""T-097""]","[""lower"", ""accessing tokens from token store"", ""THE ACCESS TOKEN THAT ""]",pending_supplemental_transcript
IU-087,image-77a1f7c825392cde656a44c94c838a5467f9f62b,image-77a1f7c825392cde656a44c94c838a5467f9f62b.png,R02,4748.3063698233145,12172.363147404458,787.0,294.0,1,translate(4748.3063698233145 12172.363147404458) rotate(0 393.5 147),,"[""T-243"", ""T-244"", ""T-011""]","[""accessing tokens from token store"", ""lower"", ""wrapper with autorefresh accessing tokens from ticket""]",pending_supplemental_transcript
IU-088,image-be4ed43de2000ed7e31722ffa117f9ac0ebffb99,image-be4ed43de2000ed7e31722ffa117f9ac0ebffb99.png,R01,1735.3859732304318,12758.289150512406,919.0,430.0,1,translate(1735.3859732304318 12758.289150512406) rotate(0 459.5 215),,"[""T-017"", ""T-018"", ""T-012""]","[""auth ticket, authhandlers methods"", ""authenticateasync"", ""so authenticateasync its the auth handlers method that ""]",pending_supplemental_transcript
IU-089,image-055340aa44e4a5ac5d2581d1874d5d158e68ecc3,image-055340aa44e4a5ac5d2581d1874d5d158e68ecc3.png,R01,1750.6003461377986,12509.50343622669,900.0,219.0,1,translate(1750.6003461377986 12509.50343622669) rotate(0 450 109.5),,"[""T-017"", ""T-258"", ""T-018""]","[""auth ticket, authhandlers methods"", ""identity model package"", ""authenticateasync""]",pending_supplemental_transcript
IU-090,image-79e5a3cb99101c4318d0679337ffbee5f6aeb85e,image-79e5a3cb99101c4318d0679337ffbee5f6aeb85e.png,R01,1889.1170951657823,11783.561384747898,768.0,482.0,1,translate(1889.1170951657823 11783.561384747898) rotate(0 383.8644939965693 241.15625),,"[""T-258"", ""T-011"", ""T-010""]","[""identity model package"", ""wrapper with autorefresh accessing tokens from ticket"", ""implementation of apicaller service""]",pending_supplemental_transcript
IU-091,image-f46db3d75c194268582993f02178fa59932b3428,image-f46db3d75c194268582993f02178fa59932b3428.png,R01,1795.1745895818985,14217.847186226692,773.0,482.0,1,translate(1795.1745895818985 14217.847186226692) rotate(0 386.3780793795622 241.15625),,"[""T-016"", ""T-015"", ""T-014""]","[""that is has set and encrypted on signinasync call"", ""claimsprincipal, auth properties and scheme name"", ""auth it returns auth result with decrypted authticket values""]",pending_supplemental_transcript
IU-092,image-b35db26cde7fd4cacafecf81228ca28aba410254,image-b35db26cde7fd4cacafecf81228ca28aba410254.png,R01,1808.1465787945308,13730.228254865086,796.0,482.0,1,translate(1808.1465787945308 13730.228254865086) rotate(0 398.16805305755406 241.15625),,"[""T-016"", ""T-015"", ""T-014""]","[""that is has set and encrypted on signinasync call"", ""claimsprincipal, auth properties and scheme name"", ""auth it returns auth result with decrypted authticket values""]",pending_supplemental_transcript
IU-093,image-a7ad528e1de798887172cea5d9172554c532e5d8,image-a7ad528e1de798887172cea5d9172554c532e5d8.png,R01,880.7298457851484,13812.778532575046,519.0,327.0,1,translate(880.7298457851484 13812.778532575046) rotate(0 259.5 163.5),,"[""T-016"", ""T-015"", ""T-014""]","[""that is has set and encrypted on signinasync call"", ""claimsprincipal, auth properties and scheme name"", ""auth it returns auth result with decrypted authticket values""]",pending_supplemental_transcript
IU-094,image-15d4f87494e08666ce0d4681581f39f0889e2e78,image-15d4f87494e08666ce0d4681581f39f0889e2e78.png,R01,757.6745614969568,14162.000788705689,854.0,473.0,1,translate(757.6745614969568 14162.000788705689) rotate(0 427 236.5),,"[""T-016"", ""T-015"", ""T-014""]","[""that is has set and encrypted on signinasync call"", ""claimsprincipal, auth properties and scheme name"", ""auth it returns auth result with decrypted authticket values""]",pending_supplemental_transcript
IU-095,image-cdbcc328b5732ffc324ead81bb37ef2ae60ef687,image-cdbcc328b5732ffc324ead81bb37ef2ae60ef687.png,R01,771.3967837191776,14660.871068653605,631.0,456.0,1,translate(771.3967837191776 14660.871068653605) rotate(0 315.5 228),,"[""T-016"", ""T-015"", ""T-014""]","[""that is has set and encrypted on signinasync call"", ""claimsprincipal, auth properties and scheme name"", ""auth it returns auth result with decrypted authticket values""]",pending_supplemental_transcript
IU-096,image-486585cbd74cf72d714627e4cfed56564be4ae51,image-486585cbd74cf72d714627e4cfed56564be4ae51.png,R01,751.7316346350435,15136.603775359334,730.0,482.0,1,translate(751.7316346350435 15136.603775359334) rotate(0 364.7947335025383 241.15625),,"[""T-016"", ""T-015"", ""T-014""]","[""that is has set and encrypted on signinasync call"", ""claimsprincipal, auth properties and scheme name"", ""auth it returns auth result with decrypted authticket values""]",pending_supplemental_transcript
IU-097,image-011037136c32abc5206be1d2ca954e30a772d41a,image-011037136c32abc5206be1d2ca954e30a772d41a.png,R01,720.1002613667479,15638.81558091489,781.0,269.0,1,translate(720.1002613667479 15638.81558091489) rotate(0 390.5 134.5),,"[""T-245"", ""T-016"", ""T-015""]","[""accessing tokens from token store"", ""that is has set and encrypted on signinasync call"", ""claimsprincipal, auth properties and scheme name""]",pending_supplemental_transcript
IU-098,image-ad62acea825fb8e4f33a6bac7bd03766e253a7a1,image-ad62acea825fb8e4f33a6bac7bd03766e253a7a1.png,R01,707.2299814188318,15912.093358692668,866.0,478.0,1,translate(707.2299814188318 15912.093358692668) rotate(0 433 239),,"[""T-245"", ""T-096"", ""T-095""]","[""accessing tokens from token store"", ""OR WE JUST FETCHED A NEW ONE "", ""ACCESS TOKEN EXISTS, ITS NOT EXPIRED ""]",pending_supplemental_transcript
IU-099,image-f647afdf4a0ba056fe3c1c544cd497398da80b4c,image-f647afdf4a0ba056fe3c1c544cd497398da80b4c.png,R01,697.0817880594568,16417.260025359334,910.0,481.0,1,translate(697.0817880594568 16417.260025359334) rotate(0 455 240.5),,"[""T-245"", ""T-178"", ""T-179""]","[""accessing tokens from token store"", ""using Microsoft.AspNetCore.Authentication.OpenIdConnect;"", ""using System.Security.Claims;""]",pending_supplemental_transcript
IU-100,image-385fd42a2dbe29165fce96bb0a46e81f457773a8,image-385fd42a2dbe29165fce96bb0a46e81f457773a8.png,R02,2670.7770122677703,10254.617298709429,720.0,215.0,1,translate(2670.7770122677703 10254.617298709429) rotate(0 360 107.5),,"[""T-020"", ""T-019"", ""T-009""]","[""!!!"", ""sign out"", ""why""]",pending_supplemental_transcript
IU-101,image-19f72cbb84076ddec207571c20f868247af0a905,image-19f72cbb84076ddec207571c20f868247af0a905.png,R02,2561.110447326364,9765.28393994478,866.0,477.0,1,translate(2561.110447326364 9765.28393994478) rotate(0 433 238.5),,"[""T-020"", ""T-019"", ""T-007""]","[""!!!"", ""sign out"", ""code and tokens""]",pending_supplemental_transcript
IU-102,image-c9a05fd358a6a838378a578a72e7a8d9880b21f5,image-c9a05fd358a6a838378a578a72e7a8d9880b21f5.png,R02,2574.469225014629,9275.960972415483,823.0,482.0,1,translate(2574.469225014629 9275.960972415483) rotate(0 411.3077872531419 241.15625),,"[""T-019"", ""T-020"", ""T-007""]","[""sign out"", ""!!!"", ""code and tokens""]",pending_supplemental_transcript
IU-103,image-a34666d212ead70791f4ccd35f3142291fd037f7,image-a34666d212ead70791f4ccd35f3142291fd037f7.png,R02,2751.7085038850637,3254.843282203112,665.0,327.0,1,translate(2751.7085038850637 3254.843282203112) rotate(0 332.5 163.5),,"[""T-021"", ""T-023"", ""T-022""]","[""jwt api/idp asymmetric keys"", ""what to do for prod"", ""how api gets key fro idp endpoint, what is automatic""]",pending_supplemental_transcript
IU-104,image-d140a7f8e0b371aa57336704c32c99c8ec54e777,image-d140a7f8e0b371aa57336704c32c99c8ec54e777.png,R02,2666.973899947334,3606.0758871835806,741.0,482.0,1,translate(2666.973899947334 3606.0758871835806) rotate(0 370.5679372710624 241.15625),,"[""T-021"", ""T-023"", ""T-022""]","[""jwt api/idp asymmetric keys"", ""what to do for prod"", ""how api gets key fro idp endpoint, what is automatic""]",pending_supplemental_transcript
IU-105,image-e0c754e27bb6ca513a7041b87f5cbae77c51682f,image-e0c754e27bb6ca513a7041b87f5cbae77c51682f.png,R02,2633.597664041312,4106.454325497381,759.0,366.0,1,translate(2633.597664041312 4106.454325497381) rotate(0 379.5 183),,"[""T-021"", ""T-024"", ""T-023""]","[""jwt api/idp asymmetric keys"", ""not storing access tokens in browsers cookie auth properties"", ""what to do for prod""]",pending_supplemental_transcript
IU-106,image-f81b77de8f383b116af9bdf7cf6f0a6da48f6bcc,image-f81b77de8f383b116af9bdf7cf6f0a6da48f6bcc.png,R02,2635.208707335585,4501.454172909491,858.0,296.0,1,translate(2635.208707335585 4501.454172909491) rotate(0 429 148),,"[""T-024"", ""T-021"", ""T-023""]","[""not storing access tokens in browsers cookie auth properties"", ""jwt api/idp asymmetric keys"", ""what to do for prod""]",pending_supplemental_transcript
IU-107,image-e21bc02b8845bb4e89f86ef2a8f8a0b9469d8f66,image-e21bc02b8845bb4e89f86ef2a8f8a0b9469d8f66.png,R02,2577.5418372183976,4868.176513811182,920.0,447.0,1,translate(2577.5418372183976 4868.176513811182) rotate(0 460 223.5),,"[""T-024"", ""T-006"", ""T-004""]","[""not storing access tokens in browsers cookie auth properties"", ""def challenge scheme how works"", ""edpoint names + min flow""]",pending_supplemental_transcript
IU-108,image-2adc4146aec3d5b2da51bfcc8e8b4f9d8236df11,image-2adc4146aec3d5b2da51bfcc8e8b4f9d8236df11.png,R01,1231.4774579721761,5023.558437053553,748.0,482.0,1,translate(1231.4774579721761 5023.558437053553) rotate(0 373.9386386639676 241.15625),,"[""T-024"", ""T-004"", ""T-006""]","[""not storing access tokens in browsers cookie auth properties"", ""edpoint names + min flow"", ""def challenge scheme how works""]",pending_supplemental_transcript
IU-109,image-4e80dc122e56e7d0aceca39ec88e70161f781f3b,image-4e80dc122e56e7d0aceca39ec88e70161f781f3b.png,R01,1224.9159745658308,5494.714666708498,673.0,380.0,1,translate(1224.9159745658308 5494.714666708498) rotate(0 336.5 190),,"[""T-024"", ""T-004"", ""T-006""]","[""not storing access tokens in browsers cookie auth properties"", ""edpoint names + min flow"", ""def challenge scheme how works""]",pending_supplemental_transcript
IU-110,image-6660fbabf8e8dc66ec5d08afcb51bbe2cf65d732,image-6660fbabf8e8dc66ec5d08afcb51bbe2cf65d732.png,R01,1129.1224739380395,5924.2914639516475,907.0,444.0,1,translate(1129.1224739380395 5924.2914639516475) rotate(0 453.5 222),,"[""T-004"", ""T-024"", ""T-006""]","[""edpoint names + min flow"", ""not storing access tokens in browsers cookie auth properties"", ""def challenge scheme how works""]",pending_supplemental_transcript
IU-111,image-70fdd639356458cf3265ba6da8e8ce3f9ad846d8,image-70fdd639356458cf3265ba6da8e8ce3f9ad846d8.png,R01,1250.51143064377,3192.6245938344564,882.0,334.0,1,translate(1250.51143064377 3192.6245938344564) rotate(0 441 167),,"[""T-023"", ""T-022"", ""T-021""]","[""what to do for prod"", ""how api gets key fro idp endpoint, what is automatic"", ""jwt api/idp asymmetric keys""]",pending_supplemental_transcript
IU-112,image-c6ef3d7a7d786ed170a2bbcdce1b65e872fd4d12,image-c6ef3d7a7d786ed170a2bbcdce1b65e872fd4d12.png,R01,1268.8992718639347,3534.023967206851,690.0,482.0,1,translate(1268.8992718639347 3534.023967206851) rotate(0 344.8344488188977 241.15625),,"[""T-023"", ""T-022"", ""T-021""]","[""what to do for prod"", ""how api gets key fro idp endpoint, what is automatic"", ""jwt api/idp asymmetric keys""]",pending_supplemental_transcript
IU-113,image-620a88a52641b872c0ad51c4606e6d497c8a91d6,image-620a88a52641b872c0ad51c4606e6d497c8a91d6.png,R01,1214.622677388561,4023.2912605011243,856.0,246.0,1,translate(1214.622677388561 4023.2912605011243) rotate(0 428 123),,"[""T-023"", ""T-022"", ""T-021""]","[""what to do for prod"", ""how api gets key fro idp endpoint, what is automatic"", ""jwt api/idp asymmetric keys""]",pending_supplemental_transcript
IU-114,image-8c1ba3688f2bc2ffeba1f5333bd810358a1540ce,image-8c1ba3688f2bc2ffeba1f5333bd810358a1540ce.png,R01,1222.51143064377,4248.624644697089,738.0,422.0,1,translate(1222.51143064377 4248.624644697089) rotate(0 369 211),,"[""T-024"", ""T-023"", ""T-022""]","[""not storing access tokens in browsers cookie auth properties"", ""what to do for prod"", ""how api gets key fro idp endpoint, what is automatic""]",pending_supplemental_transcript
IU-115,image-4f13da58bb3194ccf5a27f9036161ebe6b5017a0,image-4f13da58bb3194ccf5a27f9036161ebe6b5017a0.png,R01,1191.5670540161645,4689.569173912585,871.0,269.0,1,translate(1191.5670540161645 4689.569173912585) rotate(0 435.5 134.5),,"[""T-024"", ""T-023"", ""T-022""]","[""not storing access tokens in browsers cookie auth properties"", ""what to do for prod"", ""how api gets key fro idp endpoint, what is automatic""]",pending_supplemental_transcript
IU-116,image-a682089dab7ad6fa0c472859393e7bbee1261563,image-a682089dab7ad6fa0c472859393e7bbee1261563.png,R02,2530.069536596926,7468.709417200649,911.0,318.0,1,translate(2530.069536596926 7468.709417200649) rotate(0 455.5 159),,"[""T-005"", ""T-007"", ""T-004""]","[""default schemes values that are possible"", ""code and tokens"", ""edpoint names + min flow""]",pending_supplemental_transcript
IU-117,image-6a1d83ce0d8fac5f003162e1c4f71a459a05b506,image-6a1d83ce0d8fac5f003162e1c4f71a459a05b506.png,R02,2544.014116675051,7039.7462281815515,892.0,370.0,1,translate(2544.014116675051 7039.7462281815515) rotate(0 446 185),,"[""T-006"", ""T-004"", ""T-005""]","[""def challenge scheme how works"", ""edpoint names + min flow"", ""default schemes values that are possible""]",pending_supplemental_transcript
IU-118,image-9676bf120f0ea77c0ae2e93f984c626964fb7d44,image-9676bf120f0ea77c0ae2e93f984c626964fb7d44.png,R02,2556.643836727135,6763.801817645528,926.0,273.0,1,translate(2556.643836727135 6763.801817645528) rotate(0 463 136.5),,"[""T-006"", ""T-004"", ""T-005""]","[""def challenge scheme how works"", ""edpoint names + min flow"", ""default schemes values that are possible""]",pending_supplemental_transcript
IU-119,image-bac94a89580d2874c50af378af1efcc665642de8,image-bac94a89580d2874c50af378af1efcc665642de8.png,R02,2582.823987639111,6255.637628231156,811.0,482.0,1,translate(2582.823987639111 6255.637628231156) rotate(0 405.47576775431867 241.15625),,"[""T-006"", ""T-004"", ""T-024""]","[""def challenge scheme how works"", ""edpoint names + min flow"", ""not storing access tokens in browsers cookie auth properties""]",pending_supplemental_transcript
IU-120,image-9d65c08ad59bf120604bb996c4fb7d35edbaf44d,image-9d65c08ad59bf120604bb996c4fb7d35edbaf44d.png,R02,2551.5555035578236,5627.489651885671,895.0,482.0,1,translate(2551.5555035578236 5627.489651885671) rotate(0 447.72807655038764 241.15625),,"[""T-024"", ""T-006"", ""T-004""]","[""not storing access tokens in browsers cookie auth properties"", ""def challenge scheme how works"", ""edpoint names + min flow""]",pending_supplemental_transcript
IU-121,image-99fccf1d7fe6a519e8312e7cd04c9f2a98d66eb5,image-99fccf1d7fe6a519e8312e7cd04c9f2a98d66eb5.png,R01,1121.2774218174454,6360.432265424477,746.0,318.0,1,translate(1121.2774218174454 6360.432265424477) rotate(0 373 159),,"[""T-004"", ""T-024"", ""T-006""]","[""edpoint names + min flow"", ""not storing access tokens in browsers cookie auth properties"", ""def challenge scheme how works""]",pending_supplemental_transcript
IU-122,image-cde42f618593c3784c67ab50831aa4f7d398b703,image-cde42f618593c3784c67ab50831aa4f7d398b703.png,R04,9436.36391550477,3082.656100170543,766.0,482.0,1,translate(9436.36391550477 3082.656100170543) rotate(0 383.1528577302631 241.15625),,"[""T-035"", ""T-025"", ""T-026""]","[""idp config"", ""so identity resources is what client app "", ""gets in id token and what is being populated into ""]",pending_supplemental_transcript
IU-123,image-f99e75fb513cf2bc92980269845766316461b370,image-f99e75fb513cf2bc92980269845766316461b370.png,R04,9420.961078654955,3582.9076376751927,812.0,470.0,1,translate(9420.961078654955 3582.9076376751927) rotate(0 406 235),,"[""T-025"", ""T-035"", ""T-026""]","[""so identity resources is what client app "", ""idp config"", ""gets in id token and what is being populated into ""]",pending_supplemental_transcript
IU-124,image-70f6e12ba8cdf7079b1c21b7516603a86175832f,image-70f6e12ba8cdf7079b1c21b7516603a86175832f.png,R04,9459.08212801575,4167.210627288123,896.0,482.0,1,translate(9459.08212801575 4167.210627288123) rotate(0 448 241),,"[""T-028"", ""T-027"", ""T-026""]","[""for api to decide whether this user is allowed to request it(in addition to scopes)"", ""claimsprincipal by middleware, userclaims in apiresources are needed "", ""gets in id token and what is being populated into ""]",pending_supplemental_transcript
IU-125,image-c97d6efe961a72dc4e9abf71990fd6241bb9cb46,image-c97d6efe961a72dc4e9abf71990fd6241bb9cb46.png,R04,9457.627582561205,4651.907637675193,808.0,468.0,1,translate(9457.627582561205 4651.907637675193) rotate(0 404 234),,"[""T-028"", ""T-027"", ""T-026""]","[""for api to decide whether this user is allowed to request it(in addition to scopes)"", ""claimsprincipal by middleware, userclaims in apiresources are needed "", ""gets in id token and what is being populated into ""]",pending_supplemental_transcript
IU-126,image-cf96a51a1591d6a3a5b3e4dfd4dd7bdf68fad77f,image-cf96a51a1591d6a3a5b3e4dfd4dd7bdf68fad77f.png,R04,9449.694361840484,5127.418013651755,784.0,482.0,1,translate(9449.694361840484 5127.418013651755) rotate(0 391.9332207207208 241.15625),,"[""T-030"", ""T-032"", ""T-028""]","[""confidential/public clients/pkce flow/both lients types flow,bff"", ""what is conf/pub clients and why bff is good"", ""for api to decide whether this user is allowed to request it(in addition to scopes)""]",pending_supplemental_transcript
IU-127,image-40b5b54824b140212fb73f4da291f23dc957a7e4,image-40b5b54824b140212fb73f4da291f23dc957a7e4.png,R04,9434.713828594906,5588.7513266400365,796.0,482.0,1,translate(9434.713828594906 5588.7513266400365) rotate(0 398.0248786407767 241.15625),,"[""T-030"", ""T-032"", ""T-031""]","[""confidential/public clients/pkce flow/both lients types flow,bff"", ""what is conf/pub clients and why bff is good"", ""pkce public client spa""]",pending_supplemental_transcript
IU-128,image-69b0414f2f8293ef864f15327af35e743a9905c7,image-69b0414f2f8293ef864f15327af35e743a9905c7.png,R04,9427.29433060808,6061.574202616601,874.0,462.0,1,translate(9427.29433060808 6061.574202616601) rotate(0 437 231),,"[""T-030"", ""T-032"", ""T-031""]","[""confidential/public clients/pkce flow/both lients types flow,bff"", ""what is conf/pub clients and why bff is good"", ""pkce public client spa""]",pending_supplemental_transcript
IU-129,image-4b565d6614596aa3d39c5a201e4ec401bef13ebd,image-4b565d6614596aa3d39c5a201e4ec401bef13ebd.png,R04,9423.96083451433,6529.574202616601,838.0,382.0,1,translate(9423.96083451433 6529.574202616601) rotate(0 419 191),,"[""T-030"", ""T-032"", ""T-031""]","[""confidential/public clients/pkce flow/both lients types flow,bff"", ""what is conf/pub clients and why bff is good"", ""pkce public client spa""]",pending_supplemental_transcript
IU-130,image-ef5663fc115ce0fd1f5f0f9679e3f4b60a1bd8b3,image-ef5663fc115ce0fd1f5f0f9679e3f4b60a1bd8b3.png,R04,9439.794208537767,6849.407637675195,897.0,449.0,1,translate(9439.794208537767 6849.407637675195) rotate(0 448.5 224.5),,"[""T-030"", ""T-032"", ""T-102""]","[""confidential/public clients/pkce flow/both lients types flow,bff"", ""what is conf/pub clients and why bff is good"", ""token rotation""]",pending_supplemental_transcript
IU-131,image-3aacc3fe662c4dcd23de94b86084bd8d2510c37e,image-3aacc3fe662c4dcd23de94b86084bd8d2510c37e.png,R04,9451.800568456789,7302.084700663476,678.0,482.0,1,translate(9451.800568456789 7302.084700663476) rotate(0 339.1603881278538 241.15625),,"[""T-102"", ""T-100"", ""T-101""]","[""token rotation"", ""should we use refresh tokens in spa"", ""token rotation""]",pending_supplemental_transcript
IU-132,image-2eaf7e1fce855dfc30196d219f214423af8a5e3b,image-2eaf7e1fce855dfc30196d219f214423af8a5e3b.png,R04,9456.29433060808,7788.907637675195,904.0,418.0,1,translate(9456.29433060808 7788.907637675195) rotate(0 452 209),,"[""T-102"", ""T-101"", ""T-100""]","[""token rotation"", ""token rotation"", ""should we use refresh tokens in spa""]",pending_supplemental_transcript
IU-133,image-a93a29a288b19c79de85a14f127b7dbd01b66bb5,image-a93a29a288b19c79de85a14f127b7dbd01b66bb5.png,R04,9454.127704631517,8231.907576640038,687.0,372.0,1,translate(9454.127704631517 8231.907576640038) rotate(0 343.5 186),,"[""T-102"", ""T-101"", ""T-100""]","[""token rotation"", ""token rotation"", ""should we use refresh tokens in spa""]",pending_supplemental_transcript
IU-134,image-fc2a37911fab57afd91f57ee5a8ccd8c87c9cfc9,image-fc2a37911fab57afd91f57ee5a8ccd8c87c9cfc9.png,R04,9448.127582561205,8613.240950663476,883.0,332.0,1,translate(9448.127582561205 8613.240950663476) rotate(0 441.5 166),,"[""T-102"", ""T-101"", ""T-100""]","[""token rotation"", ""token rotation"", ""should we use refresh tokens in spa""]",pending_supplemental_transcript
IU-135,image-593e882fd17929d82a2982405e6a9cf7fb073fc2,image-593e882fd17929d82a2982405e6a9cf7fb073fc2.png,R04,9430.211515807277,8940.751326640038,735.0,482.0,1,translate(9430.211515807277 8940.751326640038) rotate(0 367.41606675392677 241.15625),,"[""T-102"", ""T-101"", ""T-100""]","[""token rotation"", ""token rotation"", ""should we use refresh tokens in spa""]",pending_supplemental_transcript
IU-136,image-7244005e6db0fd2dc86cb64f7c38f417263ff094,image-7244005e6db0fd2dc86cb64f7c38f417263ff094.png,R04,9410.188298604511,9438.084700663476,791.0,482.0,1,translate(9410.188298604511 9438.084700663476) rotate(0 395.43928395669286 241.15625),,"[""T-102"", ""T-101"", ""T-009""]","[""token rotation"", ""token rotation"", ""why""]",pending_supplemental_transcript
IU-137,image-692cc17478d850a1683f3f14ba9fceb5284fb736,image-692cc17478d850a1683f3f14ba9fceb5284fb736.png,R04,9411.627582561205,9940.574263651757,876.0,368.0,1,translate(9411.627582561205 9940.574263651757) rotate(0 438 184),,"[""T-094"", ""T-009"", ""T-102""]","[""are there sec reason or just a payload?"", ""why"", ""token rotation""]",pending_supplemental_transcript
IU-138,image-5d86e50af723ecf46ebb002d5fb1c05966ac66bb,image-5d86e50af723ecf46ebb002d5fb1c05966ac66bb.png,R04,9419.627582561205,10307.074263651757,844.0,371.0,1,translate(9419.627582561205 10307.074263651757) rotate(0 422 185.5),,"[""T-094"", ""T-034"", ""T-009""]","[""are there sec reason or just a payload?"", ""clients config"", ""why""]",pending_supplemental_transcript
IU-139,image-de24314181abb5574bd1b1e72081233881c8a1c7,image-de24314181abb5574bd1b1e72081233881c8a1c7.png,R04,9405.294208537767,10672.407576640038,918.0,443.0,1,translate(9405.294208537767 10672.407576640038) rotate(0 459 221.5),,"[""T-094"", ""T-034"", ""T-036""]","[""are there sec reason or just a payload?"", ""clients config"", ""using Microsoft.AspNetCore.Authentication.Cookies;""]",pending_supplemental_transcript
IU-140,image-11615b42358e47f0c93fc2093b9391e884b77905,image-11615b42358e47f0c93fc2093b9391e884b77905.png,R04,9399.940796452482,11122.084700663476,705.0,482.0,1,translate(9399.940796452482 11122.084700663476) rotate(0 352.3535341555978 241.15625),,"[""T-094"", ""T-034"", ""T-036""]","[""are there sec reason or just a payload?"", ""clients config"", ""using Microsoft.AspNetCore.Authentication.Cookies;""]",pending_supplemental_transcript
IU-141,image-c31ec51440d3361673ebb8c913219d2274397281,image-c31ec51440d3361673ebb8c913219d2274397281.png,R04,9396.17057409106,11578.084700663476,606.0,482.0,1,translate(9396.17057409106 11578.084700663476) rotate(0 302.7905045638945 241.15625),,"[""T-034"", ""T-094"", ""T-036""]","[""clients config"", ""are there sec reason or just a payload?"", ""using Microsoft.AspNetCore.Authentication.Cookies;""]",pending_supplemental_transcript
IU-142,image-3d1754c5d7322dc52d4e74556dd3b4fe4507b689,image-3d1754c5d7322dc52d4e74556dd3b4fe4507b689.png,R04,9384.960956584642,12046.407637675195,628.0,327.0,1,translate(9384.960956584642 12046.407637675195) rotate(0 314 163.5),,"[""T-034"", ""T-094"", ""T-036""]","[""clients config"", ""are there sec reason or just a payload?"", ""using Microsoft.AspNetCore.Authentication.Cookies;""]",pending_supplemental_transcript
IU-143,image-409eeb12e4fc37c7e0e9a5c6aabdd74f64cca650,image-409eeb12e4fc37c7e0e9a5c6aabdd74f64cca650.png,R03,7883.38676949718,6239.311938975794,1011.0,419.0,1,translate(7883.38676949718 6239.311938975794) rotate(0 505.5 209.5),,"[""T-030"", ""T-100"", ""T-101""]","[""confidential/public clients/pkce flow/both lients types flow,bff"", ""should we use refresh tokens in spa"", ""token rotation""]",pending_supplemental_transcript
IU-144,image-9c0864671eac823c479283bd5a44eba5b1591c37,image-9c0864671eac823c479283bd5a44eba5b1591c37.png,R03,7891.186892692789,5738.3223149523565,894.0,482.0,1,translate(7891.186892692789 5738.3223149523565) rotate(0 447.033128757515 241.15625),,"[""T-030"", ""T-028"", ""T-027""]","[""confidential/public clients/pkce flow/both lients types flow,bff"", ""for api to decide whether this user is allowed to request it(in addition to scopes)"", ""claimsprincipal by middleware, userclaims in apiresources are needed ""]",pending_supplemental_transcript
IU-145,image-a9cedb037b6002d3727b8745bea1c592563734b2,image-a9cedb037b6002d3727b8745bea1c592563734b2.png,R03,7892.386647426867,5276.311938975794,961.0,425.0,1,translate(7892.386647426867 5276.311938975794) rotate(0 480.5 212.5),,"[""T-028"", ""T-027"", ""T-026""]","[""for api to decide whether this user is allowed to request it(in addition to scopes)"", ""claimsprincipal by middleware, userclaims in apiresources are needed "", ""gets in id token and what is being populated into ""]",pending_supplemental_transcript
IU-146,image-06e3b328bc14d187f7f461512195bb5bac0c75f1,image-06e3b328bc14d187f7f461512195bb5bac0c75f1.png,R03,7900.220021450305,4799.9785649523565,732.0,471.0,1,translate(7900.220021450305 4799.9785649523565) rotate(0 366 235.5),,"[""T-028"", ""T-027"", ""T-026""]","[""for api to decide whether this user is allowed to request it(in addition to scopes)"", ""claimsprincipal by middleware, userclaims in apiresources are needed "", ""gets in id token and what is being populated into ""]",pending_supplemental_transcript
IU-147,image-ab04c40e331a7a052919c20c885ebf0130ee7c19,image-ab04c40e331a7a052919c20c885ebf0130ee7c19.png,R03,7923.386647426867,4566.4785649523565,963.0,218.0,1,translate(7923.386647426867 4566.4785649523565) rotate(0 481.5 109),,"[""T-028"", ""T-027"", ""T-026""]","[""for api to decide whether this user is allowed to request it(in addition to scopes)"", ""claimsprincipal by middleware, userclaims in apiresources are needed "", ""gets in id token and what is being populated into ""]",pending_supplemental_transcript
IU-148,image-28555eb5db7997d1b2974fc0cbd0f6c69c204a4a,image-28555eb5db7997d1b2974fc0cbd0f6c69c204a4a.png,R07,12664.711001109386,2068.8603883393353,815.0,482.0,1,translate(12664.711001109386 2068.8603883393353) rotate(0 407.7233752371917 241.15625),,"[""T-255"", ""T-035"", ""T-257""]","[""api resources"", ""idp config"", ""for custom id resources""]",pending_supplemental_transcript
IU-149,image-fcedca42d6f401555ad357ea63d2827a55b0c4b1,image-fcedca42d6f401555ad357ea63d2827a55b0c4b1.png,R07,12652.26765881728,2576.3499208100384,897.0,374.0,1,translate(12652.26765881728 2576.3499208100384) rotate(0 448.5 187),,"[""T-255"", ""T-035"", ""T-025""]","[""api resources"", ""idp config"", ""so identity resources is what client app ""]",pending_supplemental_transcript
IU-150,image-eada7b25df3420fabc7fa97dd2e35ae93ba2a6e8,image-eada7b25df3420fabc7fa97dd2e35ae93ba2a6e8.png,R07,12673.934376346577,2957.183279574687,847.0,399.0,1,translate(12673.934376346577 2957.183279574687) rotate(0 423.5 199.5),,"[""T-255"", ""T-035"", ""T-025""]","[""api resources"", ""idp config"", ""so identity resources is what client app ""]",pending_supplemental_transcript
IU-151,image-114a429d3ad14ca5fd54beaee35bb628bee08e6b,image-114a429d3ad14ca5fd54beaee35bb628bee08e6b.png,R07,12692.107411565405,3363.8603883393353,794.0,482.0,1,translate(12692.107411565405 3363.8603883393353) rotate(0 396.99368231046947 241.15625),,"[""T-255"", ""T-035"", ""T-031""]","[""api resources"", ""idp config"", ""pkce public client spa""]",pending_supplemental_transcript
IU-152,image-a86a4023546b223c7bc8e0303505334669e47a52,image-a86a4023546b223c7bc8e0303505334669e47a52.png,R07,12702.76765881728,3883.3499208100384,856.0,430.0,1,translate(12702.76765881728 3883.3499208100384) rotate(0 428 215),,"[""T-031"", ""T-033"", ""T-032""]","[""pkce public client spa"", ""pkce confidential client, mvc,bff"", ""what is conf/pub clients and why bff is good""]",pending_supplemental_transcript
IU-153,image-759137eae5cc0466b49dc27f553b8af146582350,image-759137eae5cc0466b49dc27f553b8af146582350.png,R07,12706.434376346577,4344.516638339335,932.0,311.0,1,translate(12706.434376346577 4344.516638339335) rotate(0 466 155.5),,"[""T-031"", ""T-033"", ""T-032""]","[""pkce public client spa"", ""pkce confidential client, mvc,bff"", ""what is conf/pub clients and why bff is good""]",pending_supplemental_transcript
IU-154,image-5066f6f41e159e36037fbc60453ea71a908fd682,image-5066f6f41e159e36037fbc60453ea71a908fd682.png,R07,12724.312083039491,4672.193747103984,596.0,482.0,1,translate(12724.312083039491 4672.193747103984) rotate(0 298.1222933070867 241.15625),,"[""T-031"", ""T-033"", ""T-032""]","[""pkce public client spa"", ""pkce confidential client, mvc,bff"", ""what is conf/pub clients and why bff is good""]",pending_supplemental_transcript
IU-155,image-073e326ce8164ce4b067eddf381cd29aacdd971c,image-073e326ce8164ce4b067eddf381cd29aacdd971c.png,R07,12714.26765881728,5181.849920810038,913.0,373.0,1,translate(12714.26765881728 5181.849920810038) rotate(0 456.5 186.5),,"[""T-031"", ""T-033"", ""T-032""]","[""pkce public client spa"", ""pkce confidential client, mvc,bff"", ""what is conf/pub clients and why bff is good""]",pending_supplemental_transcript
IU-156,image-adcbdda55596c0917b1b9bebc17ebc3bf0729700,image-adcbdda55596c0917b1b9bebc17ebc3bf0729700.png,R03,6483.545585792106,3833.461255716722,686.0,106.0,1,translate(6483.545585792106 3833.461255716722) rotate(0 343 53),,"[""T-029"", ""T-025"", ""T-026""]","[""iprofser"", ""so identity resources is what client app "", ""gets in id token and what is being populated into ""]",pending_supplemental_transcript
IU-157,image-f115ab28df2a054b2eabf54c5f166f475163f014,image-f115ab28df2a054b2eabf54c5f166f475163f014.png,R03,6474.8493629925415,3965.3049039914604,752.0,482.0,1,translate(6474.8493629925415 3965.3049039914604) rotate(0 376.1405994271686 241.15625),,"[""T-029"", ""T-025"", ""T-026""]","[""iprofser"", ""so identity resources is what client app "", ""gets in id token and what is being populated into ""]",pending_supplemental_transcript
IU-158,image-74efa5c9eabf97c5f80b61ab6a10adae97d2a520,image-74efa5c9eabf97c5f80b61ab6a10adae97d2a520.png,R03,6449.656629086377,4456.905734069585,856.0,268.0,1,translate(6449.656629086377 4456.905734069585) rotate(0 428 134),,"[""T-028"", ""T-027"", ""T-026""]","[""for api to decide whether this user is allowed to request it(in addition to scopes)"", ""claimsprincipal by middleware, userclaims in apiresources are needed "", ""gets in id token and what is being populated into ""]",pending_supplemental_transcript
IU-159,image-1794187c59fcb5c787a47a08f28cded0ce885219,image-1794187c59fcb5c787a47a08f28cded0ce885219.png,R03,6425.545382341585,5983.405835794847,962.0,415.0,1,translate(6425.545382341585 5983.405835794847) rotate(0 481 207.5),,"[""T-006"", ""T-100"", ""T-101""]","[""def challenge scheme how works"", ""should we use refresh tokens in spa"", ""token rotation""]",pending_supplemental_transcript
IU-160,image-df3869ea48d16e9a3c631231345d83fe3854a69b,image-df3869ea48d16e9a3c631231345d83fe3854a69b.png,R03,6426.087301431515,6391.9716723833935,694.0,482.0,1,translate(6426.087301431515 6391.9716723833935) rotate(0 347.1247475767367 241.15625),,"[""T-100"", ""T-006"", ""T-101""]","[""should we use refresh tokens in spa"", ""def challenge scheme how works"", ""token rotation""]",pending_supplemental_transcript
IU-161,image-0bd976d627e496fe76323659bef1516bc4a9a76e,image-0bd976d627e496fe76323659bef1516bc4a9a76e.png,R03,6401.434135596793,6899.572400736257,988.0,276.0,1,translate(6401.434135596793 6899.572400736257) rotate(0 494 138),,"[""T-100"", ""T-101"", ""T-102""]","[""should we use refresh tokens in spa"", ""token rotation"", ""token rotation""]",pending_supplemental_transcript
IU-162,image-040963a5e2315e58f68d71f57a19578868538442,image-040963a5e2315e58f68d71f57a19578868538442.png,R03,6406.529671601722,5644.754930004068,914.0,291.0,1,translate(6406.529671601722 5644.754930004068) rotate(0 457 145.5),,"[""T-006"", ""T-028"", ""T-027""]","[""def challenge scheme how works"", ""for api to decide whether this user is allowed to request it(in addition to scopes)"", ""claimsprincipal by middleware, userclaims in apiresources are needed ""]",pending_supplemental_transcript
IU-163,image-4e17db5222597570e6962a09a1bdb608252341dc,image-4e17db5222597570e6962a09a1bdb608252341dc.png,R03,6454.233369654023,5085.162436311034,886.0,185.0,1,translate(6454.233369654023 5085.162436311034) rotate(0 443 92.5),,"[""T-028"", ""T-027"", ""T-026""]","[""for api to decide whether this user is allowed to request it(in addition to scopes)"", ""claimsprincipal by middleware, userclaims in apiresources are needed "", ""gets in id token and what is being populated into ""]",pending_supplemental_transcript
IU-164,image-25118095c09a544a2c7a47fbbfbd007c3a6ea85f,image-25118095c09a544a2c7a47fbbfbd007c3a6ea85f.png,R03,6417.566804712616,4727.662360017089,856.0,350.0,1,translate(6417.566804712616 4727.662360017089) rotate(0 428 175),,"[""T-028"", ""T-027"", ""T-026""]","[""for api to decide whether this user is allowed to request it(in addition to scopes)"", ""claimsprincipal by middleware, userclaims in apiresources are needed "", ""gets in id token and what is being populated into ""]",pending_supplemental_transcript
IU-165,image-f5000adb85b613f141bf2d10f121862494af48cf,image-f5000adb85b613f141bf2d10f121862494af48cf.png,R05,10710.257327890473,9265.918648421679,641.0,312.0,1,translate(10710.257327890473 9265.918648421679) rotate(0 320.5 156),,"[""T-102"", ""T-101"", ""T-100""]","[""token rotation"", ""token rotation"", ""should we use refresh tokens in spa""]",pending_supplemental_transcript
IU-166,image-65985d0ad9f7f2091d201dac0575a5c9a8dbc716,image-65985d0ad9f7f2091d201dac0575a5c9a8dbc716.png,R05,10696.375506194508,8759.095757186327,715.0,482.0,1,translate(10696.375506194508 8759.095757186327) rotate(0 357.7151041666666 241.15625),,"[""T-102"", ""T-101"", ""T-100""]","[""token rotation"", ""token rotation"", ""should we use refresh tokens in spa""]",pending_supplemental_transcript
IU-167,image-85feaa4bdb20ead6c933220433a5b7ca326f5398,image-85feaa4bdb20ead6c933220433a5b7ca326f5398.png,R05,10695.257327890473,8407.418724715624,701.0,339.0,1,translate(10695.257327890473 8407.418724715624) rotate(0 350.5 169.5),,"[""T-102"", ""T-101"", ""T-100""]","[""token rotation"", ""token rotation"", ""should we use refresh tokens in spa""]",pending_supplemental_transcript
IU-168,image-a7dd1b96dd77ab2d91d2e545fee81547159e4c57,image-a7dd1b96dd77ab2d91d2e545fee81547159e4c57.png,R05,10691.257480478364,7975.085213363085,779.0,417.0,1,translate(10691.257480478364 7975.085213363085) rotate(0 389.5 208.5),,"[""T-102"", ""T-101"", ""T-100""]","[""token rotation"", ""token rotation"", ""should we use refresh tokens in spa""]",pending_supplemental_transcript
IU-169,image-0e0d27f9cdc9c9487def7a84e1d05962d388bc7a,image-0e0d27f9cdc9c9487def7a84e1d05962d388bc7a.png,R05,10687.58851779432,7475.762398421679,776.0,482.0,1,translate(10687.58851779432 7475.762398421679) rotate(0 388.1688100961537 241.15625),,"[""T-032"", ""T-102"", ""T-030""]","[""what is conf/pub clients and why bff is good"", ""token rotation"", ""confidential/public clients/pkce flow/both lients types flow,bff""]",pending_supplemental_transcript
IU-170,image-f1ab849978c256e5111a3cbc0a80a4e355ef8e34,image-f1ab849978c256e5111a3cbc0a80a4e355ef8e34.png,R05,10693.740817773629,6970.762322127734,761.0,482.0,1,translate(10693.740817773629 6970.762322127734) rotate(0 380.34994517543873 241.15625),,"[""T-032"", ""T-030"", ""T-031""]","[""what is conf/pub clients and why bff is good"", ""confidential/public clients/pkce flow/both lients types flow,bff"", ""pkce public client spa""]",pending_supplemental_transcript
IU-171,image-4aa4e0fcea67eaa614a25c7b0ee2ec856926511d,image-4aa4e0fcea67eaa614a25c7b0ee2ec856926511d.png,R05,10697.50156945823,6490.762398421679,770.0,482.0,1,translate(10697.50156945823 6490.762398421679) rotate(0 384.92247596153857 241.15625),,"[""T-032"", ""T-030"", ""T-031""]","[""what is conf/pub clients and why bff is good"", ""confidential/public clients/pkce flow/both lients types flow,bff"", ""pkce public client spa""]",pending_supplemental_transcript
IU-172,image-9ffe1faa2d7934a1636ab1d091da4e29fe65906a,image-9ffe1faa2d7934a1636ab1d091da4e29fe65906a.png,R05,10713.590762949067,6109.252007186327,861.0,362.0,1,translate(10713.590762949067 6109.252007186327) rotate(0 430.5 181),,"[""T-032"", ""T-030"", ""T-031""]","[""what is conf/pub clients and why bff is good"", ""confidential/public clients/pkce flow/both lients types flow,bff"", ""pkce public client spa""]",pending_supplemental_transcript
IU-173,image-e0854f42b7461d6221bdb115c2355bec9c09419a,image-e0854f42b7461d6221bdb115c2355bec9c09419a.png,R07,12887.305281178235,7619.077303497475,685.0,296.0,1,translate(12887.305281178235 7619.077303497475) rotate(0 342.5 148),,"[""T-031"", ""T-033"", ""T-032""]","[""pkce public client spa"", ""pkce confidential client, mvc,bff"", ""what is conf/pub clients and why bff is good""]",pending_supplemental_transcript
IU-174,image-6d05286c911f963c64e7fd06ca2b94275dcd671f,image-6d05286c911f963c64e7fd06ca2b94275dcd671f.png,R07,12911.717996642023,7068.778283547699,632.0,482.0,1,translate(12911.717996642023 7068.778283547699) rotate(0 316.18263888888896 241.15625),,"[""T-031"", ""T-033"", ""T-032""]","[""pkce public client spa"", ""pkce confidential client, mvc,bff"", ""what is conf/pub clients and why bff is good""]",pending_supplemental_transcript
IU-175,image-8310ea96e50e202d6ff691035125cb62fb8392dd,image-8310ea96e50e202d6ff691035125cb62fb8392dd.png,R07,12897.852958354575,6623.553464909306,702.0,428.0,1,translate(12897.852958354575 6623.553464909306) rotate(0 351 214),,"[""T-031"", ""T-033"", ""T-032""]","[""pkce public client spa"", ""pkce confidential client, mvc,bff"", ""what is conf/pub clients and why bff is good""]",pending_supplemental_transcript
IU-176,image-e47d1690c9c9dea431581e4ca54f69d3f7026924,image-e47d1690c9c9dea431581e4ca54f69d3f7026924.png,R07,12889.931478552879,6154.492482068907,634.0,482.0,1,translate(12889.931478552879 6154.492482068907) rotate(0 317.01665976821187 241.15625),,"[""T-031"", ""T-033"", ""T-032""]","[""pkce public client spa"", ""pkce confidential client, mvc,bff"", ""what is conf/pub clients and why bff is good""]",pending_supplemental_transcript
IU-177,image-c5d9dffb73e25eb107bc89346eadd36e1309d025,image-c5d9dffb73e25eb107bc89346eadd36e1309d025.png,R06,11670.773163607082,6884.506145587902,810.0,442.0,1,translate(11670.773163607082 6884.506145587902) rotate(0 405 221),,"[""T-032"", ""T-031"", ""T-030""]","[""what is conf/pub clients and why bff is good"", ""pkce public client spa"", ""confidential/public clients/pkce flow/both lients types flow,bff""]",pending_supplemental_transcript
IU-178,image-78c63566387328bf60553fb94fbdc212b075da4b,image-78c63566387328bf60553fb94fbdc212b075da4b.png,R06,11695.384105176094,6505.839453489922,633.0,356.0,1,translate(11695.384105176094 6505.839453489922) rotate(0 316.5 178),,"[""T-032"", ""T-031"", ""T-030""]","[""what is conf/pub clients and why bff is good"", ""pkce public client spa"", ""confidential/public clients/pkce flow/both lients types flow,bff""]",pending_supplemental_transcript
IU-179,image-67ed4b96c0e77a35ec8d07a61a055c4c5313928b,image-67ed4b96c0e77a35ec8d07a61a055c4c5313928b.png,R06,11703.05082270539,6107.839453489922,761.0,372.0,1,translate(11703.05082270539 6107.839453489922) rotate(0 380.5 186),,"[""T-032"", ""T-031"", ""T-030""]","[""what is conf/pub clients and why bff is good"", ""pkce public client spa"", ""confidential/public clients/pkce flow/both lients types flow,bff""]",pending_supplemental_transcript
IU-180,image-6b3abf86801302756a79414c80131cbe94a38004,image-6b3abf86801302756a79414c80131cbe94a38004.png,R08,14002.66191686229,6163.506069293955,724.0,434.0,1,translate(14002.66191686229 6163.506069293955) rotate(0 362 217),,"[""T-033"", ""T-031"", ""T-032""]","[""pkce confidential client, mvc,bff"", ""pkce public client spa"", ""what is conf/pub clients and why bff is good""]",pending_supplemental_transcript
IU-181,image-6475516128741726a62b16a4f3f16a7c465e59fa,image-6475516128741726a62b16a4f3f16a7c465e59fa.png,R08,13983.328634391586,6622.5061455879,896.0,466.0,1,translate(13983.328634391586 6622.5061455879) rotate(0 448 233),,"[""T-033"", ""T-031"", ""T-032""]","[""pkce confidential client, mvc,bff"", ""pkce public client spa"", ""what is conf/pub clients and why bff is good""]",pending_supplemental_transcript
IU-182,image-8a530e7be25fddfcdf1ab9daa2c83fcc4849847c,image-8a530e7be25fddfcdf1ab9daa2c83fcc4849847c.png,R08,13981.414065793715,7096.016460529307,563.0,482.0,1,translate(13981.414065793715 7096.016460529307) rotate(0 281.58128612716746 241.15625),,"[""T-033"", ""T-031"", ""T-032""]","[""pkce confidential client, mvc,bff"", ""pkce public client spa"", ""what is conf/pub clients and why bff is good""]",pending_supplemental_transcript
IU-183,image-b741fabd397140fa50b274747955a2caad252a33,image-b741fabd397140fa50b274747955a2caad252a33.png,R08,13980.333426058252,7597.683101764658,582.0,482.0,1,translate(13980.333426058252 7597.683101764658) rotate(0 290.99520833333327 241.15625),,"[""T-033"", ""T-031"", ""T-032""]","[""pkce confidential client, mvc,bff"", ""pkce public client spa"", ""what is conf/pub clients and why bff is good""]",pending_supplemental_transcript
IU-184,image-55c56330d336ded6616d4c54d296940f73bcd0bf,image-55c56330d336ded6616d4c54d296940f73bcd0bf.png,R08,13976.66206945018,8100.006069293955,906.0,371.0,1,translate(13976.66206945018 8100.006069293955) rotate(0 453 185.5),,"[""T-033"", ""T-031"", ""T-032""]","[""pkce confidential client, mvc,bff"", ""pkce public client spa"", ""what is conf/pub clients and why bff is good""]",pending_supplemental_transcript
IU-185,image-0e1195133151fd9a7fc341a28c77558295aba48e,image-0e1195133151fd9a7fc341a28c77558295aba48e.png,R08,13956.828634391586,8487.506069293955,879.0,176.0,1,translate(13956.828634391586 8487.506069293955) rotate(0 439.5 88),,"[""T-033"", ""T-031"", ""T-032""]","[""pkce confidential client, mvc,bff"", ""pkce public client spa"", ""what is conf/pub clients and why bff is good""]",pending_supplemental_transcript
IU-186,image-5f20866dadc724ddb28d81d5a07c34d565599a44,image-5f20866dadc724ddb28d81d5a07c34d565599a44.png,R04,9327.661621859033,17934.68106725945,650.0,264.0,1,translate(9327.661621859033 17934.68106725945) rotate(0 325 132),,"[""T-193"", ""T-195"", ""T-196""]","[""        var sid = Guid.NewGuid().ToString(\""N\""); // our server session id"", ""        // Add sid claim to the cookie identity (small)"", ""        var identity = (ClaimsIdentity)ctx.Principal!.Identity!;""]",pending_supplemental_transcript
IU-187,image-9c83a99b435ff02eef578b3ded0cd545d7c45a79,image-9c83a99b435ff02eef578b3ded0cd545d7c45a79.png,R04,9282.698638202939,17444.96901586785,774.0,482.0,1,translate(9282.698638202939 17444.96901586785) rotate(0 387.18512110726647 241.15625),,"[""T-178"", ""T-179"", ""T-181""]","[""using Microsoft.AspNetCore.Authentication.OpenIdConnect;"", ""using System.Security.Claims;"", ""options.Events = new OpenIdConnectEvents""]",pending_supplemental_transcript
IU-188,image-27f872e2d787e70753da8606124c0da685e0188c,image-27f872e2d787e70753da8606124c0da685e0188c.png,R04,9287.217194368799,17054.125189573904,902.0,364.0,1,translate(9287.217194368799 17054.125189573904) rotate(0 451 182),,"[""T-178"", ""T-179"", ""T-181""]","[""using Microsoft.AspNetCore.Authentication.OpenIdConnect;"", ""using System.Security.Claims;"", ""options.Events = new OpenIdConnectEvents""]",pending_supplemental_transcript
IU-189,image-d3b4e0de3954bf22037d6ab96ad4e194b4243030,image-d3b4e0de3954bf22037d6ab96ad4e194b4243030.png,R04,9274.216889193018,16582.12526586785,938.0,458.0,1,translate(9274.216889193018 16582.12526586785) rotate(0 469 229),,"[""T-178"", ""T-179"", ""T-181""]","[""using Microsoft.AspNetCore.Authentication.OpenIdConnect;"", ""using System.Security.Claims;"", ""options.Events = new OpenIdConnectEvents""]",pending_supplemental_transcript
IU-190,image-c3aa12c633d9cbd106848ef6622867a5d8eb8ca3,image-c3aa12c633d9cbd106848ef6622867a5d8eb8ca3.png,R04,9299.383759310205,16089.2919071032,931.0,477.0,1,translate(9299.383759310205 16089.2919071032) rotate(0 465.5 238.5),,"[""T-093"", ""T-092"", ""T-091""]","[""app.Run();"", ""app.MapDefaultControllerRoute();"", ""app.UseAuthorization();""]",pending_supplemental_transcript
IU-191,image-e99e7a7fd39d1e3b5b2e0fd32460eb923e40e851,image-e99e7a7fd39d1e3b5b2e0fd32460eb923e40e851.png,R04,9310.217041780908,15784.458624632496,866.0,280.0,1,translate(9310.217041780908 15784.458624632496) rotate(0 433 140),,"[""T-093"", ""T-092"", ""T-091""]","[""app.Run();"", ""app.MapDefaultControllerRoute();"", ""app.UseAuthorization();""]",pending_supplemental_transcript
IU-192,image-80d2ad7f1a6bc57d2d5841322d91390859b2ba4b,image-80d2ad7f1a6bc57d2d5841322d91390859b2ba4b.png,R04,9327.550476839502,15368.625265867848,848.0,395.0,1,translate(9327.550476839502 15368.625265867848) rotate(0 424 197.5),,"[""T-093"", ""T-092"", ""T-091""]","[""app.Run();"", ""app.MapDefaultControllerRoute();"", ""app.UseAuthorization();""]",pending_supplemental_transcript
IU-193,image-2fbcfaa5d24244e7f8b7ebc712819e0f1bb8160a,image-2fbcfaa5d24244e7f8b7ebc712819e0f1bb8160a.png,R04,9317.32808507518,15029.402975828785,874.0,339.0,1,translate(9317.32808507518 15029.402975828785) rotate(0 437 169.5),,"[""T-093"", ""T-092"", ""T-091""]","[""app.Run();"", ""app.MapDefaultControllerRoute();"", ""app.UseAuthorization();""]",pending_supplemental_transcript
IU-194,image-c9c16e7f25d02ba135f379b01505f9b12ae04f09,image-c9c16e7f25d02ba135f379b01505f9b12ae04f09.png,R04,9353.713812497786,14531.079957436858,637.0,482.0,1,translate(9353.713812497786 14531.079957436858) rotate(0 318.39198253833047 241.15625),,"[""T-093"", ""T-092"", ""T-091""]","[""app.Run();"", ""app.MapDefaultControllerRoute();"", ""app.UseAuthorization();""]",pending_supplemental_transcript
IU-195,image-a45870c0309b5a1b09c5dafd13bb80bd2f669d4e,image-a45870c0309b5a1b09c5dafd13bb80bd2f669d4e.png,R04,9330.383708447574,14334.014120848316,759.0,192.0,1,translate(9330.383708447574 14334.014120848316) rotate(0 379.5 96),,"[""T-093"", ""T-092"", ""T-091""]","[""app.Run();"", ""app.MapDefaultControllerRoute();"", ""app.UseAuthorization();""]",pending_supplemental_transcript
IU-196,image-a0f2f68371e571d0fef1b1b041b1e8a1dc40abd7,image-a0f2f68371e571d0fef1b1b041b1e8a1dc40abd7.png,R04,9368.563609917179,13831.07995743686,829.0,482.0,1,translate(9368.563609917179 13831.07995743686) rotate(0 414.6534318637275 241.15625),,"[""T-083"", ""T-082"", ""T-084""]","[""      oidc.TokenValidationParameters.RoleClaimType = \""role\"";"", ""      oidc.TokenValidationParameters.NameClaimType = \""name\"";"", ""  });""]",pending_supplemental_transcript
IU-197,image-5a098bf67bf9bd62be05beefbfa6c9ccd7fd581f,image-5a098bf67bf9bd62be05beefbfa6c9ccd7fd581f.png,R04,9377.421742255403,13339.968914142588,745.0,482.0,1,translate(9377.421742255403 13339.968914142588) rotate(0 372.46196619217085 241.15625),,"[""T-062"", ""T-064"", ""T-061""]","[""      oidc.ClientSecret = \""mvc-secret\"";"", ""      oidc.ResponseType = \""code\"";   // Authorization Code flow"", ""      oidc.ClientId = \""mvc\"";""]",pending_supplemental_transcript
IU-198,image-539c82be7455daa73f0513329f1563069edbe985,image-539c82be7455daa73f0513329f1563069edbe985.png,R04,9381.217041780908,12886.569540770191,964.0,438.0,1,translate(9381.217041780908 12886.569540770191) rotate(0 482 219),,"[""T-044"", ""T-043"", ""T-045""]","[""  .AddAuthentication(options =>"", ""builder.Services"", ""  {""]",pending_supplemental_transcript
IU-199,image-9d65c08ad59bf120604bb996c4fb7d35edbaf44d,image-9d65c08ad59bf120604bb996c4fb7d35edbaf44d.png,R05,10111.960287910799,17442.270239138335,895.0,482.0,1,translate(10111.960287910799 17442.270239138335) rotate(0 447.72807655038764 241.15625),IU-120,"[""T-178"", ""T-179"", ""T-181""]","[""using Microsoft.AspNetCore.Authentication.OpenIdConnect;"", ""using System.Security.Claims;"", ""options.Events = new OpenIdConnectEvents""]",pending_supplemental_transcript
IU-200,image-ec7ac78e1d494c2a1f9b5d20f88416296320aaf4,image-ec7ac78e1d494c2a1f9b5d20f88416296320aaf4.png,R03,7938.744123467263,14213.20436864137,913.0,416.0,1,translate(7938.744123467263 14213.20436864137) rotate(0 456.5 208),,"[""T-093"", ""T-092"", ""T-091""]","[""app.Run();"", ""app.MapDefaultControllerRoute();"", ""app.UseAuthorization();""]",pending_supplemental_transcript
IU-201,image-7ae75f26923e33c3b015ba98ccc950b3af7ab47d,image-7ae75f26923e33c3b015ba98ccc950b3af7ab47d.png,R03,7939.5218334282,13950.371035308039,867.0,275.0,1,translate(7939.5218334282 13950.371035308039) rotate(0 433.5 137.5),,"[""T-083"", ""T-084"", ""T-082""]","[""      oidc.TokenValidationParameters.RoleClaimType = \""role\"";"", ""  });"", ""      oidc.TokenValidationParameters.NameClaimType = \""name\"";""]",pending_supplemental_transcript
IU-202,image-ad547efef9433f38a483f06164e98853ec5a3f35,image-ad547efef9433f38a483f06164e98853ec5a3f35.png,R03,7916.11433559834,13631.630271961685,899.0,311.0,1,translate(7916.11433559834 13631.630271961685) rotate(0 449.5 155.5),,"[""T-071"", ""T-072"", ""T-070""]","[""      oidc.Scope.Clear();"", ""      oidc.Scope.Add(\""openid\"");    // required for OIDC"", ""      // Scopes requested at login""]",pending_supplemental_transcript
IU-203,image-833dc54e5ce7ca50f5522d2975f1b4f535c12731,image-833dc54e5ce7ca50f5522d2975f1b4f535c12731.png,R03,7944.499636992602,12691.714725968302,730.0,482.0,1,translate(7944.499636992602 12691.714725968302) rotate(0 365.0036383572567 241.15625),,"[""T-034"", ""T-094"", ""T-037""]","[""clients config"", ""are there sec reason or just a payload?"", ""using Microsoft.AspNetCore.Authentication.OpenIdConnect;""]",pending_supplemental_transcript
IU-204,image-af32b0f7c70393af9662853c8f5551b63c1821b6,image-af32b0f7c70393af9662853c8f5551b63c1821b6.png,R03,7936.935409188242,12191.714725968302,755.0,482.0,1,translate(7936.935409188242 12191.714725968302) rotate(0 377.56786616161617 241.15625),,"[""T-094"", ""T-034"", ""T-036""]","[""are there sec reason or just a payload?"", ""clients config"", ""using Microsoft.AspNetCore.Authentication.Cookies;""]",pending_supplemental_transcript
IU-205,image-745f2570109641fc7aa2dcbca0f9f90c7bfda2eb,image-745f2570109641fc7aa2dcbca0f9f90c7bfda2eb.png,R05,10792.796867530382,15973.384275092885,827.0,234.0,1,translate(10792.796867530382 15973.384275092885) rotate(0 413.5 117),,"[""T-252"", ""T-093"", ""T-253""]","[""setting all needed scopes"", ""app.Run();"", ""!!!""]",pending_supplemental_transcript
IU-206,image-3315fa0a9ae18ffa1424b8b917e2461aac09497f,image-3315fa0a9ae18ffa1424b8b917e2461aac09497f.png,R05,10781.96366983073,15576.402748400176,902.0,385.0,1,translate(10781.96366983073 15576.402748400176) rotate(0 451 192.5),,"[""T-093"", ""T-092"", ""T-091""]","[""app.Run();"", ""app.MapDefaultControllerRoute();"", ""app.UseAuthorization();""]",pending_supplemental_transcript
IU-207,image-263c8498c1527dab40ab3d3b965caf746fe5ccd9,image-263c8498c1527dab40ab3d3b965caf746fe5ccd9.png,R05,10772.111591922741,15228.013893419708,898.0,344.0,1,translate(10772.111591922741 15228.013893419708) rotate(0 449 172),,"[""T-093"", ""T-092"", ""T-091""]","[""app.Run();"", ""app.MapDefaultControllerRoute();"", ""app.UseAuthorization();""]",pending_supplemental_transcript
IU-208,image-3322558eada5b6d6cb56416118f418942c37a236,image-3322558eada5b6d6cb56416118f418942c37a236.png,R05,10778.114960835957,14741.079865641928,836.0,482.0,1,translate(10778.114960835957 14741.079865641928) rotate(0 417.81162674650705 241.15625),,"[""T-093"", ""T-092"", ""T-091""]","[""app.Run();"", ""app.MapDefaultControllerRoute();"", ""app.UseAuthorization();""]",pending_supplemental_transcript
IU-209,image-f004607d801c45080b5a3df1747c58d5987ce694,image-f004607d801c45080b5a3df1747c58d5987ce694.png,R03,7353.317166962741,8139.525376798663,892.0,482.0,1,translate(7353.317166962741 8139.525376798663) rotate(0 446.16032848324517 241.15625),,"[""T-102"", ""T-101"", ""T-100""]","[""token rotation"", ""token rotation"", ""should we use refresh tokens in spa""]",pending_supplemental_transcript
IU-210,image-6123821e093ac32dfe981cb00f164d749e134cfc,image-6123821e093ac32dfe981cb00f164d749e134cfc.png,R03,7341.050671269864,8710.747453214679,834.0,482.0,1,translate(7341.050671269864 8710.747453214679) rotate(0 416.7601066468254 241.15625),,"[""T-102"", ""T-101"", ""T-100""]","[""token rotation"", ""token rotation"", ""should we use refresh tokens in spa""]",pending_supplemental_transcript
IU-211,image-d481252a94519633d072c90f2248946c3fe066f3,image-d481252a94519633d072c90f2248946c3fe066f3.png,R03,7356.810777916689,9213.570497037921,702.0,450.0,1,translate(7356.810777916689 9213.570497037921) rotate(0 351 225),,"[""T-102"", ""T-101"", ""T-009""]","[""token rotation"", ""token rotation"", ""why""]",pending_supplemental_transcript
IU-212,image-7f2934be472f92d6810a040f9ee7a07aec773a67,image-7f2934be472f92d6810a040f9ee7a07aec773a67.png,R03,7349.692796849487,9689.080888273273,613.0,482.0,1,translate(7349.692796849487 9689.080888273273) rotate(0 306.45126353790613 241.15625),,"[""T-009"", ""T-102"", ""T-101""]","[""why"", ""token rotation"", ""token rotation""]",pending_supplemental_transcript
IU-213,image-1b225f004a3d9354a16e796e2a4a4b984abb6705,image-1b225f004a3d9354a16e796e2a4a4b984abb6705.png,R03,7337.6440603873925,10199.403779508624,727.0,475.0,1,translate(7337.6440603873925 10199.403779508624) rotate(0 363.5 237.5),,"[""T-009"", ""T-094"", ""T-243""]","[""why"", ""are there sec reason or just a payload?"", ""accessing tokens from token store""]",pending_supplemental_transcript
IU-214,image-1df6047eb22201e8beea7e94ee0d14371c18c395,image-1df6047eb22201e8beea7e94ee0d14371c18c395.png,R03,7332.6440603873925,10676.570497037921,847.0,404.0,1,translate(7332.6440603873925 10676.570497037921) rotate(0 423.5 202),,"[""T-009"", ""T-094"", ""T-034""]","[""why"", ""are there sec reason or just a payload?"", ""clients config""]",pending_supplemental_transcript
IU-215,image-88d01e199fdf50e53f7f1c8dd8f370f71fddee3b,image-88d01e199fdf50e53f7f1c8dd8f370f71fddee3b.png,R02,4794.2170934816495,23153.818815445076,848.0,482.0,1,translate(4794.2170934816495 23153.818815445076) rotate(0 423.9756547619047 241.15625),,"[""T-103"", ""T-177"", ""T-176""]","[""!!!"", ""}"", ""    }""]",pending_supplemental_transcript
IU-216,image-30d8a4abe8bed265c27b3c6dc0c4c98e9412a489,image-30d8a4abe8bed265c27b3c6dc0c4c98e9412a489.png,R02,4822.3038424004535,22834.141554092537,604.0,305.0,1,translate(4822.3038424004535 22834.141554092537) rotate(0 302 152.5),,"[""T-103"", ""T-177"", ""T-176""]","[""!!!"", ""}"", ""    }""]",pending_supplemental_transcript
IU-217,image-6bf785c18359e9fd1100719b1cee225eba0d96b6,image-6bf785c18359e9fd1100719b1cee225eba0d96b6.png,R02,4802.803994988344,22408.641630386483,883.0,416.0,1,translate(4802.803994988344 22408.641630386483) rotate(0 441.5 208),,"[""T-177"", ""T-176"", ""T-175""]","[""}"", ""    }"", ""        return ((int)resp.StatusCode, body, false);""]",pending_supplemental_transcript
IU-218,image-204910135cb2f95f64c7c84da3af8713abf9c147,image-204910135cb2f95f64c7c84da3af8713abf9c147.png,R02,4810.715359548072,21885.485304092537,661.0,482.0,1,translate(4810.715359548072 21885.485304092537) rotate(0 330.2552003816794 241.15625),,"[""T-177"", ""T-176"", ""T-175""]","[""}"", ""    }"", ""        return ((int)resp.StatusCode, body, false);""]",pending_supplemental_transcript
IU-219,image-e693fa70c38594d3109cf3644bad898e78b4ec29,image-e693fa70c38594d3109cf3644bad898e78b4ec29.png,R02,4792.770559880129,21398.818624710213,843.0,482.0,1,translate(4792.770559880129 21398.818624710213) rotate(0 421.5332825203252 241.15625),,"[""T-160"", ""T-159"", ""T-162""]","[""            return (401, \""\"", true);"", ""        if (accessToken is null)"", ""        var api = _httpClientFactory.CreateClient(\""api\"");""]",pending_supplemental_transcript
IU-220,image-2e5066b2c4a0b60b4a5b35050d9b4839f9d22824,image-2e5066b2c4a0b60b4a5b35050d9b4839f9d22824.png,R02,4793.97055992975,21052.974912857186,834.0,334.0,1,translate(4793.97055992975 21052.974912857186) rotate(0 417 167),,"[""T-143"", ""T-142"", ""T-145""]","[""            return null;"", ""        if (refreshed.IsError || string.IsNullOrEmpty(refreshed.AccessToken))"", ""        var newSet = new TokenSet""]",pending_supplemental_transcript
IU-221,image-8c8a4fa7f31f588e2a1ddbac43db12f0bf4cbac9,image-8c8a4fa7f31f588e2a1ddbac43db12f0bf4cbac9.png,R02,4812.789869971957,20565.485304092537,730.0,482.0,1,translate(4812.789869971957 20565.485304092537) rotate(0 364.84740748709123 241.15625),,"[""T-127"", ""T-126"", ""T-125""]","[""            return tokens.AccessToken;"", ""        if (tokens.ExpiresAt > DateTimeOffset.UtcNow.AddMinutes(1))"", ""        // refresh early""]",pending_supplemental_transcript
IU-222,image-8030242e76828f50166630591e832d7538ea6543,image-8030242e76828f50166630591e832d7538ea6543.png,R02,4817.137124871157,20122.641554092537,931.0,418.0,1,translate(4817.137124871157 20122.641554092537) rotate(0 465.5 209),,"[""T-108"", ""T-107"", ""T-109""]","[""    private readonly IHttpClientFactory _httpClientFactory;"", ""{"", ""    private readonly ITokenStore _tokenStore;""]",pending_supplemental_transcript
IU-223,image-456bb3d3f17a825807bc0709d2b427cdc1f2c2ba,image-456bb3d3f17a825807bc0709d2b427cdc1f2c2ba.png,R02,4818.3038424004535,19639.308271621834,812.0,478.0,1,translate(4818.3038424004535 19639.308271621834) rotate(0 406 239),,"[""T-232"", ""T-234"", ""T-231""]","[""    }"", ""    public async Task<TokenSet?> GetAsync(string sid, CancellationToken ct)"", ""        await _cache.SetStringAsync(Key(sid), json, options, ct);""]",pending_supplemental_transcript
IU-224,image-3195af16cb081294790c554daf73efebe235b88a,image-3195af16cb081294790c554daf73efebe235b88a.png,R02,4792.137277459047,19216.308271621834,831.0,424.0,1,translate(4792.137277459047 19216.308271621834) rotate(0 415.5 212),,"[""T-215"", ""T-214"", ""T-213""]","[""    private readonly IDistributedCache _cache;"", ""{"", ""public sealed class DistributedTokenStore : ITokenStore""]",pending_supplemental_transcript
IU-225,image-ca3348de72db99dd7a6987e03a915fdfd405d028,image-ca3348de72db99dd7a6987e03a915fdfd405d028.png,R02,4768.97055992975,18936.30823347486,934.0,264.0,1,translate(4768.97055992975 18936.30823347486) rotate(0 467 132),,"[""T-210"", ""T-211"", ""T-213""]","[""using Microsoft.Extensions.Caching.Distributed;"", ""using System.Text.Json;"", ""public sealed class DistributedTokenStore : ITokenStore""]",pending_supplemental_transcript
IU-226,image-938c97db3b491e2dbf816ff72071fce626d131c3,image-938c97db3b491e2dbf816ff72071fce626d131c3.png,R02,4779.803994988344,18576.47483656324,899.0,337.0,1,translate(4779.803994988344 18576.47483656324) rotate(0 449.5 168.5),,"[""T-209"", ""T-208"", ""T-207""]","[""};"", ""    }"", ""        }, ctx.HttpContext.RequestAborted);""]",pending_supplemental_transcript
IU-227,image-0e4823dd65d907411a64a1d0cbd601144b19eff7,image-0e4823dd65d907411a64a1d0cbd601144b19eff7.png,R02,4771.355968938449,18090.48534223951,863.0,482.0,1,translate(4771.355968938449 18090.48534223951) rotate(0 431.2813085205993 241.15625),,"[""T-204"", ""T-205"", ""T-203""]","[""            AccessToken = accessToken,"", ""            RefreshToken = refreshToken,"", ""        {""]",pending_supplemental_transcript
IU-228,image-7a7649920f543b7b160845e9792bc6f1aae249b7,image-7a7649920f543b7b160845e9792bc6f1aae249b7.png,R02,4737.159697808784,17583.818624710213,921.0,482.0,1,translate(4737.159697808784 17583.818624710213) rotate(0 460.4774270623743 241.15625),,"[""T-184"", ""T-183"", ""T-185""]","[""    {"", ""    OnTokenResponseReceived = async ctx =>"", ""        // Tokens are available here:""]",pending_supplemental_transcript
IU-229,image-7e35aacedfecd2f702c01efa8da629dd4bbeb2ba,image-7e35aacedfecd2f702c01efa8da629dd4bbeb2ba.png,R03,6629.63162824849,326.8438720703125,767.0,482.0,1,translate(6629.63162824849 326.8438720703125) rotate(0 383.44767720306515 241.15625),,"[""T-247"", ""T-257"", ""T-246""]","[""some claims for clients claims identity for convenient ui logic"", ""for custom id resources"", ""custom identity resources and getting""]",pending_supplemental_transcript
IU-230,image-50ca979f611217412c97b36da396a9f20e3ed1cd,image-50ca979f611217412c97b36da396a9f20e3ed1cd.png,R03,6627.187186142558,807.5845404730899,732.0,482.0,1,translate(6627.187186142558 807.5845404730899) rotate(0 365.89224137931035 241.15625),,"[""T-257"", ""T-256"", ""T-247""]","[""for custom id resources"", ""should i alwats create iprofser"", ""some claims for clients claims identity for convenient ui logic""]",pending_supplemental_transcript
IU-231,image-21cb6fb7b51e829b8ac2788a7c19bf087a2388cb,image-21cb6fb7b51e829b8ac2788a7c19bf087a2388cb.png,R03,6613.412679474994,1309.8334350585938,802.0,407.0,1,translate(6613.412679474994 1309.8334350585938) rotate(0 401 203.5),,"[""T-257"", ""T-256"", ""T-247""]","[""for custom id resources"", ""should i alwats create iprofser"", ""some claims for clients claims identity for convenient ui logic""]",pending_supplemental_transcript
IU-232,image-211c4347978e7ea0c8990444df910dd651d16097,image-211c4347978e7ea0c8990444df910dd651d16097.png,R03,6596.412801545306,1721.5000610351562,860.0,453.0,1,translate(6596.412801545306 1721.5000610351562) rotate(0 430 226.5),,"[""T-001"", ""T-002"", ""T-003""]","[""sending hashed with secret and then sending secret to"", ""get tokens"", ""needed for idp to prove that its you who initialized the flow""]",pending_supplemental_transcript
IU-233,image-deb0c96ed564c597184bf27a41d869b3407a0101,image-deb0c96ed564c597184bf27a41d869b3407a0101.png,R03,6618.820927659505,2178.8438720703125,722.0,482.0,1,translate(6618.820927659505 2178.8438720703125) rotate(0 360.92512583892614 241.15625),,"[""T-003"", ""T-002"", ""T-001""]","[""needed for idp to prove that its you who initialized the flow"", ""get tokens"", ""sending hashed with secret and then sending secret to""]",pending_supplemental_transcript
IU-234,image-fe092c69b8036a5a998912e1df28cf2d61fc83e9,image-fe092c69b8036a5a998912e1df28cf2d61fc83e9.png,R03,6563.912557404681,2680.666748046875,853.0,196.0,1,translate(6563.912557404681 2680.666748046875) rotate(0 426.5 98),,"[""T-029"", ""T-003"", ""T-002""]","[""iprofser"", ""needed for idp to prove that its you who initialized the flow"", ""get tokens""]",pending_supplemental_transcript
IU-235,image-ca6bab9e13b38ab9bd9ca9bc83d0bba9ba191135,image-ca6bab9e13b38ab9bd9ca9bc83d0bba9ba191135.png,R03,6614.385581572896,2909.510498046875,688.0,482.0,1,translate(6614.385581572896 2909.510498046875) rotate(0 344.0270979020979 241.15625),,"[""T-029"", ""T-025"", ""T-026""]","[""iprofser"", ""so identity resources is what client app "", ""gets in id token and what is being populated into ""]",pending_supplemental_transcript
IU-236,image-adcbdda55596c0917b1b9bebc17ebc3bf0729700,image-adcbdda55596c0917b1b9bebc17ebc3bf0729700.png,R03,7742.274283802357,1678.0702238972444,686.0,106.0,1,translate(7742.274283802357 1678.0702238972444) rotate(0 343 53),IU-156,"[""T-257"", ""T-035"", ""T-256""]","[""for custom id resources"", ""idp config"", ""should i alwats create iprofser""]",pending_supplemental_transcript
IU-237,image-f115ab28df2a054b2eabf54c5f166f475163f014,image-f115ab28df2a054b2eabf54c5f166f475163f014.png,R03,7733.578061002792,1809.9138721719792,752.0,482.0,1,translate(7733.578061002792 1809.9138721719792) rotate(0 376.1405994271686 241.15625),IU-157,"[""T-035"", ""T-257"", ""T-256""]","[""idp config"", ""for custom id resources"", ""should i alwats create iprofser""]",pending_supplemental_transcript
IU-238,image-74efa5c9eabf97c5f80b61ab6a10adae97d2a520,image-74efa5c9eabf97c5f80b61ab6a10adae97d2a520.png,R03,7708.385327096627,2301.514702250104,856.0,268.0,1,translate(7708.385327096627 2301.514702250104) rotate(0 428 134),IU-158,"[""T-035"", ""T-029"", ""T-003""]","[""idp config"", ""iprofser"", ""needed for idp to prove that its you who initialized the flow""]",pending_supplemental_transcript
IU-239,image-4e17db5222597570e6962a09a1bdb608252341dc,image-4e17db5222597570e6962a09a1bdb608252341dc.png,R03,7712.962067664273,2929.7714044915483,886.0,185.0,1,translate(7712.962067664273 2929.7714044915483) rotate(0 443 92.5),IU-163,"[""T-035"", ""T-029"", ""T-025""]","[""idp config"", ""iprofser"", ""so identity resources is what client app ""]",pending_supplemental_transcript
IU-240,image-25118095c09a544a2c7a47fbbfbd007c3a6ea85f,image-25118095c09a544a2c7a47fbbfbd007c3a6ea85f.png,R03,7676.295502722866,2572.271328197603,856.0,350.0,1,translate(7676.295502722866 2572.271328197603) rotate(0 428 175),IU-164,"[""T-035"", ""T-029"", ""T-025""]","[""idp config"", ""iprofser"", ""so identity resources is what client app ""]",pending_supplemental_transcript
IU-241,image-f7c3f35ed084db8e6fe3c86600461fb169304390,image-f7c3f35ed084db8e6fe3c86600461fb169304390.png,R07,12764.617900488143,14100.138725453213,770.0,482.0,1,translate(12764.617900488143 14100.138725453213) rotate(0 385.01200530888036 241.15625),,"[""T-265"", ""T-260"", ""T-264""]","[""atuh prop items"", ""scope"", ""additional scropes in""]",pending_supplemental_transcript
IU-242,image-65bd8f8f53f57a47c6f4bfcf5ade28bba84d5f24,image-65bd8f8f53f57a47c6f4bfcf5ade28bba84d5f24.png,R07,12786.17944501857,14594.742018735891,776.0,482.0,1,translate(12786.17944501857 14594.742018735891) rotate(0 388.1331360946747 241.15625),,"[""T-265"", ""T-260"", ""T-264""]","[""atuh prop items"", ""scope"", ""additional scropes in""]",pending_supplemental_transcript
IU-243,image-1fd8459449e0c1ed16ca4a948698c9f526fe5ef8,image-1fd8459449e0c1ed16ca4a948698c9f526fe5ef8.png,R07,12771.534871152306,15089.953841245686,830.0,463.0,1,translate(12771.534871152306 15089.953841245686) rotate(0 415 231.5),,"[""T-253"", ""T-252"", ""T-265""]","[""!!!"", ""setting all needed scopes"", ""atuh prop items""]",pending_supplemental_transcript
IU-244,image-e0b6c2520eef4b4f5f448b99b3399c1d99f3d577,image-e0b6c2520eef4b4f5f448b99b3399c1d99f3d577.png,R07,12763.201639544233,15543.231652931903,840.0,272.0,1,translate(12763.201639544233 15543.231652931903) rotate(0 420 136),,"[""T-252"", ""T-253"", ""T-265""]","[""setting all needed scopes"", ""!!!"", ""atuh prop items""]",pending_supplemental_transcript
IU-245,image-e893e7bfee20994fcf5d17260d21334054af7e84,image-e893e7bfee20994fcf5d17260d21334054af7e84.png,R07,12765.146016171839,15826.39826873595,865.0,259.0,1,translate(12765.146016171839 15826.39826873595) rotate(0 432.5 129.5),,"[""T-252"", ""T-253"", ""T-265""]","[""setting all needed scopes"", ""!!!"", ""atuh prop items""]",pending_supplemental_transcript
IU-246,image-245145b5562262eb87dd24f3f79ce48c11c93366,image-245145b5562262eb87dd24f3f79ce48c11c93366.png,R08,13695.417567834946,14104.125686282205,700.0,474.0,1,translate(13695.417567834946 14104.125686282205) rotate(0 350 237),,"[""T-265"", ""T-264"", ""T-263""]","[""atuh prop items"", ""additional scropes in"", ""with""]",pending_supplemental_transcript
IU-247,image-ca5505edca7c77d263a8dad4ea442021e4fba6a7,image-ca5505edca7c77d263a8dad4ea442021e4fba6a7.png,R08,13672.917466109684,14589.181309654625,785.0,435.0,1,translate(13672.917466109684 14589.181309654625) rotate(0 392.5 217.5),,"[""T-265"", ""T-264"", ""T-263""]","[""atuh prop items"", ""additional scropes in"", ""with""]",pending_supplemental_transcript
IU-248,image-1c139fbc50ef822558300f3118ed91b6388e636b,image-1c139fbc50ef822558300f3118ed91b6388e636b.png,R08,13677.402054819086,15037.747247968437,665.0,482.0,1,translate(13677.402054819086 15037.747247968437) rotate(0 332.4598896434636 241.15625),,"[""T-253"", ""T-252"", ""T-265""]","[""!!!"", ""setting all needed scopes"", ""atuh prop items""]",pending_supplemental_transcript
IU-249,image-8916ec0382a361162750ea4515d2a6ffac7dcb38,image-8916ec0382a361162750ea4515d2a6ffac7dcb38.png,R08,13686.028712854477,15535.459070478217,581.0,58.0,1,translate(13686.028712854477 15535.459070478217) rotate(0 290.5 29),,"[""T-253"", ""T-252"", ""T-265""]","[""!!!"", ""setting all needed scopes"", ""atuh prop items""]",pending_supplemental_transcript
IU-250,image-0d90a37c720766ca95a72970158055adabd7dad4,image-0d90a37c720766ca95a72970158055adabd7dad4.png,R08,13665.571738216795,15634.413965497763,762.0,482.0,1,translate(13665.571738216795 15634.413965497763) rotate(0 380.956974637681 241.15625),,"[""T-252"", ""T-253"", ""T-265""]","[""setting all needed scopes"", ""!!!"", ""atuh prop items""]",pending_supplemental_transcript
IU-251,image-eac5c1fd5a2b1d643f8ff738aee755415a50338e,image-eac5c1fd5a2b1d643f8ff738aee755415a50338e.png,R08,13665.86194446255,16145.236856733129,828.0,134.0,1,translate(13665.86194446255 16145.236856733129) rotate(0 414 67),,"[""T-252"", ""T-253"", ""T-265""]","[""setting all needed scopes"", ""!!!"", ""atuh prop items""]",pending_supplemental_transcript
IU-252,image-5398705e3874eab27cf7233b85f4b0192087323e,image-5398705e3874eab27cf7233b85f4b0192087323e.png,R09,16601.345288110868,14874.477453721469,870.0,265.0,1,translate(16601.345288110868 14874.477453721469) rotate(0 435 132.5),,"[""T-254"", ""T-253"", ""T-252""]","[""oidc events"", ""!!!"", ""setting all needed scopes""]",pending_supplemental_transcript
IU-253,image-d3f07e58c9722854ef1647382b2e978657e1727e,image-d3f07e58c9722854ef1647382b2e978657e1727e.png,R09,16602.750108144348,15140.715578023912,791.0,243.0,1,translate(16602.750108144348 15140.715578023912) rotate(0 395.5 121.5),,"[""T-254"", ""T-253"", ""T-252""]","[""oidc events"", ""!!!"", ""setting all needed scopes""]",pending_supplemental_transcript
IU-254,image-a4670b1d7679bf579367c7c07030e212b9971db0,image-a4670b1d7679bf579367c7c07030e212b9971db0.png,R09,16599.664029226715,15400.106918007179,679.0,482.0,1,translate(16599.664029226715 15400.106918007179) rotate(0 339.53840174129346 241.15625),,"[""T-253"", ""T-252"", ""T-254""]","[""!!!"", ""setting all needed scopes"", ""oidc events""]",pending_supplemental_transcript
IU-255,image-5ba09097b331705e87d2eff3d1e45dd27071326c,image-5ba09097b331705e87d2eff3d1e45dd27071326c.png,R09,16578.751834230214,15906.773526545134,702.0,482.0,1,translate(16578.751834230214 15906.773526545134) rotate(0 350.92684534270666 241.15625),,"[""T-252"", ""T-253"", ""T-254""]","[""setting all needed scopes"", ""!!!"", ""oidc events""]",pending_supplemental_transcript
IU-256,image-4d22c3f03a253bc19e5044f187b55cf1626f9b44,image-4d22c3f03a253bc19e5044f187b55cf1626f9b44.png,R09,16565.44794490529,16417.24977515005,645.0,482.0,1,translate(16565.44794490529 16417.24977515005) rotate(0 322.3259146341461 241.15625),,"[""T-252"", ""T-253"", ""T-254""]","[""setting all needed scopes"", ""!!!"", ""oidc events""]",pending_supplemental_transcript
IU-257,image-7715df8faa446c986e08299f1457ad41f5545bdd,image-7715df8faa446c986e08299f1457ad41f5545bdd.png,R09,16563.538573310343,16920.106918007208,698.0,482.0,1,translate(16563.538573310343 16920.106918007208) rotate(0 348.9972491197186 241.15625),,"[""T-252"", ""T-253"", ""T-254""]","[""setting all needed scopes"", ""!!!"", ""oidc events""]",pending_supplemental_transcript
IU-258,image-24079d76df76bfc545b3a65e490988e50065298c,image-24079d76df76bfc545b3a65e490988e50065298c.png,R09,16538.726182363098,17407.33459657863,820.0,445.0,1,translate(16538.726182363098 17407.33459657863) rotate(0 410 222.5),,"[""T-252"", ""T-253"", ""T-254""]","[""setting all needed scopes"", ""!!!"", ""oidc events""]",pending_supplemental_transcript
IU-259,image-43e533e2c85dd10347dcfc2d7b2d142e43fd21e0,image-43e533e2c85dd10347dcfc2d7b2d142e43fd21e0.png,R09,16535.416542296134,17864.42986373823,819.0,407.0,1,translate(16535.416542296134 17864.42986373823) rotate(0 409.5 203.5),,"[""T-252"", ""T-253"", ""T-254""]","[""setting all needed scopes"", ""!!!"", ""oidc events""]",pending_supplemental_transcript
IU-260,image-a68274b06f146f5b9bd4c0280921e15a25c75c1d,image-a68274b06f146f5b9bd4c0280921e15a25c75c1d.png,R09,16540.602880208673,18276.297365133345,710.0,482.0,1,translate(16540.602880208673 18276.297365133345) rotate(0 354.7900850785336 241.15625),,"[""T-252"", ""T-253"", ""T-254""]","[""setting all needed scopes"", ""!!!"", ""oidc events""]",pending_supplemental_transcript
IU-261,image-c26da4d6aeb2da91671a36b23a8163f0f8aff2d8,image-c26da4d6aeb2da91671a36b23a8163f0f8aff2d8.png,R09,16525.618065626317,18763.5066996221,729.0,455.0,1,translate(16525.618065626317 18763.5066996221) rotate(0 364.5 227.5),,"[""T-252"", ""T-253"", ""T-254""]","[""setting all needed scopes"", ""!!!"", ""oidc events""]",pending_supplemental_transcript
IU-262,image-9273c2fe005c160e6dd4a469b1ae96645c3a5469,image-9273c2fe005c160e6dd4a469b1ae96645c3a5469.png,R09,16537.678190554132,19227.285501158112,694.0,463.0,1,translate(16537.678190554132 19227.285501158112) rotate(0 347.09210714797337 231.5384615384619),,"[""T-252"", ""T-253"", ""T-254""]","[""setting all needed scopes"", ""!!!"", ""oidc events""]",pending_supplemental_transcript
IU-263,image-0349070b3b2dd963c20d9d483731283390eae701,image-0349070b3b2dd963c20d9d483731283390eae701.png,R09,16532.240384935973,19696.00343422602,697.0,463.0,1,translate(16532.240384935973 19696.00343422602) rotate(0 348.4273173634874 231.5384615384619),,"[""T-252"", ""T-253"", ""T-104""]","[""setting all needed scopes"", ""!!!"", ""using IdentityModel.Client;""]",pending_supplemental_transcript
IU-264,image-5b74d74a20bc641c3eda88e9f60c2bcaf5e5e1be,image-5b74d74a20bc641c3eda88e9f60c2bcaf5e5e1be.png,R09,16527.3326082848,20171.900838823385,616.0,463.0,1,translate(16527.3326082848 20171.900838823385) rotate(0 308.20682628629675 231.5384615384619),,"[""T-252"", ""T-253"", ""T-111""]","[""setting all needed scopes"", ""!!!"", ""    public ApiClientWithBffTokens(IHttpClientFactory httpClientFactory, ITokenStore tokenStore)""]",pending_supplemental_transcript
IU-265,image-7afb98ea0bce8829f90d54ec735543e59080dd0e,image-7afb98ea0bce8829f90d54ec735543e59080dd0e.png,R09,16514.257414589123,20647.875260397916,540.0,266.0,1,translate(16514.257414589123 20647.875260397916) rotate(0 270 133),,"[""T-252"", ""T-253"", ""T-126""]","[""setting all needed scopes"", ""!!!"", ""        if (tokens.ExpiresAt > DateTimeOffset.UtcNow.AddMinutes(1))""]",pending_supplemental_transcript
IU-266,image-a7513ef255527111cfa3f38803893af58345101f,image-a7513ef255527111cfa3f38803893af58345101f.png,R09,16516.13402916569,20911.388049610665,743.0,463.0,1,translate(16516.13402916569 20911.388049610665) rotate(0 371.71309771309734 231.5384615384619),,"[""T-252"", ""T-253"", ""T-140""]","[""setting all needed scopes"", ""!!!"", ""        }, ct);""]",pending_supplemental_transcript
IU-267,image-9f7a20e8770c71b5aa76c5dc96c32f13b8a87a24,image-9f7a20e8770c71b5aa76c5dc96c32f13b8a87a24.png,R09,16627.475037786236,14345.516026248268,819.0,330.0,1,translate(16627.475037786236 14345.516026248268) rotate(0 409.5 165),,"[""T-254"", ""T-253"", ""T-265""]","[""oidc events"", ""!!!"", ""atuh prop items""]",pending_supplemental_transcript
IU-268,image-a237d96ce6fad2054f40fa44b7d9a2e1c495b60c,image-a237d96ce6fad2054f40fa44b7d9a2e1c495b60c.png,R03,8263.978348808037,596.3228395259212,978.0,249.0,1,translate(8263.978348808037 596.3228395259212) rotate(0 489 124.5),,"[""T-257"", ""T-256"", ""T-247""]","[""for custom id resources"", ""should i alwats create iprofser"", ""some claims for clients claims identity for convenient ui logic""]",pending_supplemental_transcript
IU-269,image-614b2f2091b9195fdf63087cbfca7947bb0a2a5a,image-614b2f2091b9195fdf63087cbfca7947bb0a2a5a.png,R03,8282.700435396579,868.2672161535302,1025.0,394.0,1,translate(8282.700435396579 868.2672161535302) rotate(0 512.5 197),,"[""T-257"", ""T-256"", ""T-247""]","[""for custom id resources"", ""should i alwats create iprofser"", ""some claims for clients claims identity for convenient ui logic""]",pending_supplemental_transcript
