source_id,image_use_id,fileId_short,x,y,width,height,candidate_region,candidate_region_name,candidate_subregion,decision,decision_is_final,must_recheck_before_region_close,reason,nearest_labels_for_search_only
S-001,IU-001,86922be1d4,22607.488,1082.042,948,215,CTXDB01,DatabaseFacade methods / connectivity / ensure-created-deleted / migrations,CTXDB01A,candidate-for-CTXDB01-transcript,no-boundary-review-only,yes,"DatabaseFacade-style methods: CanConnect, EnsureCreated/Deleted, migrations, Migrate, GetPending/GetApplied migrations, HasPendingModelChanges.",L-001: canconnect usage | L-002: canconnect | L-007: ensurecreated | L-012: database methods | L-008: ensuredeleted | L-014: migrations | L-015: migrate() | L-025: getpendingmig/getappliedmigr/getmigr
S-002,IU-002,bbfbad7969,19171.129,1208.575,924,139,CTXDB02,Automatic transactions / CurrentTransaction / AutoSavepointsEnabled,CTXDB02B,candidate-for-CTXDB02-transcript,no-boundary-review-only,yes,"AutoTransactionBehavior WhenNeeded/Always/Never, CurrentTransaction, AutoSavepointsEnabled, savepoint creation overhead, transaction methods around SaveChanges.",L-002: canconnect | L-007: ensurecreated | L-005: autosavepointsenabled | L-008: ensuredeleted | L-009: !!! | L-001: canconnect usage | L-013: !!! | L-004: CURRENT TRANSACTION
S-003,IU-003,5a3a2852a4,21176.185,1227.932,946,482,CTXDB01,DatabaseFacade methods / connectivity / ensure-created-deleted / migrations,CTXDB01A,candidate-for-CTXDB01-transcript,no-boundary-review-only,yes,"DatabaseFacade-style methods: CanConnect, EnsureCreated/Deleted, migrations, Migrate, GetPending/GetApplied migrations, HasPendingModelChanges.",L-002: canconnect | L-007: ensurecreated | L-001: canconnect usage | L-008: ensuredeleted | L-012: database methods | L-014: migrations | L-015: migrate() | L-024: migration
S-004,IU-004,b81cd6d651,14624.481,1259.973,832,482,CTXDB02,Automatic transactions / CurrentTransaction / AutoSavepointsEnabled,CTXDB02A,candidate-for-CTXDB02-transcript,no-boundary-review-only,yes,"AutoTransactionBehavior WhenNeeded/Always/Never, CurrentTransaction, AutoSavepointsEnabled, savepoint creation overhead, transaction methods around SaveChanges.",L-006: whenneeded | L-003: autotransactionbehavior | L-004: CURRENT TRANSACTION | L-010: !!! | L-011: always | L-005: autosavepointsenabled | L-016: never | L-009: !!!
S-005,IU-005,6228547cf6,22637.321,1309.542,915,368,CTXDB01,DatabaseFacade methods / connectivity / ensure-created-deleted / migrations,CTXDB01A,candidate-for-CTXDB01-transcript,no-boundary-review-only,yes,"DatabaseFacade-style methods: CanConnect, EnsureCreated/Deleted, migrations, Migrate, GetPending/GetApplied migrations, HasPendingModelChanges.",L-001: canconnect usage | L-002: canconnect | L-007: ensurecreated | L-012: database methods | L-008: ensuredeleted | L-014: migrations | L-015: migrate() | L-025: getpendingmig/getappliedmigr/getmigr
S-006,IU-006,8212a18859,19157.958,1348.069,935,290,CTXDB02,Automatic transactions / CurrentTransaction / AutoSavepointsEnabled,CTXDB02B,candidate-for-CTXDB02-transcript,no-boundary-review-only,yes,"AutoTransactionBehavior WhenNeeded/Always/Never, CurrentTransaction, AutoSavepointsEnabled, savepoint creation overhead, transaction methods around SaveChanges.",L-007: ensurecreated | L-002: canconnect | L-008: ensuredeleted | L-005: autosavepointsenabled | L-009: !!! | L-001: canconnect usage | L-013: !!! | L-004: CURRENT TRANSACTION
S-007,IU-007,e8162450a1,16275.233,1494.073,933,412,CTXDB02,Automatic transactions / CurrentTransaction / AutoSavepointsEnabled,CTXDB02B,candidate-for-CTXDB02-transcript,no-boundary-review-only,yes,"AutoTransactionBehavior WhenNeeded/Always/Never, CurrentTransaction, AutoSavepointsEnabled, savepoint creation overhead, transaction methods around SaveChanges.",L-004: CURRENT TRANSACTION | L-005: autosavepointsenabled | L-009: !!! | L-010: !!! | L-006: whenneeded | L-013: !!! | L-003: autotransactionbehavior | L-011: always
S-008,IU-008,488c169097,17862.707,1549.799,915,240,CTXDB02,Automatic transactions / CurrentTransaction / AutoSavepointsEnabled,CTXDB02B,candidate-for-CTXDB02-transcript,no-boundary-review-only,yes,"AutoTransactionBehavior WhenNeeded/Always/Never, CurrentTransaction, AutoSavepointsEnabled, savepoint creation overhead, transaction methods around SaveChanges.",L-005: autosavepointsenabled | L-009: !!! | L-004: CURRENT TRANSACTION | L-013: !!! | L-007: ensurecreated | L-002: canconnect | L-010: !!! | L-008: ensuredeleted
S-009,IU-009,364f261c50,19170.458,1646.236,730,282,CTXDB02,Automatic transactions / CurrentTransaction / AutoSavepointsEnabled,CTXDB02B,candidate-for-CTXDB02-transcript,no-boundary-review-only,yes,"AutoTransactionBehavior WhenNeeded/Always/Never, CurrentTransaction, AutoSavepointsEnabled, savepoint creation overhead, transaction methods around SaveChanges.",L-007: ensurecreated | L-002: canconnect | L-008: ensuredeleted | L-005: autosavepointsenabled | L-009: !!! | L-013: !!! | L-001: canconnect usage | L-004: CURRENT TRANSACTION
S-010,IU-010,6ab5135f8f,22598.949,1689.003,928,304,CTXDB01,DatabaseFacade methods / connectivity / ensure-created-deleted / migrations,CTXDB01A,candidate-for-CTXDB01-transcript,no-boundary-review-only,yes,"DatabaseFacade-style methods: CanConnect, EnsureCreated/Deleted, migrations, Migrate, GetPending/GetApplied migrations, HasPendingModelChanges.",L-001: canconnect usage | L-012: database methods | L-007: ensurecreated | L-002: canconnect | L-008: ensuredeleted | L-014: migrations | L-015: migrate() | L-025: getpendingmig/getappliedmigr/getmigr
S-011,IU-011,d60e67434a,17874.35,1799.157,966,187,CTXDB02,Automatic transactions / CurrentTransaction / AutoSavepointsEnabled,CTXDB02B,candidate-for-CTXDB02-transcript,no-boundary-review-only,yes,"AutoTransactionBehavior WhenNeeded/Always/Never, CurrentTransaction, AutoSavepointsEnabled, savepoint creation overhead, transaction methods around SaveChanges.",L-005: autosavepointsenabled | L-009: !!! | L-013: !!! | L-004: CURRENT TRANSACTION | L-007: ensurecreated | L-008: ensuredeleted | L-010: !!! | L-002: canconnect
S-012,IU-012,f8490d6b85,14607.787,1830.63,887,141,CTXDB02,Automatic transactions / CurrentTransaction / AutoSavepointsEnabled,CTXDB02A,candidate-for-CTXDB02-transcript,no-boundary-review-only,yes,"AutoTransactionBehavior WhenNeeded/Always/Never, CurrentTransaction, AutoSavepointsEnabled, savepoint creation overhead, transaction methods around SaveChanges.",L-006: whenneeded | L-003: autotransactionbehavior | L-004: CURRENT TRANSACTION | L-010: !!! | L-011: always | L-016: never | L-005: autosavepointsenabled | L-018: when we can have disabled autosavepoints
S-013,IU-013,6cbd79dabe,16258.081,1913.952,897,268,CTXDB02,Automatic transactions / CurrentTransaction / AutoSavepointsEnabled,CTXDB02B,candidate-for-CTXDB02-transcript,no-boundary-review-only,yes,"AutoTransactionBehavior WhenNeeded/Always/Never, CurrentTransaction, AutoSavepointsEnabled, savepoint creation overhead, transaction methods around SaveChanges.",L-004: CURRENT TRANSACTION | L-005: autosavepointsenabled | L-010: !!! | L-009: !!! | L-006: whenneeded | L-013: !!! | L-011: always | L-018: when we can have disabled autosavepoints
S-014,IU-014,a25597376b,21197.189,1924.832,714,261,CTXDB01,DatabaseFacade methods / connectivity / ensure-created-deleted / migrations,CTXDB01A,candidate-for-CTXDB01-transcript,no-boundary-review-only,yes,"DatabaseFacade-style methods: CanConnect, EnsureCreated/Deleted, migrations, Migrate, GetPending/GetApplied migrations, HasPendingModelChanges.",L-007: ensurecreated | L-008: ensuredeleted | L-002: canconnect | L-001: canconnect usage | L-012: database methods | L-014: migrations | L-015: migrate() | L-024: migration
S-015,IU-015,52e76fdb20,14605.237,1982.64,740,482,CTXDB02,Automatic transactions / CurrentTransaction / AutoSavepointsEnabled,CTXDB02A,candidate-for-CTXDB02-transcript,no-boundary-review-only,yes,"AutoTransactionBehavior WhenNeeded/Always/Never, CurrentTransaction, AutoSavepointsEnabled, savepoint creation overhead, transaction methods around SaveChanges.",L-006: whenneeded | L-011: always | L-010: !!! | L-003: autotransactionbehavior | L-004: CURRENT TRANSACTION | L-016: never | L-018: when we can have disabled autosavepoints | L-019: and some manual savepoints logic through
S-016,IU-016,86a6d029f3,22589.615,2006.503,944,397,CTXDB01,DatabaseFacade methods / connectivity / ensure-created-deleted / migrations,CTXDB01B,candidate-for-CTXDB01-transcript,no-boundary-review-only,yes,"DatabaseFacade-style methods: CanConnect, EnsureCreated/Deleted, migrations, Migrate, GetPending/GetApplied migrations, HasPendingModelChanges.",L-001: canconnect usage | L-012: database methods | L-014: migrations | L-007: ensurecreated | L-015: migrate() | L-008: ensuredeleted | L-002: canconnect | L-025: getpendingmig/getappliedmigr/getmigr
S-017,IU-017,f349958410,17850.659,2128.585,941,191,CTXDB02,Automatic transactions / CurrentTransaction / AutoSavepointsEnabled,CTXDB02B,candidate-for-CTXDB02-transcript,no-boundary-review-only,yes,"AutoTransactionBehavior WhenNeeded/Always/Never, CurrentTransaction, AutoSavepointsEnabled, savepoint creation overhead, transaction methods around SaveChanges.",L-009: !!! | L-005: autosavepointsenabled | L-013: !!! | L-004: CURRENT TRANSACTION | L-010: !!! | L-008: ensuredeleted | L-007: ensurecreated | L-002: canconnect
S-018,IU-018,f1b6b3ec43,16273.642,2189.422,878,471,CTXDB02,Automatic transactions / CurrentTransaction / AutoSavepointsEnabled,CTXDB02B,candidate-for-CTXDB02-transcript,no-boundary-review-only,yes,"AutoTransactionBehavior WhenNeeded/Always/Never, CurrentTransaction, AutoSavepointsEnabled, savepoint creation overhead, transaction methods around SaveChanges.",L-010: !!! | L-009: !!! | L-004: CURRENT TRANSACTION | L-005: autosavepointsenabled | L-013: !!! | L-006: whenneeded | L-011: always | L-018: when we can have disabled autosavepoints
S-019,IU-019,d8a7a3ccc7,21188.911,2211.276,855,337,CTXDB01,DatabaseFacade methods / connectivity / ensure-created-deleted / migrations,CTXDB01A,candidate-for-CTXDB01-transcript,no-boundary-review-only,yes,"DatabaseFacade-style methods: CanConnect, EnsureCreated/Deleted, migrations, Migrate, GetPending/GetApplied migrations, HasPendingModelChanges.",L-008: ensuredeleted | L-007: ensurecreated | L-002: canconnect | L-001: canconnect usage | L-012: database methods | L-014: migrations | L-015: migrate() | L-024: migration
S-020,IU-020,1d557a6bdb,17824.493,2320.109,940,387,CTXDB02,Automatic transactions / CurrentTransaction / AutoSavepointsEnabled,CTXDB02B,candidate-for-CTXDB02-transcript,no-boundary-review-only,yes,"AutoTransactionBehavior WhenNeeded/Always/Never, CurrentTransaction, AutoSavepointsEnabled, savepoint creation overhead, transaction methods around SaveChanges.",L-009: !!! | L-005: autosavepointsenabled | L-013: !!! | L-004: CURRENT TRANSACTION | L-010: !!! | L-008: ensuredeleted | L-007: ensurecreated | L-018: when we can have disabled autosavepoints
S-021,IU-021,9630c78d6c,14569.953,2465.963,928,393,CTXDB02,Automatic transactions / CurrentTransaction / AutoSavepointsEnabled,CTXDB02A,candidate-for-CTXDB02-transcript,no-boundary-review-only,yes,"AutoTransactionBehavior WhenNeeded/Always/Never, CurrentTransaction, AutoSavepointsEnabled, savepoint creation overhead, transaction methods around SaveChanges.",L-011: always | L-010: !!! | L-006: whenneeded | L-016: never | L-004: CURRENT TRANSACTION | L-003: autotransactionbehavior | L-018: when we can have disabled autosavepoints | L-019: and some manual savepoints logic through
S-022,IU-022,bbfabb5d20,16290.627,2660.725,781,469,CTXDB02,Automatic transactions / CurrentTransaction / AutoSavepointsEnabled,CTXDB02B,candidate-for-CTXDB02-transcript,no-boundary-review-only,yes,"AutoTransactionBehavior WhenNeeded/Always/Never, CurrentTransaction, AutoSavepointsEnabled, savepoint creation overhead, transaction methods around SaveChanges.",L-010: !!! | L-009: !!! | L-013: !!! | L-004: CURRENT TRANSACTION | L-005: autosavepointsenabled | L-018: when we can have disabled autosavepoints | L-019: and some manual savepoints logic through | L-021: transaction methods
S-023,IU-023,e27cd4bbd8,17825.778,2714.157,926,357,CTXDB02,Automatic transactions / CurrentTransaction / AutoSavepointsEnabled,CTXDB02B,candidate-for-CTXDB02-transcript,no-boundary-review-only,yes,"AutoTransactionBehavior WhenNeeded/Always/Never, CurrentTransaction, AutoSavepointsEnabled, savepoint creation overhead, transaction methods around SaveChanges.",L-009: !!! | L-013: !!! | L-005: autosavepointsenabled | L-010: !!! | L-004: CURRENT TRANSACTION | L-008: ensuredeleted | L-018: when we can have disabled autosavepoints | L-019: and some manual savepoints logic through
S-024,IU-024,a1be321ab2,21160.485,2771.054,980,453,CTXDB01,DatabaseFacade methods / connectivity / ensure-created-deleted / migrations,CTXDB01A,candidate-for-CTXDB01-transcript,no-boundary-review-only,yes,"DatabaseFacade-style methods: CanConnect, EnsureCreated/Deleted, migrations, Migrate, GetPending/GetApplied migrations, HasPendingModelChanges.",L-008: ensuredeleted | L-007: ensurecreated | L-012: database methods | L-014: migrations | L-015: migrate() | L-002: canconnect | L-001: canconnect usage | L-024: migration
S-025,IU-025,8c016512b6,14583.953,2845.63,852,375,CTXDB02,Automatic transactions / CurrentTransaction / AutoSavepointsEnabled,CTXDB02A,candidate-for-CTXDB02-transcript,no-boundary-review-only,yes,"AutoTransactionBehavior WhenNeeded/Always/Never, CurrentTransaction, AutoSavepointsEnabled, savepoint creation overhead, transaction methods around SaveChanges.",L-011: always | L-010: !!! | L-006: whenneeded | L-016: never | L-018: when we can have disabled autosavepoints | L-019: and some manual savepoints logic through | L-004: CURRENT TRANSACTION | L-021: transaction methods
S-026,IU-026,ae6e5fab1f,16293.915,3214.134,932,264,CTXDB02,Automatic transactions / CurrentTransaction / AutoSavepointsEnabled,CTXDB02B,candidate-for-CTXDB02-transcript,no-boundary-review-only,yes,"AutoTransactionBehavior WhenNeeded/Always/Never, CurrentTransaction, AutoSavepointsEnabled, savepoint creation overhead, transaction methods around SaveChanges.",L-010: !!! | L-009: !!! | L-013: !!! | L-018: when we can have disabled autosavepoints | L-019: and some manual savepoints logic through | L-021: transaction methods | L-004: CURRENT TRANSACTION | L-011: always
S-027,IU-027,515cefc600,17811.064,3299.18,914,456,CTXDB02,Automatic transactions / CurrentTransaction / AutoSavepointsEnabled,CTXDB02B,candidate-for-CTXDB02-transcript,no-boundary-review-only,yes,"AutoTransactionBehavior WhenNeeded/Always/Never, CurrentTransaction, AutoSavepointsEnabled, savepoint creation overhead, transaction methods around SaveChanges.",L-009: !!! | L-013: !!! | L-005: autosavepointsenabled | L-031: TRANSACTION OBJECT | L-010: !!! | L-018: when we can have disabled autosavepoints | L-033: IDbContextTransaction | L-019: and some manual savepoints logic through
S-028,IU-028,5c580fc158,14553.953,3352.463,936,460,CTXDB02,Automatic transactions / CurrentTransaction / AutoSavepointsEnabled,CTXDB02A,candidate-for-CTXDB02-transcript,no-boundary-review-only,yes,"AutoTransactionBehavior WhenNeeded/Always/Never, CurrentTransaction, AutoSavepointsEnabled, savepoint creation overhead, transaction methods around SaveChanges.",L-011: always | L-016: never | L-010: !!! | L-018: when we can have disabled autosavepoints | L-019: and some manual savepoints logic through | L-023: when and why never | L-021: transaction methods | L-006: whenneeded
S-029,IU-029,9d59cacc4a,17799.207,3757.776,922,365,CTXDB02,Automatic transactions / CurrentTransaction / AutoSavepointsEnabled,CTXDB02B,candidate-for-CTXDB02-transcript,no-boundary-review-only,yes,"AutoTransactionBehavior WhenNeeded/Always/Never, CurrentTransaction, AutoSavepointsEnabled, savepoint creation overhead, transaction methods around SaveChanges.",L-013: !!! | L-009: !!! | L-031: TRANSACTION OBJECT | L-033: IDbContextTransaction | L-018: when we can have disabled autosavepoints | L-019: and some manual savepoints logic through | L-021: transaction methods | L-005: autosavepointsenabled
S-030,IU-030,be34ea62c8,14518.787,3814.963,993,375,CTXDB02,Automatic transactions / CurrentTransaction / AutoSavepointsEnabled,CTXDB02A,candidate-for-CTXDB02-transcript,no-boundary-review-only,yes,"AutoTransactionBehavior WhenNeeded/Always/Never, CurrentTransaction, AutoSavepointsEnabled, savepoint creation overhead, transaction methods around SaveChanges.",L-016: never | L-011: always | L-018: when we can have disabled autosavepoints | L-023: when and why never | L-019: and some manual savepoints logic through | L-010: !!! | L-021: transaction methods | L-006: whenneeded
S-031,IU-031,534194b01d,1324.105,4132.406,895,482,CTXDB03,SaveChanges value generation / batching / performance / ChangeTracker.Clear / short-lived DbContext,CTXDB03A,candidate-for-CTXDB03-transcript,no-boundary-review-only,yes,"Generated values after SaveChanges, DB/provider generated IDs, computed columns, triggers, multiple SaveChanges, batching, long transaction performance, ChangeTracker.Clear and short-lived DbContext patterns.",L-040: trigger generated | L-026: identity | L-043: value on insert | L-027: sequence | L-030: default constant | L-038: computed column | L-044: onaddorupdate col | L-017: what we can get after
S-032,IU-032,16587c193d,46.241,4153.073,924,482,CTXDB03,SaveChanges value generation / batching / performance / ChangeTracker.Clear / short-lived DbContext,CTXDB03A,candidate-for-CTXDB03-transcript,no-boundary-review-only,yes,"Generated values after SaveChanges, DB/provider generated IDs, computed columns, triggers, multiple SaveChanges, batching, long transaction performance, ChangeTracker.Clear and short-lived DbContext patterns.",L-040: trigger generated | L-043: value on insert | L-026: identity | L-027: sequence | L-030: default constant | L-038: computed column | L-044: onaddorupdate col | L-046: default sql after insert
S-033,IU-033,43d314f73d,14512.62,4288.63,1000,153,CTXDB02,Automatic transactions / CurrentTransaction / AutoSavepointsEnabled,CTXDB02A,candidate-for-CTXDB02-transcript,no-boundary-review-only,yes,"AutoTransactionBehavior WhenNeeded/Always/Never, CurrentTransaction, AutoSavepointsEnabled, savepoint creation overhead, transaction methods around SaveChanges.",L-016: never | L-023: when and why never | L-018: when we can have disabled autosavepoints | L-019: and some manual savepoints logic through | L-021: transaction methods | L-011: always | L-010: !!! | L-036: is there some overhead from savepoint creation?
S-034,IU-034,70a5cc9c2c,22730.345,4359.148,947,332,CTXDB01,DatabaseFacade methods / connectivity / ensure-created-deleted / migrations,CTXDB01B,candidate-for-CTXDB01-transcript,no-boundary-review-only,yes,"DatabaseFacade-style methods: CanConnect, EnsureCreated/Deleted, migrations, Migrate, GetPending/GetApplied migrations, HasPendingModelChanges.",L-015: migrate() | L-014: migrations | L-012: database methods | L-025: getpendingmig/getappliedmigr/getmigr | L-035: haspendingmodelchanges | L-024: migration | L-053: ensure created/deleted | L-008: ensuredeleted
S-035,IU-035,c6542a3688,14519.453,4451.796,901,480,CTXDB02,Automatic transactions / CurrentTransaction / AutoSavepointsEnabled,CTXDB02A,candidate-for-CTXDB02-transcript,no-boundary-review-only,yes,"AutoTransactionBehavior WhenNeeded/Always/Never, CurrentTransaction, AutoSavepointsEnabled, savepoint creation overhead, transaction methods around SaveChanges.",L-023: when and why never | L-016: never | L-019: and some manual savepoints logic through | L-018: when we can have disabled autosavepoints | L-021: transaction methods | L-011: always | L-010: !!! | L-036: is there some overhead from savepoint creation?
S-036,IU-036,74409f1807,1341.259,4644.562,919,482,CTXDB03,SaveChanges value generation / batching / performance / ChangeTracker.Clear / short-lived DbContext,CTXDB03A,candidate-for-CTXDB03-transcript,no-boundary-review-only,yes,"Generated values after SaveChanges, DB/provider generated IDs, computed columns, triggers, multiple SaveChanges, batching, long transaction performance, ChangeTracker.Clear and short-lived DbContext patterns.",L-040: trigger generated | L-043: value on insert | L-026: identity | L-027: sequence | L-030: default constant | L-038: computed column | L-044: onaddorupdate col | L-046: default sql after insert
S-037,IU-037,b9675df28e,10.0,4656.007,943,320,CTXDB03,SaveChanges value generation / batching / performance / ChangeTracker.Clear / short-lived DbContext,CTXDB03A,candidate-for-CTXDB03-transcript,no-boundary-review-only,yes,"Generated values after SaveChanges, DB/provider generated IDs, computed columns, triggers, multiple SaveChanges, batching, long transaction performance, ChangeTracker.Clear and short-lived DbContext patterns.",L-040: trigger generated | L-043: value on insert | L-026: identity | L-030: default constant | L-027: sequence | L-038: computed column | L-044: onaddorupdate col | L-046: default sql after insert
S-038,IU-038,b8b98b6e6f,22717.679,4801.648,1015,407,CTXDB01,DatabaseFacade methods / connectivity / ensure-created-deleted / migrations,CTXDB01B,candidate-for-CTXDB01-transcript,no-boundary-review-only,yes,"DatabaseFacade-style methods: CanConnect, EnsureCreated/Deleted, migrations, Migrate, GetPending/GetApplied migrations, HasPendingModelChanges.",L-015: migrate() | L-025: getpendingmig/getappliedmigr/getmigr | L-014: migrations | L-012: database methods | L-035: haspendingmodelchanges | L-024: migration | L-053: ensure created/deleted | L-066: getdbconnection
S-039,IU-039,02b511c630,16372.434,4926.179,922,306,CTXDB02,Automatic transactions / CurrentTransaction / AutoSavepointsEnabled,CTXDB02B,candidate-for-CTXDB02-transcript,no-boundary-review-only,yes,"AutoTransactionBehavior WhenNeeded/Always/Never, CurrentTransaction, AutoSavepointsEnabled, savepoint creation overhead, transaction methods around SaveChanges.",L-021: transaction methods | L-019: and some manual savepoints logic through | L-018: when we can have disabled autosavepoints | L-013: !!! | L-036: is there some overhead from savepoint creation? | L-031: TRANSACTION OBJECT | L-033: IDbContextTransaction | L-023: when and why never
S-040,IU-040,397ce4c284,15.167,5036.805,918,222,CTXDB03,SaveChanges value generation / batching / performance / ChangeTracker.Clear / short-lived DbContext,CTXDB03A,candidate-for-CTXDB03-transcript,no-boundary-review-only,yes,"Generated values after SaveChanges, DB/provider generated IDs, computed columns, triggers, multiple SaveChanges, batching, long transaction performance, ChangeTracker.Clear and short-lived DbContext patterns.",L-040: trigger generated | L-043: value on insert | L-030: default constant | L-026: identity | L-027: sequence | L-038: computed column | L-044: onaddorupdate col | L-046: default sql after insert
S-041,IU-041,6baa058c54,14514.453,5070.796,959,434,CTXDB02,Automatic transactions / CurrentTransaction / AutoSavepointsEnabled,CTXDB02A,candidate-for-CTXDB02-transcript,no-boundary-review-only,yes,"AutoTransactionBehavior WhenNeeded/Always/Never, CurrentTransaction, AutoSavepointsEnabled, savepoint creation overhead, transaction methods around SaveChanges.",L-023: when and why never | L-021: transaction methods | L-016: never | L-019: and some manual savepoints logic through | L-018: when we can have disabled autosavepoints | L-036: is there some overhead from savepoint creation? | L-011: always | L-010: !!!
S-042,IU-042,dcbd43ef97,1348.592,5188.229,939,120,CTXDB03,SaveChanges value generation / batching / performance / ChangeTracker.Clear / short-lived DbContext,CTXDB03A,candidate-for-CTXDB03-transcript,no-boundary-review-only,yes,"Generated values after SaveChanges, DB/provider generated IDs, computed columns, triggers, multiple SaveChanges, batching, long transaction performance, ChangeTracker.Clear and short-lived DbContext patterns.",L-040: trigger generated | L-043: value on insert | L-026: identity | L-030: default constant | L-027: sequence | L-038: computed column | L-044: onaddorupdate col | L-046: default sql after insert
S-043,IU-043,b9ee766727,16366.553,5268.513,949,208,CTXDB02,Automatic transactions / CurrentTransaction / AutoSavepointsEnabled,CTXDB02B,candidate-for-CTXDB02-transcript,no-boundary-review-only,yes,"AutoTransactionBehavior WhenNeeded/Always/Never, CurrentTransaction, AutoSavepointsEnabled, savepoint creation overhead, transaction methods around SaveChanges.",L-021: transaction methods | L-019: and some manual savepoints logic through | L-018: when we can have disabled autosavepoints | L-036: is there some overhead from savepoint creation? | L-013: !!! | L-031: TRANSACTION OBJECT | L-033: IDbContextTransaction | L-023: when and why never
S-044,IU-044,17ce5a037a,22725.345,5363.981,1005,253,CTXDB01,DatabaseFacade methods / connectivity / ensure-created-deleted / migrations,CTXDB01B,candidate-for-CTXDB01-transcript,no-boundary-review-only,yes,"DatabaseFacade-style methods: CanConnect, EnsureCreated/Deleted, migrations, Migrate, GetPending/GetApplied migrations, HasPendingModelChanges.",L-025: getpendingmig/getappliedmigr/getmigr | L-035: haspendingmodelchanges | L-015: migrate() | L-014: migrations | L-053: ensure created/deleted | L-024: migration | L-012: database methods | L-066: getdbconnection
S-045,IU-045,b8dac87d22,4103.237,5393.225,875,189,CTXDB03,SaveChanges value generation / batching / performance / ChangeTracker.Clear / short-lived DbContext,CTXDB03A,candidate-for-CTXDB03-transcript,no-boundary-review-only,yes,"Generated values after SaveChanges, DB/provider generated IDs, computed columns, triggers, multiple SaveChanges, batching, long transaction performance, ChangeTracker.Clear and short-lived DbContext patterns.",L-027: sequence | L-026: identity | L-030: default constant | L-022: and from where | L-020: we call savechanges | L-038: computed column | L-017: what we can get after | L-034: INSERTED
S-046,IU-046,788d0427bb,21394.009,5408.61,775,222,CTXDB01,DatabaseFacade methods / connectivity / ensure-created-deleted / migrations,CTXDB01B,candidate-for-CTXDB01-transcript,no-boundary-review-only,yes,"DatabaseFacade-style methods: CanConnect, EnsureCreated/Deleted, migrations, Migrate, GetPending/GetApplied migrations, HasPendingModelChanges.",L-024: migration | L-025: getpendingmig/getappliedmigr/getmigr | L-035: haspendingmodelchanges | L-053: ensure created/deleted | L-015: migrate() | L-014: migrations | L-012: database methods | L-066: getdbconnection
S-047,IU-047,463b614f06,16365.005,5516.87,914,397,CTXDB02,Automatic transactions / CurrentTransaction / AutoSavepointsEnabled,CTXDB02B,candidate-for-CTXDB02-transcript,no-boundary-review-only,yes,"AutoTransactionBehavior WhenNeeded/Always/Never, CurrentTransaction, AutoSavepointsEnabled, savepoint creation overhead, transaction methods around SaveChanges.",L-036: is there some overhead from savepoint creation? | L-021: transaction methods | L-019: and some manual savepoints logic through | L-018: when we can have disabled autosavepoints | L-031: TRANSACTION OBJECT | L-033: IDbContextTransaction | L-013: !!! | L-023: when and why never
S-048,IU-048,8471c9a942,22726.353,5631.143,781,482,CTXDB01,DatabaseFacade methods / connectivity / ensure-created-deleted / migrations,CTXDB01B,candidate-for-CTXDB01-transcript,no-boundary-review-only,yes,"DatabaseFacade-style methods: CanConnect, EnsureCreated/Deleted, migrations, Migrate, GetPending/GetApplied migrations, HasPendingModelChanges.",L-035: haspendingmodelchanges | L-025: getpendingmig/getappliedmigr/getmigr | L-053: ensure created/deleted | L-015: migrate() | L-024: migration | L-014: migrations | L-012: database methods | L-066: getdbconnection
S-049,IU-049,8e2e641f7b,21362.398,5649.721,936,182,CTXDB01,DatabaseFacade methods / connectivity / ensure-created-deleted / migrations,CTXDB01B,candidate-for-CTXDB01-transcript,no-boundary-review-only,yes,"DatabaseFacade-style methods: CanConnect, EnsureCreated/Deleted, migrations, Migrate, GetPending/GetApplied migrations, HasPendingModelChanges.",L-024: migration | L-025: getpendingmig/getappliedmigr/getmigr | L-035: haspendingmodelchanges | L-053: ensure created/deleted | L-015: migrate() | L-014: migrations | L-012: database methods | L-066: getdbconnection
S-050,IU-050,a21f695961,4083.57,5694.983,821,137,CTXDB03,SaveChanges value generation / batching / performance / ChangeTracker.Clear / short-lived DbContext,CTXDB03A,candidate-for-CTXDB03-transcript,no-boundary-review-only,yes,"Generated values after SaveChanges, DB/provider generated IDs, computed columns, triggers, multiple SaveChanges, batching, long transaction performance, ChangeTracker.Clear and short-lived DbContext patterns.",L-027: sequence | L-030: default constant | L-026: identity | L-038: computed column | L-022: and from where | L-044: onaddorupdate col | L-034: INSERTED | L-046: default sql after insert
S-051,IU-051,ade182d12b,21381.023,5862.898,763,482,CTXDB01,DatabaseFacade methods / connectivity / ensure-created-deleted / migrations,CTXDB01B,candidate-for-CTXDB01-transcript,no-boundary-review-only,yes,"DatabaseFacade-style methods: CanConnect, EnsureCreated/Deleted, migrations, Migrate, GetPending/GetApplied migrations, HasPendingModelChanges.",L-024: migration | L-035: haspendingmodelchanges | L-025: getpendingmig/getappliedmigr/getmigr | L-053: ensure created/deleted | L-015: migrate() | L-066: getdbconnection | L-014: migrations | L-012: database methods
S-052,IU-052,0ced7794a9,16355.577,5914.068,910,248,CTXDB02,Automatic transactions / CurrentTransaction / AutoSavepointsEnabled,CTXDB02B,candidate-for-CTXDB02-transcript,no-boundary-review-only,yes,"AutoTransactionBehavior WhenNeeded/Always/Never, CurrentTransaction, AutoSavepointsEnabled, savepoint creation overhead, transaction methods around SaveChanges.",L-036: is there some overhead from savepoint creation? | L-021: transaction methods | L-019: and some manual savepoints logic through | L-033: IDbContextTransaction | L-031: TRANSACTION OBJECT | L-018: when we can have disabled autosavepoints | L-067: WHY GETDBTRANSACTION IS | L-013: !!!
S-053,IU-053,b9d7c1a2b5,4080.012,5963.926,855,152,CTXDB03,SaveChanges value generation / batching / performance / ChangeTracker.Clear / short-lived DbContext,CTXDB03A,candidate-for-CTXDB03-transcript,no-boundary-review-only,yes,"Generated values after SaveChanges, DB/provider generated IDs, computed columns, triggers, multiple SaveChanges, batching, long transaction performance, ChangeTracker.Clear and short-lived DbContext patterns.",L-030: default constant | L-027: sequence | L-038: computed column | L-044: onaddorupdate col | L-026: identity | L-046: default sql after insert | L-047: trigger handles update | L-034: INSERTED
S-054,IU-054,a348a9d2be,6656.621,6006.4,889,307,CTXDB03,SaveChanges value generation / batching / performance / ChangeTracker.Clear / short-lived DbContext,CTXDB03B,candidate-for-CTXDB03-transcript,no-boundary-review-only,yes,"Generated values after SaveChanges, DB/provider generated IDs, computed columns, triggers, multiple SaveChanges, batching, long transaction performance, ChangeTracker.Clear and short-lived DbContext patterns.",L-029: 2 types of generated | L-037: db generated | L-039: generated ids | L-052: ef/provider generated | L-057: performance exact reasons | L-034: INSERTED | L-063: set up better batches | L-032: savechanges calls
S-055,IU-055,348296eb89,4044.678,6216.214,819,125,CTXDB03,SaveChanges value generation / batching / performance / ChangeTracker.Clear / short-lived DbContext,CTXDB03A,candidate-for-CTXDB03-transcript,no-boundary-review-only,yes,"Generated values after SaveChanges, DB/provider generated IDs, computed columns, triggers, multiple SaveChanges, batching, long transaction performance, ChangeTracker.Clear and short-lived DbContext patterns.",L-038: computed column | L-030: default constant | L-044: onaddorupdate col | L-046: default sql after insert | L-027: sequence | L-047: trigger handles update | L-054: computed column | L-026: identity
S-056,IU-056,e938e48b8e,18581.568,6253.463,954,202,CTXDB05,IDbContextTransaction / GetDbTransaction / UseTransaction / ADO.NET / shared local transaction,CTXDB05A,candidate-for-CTXDB05-transcript,no-boundary-review-only,yes,"Transaction object, IDbContextTransaction, GetDbTransaction, provider-specific transaction access, raw ADO.NET commands, UseTransaction, sharing one local transaction between contexts or context + ADO.NET.",L-033: IDbContextTransaction | L-031: TRANSACTION OBJECT | L-078: GETDBTRANSACTION | L-024: migration | L-013: !!! | L-067: WHY GETDBTRANSACTION IS | L-071: HELPFUL | L-036: is there some overhead from savepoint creation?
S-057,IU-057,c8d5baa5c7,5345.957,6274.283,985,475,CTXDB03,SaveChanges value generation / batching / performance / ChangeTracker.Clear / short-lived DbContext,CTXDB03B,candidate-for-CTXDB03-transcript,no-boundary-review-only,yes,"Generated values after SaveChanges, DB/provider generated IDs, computed columns, triggers, multiple SaveChanges, batching, long transaction performance, ChangeTracker.Clear and short-lived DbContext patterns.",L-034: INSERTED | L-037: db generated | L-052: ef/provider generated | L-029: 2 types of generated | L-058: minuses of many save | L-062: changes | L-057: performance exact reasons | L-063: set up better batches
S-058,IU-058,17dd1db68a,22749.505,6369.083,869,482,CTXDB01,DatabaseFacade methods / connectivity / ensure-created-deleted / migrations,CTXDB01B,candidate-for-CTXDB01-transcript,no-boundary-review-only,yes,"DatabaseFacade-style methods: CanConnect, EnsureCreated/Deleted, migrations, Migrate, GetPending/GetApplied migrations, HasPendingModelChanges.",L-035: haspendingmodelchanges | L-053: ensure created/deleted | L-025: getpendingmig/getappliedmigr/getmigr | L-066: getdbconnection | L-024: migration | L-064: usage without openconnection | L-065: with connecttion managed by ef | L-015: migrate()
S-059,IU-059,dd5b9542d6,21327.731,6372.999,952,231,CTXDB01,DatabaseFacade methods / connectivity / ensure-created-deleted / migrations,CTXDB01B,candidate-for-CTXDB01-transcript,no-boundary-review-only,yes,"DatabaseFacade-style methods: CanConnect, EnsureCreated/Deleted, migrations, Migrate, GetPending/GetApplied migrations, HasPendingModelChanges.",L-035: haspendingmodelchanges | L-053: ensure created/deleted | L-024: migration | L-025: getpendingmig/getappliedmigr/getmigr | L-066: getdbconnection | L-015: migrate() | L-014: migrations | L-082: openconnection
S-060,IU-060,b1b470b566,16294.044,6401.808,950,235,CTXDB05,IDbContextTransaction / GetDbTransaction / UseTransaction / ADO.NET / shared local transaction,CTXDB05A,candidate-for-CTXDB05-transcript,no-boundary-review-only,yes,"Transaction object, IDbContextTransaction, GetDbTransaction, provider-specific transaction access, raw ADO.NET commands, UseTransaction, sharing one local transaction between contexts or context + ADO.NET.",L-036: is there some overhead from savepoint creation? | L-067: WHY GETDBTRANSACTION IS | L-033: IDbContextTransaction | L-071: HELPFUL | L-031: TRANSACTION OBJECT | L-074: EF CORE + ADO.NET COMMANDS | L-021: transaction methods | L-075: USETRANSACTION
S-061,IU-061,44db7269f8,6584.283,6431.013,1000,482,CTXDB03,SaveChanges value generation / batching / performance / ChangeTracker.Clear / short-lived DbContext,CTXDB03B,candidate-for-CTXDB03-transcript,no-boundary-review-only,yes,"Generated values after SaveChanges, DB/provider generated IDs, computed columns, triggers, multiple SaveChanges, batching, long transaction performance, ChangeTracker.Clear and short-lived DbContext patterns.",L-037: db generated | L-052: ef/provider generated | L-029: 2 types of generated | L-039: generated ids | L-057: performance exact reasons | L-063: set up better batches | L-061: performance | L-070: specific chunk failure recovery
S-062,IU-062,60723f4896,3972.129,6437.863,855,137,CTXDB03,SaveChanges value generation / batching / performance / ChangeTracker.Clear / short-lived DbContext,CTXDB03A,candidate-for-CTXDB03-transcript,no-boundary-review-only,yes,"Generated values after SaveChanges, DB/provider generated IDs, computed columns, triggers, multiple SaveChanges, batching, long transaction performance, ChangeTracker.Clear and short-lived DbContext patterns.",L-038: computed column | L-044: onaddorupdate col | L-046: default sql after insert | L-047: trigger handles update | L-030: default constant | L-054: computed column | L-027: sequence | L-056: guid with gen on add
S-063,IU-063,577bc74db1,18578.52,6492.225,962,334,CTXDB05,IDbContextTransaction / GetDbTransaction / UseTransaction / ADO.NET / shared local transaction,CTXDB05A,candidate-for-CTXDB05-transcript,no-boundary-review-only,yes,"Transaction object, IDbContextTransaction, GetDbTransaction, provider-specific transaction access, raw ADO.NET commands, UseTransaction, sharing one local transaction between contexts or context + ADO.NET.",L-033: IDbContextTransaction | L-031: TRANSACTION OBJECT | L-078: GETDBTRANSACTION | L-024: migration | L-067: WHY GETDBTRANSACTION IS | L-071: HELPFUL | L-074: EF CORE + ADO.NET COMMANDS | L-013: !!!
S-064,IU-064,5c9f3120b8,7922.863,6557.775,847,482,CTXDB03,SaveChanges value generation / batching / performance / ChangeTracker.Clear / short-lived DbContext,CTXDB03B,candidate-for-CTXDB03-transcript,no-boundary-review-only,yes,"Generated values after SaveChanges, DB/provider generated IDs, computed columns, triggers, multiple SaveChanges, batching, long transaction performance, ChangeTracker.Clear and short-lived DbContext patterns.","L-048: here we add just an id | L-049: mb dont have nav prop,so | L-051: ef cant handle it, idk | L-039: generated ids | L-045: values before the next step | L-042: 1 you need db generated | L-032: savechanges calls | L-061: performance"
S-065,IU-065,7d2efaceaa,16294.044,6640.252,1010,167,CTXDB05,IDbContextTransaction / GetDbTransaction / UseTransaction / ADO.NET / shared local transaction,CTXDB05A,candidate-for-CTXDB05-transcript,no-boundary-review-only,yes,"Transaction object, IDbContextTransaction, GetDbTransaction, provider-specific transaction access, raw ADO.NET commands, UseTransaction, sharing one local transaction between contexts or context + ADO.NET.",L-036: is there some overhead from savepoint creation? | L-067: WHY GETDBTRANSACTION IS | L-071: HELPFUL | L-074: EF CORE + ADO.NET COMMANDS | L-075: USETRANSACTION | L-076: LIBRARIES THAT NEED ADO.NET TRANSACTION | L-033: IDbContextTransaction | L-077: PROVIDER SPECIFIC TRANSACTION FEATURES
S-066,IU-066,1723bfb5fa,3140.063,6643.742,757,220,CTXDB03,SaveChanges value generation / batching / performance / ChangeTracker.Clear / short-lived DbContext,CTXDB03A,candidate-for-CTXDB03-transcript,no-boundary-review-only,yes,"Generated values after SaveChanges, DB/provider generated IDs, computed columns, triggers, multiple SaveChanges, batching, long transaction performance, ChangeTracker.Clear and short-lived DbContext patterns.",L-043: value on insert | L-040: trigger generated | L-046: default sql after insert | L-047: trigger handles update | L-044: onaddorupdate col | L-038: computed column | L-054: computed column | L-056: guid with gen on add
S-067,IU-067,83d26882b0,9111.817,6741.617,697,482,CTXDB03,SaveChanges value generation / batching / performance / ChangeTracker.Clear / short-lived DbContext,CTXDB03B,candidate-for-CTXDB03-transcript,no-boundary-review-only,yes,"Generated values after SaveChanges, DB/provider generated IDs, computed columns, triggers, multiple SaveChanges, batching, long transaction performance, ChangeTracker.Clear and short-lived DbContext patterns.","L-045: values before the next step | L-042: 1 you need db generated | L-051: ef cant handle it, idk | L-049: mb dont have nav prop,so | L-048: here we add just an id | L-060: 2 large import in chunks | L-032: savechanges calls | L-028: why/when do many"
S-068,IU-068,f2d08e7ef3,5314.195,6772.212,1079,382,CTXDB03,SaveChanges value generation / batching / performance / ChangeTracker.Clear / short-lived DbContext,CTXDB03B,candidate-for-CTXDB03-transcript,no-boundary-review-only,yes,"Generated values after SaveChanges, DB/provider generated IDs, computed columns, triggers, multiple SaveChanges, batching, long transaction performance, ChangeTracker.Clear and short-lived DbContext patterns.",L-052: ef/provider generated | L-058: minuses of many save | L-034: INSERTED | L-062: changes | L-057: performance exact reasons | L-037: db generated | L-063: set up better batches | L-068: query for each savechangs
S-069,IU-069,032d7df171,18568.004,6802.064,967,297,CTXDB05,IDbContextTransaction / GetDbTransaction / UseTransaction / ADO.NET / shared local transaction,CTXDB05A,candidate-for-CTXDB05-transcript,no-boundary-review-only,yes,"Transaction object, IDbContextTransaction, GetDbTransaction, provider-specific transaction access, raw ADO.NET commands, UseTransaction, sharing one local transaction between contexts or context + ADO.NET.",L-033: IDbContextTransaction | L-031: TRANSACTION OBJECT | L-078: GETDBTRANSACTION | L-067: WHY GETDBTRANSACTION IS | L-074: EF CORE + ADO.NET COMMANDS | L-071: HELPFUL | L-075: USETRANSACTION | L-076: LIBRARIES THAT NEED ADO.NET TRANSACTION
S-070,IU-070,ffeb97c5e0,16302.599,6868.419,944,164,CTXDB05,IDbContextTransaction / GetDbTransaction / UseTransaction / ADO.NET / shared local transaction,CTXDB05A,candidate-for-CTXDB05-transcript,no-boundary-review-only,yes,"Transaction object, IDbContextTransaction, GetDbTransaction, provider-specific transaction access, raw ADO.NET commands, UseTransaction, sharing one local transaction between contexts or context + ADO.NET.",L-036: is there some overhead from savepoint creation? | L-067: WHY GETDBTRANSACTION IS | L-071: HELPFUL | L-074: EF CORE + ADO.NET COMMANDS | L-075: USETRANSACTION | L-076: LIBRARIES THAT NEED ADO.NET TRANSACTION | L-077: PROVIDER SPECIFIC TRANSACTION FEATURES | L-033: IDbContextTransaction
S-071,IU-071,b757422145,4011.05,6877.737,765,172,CTXDB03,SaveChanges value generation / batching / performance / ChangeTracker.Clear / short-lived DbContext,CTXDB03A,candidate-for-CTXDB03-transcript,no-boundary-review-only,yes,"Generated values after SaveChanges, DB/provider generated IDs, computed columns, triggers, multiple SaveChanges, batching, long transaction performance, ChangeTracker.Clear and short-lived DbContext patterns.",L-054: computed column | L-047: trigger handles update | L-046: default sql after insert | L-044: onaddorupdate col | L-056: guid with gen on add | L-038: computed column | L-059: PRACTICAL PATTERN | L-030: default constant
S-072,IU-072,1606ce5285,6589.626,7045.336,900,387,CTXDB03,SaveChanges value generation / batching / performance / ChangeTracker.Clear / short-lived DbContext,CTXDB03B,candidate-for-CTXDB03-transcript,no-boundary-review-only,yes,"Generated values after SaveChanges, DB/provider generated IDs, computed columns, triggers, multiple SaveChanges, batching, long transaction performance, ChangeTracker.Clear and short-lived DbContext patterns.",L-052: ef/provider generated | L-063: set up better batches | L-057: performance exact reasons | L-037: db generated | L-070: specific chunk failure recovery | L-061: performance | L-039: generated ids | L-029: 2 types of generated
S-073,IU-073,458f675683,7921.092,7056.838,923,482,CTXDB03,SaveChanges value generation / batching / performance / ChangeTracker.Clear / short-lived DbContext,CTXDB03B,candidate-for-CTXDB03-transcript,no-boundary-review-only,yes,"Generated values after SaveChanges, DB/provider generated IDs, computed columns, triggers, multiple SaveChanges, batching, long transaction performance, ChangeTracker.Clear and short-lived DbContext patterns.","L-061: performance | L-051: ef cant handle it, idk | L-049: mb dont have nav prop,so | L-048: here we add just an id | L-060: 2 large import in chunks | L-045: values before the next step | L-039: generated ids | L-042: 1 you need db generated"
S-074,IU-074,bc88d8c442,22772.227,7110.901,846,482,CTXDB06,DbConnection / open connection / SetDbConnection / command timeout / provider helpers,CTXDB06A,candidate-for-CTXDB06-transcript,no-boundary-review-only,yes,"GetDbConnection, OpenConnection, EF-managed connection, Get/SetConnectionString, SetDbConnection, context ownership of connection disposal, command timeout, EnlistTransaction, provider checks, GenerateCreateScript.",L-053: ensure created/deleted | L-066: getdbconnection | L-035: haspendingmodelchanges | L-082: openconnection | L-064: usage without openconnection | L-065: with connecttion managed by ef | L-025: getpendingmig/getappliedmigr/getmigr | L-024: migration
S-075,IU-075,73d58b17f5,18563.325,7138.372,962,289,CTXDB05,IDbContextTransaction / GetDbTransaction / UseTransaction / ADO.NET / shared local transaction,CTXDB05A,candidate-for-CTXDB05-transcript,no-boundary-review-only,yes,"Transaction object, IDbContextTransaction, GetDbTransaction, provider-specific transaction access, raw ADO.NET commands, UseTransaction, sharing one local transaction between contexts or context + ADO.NET.",L-033: IDbContextTransaction | L-031: TRANSACTION OBJECT | L-078: GETDBTRANSACTION | L-067: WHY GETDBTRANSACTION IS | L-074: EF CORE + ADO.NET COMMANDS | L-075: USETRANSACTION | L-071: HELPFUL | L-076: LIBRARIES THAT NEED ADO.NET TRANSACTION
S-076,IU-076,ffb9f8ba88,3968.05,7160.793,901,102,CTXDB03,SaveChanges value generation / batching / performance / ChangeTracker.Clear / short-lived DbContext,CTXDB03A,candidate-for-CTXDB03-transcript,no-boundary-review-only,yes,"Generated values after SaveChanges, DB/provider generated IDs, computed columns, triggers, multiple SaveChanges, batching, long transaction performance, ChangeTracker.Clear and short-lived DbContext patterns.",L-054: computed column | L-056: guid with gen on add | L-059: PRACTICAL PATTERN | L-047: trigger handles update | L-046: default sql after insert | L-044: onaddorupdate col | L-038: computed column | L-058: minuses of many save
S-077,IU-077,9d7d49f39a,2732.609,7200.049,996,384,CTXDB03,SaveChanges value generation / batching / performance / ChangeTracker.Clear / short-lived DbContext,CTXDB03A,candidate-for-CTXDB03-transcript,no-boundary-review-only,yes,"Generated values after SaveChanges, DB/provider generated IDs, computed columns, triggers, multiple SaveChanges, batching, long transaction performance, ChangeTracker.Clear and short-lived DbContext patterns.",L-043: value on insert | L-056: guid with gen on add | L-054: computed column | L-040: trigger generated | L-047: trigger handles update | L-046: default sql after insert | L-044: onaddorupdate col | L-059: PRACTICAL PATTERN
S-078,IU-078,9d2282d03d,9105.722,7278.678,950,312,CTXDB03,SaveChanges value generation / batching / performance / ChangeTracker.Clear / short-lived DbContext,CTXDB03B,candidate-for-CTXDB03-transcript,no-boundary-review-only,yes,"Generated values after SaveChanges, DB/provider generated IDs, computed columns, triggers, multiple SaveChanges, batching, long transaction performance, ChangeTracker.Clear and short-lived DbContext patterns.","L-060: 2 large import in chunks | L-051: ef cant handle it, idk | L-049: mb dont have nav prop,so | L-048: here we add just an id | L-045: values before the next step | L-042: 1 you need db generated | L-055: bulk | L-050: flushes,multiple queries"
S-079,IU-079,781eb4cb73,3994.55,7387.293,864,163,CTXDB03,SaveChanges value generation / batching / performance / ChangeTracker.Clear / short-lived DbContext,CTXDB03A,candidate-for-CTXDB03-transcript,no-boundary-review-only,yes,"Generated values after SaveChanges, DB/provider generated IDs, computed columns, triggers, multiple SaveChanges, batching, long transaction performance, ChangeTracker.Clear and short-lived DbContext patterns.",L-059: PRACTICAL PATTERN | L-056: guid with gen on add | L-054: computed column | L-047: trigger handles update | L-046: default sql after insert | L-044: onaddorupdate col | L-038: computed column | L-058: minuses of many save
S-080,IU-080,8336f9e525,18569.876,7443.615,953,298,CTXDB05,IDbContextTransaction / GetDbTransaction / UseTransaction / ADO.NET / shared local transaction,CTXDB05A,candidate-for-CTXDB05-transcript,no-boundary-review-only,yes,"Transaction object, IDbContextTransaction, GetDbTransaction, provider-specific transaction access, raw ADO.NET commands, UseTransaction, sharing one local transaction between contexts or context + ADO.NET.",L-078: GETDBTRANSACTION | L-033: IDbContextTransaction | L-031: TRANSACTION OBJECT | L-074: EF CORE + ADO.NET COMMANDS | L-075: USETRANSACTION | L-067: WHY GETDBTRANSACTION IS | L-076: LIBRARIES THAT NEED ADO.NET TRANSACTION | L-071: HELPFUL
S-081,IU-081,03485061c8,2704.588,7598.068,962,149,CTXDB03,SaveChanges value generation / batching / performance / ChangeTracker.Clear / short-lived DbContext,CTXDB03A,candidate-for-CTXDB03-transcript,no-boundary-review-only,yes,"Generated values after SaveChanges, DB/provider generated IDs, computed columns, triggers, multiple SaveChanges, batching, long transaction performance, ChangeTracker.Clear and short-lived DbContext patterns.",L-056: guid with gen on add | L-054: computed column | L-043: value on insert | L-040: trigger generated | L-047: trigger handles update | L-046: default sql after insert | L-059: PRACTICAL PATTERN | L-044: onaddorupdate col
S-082,IU-082,d2e78b86e5,22780.269,7602.451,980,338,CTXDB06,DbConnection / open connection / SetDbConnection / command timeout / provider helpers,CTXDB06A,candidate-for-CTXDB06-transcript,no-boundary-review-only,yes,"GetDbConnection, OpenConnection, EF-managed connection, Get/SetConnectionString, SetDbConnection, context ownership of connection disposal, command timeout, EnlistTransaction, provider checks, GenerateCreateScript.",L-066: getdbconnection | L-053: ensure created/deleted | L-082: openconnection | L-035: haspendingmodelchanges | L-064: usage without openconnection | L-065: with connecttion managed by ef | L-025: getpendingmig/getappliedmigr/getmigr | L-104: get/set connectionstring
S-083,IU-083,f975e8c97d,18564.389,7755.128,925,276,CTXDB05,IDbContextTransaction / GetDbTransaction / UseTransaction / ADO.NET / shared local transaction,CTXDB05A,candidate-for-CTXDB05-transcript,no-boundary-review-only,yes,"Transaction object, IDbContextTransaction, GetDbTransaction, provider-specific transaction access, raw ADO.NET commands, UseTransaction, sharing one local transaction between contexts or context + ADO.NET.",L-078: GETDBTRANSACTION | L-033: IDbContextTransaction | L-031: TRANSACTION OBJECT | L-074: EF CORE + ADO.NET COMMANDS | L-075: USETRANSACTION | L-076: LIBRARIES THAT NEED ADO.NET TRANSACTION | L-077: PROVIDER SPECIFIC TRANSACTION FEATURES | L-067: WHY GETDBTRANSACTION IS
S-084,IU-084,d1f7f33280,9126.788,7772.411,728,482,CTXDB03,SaveChanges value generation / batching / performance / ChangeTracker.Clear / short-lived DbContext,CTXDB03B,candidate-for-CTXDB03-transcript,no-boundary-review-only,yes,"Generated values after SaveChanges, DB/provider generated IDs, computed columns, triggers, multiple SaveChanges, batching, long transaction performance, ChangeTracker.Clear and short-lived DbContext patterns.","L-060: 2 large import in chunks | L-051: ef cant handle it, idk | L-049: mb dont have nav prop,so | L-048: here we add just an id | L-061: performance | L-085: 3 flush/send query before | L-045: values before the next step | L-055: bulk"
S-085,IU-085,f5361fa2b2,4497.741,7787.163,908,196,CTXDB03,SaveChanges value generation / batching / performance / ChangeTracker.Clear / short-lived DbContext,CTXDB03B,candidate-for-CTXDB03-transcript,no-boundary-review-only,yes,"Generated values after SaveChanges, DB/provider generated IDs, computed columns, triggers, multiple SaveChanges, batching, long transaction performance, ChangeTracker.Clear and short-lived DbContext patterns.","L-059: PRACTICAL PATTERN | L-062: changes | L-058: minuses of many save | L-068: query for each savechangs | L-056: guid with gen on add | L-054: computed column | L-080: inside long transaction, early | L-081: savechanges may acquire locks"
S-086,IU-086,533c627673,5593.947,7808.107,924,343,CTXDB03,SaveChanges value generation / batching / performance / ChangeTracker.Clear / short-lived DbContext,CTXDB03B,candidate-for-CTXDB03-transcript,no-boundary-review-only,yes,"Generated values after SaveChanges, DB/provider generated IDs, computed columns, triggers, multiple SaveChanges, batching, long transaction performance, ChangeTracker.Clear and short-lived DbContext patterns.","L-062: changes | L-068: query for each savechangs | L-057: performance exact reasons | L-058: minuses of many save | L-070: specific chunk failure recovery | L-063: set up better batches | L-080: inside long transaction, early | L-079: release memory sooner"
S-087,IU-087,7d3bce141d,6805.188,7809.039,972,379,CTXDB03,SaveChanges value generation / batching / performance / ChangeTracker.Clear / short-lived DbContext,CTXDB03B,candidate-for-CTXDB03-transcript,no-boundary-review-only,yes,"Generated values after SaveChanges, DB/provider generated IDs, computed columns, triggers, multiple SaveChanges, batching, long transaction performance, ChangeTracker.Clear and short-lived DbContext patterns.",L-063: set up better batches | L-070: specific chunk failure recovery | L-061: performance | L-057: performance exact reasons | L-079: release memory sooner | L-052: ef/provider generated | L-039: generated ids | L-037: db generated
S-088,IU-088,eb2ba05525,8009.987,7826.882,813,482,CTXDB03,SaveChanges value generation / batching / performance / ChangeTracker.Clear / short-lived DbContext,CTXDB03B,candidate-for-CTXDB03-transcript,no-boundary-review-only,yes,"Generated values after SaveChanges, DB/provider generated IDs, computed columns, triggers, multiple SaveChanges, batching, long transaction performance, ChangeTracker.Clear and short-lived DbContext patterns.","L-061: performance | L-060: 2 large import in chunks | L-051: ef cant handle it, idk | L-049: mb dont have nav prop,so | L-048: here we add just an id | L-085: 3 flush/send query before | L-088: another phase | L-045: values before the next step"
S-089,IU-089,39cb471d3f,4526.482,8010.197,806,482,CTXDB03,SaveChanges value generation / batching / performance / ChangeTracker.Clear / short-lived DbContext,CTXDB03B,candidate-for-CTXDB03-transcript,no-boundary-review-only,yes,"Generated values after SaveChanges, DB/provider generated IDs, computed columns, triggers, multiple SaveChanges, batching, long transaction performance, ChangeTracker.Clear and short-lived DbContext patterns.","L-068: query for each savechangs | L-059: PRACTICAL PATTERN | L-062: changes | L-058: minuses of many save | L-080: inside long transaction, early | L-081: savechanges may acquire locks | L-083: and hold them until the end | L-056: guid with gen on add"
S-090,IU-090,cff84cf97d,18559.017,8026.769,946,344,CTXDB05,IDbContextTransaction / GetDbTransaction / UseTransaction / ADO.NET / shared local transaction,CTXDB05A,candidate-for-CTXDB05-transcript,no-boundary-review-only,yes,"Transaction object, IDbContextTransaction, GetDbTransaction, provider-specific transaction access, raw ADO.NET commands, UseTransaction, sharing one local transaction between contexts or context + ADO.NET.",L-078: GETDBTRANSACTION | L-033: IDbContextTransaction | L-031: TRANSACTION OBJECT | L-074: EF CORE + ADO.NET COMMANDS | L-075: USETRANSACTION | L-076: LIBRARIES THAT NEED ADO.NET TRANSACTION | L-077: PROVIDER SPECIFIC TRANSACTION FEATURES | L-067: WHY GETDBTRANSACTION IS
S-091,IU-091,c3f8ff9082,22761.512,8154.936,986,450,CTXDB06,DbConnection / open connection / SetDbConnection / command timeout / provider helpers,CTXDB06A,candidate-for-CTXDB06-transcript,no-boundary-review-only,yes,"GetDbConnection, OpenConnection, EF-managed connection, Get/SetConnectionString, SetDbConnection, context ownership of connection disposal, command timeout, EnlistTransaction, provider checks, GenerateCreateScript.",L-066: getdbconnection | L-082: openconnection | L-053: ensure created/deleted | L-065: with connecttion managed by ef | L-064: usage without openconnection | L-104: get/set connectionstring | L-035: haspendingmodelchanges | L-112: setdbconnection
S-092,IU-092,e8ae905fc4,23954.411,8174.758,1011,356,CTXDB06,DbConnection / open connection / SetDbConnection / command timeout / provider helpers,CTXDB06A,candidate-for-CTXDB06-transcript,no-boundary-review-only,yes,"GetDbConnection, OpenConnection, EF-managed connection, Get/SetConnectionString, SetDbConnection, context ownership of connection disposal, command timeout, EnlistTransaction, provider checks, GenerateCreateScript.",L-065: with connecttion managed by ef | L-064: usage without openconnection | L-066: getdbconnection | L-082: openconnection | L-053: ensure created/deleted | L-035: haspendingmodelchanges | L-104: get/set connectionstring | L-113: can control whether context owns the disposal of the
S-093,IU-093,90eb2b991f,25189.372,8205.25,971,352,CTXDB06,DbConnection / open connection / SetDbConnection / command timeout / provider helpers,CTXDB06A,candidate-for-CTXDB06-transcript,no-boundary-review-only,yes,"GetDbConnection, OpenConnection, EF-managed connection, Get/SetConnectionString, SetDbConnection, context ownership of connection disposal, command timeout, EnlistTransaction, provider checks, GenerateCreateScript.",L-065: with connecttion managed by ef | L-064: usage without openconnection | L-066: getdbconnection | L-082: openconnection | L-053: ensure created/deleted | L-113: can control whether context owns the disposal of the | L-115: connection | L-035: haspendingmodelchanges
S-094,IU-094,cc6d62eadd,6770.593,8268.873,965,446,CTXDB03,SaveChanges value generation / batching / performance / ChangeTracker.Clear / short-lived DbContext,CTXDB03B,candidate-for-CTXDB03-transcript,no-boundary-review-only,yes,"Generated values after SaveChanges, DB/provider generated IDs, computed columns, triggers, multiple SaveChanges, batching, long transaction performance, ChangeTracker.Clear and short-lived DbContext patterns.","L-079: release memory sooner | L-070: specific chunk failure recovery | L-063: set up better batches | L-061: performance | L-057: performance exact reasons | L-052: ef/provider generated | L-068: query for each savechangs | L-080: inside long transaction, early"
S-095,IU-095,5ebbaea51e,9114.222,8284.845,913,413,CTXDB03,SaveChanges value generation / batching / performance / ChangeTracker.Clear / short-lived DbContext,CTXDB03B,candidate-for-CTXDB03-transcript,no-boundary-review-only,yes,"Generated values after SaveChanges, DB/provider generated IDs, computed columns, triggers, multiple SaveChanges, batching, long transaction performance, ChangeTracker.Clear and short-lived DbContext patterns.","L-060: 2 large import in chunks | L-085: 3 flush/send query before | L-088: another phase | L-089: what is flush | L-092: of savechanges | L-061: performance | L-055: bulk | L-051: ef cant handle it, idk"
S-096,IU-096,5b49ffcbf6,5604.725,8330.274,950,454,CTXDB03,SaveChanges value generation / batching / performance / ChangeTracker.Clear / short-lived DbContext,CTXDB03B,candidate-for-CTXDB03-transcript,no-boundary-review-only,yes,"Generated values after SaveChanges, DB/provider generated IDs, computed columns, triggers, multiple SaveChanges, batching, long transaction performance, ChangeTracker.Clear and short-lived DbContext patterns.","L-068: query for each savechangs | L-080: inside long transaction, early | L-081: savechanges may acquire locks | L-070: specific chunk failure recovery | L-079: release memory sooner | L-083: and hold them until the end | L-062: changes | L-057: performance exact reasons"
S-097,IU-097,51d31e7291,18554.645,8362.064,965,297,CTXDB05,IDbContextTransaction / GetDbTransaction / UseTransaction / ADO.NET / shared local transaction,CTXDB05A,candidate-for-CTXDB05-transcript,no-boundary-review-only,yes,"Transaction object, IDbContextTransaction, GetDbTransaction, provider-specific transaction access, raw ADO.NET commands, UseTransaction, sharing one local transaction between contexts or context + ADO.NET.",L-078: GETDBTRANSACTION | L-077: PROVIDER SPECIFIC TRANSACTION FEATURES | L-076: LIBRARIES THAT NEED ADO.NET TRANSACTION | L-075: USETRANSACTION | L-074: EF CORE + ADO.NET COMMANDS | L-071: HELPFUL | L-067: WHY GETDBTRANSACTION IS | L-033: IDbContextTransaction
S-098,IU-098,6b7b85cf15,4533.108,8532.054,874,482,CTXDB03,SaveChanges value generation / batching / performance / ChangeTracker.Clear / short-lived DbContext,CTXDB03B,candidate-for-CTXDB03-transcript,no-boundary-review-only,yes,"Generated values after SaveChanges, DB/provider generated IDs, computed columns, triggers, multiple SaveChanges, batching, long transaction performance, ChangeTracker.Clear and short-lived DbContext patterns.","L-080: inside long transaction, early | L-081: savechanges may acquire locks | L-083: and hold them until the end | L-068: query for each savechangs | L-094: ChangeTracker.Clear | L-096: cler/disposable | L-097: better patterns | L-062: changes"
S-099,IU-099,4165daffb9,15349.206,8534.83,874,482,CTXDB05,IDbContextTransaction / GetDbTransaction / UseTransaction / ADO.NET / shared local transaction,CTXDB05A,candidate-for-CTXDB05-transcript,no-boundary-review-only,yes,"Transaction object, IDbContextTransaction, GetDbTransaction, provider-specific transaction access, raw ADO.NET commands, UseTransaction, sharing one local transaction between contexts or context + ADO.NET.","L-084: WHAT DO WE GET FROM GETDBTRANSACTION | L-073: DO WE NEED TO CAST? | L-072: PROVIDER SPEC TRANSACTION, | L-069: DB TRANSACTION | L-077: PROVIDER SPECIFIC TRANSACTION FEATURES | L-076: LIBRARIES THAT NEED ADO.NET TRANSACTION | L-075: USETRANSACTION | L-071: HELPFUL"
S-100,IU-100,b157b21508,25209.61,8594.131,953,303,CTXDB06,DbConnection / open connection / SetDbConnection / command timeout / provider helpers,CTXDB06A,candidate-for-CTXDB06-transcript,no-boundary-review-only,yes,"GetDbConnection, OpenConnection, EF-managed connection, Get/SetConnectionString, SetDbConnection, context ownership of connection disposal, command timeout, EnlistTransaction, provider checks, GenerateCreateScript.",L-065: with connecttion managed by ef | L-064: usage without openconnection | L-082: openconnection | L-066: getdbconnection | L-113: can control whether context owns the disposal of the | L-115: connection | L-104: get/set connectionstring | L-053: ensure created/deleted
S-101,IU-101,146aec379d,22800.3,8612.315,906,391,CTXDB06,DbConnection / open connection / SetDbConnection / command timeout / provider helpers,CTXDB06A,candidate-for-CTXDB06-transcript,no-boundary-review-only,yes,"GetDbConnection, OpenConnection, EF-managed connection, Get/SetConnectionString, SetDbConnection, context ownership of connection disposal, command timeout, EnlistTransaction, provider checks, GenerateCreateScript.",L-082: openconnection | L-066: getdbconnection | L-104: get/set connectionstring | L-065: with connecttion managed by ef | L-053: ensure created/deleted | L-064: usage without openconnection | L-035: haspendingmodelchanges | L-112: setdbconnection
S-102,IU-102,9bed71cc5e,16616.116,8663.719,959,292,CTXDB05,IDbContextTransaction / GetDbTransaction / UseTransaction / ADO.NET / shared local transaction,CTXDB05A,candidate-for-CTXDB05-transcript,no-boundary-review-only,yes,"Transaction object, IDbContextTransaction, GetDbTransaction, provider-specific transaction access, raw ADO.NET commands, UseTransaction, sharing one local transaction between contexts or context + ADO.NET.",L-077: PROVIDER SPECIFIC TRANSACTION FEATURES | L-076: LIBRARIES THAT NEED ADO.NET TRANSACTION | L-075: USETRANSACTION | L-074: EF CORE + ADO.NET COMMANDS | L-071: HELPFUL | L-067: WHY GETDBTRANSACTION IS | L-078: GETDBTRANSACTION | L-084: WHAT DO WE GET FROM GETDBTRANSACTION
S-103,IU-103,5ffee31a20,9098.468,8732.411,838,482,CTXDB03,SaveChanges value generation / batching / performance / ChangeTracker.Clear / short-lived DbContext,CTXDB03B,candidate-for-CTXDB03-transcript,no-boundary-review-only,yes,"Generated values after SaveChanges, DB/provider generated IDs, computed columns, triggers, multiple SaveChanges, batching, long transaction performance, ChangeTracker.Clear and short-lived DbContext patterns.","L-085: 3 flush/send query before | L-088: another phase | L-089: what is flush | L-092: of savechanges | L-060: 2 large import in chunks | L-101: 4 dont want to rollback | L-105: everything,savepoints | L-087: one savech, at least one"
S-104,IU-104,6a4b0521e9,23964.019,8790.665,869,482,CTXDB06,DbConnection / open connection / SetDbConnection / command timeout / provider helpers,CTXDB06A,candidate-for-CTXDB06-transcript,no-boundary-review-only,yes,"GetDbConnection, OpenConnection, EF-managed connection, Get/SetConnectionString, SetDbConnection, context ownership of connection disposal, command timeout, EnlistTransaction, provider checks, GenerateCreateScript.",L-065: with connecttion managed by ef | L-064: usage without openconnection | L-082: openconnection | L-066: getdbconnection | L-104: get/set connectionstring | L-113: can control whether context owns the disposal of the | L-115: connection | L-053: ensure created/deleted
S-105,IU-105,02d4df4fbd,18560.304,8835.966,1033,328,CTXDB05,IDbContextTransaction / GetDbTransaction / UseTransaction / ADO.NET / shared local transaction,CTXDB05A,candidate-for-CTXDB05-transcript,no-boundary-review-only,yes,"Transaction object, IDbContextTransaction, GetDbTransaction, provider-specific transaction access, raw ADO.NET commands, UseTransaction, sharing one local transaction between contexts or context + ADO.NET.",L-078: GETDBTRANSACTION | L-107: why to use one connection | L-111: for multiple operations | L-077: PROVIDER SPECIFIC TRANSACTION FEATURES | L-076: LIBRARIES THAT NEED ADO.NET TRANSACTION | L-075: USETRANSACTION | L-074: EF CORE + ADO.NET COMMANDS | L-071: HELPFUL
S-106,IU-106,f049355306,25219.276,8896.369,827,369,CTXDB06,DbConnection / open connection / SetDbConnection / command timeout / provider helpers,CTXDB06A,candidate-for-CTXDB06-transcript,no-boundary-review-only,yes,"GetDbConnection, OpenConnection, EF-managed connection, Get/SetConnectionString, SetDbConnection, context ownership of connection disposal, command timeout, EnlistTransaction, provider checks, GenerateCreateScript.",L-065: with connecttion managed by ef | L-064: usage without openconnection | L-113: can control whether context owns the disposal of the | L-115: connection | L-082: openconnection | L-066: getdbconnection | L-104: get/set connectionstring | L-053: ensure created/deleted
S-107,IU-107,6e23c56102,6862.797,8932.714,787,163,CTXDB03,SaveChanges value generation / batching / performance / ChangeTracker.Clear / short-lived DbContext,CTXDB03B,candidate-for-CTXDB03-transcript,no-boundary-review-only,yes,"Generated values after SaveChanges, DB/provider generated IDs, computed columns, triggers, multiple SaveChanges, batching, long transaction performance, ChangeTracker.Clear and short-lived DbContext patterns.",L-079: release memory sooner | L-070: specific chunk failure recovery | L-100: avoid extra cpu cost from | L-063: set up better batches | L-103: from clearing too | L-102: tracking after memory release | L-061: performance | L-057: performance exact reasons
S-108,IU-108,c82aaf7ffd,16640.447,8968.562,801,482,CTXDB05,IDbContextTransaction / GetDbTransaction / UseTransaction / ADO.NET / shared local transaction,CTXDB05A,candidate-for-CTXDB05-transcript,no-boundary-review-only,yes,"Transaction object, IDbContextTransaction, GetDbTransaction, provider-specific transaction access, raw ADO.NET commands, UseTransaction, sharing one local transaction between contexts or context + ADO.NET.",L-077: PROVIDER SPECIFIC TRANSACTION FEATURES | L-076: LIBRARIES THAT NEED ADO.NET TRANSACTION | L-075: USETRANSACTION | L-074: EF CORE + ADO.NET COMMANDS | L-071: HELPFUL | L-067: WHY GETDBTRANSACTION IS | L-084: WHAT DO WE GET FROM GETDBTRANSACTION | L-078: GETDBTRANSACTION
S-109,IU-109,35d2585801,6862.779,9112.963,769,482,CTXDB03,SaveChanges value generation / batching / performance / ChangeTracker.Clear / short-lived DbContext,CTXDB03B,candidate-for-CTXDB03-transcript,no-boundary-review-only,yes,"Generated values after SaveChanges, DB/provider generated IDs, computed columns, triggers, multiple SaveChanges, batching, long transaction performance, ChangeTracker.Clear and short-lived DbContext patterns.",L-079: release memory sooner | L-100: avoid extra cpu cost from | L-103: from clearing too | L-102: tracking after memory release | L-070: specific chunk failure recovery | L-063: set up better batches | L-083: and hold them until the end | L-081: savechanges may acquire locks
S-110,IU-110,ffd943be33,22760.981,9173.178,941,302,CTXDB06,DbConnection / open connection / SetDbConnection / command timeout / provider helpers,CTXDB06A,candidate-for-CTXDB06-transcript,no-boundary-review-only,yes,"GetDbConnection, OpenConnection, EF-managed connection, Get/SetConnectionString, SetDbConnection, context ownership of connection disposal, command timeout, EnlistTransaction, provider checks, GenerateCreateScript.",L-082: openconnection | L-104: get/set connectionstring | L-066: getdbconnection | L-112: setdbconnection | L-065: with connecttion managed by ef | L-113: can control whether context owns the disposal of the | L-064: usage without openconnection | L-115: connection
S-111,IU-111,10ba086a34,5600.175,9186.201,982,369,CTXDB03,SaveChanges value generation / batching / performance / ChangeTracker.Clear / short-lived DbContext,CTXDB03B,candidate-for-CTXDB03-transcript,no-boundary-review-only,yes,"Generated values after SaveChanges, DB/provider generated IDs, computed columns, triggers, multiple SaveChanges, batching, long transaction performance, ChangeTracker.Clear and short-lived DbContext patterns.","L-083: and hold them until the end | L-081: savechanges may acquire locks | L-094: ChangeTracker.Clear | L-080: inside long transaction, early | L-097: better patterns | L-079: release memory sooner | L-100: avoid extra cpu cost from | L-102: tracking after memory release"
S-112,IU-112,cc80b1375b,15397.035,9251.77,910,482,CTXDB05,IDbContextTransaction / GetDbTransaction / UseTransaction / ADO.NET / shared local transaction,CTXDB05A,candidate-for-CTXDB05-transcript,no-boundary-review-only,yes,"Transaction object, IDbContextTransaction, GetDbTransaction, provider-specific transaction access, raw ADO.NET commands, UseTransaction, sharing one local transaction between contexts or context + ADO.NET.","L-084: WHAT DO WE GET FROM GETDBTRANSACTION | L-073: DO WE NEED TO CAST? | L-077: PROVIDER SPECIFIC TRANSACTION FEATURES | L-072: PROVIDER SPEC TRANSACTION, | L-076: LIBRARIES THAT NEED ADO.NET TRANSACTION | L-075: USETRANSACTION | L-069: DB TRANSACTION | L-074: EF CORE + ADO.NET COMMANDS"
S-113,IU-113,6c59a8dfba,25162.824,9267.917,978,304,CTXDB06,DbConnection / open connection / SetDbConnection / command timeout / provider helpers,CTXDB06A,candidate-for-CTXDB06-transcript,no-boundary-review-only,yes,"GetDbConnection, OpenConnection, EF-managed connection, Get/SetConnectionString, SetDbConnection, context ownership of connection disposal, command timeout, EnlistTransaction, provider checks, GenerateCreateScript.",L-065: with connecttion managed by ef | L-064: usage without openconnection | L-113: can control whether context owns the disposal of the | L-115: connection | L-082: openconnection | L-066: getdbconnection | L-104: get/set connectionstring | L-112: setdbconnection
S-114,IU-114,333fb735a6,23935.943,9309.084,987,235,CTXDB06,DbConnection / open connection / SetDbConnection / command timeout / provider helpers,CTXDB06A,candidate-for-CTXDB06-transcript,no-boundary-review-only,yes,"GetDbConnection, OpenConnection, EF-managed connection, Get/SetConnectionString, SetDbConnection, context ownership of connection disposal, command timeout, EnlistTransaction, provider checks, GenerateCreateScript.",L-065: with connecttion managed by ef | L-064: usage without openconnection | L-082: openconnection | L-113: can control whether context owns the disposal of the | L-115: connection | L-104: get/set connectionstring | L-066: getdbconnection | L-112: setdbconnection
S-115,IU-115,06c7a0e20a,16637.237,9462.794,701,209,CTXDB05,IDbContextTransaction / GetDbTransaction / UseTransaction / ADO.NET / shared local transaction,CTXDB05A,candidate-for-CTXDB05-transcript,no-boundary-review-only,yes,"Transaction object, IDbContextTransaction, GetDbTransaction, provider-specific transaction access, raw ADO.NET commands, UseTransaction, sharing one local transaction between contexts or context + ADO.NET.",L-077: PROVIDER SPECIFIC TRANSACTION FEATURES | L-076: LIBRARIES THAT NEED ADO.NET TRANSACTION | L-075: USETRANSACTION | L-074: EF CORE + ADO.NET COMMANDS | L-071: HELPFUL | L-067: WHY GETDBTRANSACTION IS | L-084: WHAT DO WE GET FROM GETDBTRANSACTION | L-078: GETDBTRANSACTION
S-116,IU-116,3f576096f7,22755.224,9486.118,921,384,CTXDB06,DbConnection / open connection / SetDbConnection / command timeout / provider helpers,CTXDB06A,candidate-for-CTXDB06-transcript,no-boundary-review-only,yes,"GetDbConnection, OpenConnection, EF-managed connection, Get/SetConnectionString, SetDbConnection, context ownership of connection disposal, command timeout, EnlistTransaction, provider checks, GenerateCreateScript.",L-082: openconnection | L-104: get/set connectionstring | L-066: getdbconnection | L-112: setdbconnection | L-113: can control whether context owns the disposal of the | L-116: (with dbcontextoptoins and | L-115: connection | L-117: manual creation of context)
S-117,IU-117,750c1efee9,9116.904,9523.522,734,482,CTXDB03,SaveChanges value generation / batching / performance / ChangeTracker.Clear / short-lived DbContext,CTXDB03B,candidate-for-CTXDB03-transcript,no-boundary-review-only,yes,"Generated values after SaveChanges, DB/provider generated IDs, computed columns, triggers, multiple SaveChanges, batching, long transaction performance, ChangeTracker.Clear and short-lived DbContext patterns.","L-088: another phase | L-085: 3 flush/send query before | L-101: 4 dont want to rollback | L-105: everything,savepoints | L-092: of savechanges | L-089: what is flush | L-114: why disable auto savepoints | L-091: query"
S-118,IU-118,47acb56970,10182.284,9611.172,950,482,CTXDB04,SaveChanges transaction lifecycle / flush / rollback scope,CTXDB04A,candidate-for-CTXDB04-transcript,no-boundary-review-only,yes,"Where transaction lives around SaveChanges, rollback after DB write, flush/send query before next phase, query visibility inside transaction.","L-092: of savechanges | L-089: what is flush | L-091: query | L-087: one savech, at least one | L-101: 4 dont want to rollback | L-088: another phase | L-105: everything,savepoints | L-085: 3 flush/send query before"
S-119,IU-119,590cae38cb,6835.795,9611.196,888,136,CTXDB03,SaveChanges value generation / batching / performance / ChangeTracker.Clear / short-lived DbContext,CTXDB03B,candidate-for-CTXDB03-transcript,no-boundary-review-only,yes,"Generated values after SaveChanges, DB/provider generated IDs, computed columns, triggers, multiple SaveChanges, batching, long transaction performance, ChangeTracker.Clear and short-lived DbContext patterns.",L-100: avoid extra cpu cost from | L-103: from clearing too | L-102: tracking after memory release | L-079: release memory sooner | L-070: specific chunk failure recovery | L-088: another phase | L-085: 3 flush/send query before | L-094: ChangeTracker.Clear
S-120,IU-120,d06a83a760,11264.551,9640.273,965,429,CTXDB04,SaveChanges transaction lifecycle / flush / rollback scope,CTXDB04A,candidate-for-CTXDB04-transcript,no-boundary-review-only,yes,"Where transaction lives around SaveChanges, rollback after DB write, flush/send query before next phase, query visibility inside transaction.","L-091: query | L-087: one savech, at least one | L-090: lives,rollback after write to db | L-086: where transaction | L-092: of savechanges | L-089: what is flush | L-055: bulk | L-101: 4 dont want to rollback"
S-121,IU-121,a392d44b53,13511.009,9641.394,769,482,CTXDB04,SaveChanges transaction lifecycle / flush / rollback scope,CTXDB04B,candidate-for-CTXDB04-transcript,no-boundary-review-only,yes,"Where transaction lives around SaveChanges, rollback after DB write, flush/send query before next phase, query visibility inside transaction.","L-090: lives,rollback after write to db | L-086: where transaction | L-084: WHAT DO WE GET FROM GETDBTRANSACTION | L-073: DO WE NEED TO CAST? | L-072: PROVIDER SPEC TRANSACTION, | L-069: DB TRANSACTION | L-091: query | L-087: one savech, at least one"
S-122,IU-122,d89c0f6504,12348.031,9666.506,852,482,CTXDB04,SaveChanges transaction lifecycle / flush / rollback scope,CTXDB04A,candidate-for-CTXDB04-transcript,no-boundary-review-only,yes,"Where transaction lives around SaveChanges, rollback after DB write, flush/send query before next phase, query visibility inside transaction.","L-090: lives,rollback after write to db | L-086: where transaction | L-091: query | L-087: one savech, at least one | L-092: of savechanges | L-089: what is flush | L-084: WHAT DO WE GET FROM GETDBTRANSACTION | L-073: DO WE NEED TO CAST?"
S-123,IU-123,aa6e04d7c1,16622.874,9690.31,897,457,CTXDB05,IDbContextTransaction / GetDbTransaction / UseTransaction / ADO.NET / shared local transaction,CTXDB05A,candidate-for-CTXDB05-transcript,no-boundary-review-only,yes,"Transaction object, IDbContextTransaction, GetDbTransaction, provider-specific transaction access, raw ADO.NET commands, UseTransaction, sharing one local transaction between contexts or context + ADO.NET.",L-077: PROVIDER SPECIFIC TRANSACTION FEATURES | L-076: LIBRARIES THAT NEED ADO.NET TRANSACTION | L-075: USETRANSACTION | L-074: EF CORE + ADO.NET COMMANDS | L-084: WHAT DO WE GET FROM GETDBTRANSACTION | L-071: HELPFUL | L-067: WHY GETDBTRANSACTION IS | L-078: GETDBTRANSACTION
S-124,IU-124,e39801aa4d,15400.306,9752.611,740,331,CTXDB05,IDbContextTransaction / GetDbTransaction / UseTransaction / ADO.NET / shared local transaction,CTXDB05A,candidate-for-CTXDB05-transcript,no-boundary-review-only,yes,"Transaction object, IDbContextTransaction, GetDbTransaction, provider-specific transaction access, raw ADO.NET commands, UseTransaction, sharing one local transaction between contexts or context + ADO.NET.","L-084: WHAT DO WE GET FROM GETDBTRANSACTION | L-073: DO WE NEED TO CAST? | L-077: PROVIDER SPECIFIC TRANSACTION FEATURES | L-072: PROVIDER SPEC TRANSACTION, | L-076: LIBRARIES THAT NEED ADO.NET TRANSACTION | L-069: DB TRANSACTION | L-075: USETRANSACTION | L-074: EF CORE + ADO.NET COMMANDS"
S-125,IU-125,c219f0d313,6844.436,9814.875,942,283,CTXDB03,SaveChanges value generation / batching / performance / ChangeTracker.Clear / short-lived DbContext,CTXDB03B,candidate-for-CTXDB03-transcript,no-boundary-review-only,yes,"Generated values after SaveChanges, DB/provider generated IDs, computed columns, triggers, multiple SaveChanges, batching, long transaction performance, ChangeTracker.Clear and short-lived DbContext patterns.","L-103: from clearing too | L-100: avoid extra cpu cost from | L-102: tracking after memory release | L-079: release memory sooner | L-101: 4 dont want to rollback | L-105: everything,savepoints | L-088: another phase | L-085: 3 flush/send query before"
S-126,IU-126,1b3829f041,22734.224,9880.087,883,350,CTXDB06,DbConnection / open connection / SetDbConnection / command timeout / provider helpers,CTXDB06A,candidate-for-CTXDB06-transcript,no-boundary-review-only,yes,"GetDbConnection, OpenConnection, EF-managed connection, Get/SetConnectionString, SetDbConnection, context ownership of connection disposal, command timeout, EnlistTransaction, provider checks, GenerateCreateScript.",L-104: get/set connectionstring | L-082: openconnection | L-112: setdbconnection | L-116: (with dbcontextoptoins and | L-113: can control whether context owns the disposal of the | L-115: connection | L-117: manual creation of context) | L-066: getdbconnection
S-127,IU-127,a1d88932a4,5412.005,9900.705,925,111,CTXDB03,SaveChanges value generation / batching / performance / ChangeTracker.Clear / short-lived DbContext,CTXDB03B,candidate-for-CTXDB03-transcript,no-boundary-review-only,yes,"Generated values after SaveChanges, DB/provider generated IDs, computed columns, triggers, multiple SaveChanges, batching, long transaction performance, ChangeTracker.Clear and short-lived DbContext patterns.",L-097: better patterns | L-094: ChangeTracker.Clear | L-083: and hold them until the end | L-106: separate context for bulk | L-100: avoid extra cpu cost from | L-102: tracking after memory release | L-081: savechanges may acquire locks | L-109: work pattern
S-128,IU-128,37bdbb7312,4413.968,9937.528,931,275,CTXDB03,SaveChanges value generation / batching / performance / ChangeTracker.Clear / short-lived DbContext,CTXDB03B,candidate-for-CTXDB03-transcript,no-boundary-review-only,yes,"Generated values after SaveChanges, DB/provider generated IDs, computed columns, triggers, multiple SaveChanges, batching, long transaction performance, ChangeTracker.Clear and short-lived DbContext patterns.",L-099: short lived dbcontexts | L-096: cler/disposable | L-097: better patterns | L-094: ChangeTracker.Clear | L-106: separate context for bulk | L-109: work pattern | L-108: short lived context | L-110: pattern
S-129,IU-129,4377c5609b,3232.207,9949.163,956,327,CTXDB03,SaveChanges value generation / batching / performance / ChangeTracker.Clear / short-lived DbContext,CTXDB03B,candidate-for-CTXDB03-transcript,no-boundary-review-only,yes,"Generated values after SaveChanges, DB/provider generated IDs, computed columns, triggers, multiple SaveChanges, batching, long transaction performance, ChangeTracker.Clear and short-lived DbContext patterns.","L-098: better maintainability,reasoning | L-095: traidoff, | L-099: short lived dbcontexts | L-096: cler/disposable | L-093: short lived dbcontext | L-108: short lived context | L-110: pattern | L-106: separate context for bulk"
S-130,IU-130,3caa7c5c52,5402.466,10027.43,818,482,CTXDB03,SaveChanges value generation / batching / performance / ChangeTracker.Clear / short-lived DbContext,CTXDB03B,candidate-for-CTXDB03-transcript,no-boundary-review-only,yes,"Generated values after SaveChanges, DB/provider generated IDs, computed columns, triggers, multiple SaveChanges, batching, long transaction performance, ChangeTracker.Clear and short-lived DbContext patterns.",L-097: better patterns | L-106: separate context for bulk | L-094: ChangeTracker.Clear | L-109: work pattern | L-102: tracking after memory release | L-100: avoid extra cpu cost from | L-103: from clearing too | L-083: and hold them until the end
S-131,IU-131,77946d5e24,9079.055,10034.845,940,113,CTXDB03,SaveChanges value generation / batching / performance / ChangeTracker.Clear / short-lived DbContext,CTXDB03B,candidate-for-CTXDB03-transcript,no-boundary-review-only,yes,"Generated values after SaveChanges, DB/provider generated IDs, computed columns, triggers, multiple SaveChanges, batching, long transaction performance, ChangeTracker.Clear and short-lived DbContext patterns.","L-101: 4 dont want to rollback | L-105: everything,savepoints | L-088: another phase | L-092: of savechanges | L-085: 3 flush/send query before | L-089: what is flush | L-114: why disable auto savepoints | L-091: query"
S-132,IU-132,88eb4730a5,11263.485,10108.283,890,482,CTXDB04,SaveChanges transaction lifecycle / flush / rollback scope,CTXDB04A,candidate-for-CTXDB04-transcript,no-boundary-review-only,yes,"Where transaction lives around SaveChanges, rollback after DB write, flush/send query before next phase, query visibility inside transaction.","L-091: query | L-087: one savech, at least one | L-090: lives,rollback after write to db | L-086: where transaction | L-092: of savechanges | L-089: what is flush | L-105: everything,savepoints | L-101: 4 dont want to rollback"
S-133,IU-133,4951060a03,15401.009,10126.037,1026,396,CTXDB05,IDbContextTransaction / GetDbTransaction / UseTransaction / ADO.NET / shared local transaction,CTXDB05A,candidate-for-CTXDB05-transcript,no-boundary-review-only,yes,"Transaction object, IDbContextTransaction, GetDbTransaction, provider-specific transaction access, raw ADO.NET commands, UseTransaction, sharing one local transaction between contexts or context + ADO.NET.",L-084: WHAT DO WE GET FROM GETDBTRANSACTION | L-118: usetransaction | L-119: getdbtransaction | L-077: PROVIDER SPECIFIC TRANSACTION FEATURES | L-076: LIBRARIES THAT NEED ADO.NET TRANSACTION | L-075: USETRANSACTION | L-073: DO WE NEED TO CAST? | L-120: same conection
S-134,IU-134,60f8848931,12333.995,10154.622,953,361,CTXDB04,SaveChanges transaction lifecycle / flush / rollback scope,CTXDB04A,candidate-for-CTXDB04-transcript,no-boundary-review-only,yes,"Where transaction lives around SaveChanges, rollback after DB write, flush/send query before next phase, query visibility inside transaction.","L-090: lives,rollback after write to db | L-086: where transaction | L-091: query | L-087: one savech, at least one | L-092: of savechanges | L-089: what is flush | L-084: WHAT DO WE GET FROM GETDBTRANSACTION | L-073: DO WE NEED TO CAST?"
S-135,IU-135,339392b7c2,16612.04,10154.749,812,476,CTXDB05,IDbContextTransaction / GetDbTransaction / UseTransaction / ADO.NET / shared local transaction,CTXDB05A,candidate-for-CTXDB05-transcript,no-boundary-review-only,yes,"Transaction object, IDbContextTransaction, GetDbTransaction, provider-specific transaction access, raw ADO.NET commands, UseTransaction, sharing one local transaction between contexts or context + ADO.NET.",L-077: PROVIDER SPECIFIC TRANSACTION FEATURES | L-084: WHAT DO WE GET FROM GETDBTRANSACTION | L-076: LIBRARIES THAT NEED ADO.NET TRANSACTION | L-118: usetransaction | L-075: USETRANSACTION | L-074: EF CORE + ADO.NET COMMANDS | L-119: getdbtransaction | L-071: HELPFUL
S-136,IU-136,e82cbae5ca,10174.595,10184.506,919,482,CTXDB04,SaveChanges transaction lifecycle / flush / rollback scope,CTXDB04A,candidate-for-CTXDB04-transcript,no-boundary-review-only,yes,"Where transaction lives around SaveChanges, rollback after DB write, flush/send query before next phase, query visibility inside transaction.","L-092: of savechanges | L-089: what is flush | L-091: query | L-087: one savech, at least one | L-105: everything,savepoints | L-101: 4 dont want to rollback | L-088: another phase | L-114: why disable auto savepoints"
S-137,IU-137,422cb847c0,13503.988,10310.589,952,390,CTXDB04,SaveChanges transaction lifecycle / flush / rollback scope,CTXDB04B,candidate-for-CTXDB04-transcript,no-boundary-review-only,yes,"Where transaction lives around SaveChanges, rollback after DB write, flush/send query before next phase, query visibility inside transaction.","L-090: lives,rollback after write to db | L-086: where transaction | L-084: WHAT DO WE GET FROM GETDBTRANSACTION | L-118: usetransaction | L-119: getdbtransaction | L-073: DO WE NEED TO CAST? | L-120: same conection | L-072: PROVIDER SPEC TRANSACTION,"
S-138,IU-138,79beee5e39,3240.374,10321.997,963,358,CTXDB03,SaveChanges value generation / batching / performance / ChangeTracker.Clear / short-lived DbContext,CTXDB03B,candidate-for-CTXDB03-transcript,no-boundary-review-only,yes,"Generated values after SaveChanges, DB/provider generated IDs, computed columns, triggers, multiple SaveChanges, batching, long transaction performance, ChangeTracker.Clear and short-lived DbContext patterns.","L-108: short lived context | L-110: pattern | L-098: better maintainability,reasoning | L-099: short lived dbcontexts | L-095: traidoff, | L-096: cler/disposable | L-093: short lived dbcontext | L-106: separate context for bulk"
S-139,IU-139,ddf4f1f535,6838.868,10347.773,881,289,CTXDB03,SaveChanges value generation / batching / performance / ChangeTracker.Clear / short-lived DbContext,CTXDB03B,candidate-for-CTXDB03-transcript,no-boundary-review-only,yes,"Generated values after SaveChanges, DB/provider generated IDs, computed columns, triggers, multiple SaveChanges, batching, long transaction performance, ChangeTracker.Clear and short-lived DbContext patterns.","L-103: from clearing too | L-102: tracking after memory release | L-100: avoid extra cpu cost from | L-105: everything,savepoints | L-101: 4 dont want to rollback | L-079: release memory sooner | L-114: why disable auto savepoints | L-106: separate context for bulk"
S-140,IU-140,b501185d7e,22719.421,10397.542,932,406,CTXDB06,DbConnection / open connection / SetDbConnection / command timeout / provider helpers,CTXDB06A,candidate-for-CTXDB06-transcript,no-boundary-review-only,yes,"GetDbConnection, OpenConnection, EF-managed connection, Get/SetConnectionString, SetDbConnection, context ownership of connection disposal, command timeout, EnlistTransaction, provider checks, GenerateCreateScript.",L-104: get/set connectionstring | L-112: setdbconnection | L-116: (with dbcontextoptoins and | L-117: manual creation of context) | L-113: can control whether context owns the disposal of the | L-115: connection | L-082: openconnection | L-122: get/set commandtimeout
S-141,IU-141,bd359e5968,9078.195,10481.855,698,482,CTXDB03,SaveChanges value generation / batching / performance / ChangeTracker.Clear / short-lived DbContext,CTXDB03B,candidate-for-CTXDB03-transcript,no-boundary-review-only,yes,"Generated values after SaveChanges, DB/provider generated IDs, computed columns, triggers, multiple SaveChanges, batching, long transaction performance, ChangeTracker.Clear and short-lived DbContext patterns.","L-105: everything,savepoints | L-101: 4 dont want to rollback | L-114: why disable auto savepoints | L-088: another phase | L-092: of savechanges | L-085: 3 flush/send query before | L-089: what is flush | L-091: query"
S-142,IU-142,c8b6600ab0,16623.328,10611.476,947,188,CTXDB05,IDbContextTransaction / GetDbTransaction / UseTransaction / ADO.NET / shared local transaction,CTXDB05A,candidate-for-CTXDB05-transcript,no-boundary-review-only,yes,"Transaction object, IDbContextTransaction, GetDbTransaction, provider-specific transaction access, raw ADO.NET commands, UseTransaction, sharing one local transaction between contexts or context + ADO.NET.",L-118: usetransaction | L-119: getdbtransaction | L-121: requirements to share local | L-120: same conection | L-084: WHAT DO WE GET FROM GETDBTRANSACTION | L-124: transaction | L-077: PROVIDER SPECIFIC TRANSACTION FEATURES | L-076: LIBRARIES THAT NEED ADO.NET TRANSACTION
S-143,IU-143,8eea8882c1,13498.655,10715.321,954,466,CTXDB04,SaveChanges transaction lifecycle / flush / rollback scope,CTXDB04B,candidate-for-CTXDB04-transcript,no-boundary-review-only,yes,"Where transaction lives around SaveChanges, rollback after DB write, flush/send query before next phase, query visibility inside transaction.","L-090: lives,rollback after write to db | L-118: usetransaction | L-086: where transaction | L-119: getdbtransaction | L-120: same conection | L-084: WHAT DO WE GET FROM GETDBTRANSACTION | L-123: what if we wont | L-125: use one connection per one transaction"
S-144,IU-144,9f449a4c24,22709.678,10800.709,983,293,CTXDB06,DbConnection / open connection / SetDbConnection / command timeout / provider helpers,CTXDB06A,candidate-for-CTXDB06-transcript,no-boundary-review-only,yes,"GetDbConnection, OpenConnection, EF-managed connection, Get/SetConnectionString, SetDbConnection, context ownership of connection disposal, command timeout, EnlistTransaction, provider checks, GenerateCreateScript.",L-112: setdbconnection | L-116: (with dbcontextoptoins and | L-117: manual creation of context) | L-104: get/set connectionstring | L-113: can control whether context owns the disposal of the | L-115: connection | L-082: openconnection | L-122: get/set commandtimeout
S-145,IU-145,c4ba620925,5340.1,10834.396,965,416,CTXDB03,SaveChanges value generation / batching / performance / ChangeTracker.Clear / short-lived DbContext,CTXDB03B,candidate-for-CTXDB03-transcript,no-boundary-review-only,yes,"Generated values after SaveChanges, DB/provider generated IDs, computed columns, triggers, multiple SaveChanges, batching, long transaction performance, ChangeTracker.Clear and short-lived DbContext patterns.",L-109: work pattern | L-106: separate context for bulk | L-102: tracking after memory release | L-100: avoid extra cpu cost from | L-097: better patterns | L-103: from clearing too | L-094: ChangeTracker.Clear | L-110: pattern
S-146,IU-146,5e10d75d77,4266.676,10865.164,944,392,CTXDB03,SaveChanges value generation / batching / performance / ChangeTracker.Clear / short-lived DbContext,CTXDB03B,candidate-for-CTXDB03-transcript,no-boundary-review-only,yes,"Generated values after SaveChanges, DB/provider generated IDs, computed columns, triggers, multiple SaveChanges, batching, long transaction performance, ChangeTracker.Clear and short-lived DbContext patterns.",L-110: pattern | L-108: short lived context | L-109: work pattern | L-106: separate context for bulk | L-099: short lived dbcontexts | L-096: cler/disposable | L-097: better patterns | L-094: ChangeTracker.Clear
S-147,IU-147,148fd6ba95,9079.771,10985.149,887,276,CTXDB03,SaveChanges value generation / batching / performance / ChangeTracker.Clear / short-lived DbContext,CTXDB03B,candidate-for-CTXDB03-transcript,no-boundary-review-only,yes,"Generated values after SaveChanges, DB/provider generated IDs, computed columns, triggers, multiple SaveChanges, batching, long transaction performance, ChangeTracker.Clear and short-lived DbContext patterns.","L-114: why disable auto savepoints | L-105: everything,savepoints | L-101: 4 dont want to rollback | L-092: of savechanges | L-088: another phase | L-089: what is flush | L-085: 3 flush/send query before | L-091: query"
S-148,IU-148,a98a4b08dc,20329.612,10989.617,967,383,CTXDB06,DbConnection / open connection / SetDbConnection / command timeout / provider helpers,CTXDB06A,candidate-for-CTXDB06-transcript,no-boundary-review-only,yes,"GetDbConnection, OpenConnection, EF-managed connection, Get/SetConnectionString, SetDbConnection, context ownership of connection disposal, command timeout, EnlistTransaction, provider checks, GenerateCreateScript.",L-111: for multiple operations | L-107: why to use one connection | L-112: setdbconnection | L-104: get/set connectionstring | L-116: (with dbcontextoptoins and | L-117: manual creation of context) | L-122: get/set commandtimeout | L-126: can we merge two ef transactions
S-149,IU-149,0236c82fbe,13482.796,11236.523,958,408,CTXDB04,SaveChanges transaction lifecycle / flush / rollback scope,CTXDB04B,candidate-for-CTXDB04-transcript,no-boundary-review-only,yes,"Where transaction lives around SaveChanges, rollback after DB write, flush/send query before next phase, query visibility inside transaction.","L-118: usetransaction | L-119: getdbtransaction | L-120: same conection | L-090: lives,rollback after write to db | L-123: what if we wont | L-086: where transaction | L-125: use one connection per one transaction | L-084: WHAT DO WE GET FROM GETDBTRANSACTION"
S-150,IU-150,eb68b77535,5347.247,11249.627,843,469,CTXDB03,SaveChanges value generation / batching / performance / ChangeTracker.Clear / short-lived DbContext,CTXDB03B,candidate-for-CTXDB03-transcript,no-boundary-review-only,yes,"Generated values after SaveChanges, DB/provider generated IDs, computed columns, triggers, multiple SaveChanges, batching, long transaction performance, ChangeTracker.Clear and short-lived DbContext patterns.",L-109: work pattern | L-106: separate context for bulk | L-102: tracking after memory release | L-110: pattern | L-100: avoid extra cpu cost from | L-103: from clearing too | L-108: short lived context | L-097: better patterns
S-151,IU-151,086a4b5542,20131.681,11381.103,347,46,CTXDB06,DbConnection / open connection / SetDbConnection / command timeout / provider helpers,CTXDB06A,candidate-for-CTXDB06-transcript,no-boundary-review-only,yes,"GetDbConnection, OpenConnection, EF-managed connection, Get/SetConnectionString, SetDbConnection, context ownership of connection disposal, command timeout, EnlistTransaction, provider checks, GenerateCreateScript.",L-111: for multiple operations | L-107: why to use one connection | L-126: can we merge two ef transactions | L-112: setdbconnection | L-116: (with dbcontextoptoins and | L-117: manual creation of context) | L-104: get/set connectionstring | L-122: get/set commandtimeout
S-152,IU-152,dbc42432e5,20341.723,11440.006,969,332,CTXDB06,DbConnection / open connection / SetDbConnection / command timeout / provider helpers,CTXDB06A,candidate-for-CTXDB06-transcript,no-boundary-review-only,yes,"GetDbConnection, OpenConnection, EF-managed connection, Get/SetConnectionString, SetDbConnection, context ownership of connection disposal, command timeout, EnlistTransaction, provider checks, GenerateCreateScript.",L-111: for multiple operations | L-107: why to use one connection | L-112: setdbconnection | L-117: manual creation of context) | L-116: (with dbcontextoptoins and | L-122: get/set commandtimeout | L-126: can we merge two ef transactions | L-104: get/set connectionstring
S-153,IU-153,968a41478d,9090.715,11455.816,918,248,CTXDB03,SaveChanges value generation / batching / performance / ChangeTracker.Clear / short-lived DbContext,CTXDB03B,candidate-for-CTXDB03-transcript,no-boundary-review-only,yes,"Generated values after SaveChanges, DB/provider generated IDs, computed columns, triggers, multiple SaveChanges, batching, long transaction performance, ChangeTracker.Clear and short-lived DbContext patterns.","L-114: why disable auto savepoints | L-105: everything,savepoints | L-101: 4 dont want to rollback | L-092: of savechanges | L-088: another phase | L-089: what is flush | L-085: 3 flush/send query before | L-091: query"
S-154,IU-154,2590739a98,23943.279,11492.824,979,349,CTXDB06,DbConnection / open connection / SetDbConnection / command timeout / provider helpers,CTXDB06A,candidate-for-CTXDB06-transcript,no-boundary-review-only,yes,"GetDbConnection, OpenConnection, EF-managed connection, Get/SetConnectionString, SetDbConnection, context ownership of connection disposal, command timeout, EnlistTransaction, provider checks, GenerateCreateScript.",L-115: connection | L-113: can control whether context owns the disposal of the | L-117: manual creation of context) | L-116: (with dbcontextoptoins and | L-112: setdbconnection | L-122: get/set commandtimeout | L-104: get/set connectionstring | L-127: enlisttransaction/getenlistedtransaction
S-155,IU-155,2faed444c0,22747.475,11675.094,944,467,CTXDB06,DbConnection / open connection / SetDbConnection / command timeout / provider helpers,CTXDB06A,candidate-for-CTXDB06-transcript,no-boundary-review-only,yes,"GetDbConnection, OpenConnection, EF-managed connection, Get/SetConnectionString, SetDbConnection, context ownership of connection disposal, command timeout, EnlistTransaction, provider checks, GenerateCreateScript.",L-117: manual creation of context) | L-116: (with dbcontextoptoins and | L-112: setdbconnection | L-115: connection | L-113: can control whether context owns the disposal of the | L-122: get/set commandtimeout | L-104: get/set connectionstring | L-127: enlisttransaction/getenlistedtransaction
S-156,IU-156,d6bbe168ff,5338.741,11730.998,913,167,CTXDB03,SaveChanges value generation / batching / performance / ChangeTracker.Clear / short-lived DbContext,CTXDB03B,candidate-for-CTXDB03-transcript,no-boundary-review-only,yes,"Generated values after SaveChanges, DB/provider generated IDs, computed columns, triggers, multiple SaveChanges, batching, long transaction performance, ChangeTracker.Clear and short-lived DbContext patterns.",L-109: work pattern | L-106: separate context for bulk | L-102: tracking after memory release | L-110: pattern | L-108: short lived context | L-103: from clearing too | L-100: avoid extra cpu cost from | L-097: better patterns
S-157,IU-157,29dfa26ee9,20349.168,11795.308,913,226,CTXDB06,DbConnection / open connection / SetDbConnection / command timeout / provider helpers,CTXDB06A,candidate-for-CTXDB06-transcript,no-boundary-review-only,yes,"GetDbConnection, OpenConnection, EF-managed connection, Get/SetConnectionString, SetDbConnection, context ownership of connection disposal, command timeout, EnlistTransaction, provider checks, GenerateCreateScript.",L-111: for multiple operations | L-107: why to use one connection | L-112: setdbconnection | L-122: get/set commandtimeout | L-126: can we merge two ef transactions | L-117: manual creation of context) | L-116: (with dbcontextoptoins and | L-104: get/set connectionstring
S-158,IU-158,98ed383ecd,13501.058,11813.102,939,361,CTXDB05,IDbContextTransaction / GetDbTransaction / UseTransaction / ADO.NET / shared local transaction,CTXDB05B,candidate-for-CTXDB05-transcript,no-boundary-review-only,yes,"Transaction object, IDbContextTransaction, GetDbTransaction, provider-specific transaction access, raw ADO.NET commands, UseTransaction, sharing one local transaction between contexts or context + ADO.NET.","L-119: getdbtransaction | L-118: usetransaction | L-120: same conection | L-123: what if we wont | L-125: use one connection per one transaction | L-090: lives,rollback after write to db | L-086: where transaction | L-084: WHAT DO WE GET FROM GETDBTRANSACTION"
S-159,IU-159,83581480f8,20361.501,12038.974,925,182,CTXDB06,DbConnection / open connection / SetDbConnection / command timeout / provider helpers,CTXDB06A,candidate-for-CTXDB06-transcript,no-boundary-review-only,yes,"GetDbConnection, OpenConnection, EF-managed connection, Get/SetConnectionString, SetDbConnection, context ownership of connection disposal, command timeout, EnlistTransaction, provider checks, GenerateCreateScript.",L-111: for multiple operations | L-107: why to use one connection | L-122: get/set commandtimeout | L-126: can we merge two ef transactions | L-112: setdbconnection | L-117: manual creation of context) | L-116: (with dbcontextoptoins and | L-127: enlisttransaction/getenlistedtransaction
S-160,IU-160,25af95ba7d,22732.9,12139.473,978,394,CTXDB06,DbConnection / open connection / SetDbConnection / command timeout / provider helpers,CTXDB06A,candidate-for-CTXDB06-transcript,no-boundary-review-only,yes,"GetDbConnection, OpenConnection, EF-managed connection, Get/SetConnectionString, SetDbConnection, context ownership of connection disposal, command timeout, EnlistTransaction, provider checks, GenerateCreateScript.",L-122: get/set commandtimeout | L-117: manual creation of context) | L-116: (with dbcontextoptoins and | L-112: setdbconnection | L-115: connection | L-113: can control whether context owns the disposal of the | L-127: enlisttransaction/getenlistedtransaction | L-104: get/set connectionstring
S-161,IU-161,f863692ee8,13514.558,12188.269,904,360,CTXDB05,IDbContextTransaction / GetDbTransaction / UseTransaction / ADO.NET / shared local transaction,CTXDB05B,candidate-for-CTXDB05-transcript,no-boundary-review-only,yes,"Transaction object, IDbContextTransaction, GetDbTransaction, provider-specific transaction access, raw ADO.NET commands, UseTransaction, sharing one local transaction between contexts or context + ADO.NET.","L-120: same conection | L-119: getdbtransaction | L-118: usetransaction | L-123: what if we wont | L-125: use one connection per one transaction | L-090: lives,rollback after write to db | L-086: where transaction | L-084: WHAT DO WE GET FROM GETDBTRANSACTION"
S-162,IU-162,9a6d3e9e7f,13538.391,12703.769,899,465,CTXDB05,IDbContextTransaction / GetDbTransaction / UseTransaction / ADO.NET / shared local transaction,CTXDB05B,candidate-for-CTXDB05-transcript,no-boundary-review-only,yes,"Transaction object, IDbContextTransaction, GetDbTransaction, provider-specific transaction access, raw ADO.NET commands, UseTransaction, sharing one local transaction between contexts or context + ADO.NET.",L-120: same conection | L-119: getdbtransaction | L-125: use one connection per one transaction | L-118: usetransaction | L-123: what if we wont | L-129: usetransaction | L-131: 2 contexts | L-124: transaction
S-163,IU-163,5291502f68,22785.182,12816.009,862,482,CTXDB06,DbConnection / open connection / SetDbConnection / command timeout / provider helpers,CTXDB06B,candidate-for-CTXDB06-transcript,no-boundary-review-only,yes,"GetDbConnection, OpenConnection, EF-managed connection, Get/SetConnectionString, SetDbConnection, context ownership of connection disposal, command timeout, EnlistTransaction, provider checks, GenerateCreateScript.",L-122: get/set commandtimeout | L-127: enlisttransaction/getenlistedtransaction | L-117: manual creation of context) | L-116: (with dbcontextoptoins and | L-115: connection | L-112: setdbconnection | L-113: can control whether context owns the disposal of the | L-132: isrelational/issqlserver/issqlite
S-164,IU-164,506795edd6,16269.409,12947.655,941,268,CTXDB05,IDbContextTransaction / GetDbTransaction / UseTransaction / ADO.NET / shared local transaction,CTXDB05B,candidate-for-CTXDB05-transcript,no-boundary-review-only,yes,"Transaction object, IDbContextTransaction, GetDbTransaction, provider-specific transaction access, raw ADO.NET commands, UseTransaction, sharing one local transaction between contexts or context + ADO.NET.",L-125: use one connection per one transaction | L-123: what if we wont | L-124: transaction | L-121: requirements to share local | L-120: same conection | L-129: usetransaction | L-119: getdbtransaction | L-131: 2 contexts
S-165,IU-165,112fc8a86d,17775.459,12960.008,985,476,CTXDB05,IDbContextTransaction / GetDbTransaction / UseTransaction / ADO.NET / shared local transaction,CTXDB05B,candidate-for-CTXDB05-transcript,no-boundary-review-only,yes,"Transaction object, IDbContextTransaction, GetDbTransaction, provider-specific transaction access, raw ADO.NET commands, UseTransaction, sharing one local transaction between contexts or context + ADO.NET.",L-124: transaction | L-121: requirements to share local | L-126: can we merge two ef transactions | L-128: usetransaction | L-130: context + ado.net | L-129: usetransaction | L-131: 2 contexts | L-125: use one connection per one transaction
S-166,IU-166,75c84d25a3,19051.335,13039.426,920,365,CTXDB05,IDbContextTransaction / GetDbTransaction / UseTransaction / ADO.NET / shared local transaction,CTXDB05B,candidate-for-CTXDB05-transcript,no-boundary-review-only,yes,"Transaction object, IDbContextTransaction, GetDbTransaction, provider-specific transaction access, raw ADO.NET commands, UseTransaction, sharing one local transaction between contexts or context + ADO.NET.",L-126: can we merge two ef transactions | L-128: usetransaction | L-130: context + ado.net | L-124: transaction | L-121: requirements to share local | L-111: for multiple operations | L-107: why to use one connection | L-129: usetransaction
S-167,IU-167,19b5875c0f,13516.37,13179.183,972,441,CTXDB05,IDbContextTransaction / GetDbTransaction / UseTransaction / ADO.NET / shared local transaction,CTXDB05B,candidate-for-CTXDB05-transcript,no-boundary-review-only,yes,"Transaction object, IDbContextTransaction, GetDbTransaction, provider-specific transaction access, raw ADO.NET commands, UseTransaction, sharing one local transaction between contexts or context + ADO.NET.",L-120: same conection | L-125: use one connection per one transaction | L-123: what if we wont | L-119: getdbtransaction | L-118: usetransaction | L-129: usetransaction | L-131: 2 contexts | L-124: transaction
S-168,IU-168,62ae25435a,16263.608,13230.75,1032,359,CTXDB05,IDbContextTransaction / GetDbTransaction / UseTransaction / ADO.NET / shared local transaction,CTXDB05B,candidate-for-CTXDB05-transcript,no-boundary-review-only,yes,"Transaction object, IDbContextTransaction, GetDbTransaction, provider-specific transaction access, raw ADO.NET commands, UseTransaction, sharing one local transaction between contexts or context + ADO.NET.",L-125: use one connection per one transaction | L-123: what if we wont | L-129: usetransaction | L-124: transaction | L-121: requirements to share local | L-131: 2 contexts | L-120: same conection | L-119: getdbtransaction
S-169,IU-169,27bc1442bd,22768.8,13318.847,972,153,CTXDB06,DbConnection / open connection / SetDbConnection / command timeout / provider helpers,CTXDB06B,candidate-for-CTXDB06-transcript,no-boundary-review-only,yes,"GetDbConnection, OpenConnection, EF-managed connection, Get/SetConnectionString, SetDbConnection, context ownership of connection disposal, command timeout, EnlistTransaction, provider checks, GenerateCreateScript.",L-127: enlisttransaction/getenlistedtransaction | L-122: get/set commandtimeout | L-132: isrelational/issqlserver/issqlite | L-117: manual creation of context) | L-116: (with dbcontextoptoins and | L-115: connection | L-113: can control whether context owns the disposal of the | L-112: setdbconnection
S-170,IU-170,3d293ea582,19056.047,13419.123,933,301,CTXDB05,IDbContextTransaction / GetDbTransaction / UseTransaction / ADO.NET / shared local transaction,CTXDB05B,candidate-for-CTXDB05-transcript,no-boundary-review-only,yes,"Transaction object, IDbContextTransaction, GetDbTransaction, provider-specific transaction access, raw ADO.NET commands, UseTransaction, sharing one local transaction between contexts or context + ADO.NET.",L-126: can we merge two ef transactions | L-128: usetransaction | L-130: context + ado.net | L-124: transaction | L-121: requirements to share local | L-129: usetransaction | L-131: 2 contexts | L-111: for multiple operations
S-171,IU-171,7791077b16,17771.912,13458.868,954,383,CTXDB05,IDbContextTransaction / GetDbTransaction / UseTransaction / ADO.NET / shared local transaction,CTXDB05B,candidate-for-CTXDB05-transcript,no-boundary-review-only,yes,"Transaction object, IDbContextTransaction, GetDbTransaction, provider-specific transaction access, raw ADO.NET commands, UseTransaction, sharing one local transaction between contexts or context + ADO.NET.",L-128: usetransaction | L-130: context + ado.net | L-124: transaction | L-121: requirements to share local | L-126: can we merge two ef transactions | L-129: usetransaction | L-131: 2 contexts | L-125: use one connection per one transaction
S-172,IU-172,c0b37c5af1,16298.233,13659.637,969,367,CTXDB05,IDbContextTransaction / GetDbTransaction / UseTransaction / ADO.NET / shared local transaction,CTXDB05B,candidate-for-CTXDB05-transcript,no-boundary-review-only,yes,"Transaction object, IDbContextTransaction, GetDbTransaction, provider-specific transaction access, raw ADO.NET commands, UseTransaction, sharing one local transaction between contexts or context + ADO.NET.",L-129: usetransaction | L-131: 2 contexts | L-125: use one connection per one transaction | L-123: what if we wont | L-124: transaction | L-121: requirements to share local | L-128: usetransaction | L-130: context + ado.net
S-173,IU-173,70feb20ef7,19057.956,13742.502,951,270,CTXDB05,IDbContextTransaction / GetDbTransaction / UseTransaction / ADO.NET / shared local transaction,CTXDB05B,candidate-for-CTXDB05-transcript,no-boundary-review-only,yes,"Transaction object, IDbContextTransaction, GetDbTransaction, provider-specific transaction access, raw ADO.NET commands, UseTransaction, sharing one local transaction between contexts or context + ADO.NET.",L-126: can we merge two ef transactions | L-128: usetransaction | L-130: context + ado.net | L-124: transaction | L-121: requirements to share local | L-129: usetransaction | L-131: 2 contexts | L-132: isrelational/issqlserver/issqlite
S-174,IU-174,f20a9fac6e,17758.745,13943.127,935,365,CTXDB05,IDbContextTransaction / GetDbTransaction / UseTransaction / ADO.NET / shared local transaction,CTXDB05B,candidate-for-CTXDB05-transcript,no-boundary-review-only,yes,"Transaction object, IDbContextTransaction, GetDbTransaction, provider-specific transaction access, raw ADO.NET commands, UseTransaction, sharing one local transaction between contexts or context + ADO.NET.",L-128: usetransaction | L-130: context + ado.net | L-129: usetransaction | L-131: 2 contexts | L-124: transaction | L-121: requirements to share local | L-126: can we merge two ef transactions | L-125: use one connection per one transaction
S-175,IU-175,2c66216e55,19053.835,13960.093,1007,309,CTXDB05,IDbContextTransaction / GetDbTransaction / UseTransaction / ADO.NET / shared local transaction,CTXDB05B,candidate-for-CTXDB05-transcript,no-boundary-review-only,yes,"Transaction object, IDbContextTransaction, GetDbTransaction, provider-specific transaction access, raw ADO.NET commands, UseTransaction, sharing one local transaction between contexts or context + ADO.NET.",L-128: usetransaction | L-126: can we merge two ef transactions | L-130: context + ado.net | L-124: transaction | L-121: requirements to share local | L-129: usetransaction | L-131: 2 contexts | L-132: isrelational/issqlserver/issqlite
S-176,IU-176,8e2d0524db,22851.77,13988.543,775,482,CTXDB06,DbConnection / open connection / SetDbConnection / command timeout / provider helpers,CTXDB06B,candidate-for-CTXDB06-transcript,no-boundary-review-only,yes,"GetDbConnection, OpenConnection, EF-managed connection, Get/SetConnectionString, SetDbConnection, context ownership of connection disposal, command timeout, EnlistTransaction, provider checks, GenerateCreateScript.",L-127: enlisttransaction/getenlistedtransaction | L-132: isrelational/issqlserver/issqlite | L-122: get/set commandtimeout | L-133: generatecreatescript | L-117: manual creation of context) | L-116: (with dbcontextoptoins and | L-115: connection | L-113: can control whether context owns the disposal of the
S-177,IU-177,e57e40183a,16291.03,14040.573,1008,198,CTXDB05,IDbContextTransaction / GetDbTransaction / UseTransaction / ADO.NET / shared local transaction,CTXDB05B,candidate-for-CTXDB05-transcript,no-boundary-review-only,yes,"Transaction object, IDbContextTransaction, GetDbTransaction, provider-specific transaction access, raw ADO.NET commands, UseTransaction, sharing one local transaction between contexts or context + ADO.NET.",L-129: usetransaction | L-131: 2 contexts | L-125: use one connection per one transaction | L-128: usetransaction | L-130: context + ado.net | L-123: what if we wont | L-124: transaction | L-121: requirements to share local
S-178,IU-178,1e971378bc,22831.011,14485.414,947,160,CTXDB06,DbConnection / open connection / SetDbConnection / command timeout / provider helpers,CTXDB06B,candidate-for-CTXDB06-transcript,no-boundary-review-only,yes,"GetDbConnection, OpenConnection, EF-managed connection, Get/SetConnectionString, SetDbConnection, context ownership of connection disposal, command timeout, EnlistTransaction, provider checks, GenerateCreateScript.",L-127: enlisttransaction/getenlistedtransaction | L-132: isrelational/issqlserver/issqlite | L-133: generatecreatescript | L-122: get/set commandtimeout | L-117: manual creation of context) | L-116: (with dbcontextoptoins and | L-115: connection | L-113: can control whether context owns the disposal of the
S-179,IU-179,e652c97551,18347.394,14537.506,877,304,CTXDB05,IDbContextTransaction / GetDbTransaction / UseTransaction / ADO.NET / shared local transaction,CTXDB05B,candidate-for-CTXDB05-transcript,no-boundary-review-only,yes,"Transaction object, IDbContextTransaction, GetDbTransaction, provider-specific transaction access, raw ADO.NET commands, UseTransaction, sharing one local transaction between contexts or context + ADO.NET.",L-130: context + ado.net | L-128: usetransaction | L-131: 2 contexts | L-129: usetransaction | L-126: can we merge two ef transactions | L-124: transaction | L-121: requirements to share local | L-134: 2 differenct
S-180,IU-180,cade5d0708,17088.87,14539.461,927,482,CTXDB05,IDbContextTransaction / GetDbTransaction / UseTransaction / ADO.NET / shared local transaction,CTXDB05B,candidate-for-CTXDB05-transcript,no-boundary-review-only,yes,"Transaction object, IDbContextTransaction, GetDbTransaction, provider-specific transaction access, raw ADO.NET commands, UseTransaction, sharing one local transaction between contexts or context + ADO.NET.",L-131: 2 contexts | L-129: usetransaction | L-130: context + ado.net | L-128: usetransaction | L-134: 2 differenct | L-135: contexts getting options | L-124: transaction | L-136: creating contexts manually
S-181,IU-181,395e02e536,18343.95,14845.339,895,355,CTXDB05,IDbContextTransaction / GetDbTransaction / UseTransaction / ADO.NET / shared local transaction,CTXDB05B,candidate-for-CTXDB05-transcript,no-boundary-review-only,yes,"Transaction object, IDbContextTransaction, GetDbTransaction, provider-specific transaction access, raw ADO.NET commands, UseTransaction, sharing one local transaction between contexts or context + ADO.NET.",L-130: context + ado.net | L-128: usetransaction | L-131: 2 contexts | L-129: usetransaction | L-126: can we merge two ef transactions | L-134: 2 differenct | L-135: contexts getting options | L-136: creating contexts manually
S-182,IU-182,e42350e029,22827.154,14867.591,908,482,CTXDB06,DbConnection / open connection / SetDbConnection / command timeout / provider helpers,CTXDB06B,candidate-for-CTXDB06-transcript,no-boundary-review-only,yes,"GetDbConnection, OpenConnection, EF-managed connection, Get/SetConnectionString, SetDbConnection, context ownership of connection disposal, command timeout, EnlistTransaction, provider checks, GenerateCreateScript.",L-133: generatecreatescript | L-132: isrelational/issqlserver/issqlite | L-127: enlisttransaction/getenlistedtransaction | L-122: get/set commandtimeout | L-117: manual creation of context) | L-116: (with dbcontextoptoins and | L-115: connection | L-113: can control whether context owns the disposal of the
S-183,IU-183,7897ee189d,17104.95,15031.395,873,474,CTXDB05,IDbContextTransaction / GetDbTransaction / UseTransaction / ADO.NET / shared local transaction,CTXDB05B,candidate-for-CTXDB05-transcript,no-boundary-review-only,yes,"Transaction object, IDbContextTransaction, GetDbTransaction, provider-specific transaction access, raw ADO.NET commands, UseTransaction, sharing one local transaction between contexts or context + ADO.NET.",L-131: 2 contexts | L-129: usetransaction | L-130: context + ado.net | L-128: usetransaction | L-134: 2 differenct | L-135: contexts getting options | L-136: creating contexts manually | L-137: example
S-184,IU-184,658019a4c0,18335.006,15212.395,944,392,CTXDB05,IDbContextTransaction / GetDbTransaction / UseTransaction / ADO.NET / shared local transaction,CTXDB05B,candidate-for-CTXDB05-transcript,no-boundary-review-only,yes,"Transaction object, IDbContextTransaction, GetDbTransaction, provider-specific transaction access, raw ADO.NET commands, UseTransaction, sharing one local transaction between contexts or context + ADO.NET.",L-130: context + ado.net | L-128: usetransaction | L-131: 2 contexts | L-129: usetransaction | L-134: 2 differenct | L-135: contexts getting options | L-139: di | L-138: context should accept optoins
S-185,IU-185,0ed0c9eeca,22847.288,15366.747,950,284,CTXDB06,DbConnection / open connection / SetDbConnection / command timeout / provider helpers,CTXDB06B,candidate-for-CTXDB06-transcript,no-boundary-review-only,yes,"GetDbConnection, OpenConnection, EF-managed connection, Get/SetConnectionString, SetDbConnection, context ownership of connection disposal, command timeout, EnlistTransaction, provider checks, GenerateCreateScript.",L-133: generatecreatescript | L-132: isrelational/issqlserver/issqlite | L-127: enlisttransaction/getenlistedtransaction | L-122: get/set commandtimeout | L-117: manual creation of context) | L-116: (with dbcontextoptoins and | L-115: connection | L-113: can control whether context owns the disposal of the
S-186,IU-186,58660c904f,17091.783,15522.506,966,334,CTXDB07,Manual DbContext creation / options / DI / multiple contexts,CTXDB07A,candidate-for-CTXDB07-transcript,no-boundary-review-only,yes,"Creating contexts manually, contexts getting DbContextOptions, two different contexts, DI, context should accept options.",L-134: 2 differenct | L-135: contexts getting options | L-136: creating contexts manually | L-131: 2 contexts | L-129: usetransaction | L-130: context + ado.net | L-128: usetransaction | L-137: example
S-187,IU-187,84e8af0629,18339.839,15615.117,921,331,CTXDB07,Manual DbContext creation / options / DI / multiple contexts,CTXDB07B,candidate-for-CTXDB07-transcript,no-boundary-review-only,yes,"Creating contexts manually, contexts getting DbContextOptions, two different contexts, DI, context should accept options.",L-130: context + ado.net | L-128: usetransaction | L-139: di | L-138: context should accept optoins | L-134: 2 differenct | L-135: contexts getting options | L-136: creating contexts manually | L-131: 2 contexts
S-188,IU-188,7cd52f3a1a,15859.528,15729.362,1035,388,CTXDB07,Manual DbContext creation / options / DI / multiple contexts,CTXDB07A,candidate-for-CTXDB07-transcript,no-boundary-review-only,yes,"Creating contexts manually, contexts getting DbContextOptions, two different contexts, DI, context should accept options.",L-134: 2 differenct | L-135: contexts getting options | L-136: creating contexts manually | L-131: 2 contexts | L-129: usetransaction | L-137: example | L-130: context + ado.net | L-128: usetransaction
S-189,IU-189,3e2b73547a,22836.152,15810.62,937,192,CTXDB06,DbConnection / open connection / SetDbConnection / command timeout / provider helpers,CTXDB06B,candidate-for-CTXDB06-transcript,no-boundary-review-only,yes,"GetDbConnection, OpenConnection, EF-managed connection, Get/SetConnectionString, SetDbConnection, context ownership of connection disposal, command timeout, EnlistTransaction, provider checks, GenerateCreateScript.",L-133: generatecreatescript | L-132: isrelational/issqlserver/issqlite | L-127: enlisttransaction/getenlistedtransaction | L-122: get/set commandtimeout | L-117: manual creation of context) | L-138: context should accept optoins | L-116: (with dbcontextoptoins and | L-115: connection
S-190,IU-190,7eb73976ad,18337.228,15968.339,944,289,CTXDB07,Manual DbContext creation / options / DI / multiple contexts,CTXDB07B,candidate-for-CTXDB07-transcript,no-boundary-review-only,yes,"Creating contexts manually, contexts getting DbContextOptions, two different contexts, DI, context should accept options.",L-139: di | L-138: context should accept optoins | L-130: context + ado.net | L-134: 2 differenct | L-128: usetransaction | L-135: contexts getting options | L-136: creating contexts manually | L-137: example
S-191,IU-191,f66773d49e,22813.818,16001.12,1003,419,CTXDB06,DbConnection / open connection / SetDbConnection / command timeout / provider helpers,CTXDB06B,candidate-for-CTXDB06-transcript,no-boundary-review-only,yes,"GetDbConnection, OpenConnection, EF-managed connection, Get/SetConnectionString, SetDbConnection, context ownership of connection disposal, command timeout, EnlistTransaction, provider checks, GenerateCreateScript.",L-133: generatecreatescript | L-132: isrelational/issqlserver/issqlite | L-127: enlisttransaction/getenlistedtransaction | L-122: get/set commandtimeout | L-138: context should accept optoins | L-117: manual creation of context) | L-116: (with dbcontextoptoins and | L-115: connection
S-192,IU-192,c396e2a6d4,16947.221,16888.274,980,468,CTXDB07,Manual DbContext creation / options / DI / multiple contexts,CTXDB07A,candidate-for-CTXDB07-transcript,no-boundary-review-only,yes,"Creating contexts manually, contexts getting DbContextOptions, two different contexts, DI, context should accept options.",L-137: example | L-136: creating contexts manually | L-135: contexts getting options | L-134: 2 differenct | L-139: di | L-138: context should accept optoins | L-131: 2 contexts | L-129: usetransaction
S-193,IU-193,00d43687f0,18269.722,17582.925,935,326,CTXDB07,Manual DbContext creation / options / DI / multiple contexts,CTXDB07B,candidate-for-CTXDB07-transcript,no-boundary-review-only,yes,"Creating contexts manually, contexts getting DbContextOptions, two different contexts, DI, context should accept options.",L-139: di | L-138: context should accept optoins | L-137: example | L-136: creating contexts manually | L-135: contexts getting options | L-134: 2 differenct | L-130: context + ado.net | L-128: usetransaction
S-194,IU-194,0c9d2bb402,19312.611,17588.814,967,452,CTXDB07,Manual DbContext creation / options / DI / multiple contexts,CTXDB07B,candidate-for-CTXDB07-transcript,no-boundary-review-only,yes,"Creating contexts manually, contexts getting DbContextOptions, two different contexts, DI, context should accept options.",L-138: context should accept optoins | L-139: di | L-137: example | L-136: creating contexts manually | L-135: contexts getting options | L-134: 2 differenct | L-133: generatecreatescript | L-130: context + ado.net
S-195,IU-195,f4d4168e3f,16977.111,17610.925,898,450,CTXDB07,Manual DbContext creation / options / DI / multiple contexts,CTXDB07A,candidate-for-CTXDB07-transcript,no-boundary-review-only,yes,"Creating contexts manually, contexts getting DbContextOptions, two different contexts, DI, context should accept options.",L-137: example | L-139: di | L-136: creating contexts manually | L-135: contexts getting options | L-134: 2 differenct | L-138: context should accept optoins | L-131: 2 contexts | L-130: context + ado.net
S-196,IU-196,9c09af292e,18279.111,17922.981,914,297,CTXDB07,Manual DbContext creation / options / DI / multiple contexts,CTXDB07B,candidate-for-CTXDB07-transcript,no-boundary-review-only,yes,"Creating contexts manually, contexts getting DbContextOptions, two different contexts, DI, context should accept options.",L-139: di | L-138: context should accept optoins | L-137: example | L-136: creating contexts manually | L-135: contexts getting options | L-134: 2 differenct | L-130: context + ado.net | L-128: usetransaction
S-197,IU-197,fb3512089c,16957.889,18075.258,892,468,CTXDB07,Manual DbContext creation / options / DI / multiple contexts,CTXDB07A,candidate-for-CTXDB07-transcript,no-boundary-review-only,yes,"Creating contexts manually, contexts getting DbContextOptions, two different contexts, DI, context should accept options.",L-137: example | L-139: di | L-136: creating contexts manually | L-135: contexts getting options | L-134: 2 differenct | L-138: context should accept optoins | L-131: 2 contexts | L-130: context + ado.net
S-198,IU-198,dd6709ae56,18270.119,18283.79,963,393,CTXDB07,Manual DbContext creation / options / DI / multiple contexts,CTXDB07B,candidate-for-CTXDB07-transcript,no-boundary-review-only,yes,"Creating contexts manually, contexts getting DbContextOptions, two different contexts, DI, context should accept options.",L-139: di | L-138: context should accept optoins | L-137: example | L-136: creating contexts manually | L-135: contexts getting options | L-134: 2 differenct | L-130: context + ado.net | L-128: usetransaction
