source_id,source_num,fileId,fileId_short,x,y,width,height,rotation,opacity,initial_subregion,combined_pass,initial_meaning,nearest_labels_for_search_only,coverage_status,decision_is_final,review_notes,current_region_decision,must_recheck_before_region_close
S-001,1,0c73cc692afc66ab8a736aa60640d676438bcb86,0c73cc692a,7973.557,541.304,843.0,482.0,0.0,1,R02-entityentry-properties-methods-query-and-values,P02-R02-entityentry-properties-methods-query-and-values,"EntityEntry: State, Entity, Metadata, CurrentValues/OriginalValues, IsKeySet, Context, Entry.Query, navigations/references/collections/properties, Reload/GetDatabaseValues examples.",L-004: changetracker itself | L-005: entityentry | L-006: common tasks | L-103: all navigations - references and | L-104: collections have isloded flag,processed-in-r01-v002-correction,yes-for-r01-v002-correction,Corrected during R02 boundary review; ChangeTracker overview/core members belong to R01.,R01,no-for-r01-v002
S-002,2,3967d5173081bc088fda3833156b983f57c65846,3967d51730,8013.78,1067.971,686.0,482.0,0.0,1,R02-entityentry-properties-methods-query-and-values,P02-R02-entityentry-properties-methods-query-and-values,"EntityEntry: State, Entity, Metadata, CurrentValues/OriginalValues, IsKeySet, Context, Entry.Query, navigations/references/collections/properties, Reload/GetDatabaseValues examples.",L-005: entityentry | L-006: common tasks | L-004: changetracker itself | L-104: collections have isloded flag | L-103: all navigations - references and,processed-in-r01-v002-correction,yes-for-r01-v002-correction,Corrected during R02 boundary review; ChangeTracker overview/core members belong to R01.,R01,no-for-r01-v002
S-003,3,400ca500a9d69ffc81ad0a26648f81a846b32f67,400ca500a9,8029.887,1562.971,717.0,482.0,0.0,1,R02-entityentry-properties-methods-query-and-values,P02-R02-entityentry-properties-methods-query-and-values,"EntityEntry: State, Entity, Metadata, CurrentValues/OriginalValues, IsKeySet, Context, Entry.Query, navigations/references/collections/properties, Reload/GetDatabaseValues examples.",L-005: entityentry | L-006: common tasks | L-004: changetracker itself | L-104: collections have isloded flag | L-103: all navigations - references and,processed-in-r01-v002-correction,yes-for-r01-v002-correction,Corrected during R02 boundary review; ChangeTracker overview/core members belong to R01.,R01,no-for-r01-v002
S-004,4,2db4c446a410c49b5cbbb7b4034f36019928562c,2db4c446a4,8838.891,2760.645,778.0,365.0,0.0,1,R02-entityentry-properties-methods-query-and-values,P02-R02-entityentry-properties-methods-query-and-values,"EntityEntry: State, Entity, Metadata, CurrentValues/OriginalValues, IsKeySet, Context, Entry.Query, navigations/references/collections/properties, Reload/GetDatabaseValues examples.",L-005: entityentry | L-006: common tasks | L-104: collections have isloded flag | L-103: all navigations - references and | L-102: enrty types,processed-in-r02-v001,yes-for-r02-v001-boundary,R02 processed after local boundary review.,R02,no-for-r02-v001
S-005,5,0caf35a5e4ac06eb9da36c55dad5de230b7c4ece,0caf35a5e4,8858.895,3131.988,711.0,482.0,0.0,1,R02-entityentry-properties-methods-query-and-values,P02-R02-entityentry-properties-methods-query-and-values,"EntityEntry: State, Entity, Metadata, CurrentValues/OriginalValues, IsKeySet, Context, Entry.Query, navigations/references/collections/properties, Reload/GetDatabaseValues examples.",L-005: entityentry | L-006: common tasks | L-104: collections have isloded flag | L-103: all navigations - references and | L-102: enrty types,processed-in-r02-v001,yes-for-r02-v001-boundary,R02 processed after local boundary review.,R02,no-for-r02-v001
S-006,6,3624a047c29fbf665a904860a5b5d1111501202c,3624a047c2,8861.35,3630.322,670.0,482.0,0.0,1,R02-entityentry-properties-methods-query-and-values,P02-R02-entityentry-properties-methods-query-and-values,"EntityEntry: State, Entity, Metadata, CurrentValues/OriginalValues, IsKeySet, Context, Entry.Query, navigations/references/collections/properties, Reload/GetDatabaseValues examples.",L-005: entityentry | L-006: common tasks | L-104: collections have isloded flag | L-103: all navigations - references and | L-096: full entity entry list,processed-in-r02-v001,yes-for-r02-v001-boundary,R02 processed after local boundary review.,R02,no-for-r02-v001
S-007,7,67ad3d5ecb19aaa575b04e5f90b57f4e3cabd835,67ad3d5ecb,8811.224,4131.978,880.0,319.0,0.0,1,R02-entityentry-properties-methods-query-and-values,P02-R02-entityentry-properties-methods-query-and-values,"EntityEntry: State, Entity, Metadata, CurrentValues/OriginalValues, IsKeySet, Context, Entry.Query, navigations/references/collections/properties, Reload/GetDatabaseValues examples.",L-005: entityentry | L-006: common tasks | L-096: full entity entry list | L-104: collections have isloded flag | L-103: all navigations - references and,processed-in-r02-v001,yes-for-r02-v001-boundary,R02 processed after local boundary review.,R02,no-for-r02-v001
S-008,8,f30b28358ca466aa3643109ad02fee2c5a0d7f42,f30b28358c,8826.888,4473.655,779.0,482.0,0.0,1,R02-entityentry-properties-methods-query-and-values,P02-R02-entityentry-properties-methods-query-and-values,"EntityEntry: State, Entity, Metadata, CurrentValues/OriginalValues, IsKeySet, Context, Entry.Query, navigations/references/collections/properties, Reload/GetDatabaseValues examples.",L-005: entityentry | L-006: common tasks | L-096: full entity entry list | L-081: entity | L-088: ---properties---,processed-in-r02-v001,yes-for-r02-v001-boundary,R02 processed after local boundary review.,R02,no-for-r02-v001
S-009,9,801406182eeca7a05ec9954b2a89aaa9e652e518,801406182e,7722.396,3277.772,813.0,442.0,0.0,1,R02-entityentry-properties-methods-query-and-values,P02-R02-entityentry-properties-methods-query-and-values,"EntityEntry: State, Entity, Metadata, CurrentValues/OriginalValues, IsKeySet, Context, Entry.Query, navigations/references/collections/properties, Reload/GetDatabaseValues examples.",L-006: common tasks | L-005: entityentry | L-104: collections have isloded flag | L-103: all navigations - references and | L-015: !!!,processed-in-r02-v001,yes-for-r02-v001-boundary,R02 processed after local boundary review.,R02,no-for-r02-v001
S-010,10,e49eb18aad1a96ce6bbe9d6a78ef211aabadccc5,e49eb18aad,7715.063,2764.772,861.0,478.0,0.0,1,R02-entityentry-properties-methods-query-and-values,P02-R02-entityentry-properties-methods-query-and-values,"EntityEntry: State, Entity, Metadata, CurrentValues/OriginalValues, IsKeySet, Context, Entry.Query, navigations/references/collections/properties, Reload/GetDatabaseValues examples.",L-006: common tasks | L-005: entityentry | L-004: changetracker itself | L-104: collections have isloded flag | L-103: all navigations - references and,processed-in-r02-v001,yes-for-r02-v001-boundary,R02 processed after local boundary review.,R02,no-for-r02-v001
S-011,11,13a591e570421b69c033e03c97e08e3b79cc46c8,13a591e570,7720.896,3749.105,876.0,396.0,0.0,1,R02-entityentry-properties-methods-query-and-values,P02-R02-entityentry-properties-methods-query-and-values,"EntityEntry: State, Entity, Metadata, CurrentValues/OriginalValues, IsKeySet, Context, Entry.Query, navigations/references/collections/properties, Reload/GetDatabaseValues examples.",L-006: common tasks | L-005: entityentry | L-096: full entity entry list | L-104: collections have isloded flag | L-015: !!!,processed-in-r02-v001,yes-for-r02-v001-boundary,R02 processed after local boundary review.,R02,no-for-r02-v001
S-012,12,78a7b56d1f41c44eb64014efe2feee36025d3311,78a7b56d1f,12646.572,1327.881,711.0,482.0,0.0,1,R02-entityentry-properties-methods-query-and-values,P02-R02-entityentry-properties-methods-query-and-values,"EntityEntry: State, Entity, Metadata, CurrentValues/OriginalValues, IsKeySet, Context, Entry.Query, navigations/references/collections/properties, Reload/GetDatabaseValues examples.",L-102: enrty types | L-002: collections navigations references properties of entry | L-104: collections have isloded flag | L-103: all navigations - references and | L-001: .query(),processed-in-r02-v001,yes-for-r02-v001-boundary,R02 processed after local boundary review.,R02,no-for-r02-v001
S-013,13,212637cf472bbdf45cf0a6acefbe0b4eb085d18a,212637cf47,12661.551,1825.659,713.0,482.0,0.0,1,R02-entityentry-properties-methods-query-and-values,P02-R02-entityentry-properties-methods-query-and-values,"EntityEntry: State, Entity, Metadata, CurrentValues/OriginalValues, IsKeySet, Context, Entry.Query, navigations/references/collections/properties, Reload/GetDatabaseValues examples.",L-102: enrty types | L-002: collections navigations references properties of entry | L-104: collections have isloded flag | L-103: all navigations - references and | L-001: .query(),processed-in-r02-v001,yes-for-r02-v001-boundary,R02 processed after local boundary review.,R02,no-for-r02-v001
S-014,14,265f11bb11574fd995308793eaf9e37238397b6e,265f11bb11,12623.172,2323.926,873.0,428.0,0.0,1,R02-entityentry-properties-methods-query-and-values,P02-R02-entityentry-properties-methods-query-and-values,"EntityEntry: State, Entity, Metadata, CurrentValues/OriginalValues, IsKeySet, Context, Entry.Query, navigations/references/collections/properties, Reload/GetDatabaseValues examples.",L-102: enrty types | L-002: collections navigations references properties of entry | L-104: collections have isloded flag | L-001: .query() | L-103: all navigations - references and,processed-in-r02-v001,yes-for-r02-v001-boundary,R02 processed after local boundary review.,R02,no-for-r02-v001
S-015,15,f61956999a3048dad0e6e198b593ea245b925ae3,f61956999a,12607.506,2759.389,931.0,443.0,0.0,1,R02-entityentry-properties-methods-query-and-values,P02-R02-entityentry-properties-methods-query-and-values,"EntityEntry: State, Entity, Metadata, CurrentValues/OriginalValues, IsKeySet, Context, Entry.Query, navigations/references/collections/properties, Reload/GetDatabaseValues examples.",L-102: enrty types | L-002: collections navigations references properties of entry | L-001: .query() | L-003: is entry..... query accessible only from collection? | L-104: collections have isloded flag,processed-in-r02-v001,yes-for-r02-v001-boundary,R02 processed after local boundary review.,R02,no-for-r02-v001
S-016,16,ff6f6d3218c1b290fa73239a70feb58d16a89867,ff6f6d3218,12592.709,3206.334,848.0,278.0,0.0,1,R02-entityentry-properties-methods-query-and-values,P02-R02-entityentry-properties-methods-query-and-values,"EntityEntry: State, Entity, Metadata, CurrentValues/OriginalValues, IsKeySet, Context, Entry.Query, navigations/references/collections/properties, Reload/GetDatabaseValues examples.",L-001: .query() | L-102: enrty types | L-002: collections navigations references properties of entry | L-003: is entry..... query accessible only from collection? | L-104: collections have isloded flag,processed-in-r02-v001,yes-for-r02-v001-boundary,R02 processed after local boundary review.,R02,no-for-r02-v001
S-017,17,8c36753e3a4719fd92f21f9f2886fe2212829a03,8c36753e3a,12605.452,3483.437,817.0,482.0,0.0,1,R02-entityentry-properties-methods-query-and-values,P02-R02-entityentry-properties-methods-query-and-values,"EntityEntry: State, Entity, Metadata, CurrentValues/OriginalValues, IsKeySet, Context, Entry.Query, navigations/references/collections/properties, Reload/GetDatabaseValues examples.",L-001: .query() | L-003: is entry..... query accessible only from collection? | L-102: enrty types | L-002: collections navigations references properties of entry | L-104: collections have isloded flag,processed-in-r02-v001,yes-for-r02-v001-boundary,R02 processed after local boundary review.,R02,no-for-r02-v001
S-018,18,c9a65f619732965294d1fdffe973a3b2ab6ca94a,c9a65f6197,12603.154,4021.797,856.0,463.0,0.0,1,R02-entityentry-properties-methods-query-and-values,P02-R02-entityentry-properties-methods-query-and-values,"EntityEntry: State, Entity, Metadata, CurrentValues/OriginalValues, IsKeySet, Context, Entry.Query, navigations/references/collections/properties, Reload/GetDatabaseValues examples.","L-001: .query() | L-003: is entry..... query accessible only from collection? | L-102: enrty types | L-092: props,methods examples | L-002: collections navigations references properties of entry",processed-in-r02-v001,yes-for-r02-v001-boundary,R02 processed after local boundary review.,R02,no-for-r02-v001
S-019,19,dd3cd5803e06f767a8507845e4f3ae6811773cfe,dd3cd5803e,12649.372,4484.797,729.0,482.0,0.0,1,R02-entityentry-properties-methods-query-and-values,P02-R02-entityentry-properties-methods-query-and-values,"EntityEntry: State, Entity, Metadata, CurrentValues/OriginalValues, IsKeySet, Context, Entry.Query, navigations/references/collections/properties, Reload/GetDatabaseValues examples.","L-001: .query() | L-003: is entry..... query accessible only from collection? | L-092: props,methods examples | L-093: what and why metadata | L-102: enrty types",processed-in-r02-v001,yes-for-r02-v001-boundary,R02 processed after local boundary review.,R02,no-for-r02-v001
S-020,20,31550616bbaa12cc2fb76e336d7685ff4291c344,31550616bb,12660.784,4982.538,840.0,403.0,0.0,1,R02-entityentry-properties-methods-query-and-values,P02-R02-entityentry-properties-methods-query-and-values,"EntityEntry: State, Entity, Metadata, CurrentValues/OriginalValues, IsKeySet, Context, Entry.Query, navigations/references/collections/properties, Reload/GetDatabaseValues examples.","L-001: .query() | L-003: is entry..... query accessible only from collection? | L-092: props,methods examples | L-093: what and why metadata | L-102: enrty types",processed-in-r02-v001,yes-for-r02-v001-boundary,R02 processed after local boundary review.,R02,no-for-r02-v001
S-021,21,aabda1bea1a25cfda1e3b241a2ce264ae3a72fcc,aabda1bea1,12672.839,5398.26,827.0,216.0,0.0,1,R02-entityentry-properties-methods-query-and-values,P02-R02-entityentry-properties-methods-query-and-values,"EntityEntry: State, Entity, Metadata, CurrentValues/OriginalValues, IsKeySet, Context, Entry.Query, navigations/references/collections/properties, Reload/GetDatabaseValues examples.","L-001: .query() | L-003: is entry..... query accessible only from collection? | L-092: props,methods examples | L-093: what and why metadata | L-102: enrty types",processed-in-r02-v001,yes-for-r02-v001-boundary,R02 processed after local boundary review.,R02,no-for-r02-v001
S-022,22,914dac643d07c1ffac70e58a3051bc4b79e841f3,914dac643d,14032.893,5374.36,733.0,482.0,0.0,1,R02-entityentry-properties-methods-query-and-values,P02-R02-entityentry-properties-methods-query-and-values,"EntityEntry: State, Entity, Metadata, CurrentValues/OriginalValues, IsKeySet, Context, Entry.Query, navigations/references/collections/properties, Reload/GetDatabaseValues examples.","L-001: .query() | L-003: is entry..... query accessible only from collection? | L-092: props,methods examples | L-093: what and why metadata | L-102: enrty types",processed-in-r02-v001,yes-for-r02-v001-boundary,R02 processed after local boundary review.,R02,no-for-r02-v001
S-023,23,775a140e116fd9a5e2a014d557b623e3c7e87380,775a140e11,14031.148,5876.85,755.0,248.0,0.0,1,R02-entityentry-properties-methods-query-and-values,P02-R02-entityentry-properties-methods-query-and-values,"EntityEntry: State, Entity, Metadata, CurrentValues/OriginalValues, IsKeySet, Context, Entry.Query, navigations/references/collections/properties, Reload/GetDatabaseValues examples.","L-001: .query() | L-003: is entry..... query accessible only from collection? | L-092: props,methods examples | L-093: what and why metadata | L-102: enrty types",processed-in-r02-v001,yes-for-r02-v001-boundary,R02 processed after local boundary review.,R02,no-for-r02-v001
S-024,24,92056d22279eb81c348fbd9a0ac4f176c8d2880c,92056d2227,14014.795,6154.36,830.0,482.0,0.0,1,R02-entityentry-properties-methods-query-and-values,P02-R02-entityentry-properties-methods-query-and-values,"EntityEntry: State, Entity, Metadata, CurrentValues/OriginalValues, IsKeySet, Context, Entry.Query, navigations/references/collections/properties, Reload/GetDatabaseValues examples.","L-001: .query() | L-003: is entry..... query accessible only from collection? | L-092: props,methods examples | L-093: what and why metadata | L-112: savechanges also",processed-in-r02-v001,yes-for-r02-v001-boundary,R02 processed after local boundary review.,R02,no-for-r02-v001
S-025,25,c0773e96c478cf0d31549d2a86d23447249fff3f,c0773e96c4,13495.269,1322.462,547.0,209.0,0.0,1,R02-entityentry-properties-methods-query-and-values,P02-R02-entityentry-properties-methods-query-and-values,"EntityEntry: State, Entity, Metadata, CurrentValues/OriginalValues, IsKeySet, Context, Entry.Query, navigations/references/collections/properties, Reload/GetDatabaseValues examples.",L-102: enrty types | L-002: collections navigations references properties of entry | L-104: collections have isloded flag | L-103: all navigations - references and | L-001: .query(),processed-in-r02-v001,yes-for-r02-v001-boundary,R02 processed after local boundary review.,R02,no-for-r02-v001
S-026,26,21e2e4dc1fc42843849011abb50445c17e256d4a,21e2e4dc1f,13490.784,1553.992,859.0,112.0,0.0,1,R02-entityentry-properties-methods-query-and-values,P02-R02-entityentry-properties-methods-query-and-values,"EntityEntry: State, Entity, Metadata, CurrentValues/OriginalValues, IsKeySet, Context, Entry.Query, navigations/references/collections/properties, Reload/GetDatabaseValues examples.",L-102: enrty types | L-002: collections navigations references properties of entry | L-104: collections have isloded flag | L-103: all navigations - references and | L-001: .query(),processed-in-r02-v001,yes-for-r02-v001-boundary,R02 processed after local boundary review.,R02,no-for-r02-v001
S-027,27,064dcb2d474e914fe4c58458e5b007252cc5e525,064dcb2d47,11606.921,3467.447,874.0,256.0,0.0,1,R02-entityentry-properties-methods-query-and-values,P02-R02-entityentry-properties-methods-query-and-values,"EntityEntry: State, Entity, Metadata, CurrentValues/OriginalValues, IsKeySet, Context, Entry.Query, navigations/references/collections/properties, Reload/GetDatabaseValues examples.",L-102: enrty types | L-002: collections navigations references properties of entry | L-001: .query() | L-104: collections have isloded flag | L-103: all navigations - references and,processed-in-r02-v001,yes-for-r02-v001-boundary,R02 processed after local boundary review.,R02,no-for-r02-v001
S-028,28,940fd9de92cc3e0dbfbd4dcdeb0c576112d722b3,940fd9de92,11644.189,2987.018,846.0,482.0,0.0,1,R02-entityentry-properties-methods-query-and-values,P02-R02-entityentry-properties-methods-query-and-values,"EntityEntry: State, Entity, Metadata, CurrentValues/OriginalValues, IsKeySet, Context, Entry.Query, navigations/references/collections/properties, Reload/GetDatabaseValues examples.",L-102: enrty types | L-002: collections navigations references properties of entry | L-104: collections have isloded flag | L-103: all navigations - references and | L-001: .query(),processed-in-r02-v001,yes-for-r02-v001-boundary,R02 processed after local boundary review.,R02,no-for-r02-v001
S-029,29,021c96de807c9c1ceb8bcca32c75dcab056f2610,021c96de80,11663.419,2492.473,754.0,482.0,0.0,1,R02-entityentry-properties-methods-query-and-values,P02-R02-entityentry-properties-methods-query-and-values,"EntityEntry: State, Entity, Metadata, CurrentValues/OriginalValues, IsKeySet, Context, Entry.Query, navigations/references/collections/properties, Reload/GetDatabaseValues examples.",L-102: enrty types | L-002: collections navigations references properties of entry | L-104: collections have isloded flag | L-103: all navigations - references and | L-001: .query(),processed-in-r02-v001,yes-for-r02-v001-boundary,R02 processed after local boundary review.,R02,no-for-r02-v001
S-030,30,3b0796173d95fecfb954f3c2f898a54e414292fa,3b0796173d,11659.685,2056.696,830.0,436.0,0.0,1,R02-entityentry-properties-methods-query-and-values,P02-R02-entityentry-properties-methods-query-and-values,"EntityEntry: State, Entity, Metadata, CurrentValues/OriginalValues, IsKeySet, Context, Entry.Query, navigations/references/collections/properties, Reload/GetDatabaseValues examples.",L-102: enrty types | L-002: collections navigations references properties of entry | L-104: collections have isloded flag | L-103: all navigations - references and | L-005: entityentry,processed-in-r02-v001,yes-for-r02-v001-boundary,R02 processed after local boundary review.,R02,no-for-r02-v001
S-031,31,2cfcafc907bd57a20809a9d7a6e3a7ad653d6a7e,2cfcafc907,11667.406,1684.038,850.0,361.0,0.0,1,R02-entityentry-properties-methods-query-and-values,P02-R02-entityentry-properties-methods-query-and-values,"EntityEntry: State, Entity, Metadata, CurrentValues/OriginalValues, IsKeySet, Context, Entry.Query, navigations/references/collections/properties, Reload/GetDatabaseValues examples.",L-102: enrty types | L-002: collections navigations references properties of entry | L-104: collections have isloded flag | L-103: all navigations - references and | L-005: entityentry,processed-in-r02-v001,yes-for-r02-v001-boundary,R02 processed after local boundary review.,R02,no-for-r02-v001
S-032,32,b93bbce91beed18756f7f0a646f207a64b8ea908,b93bbce91b,11686.527,1329.901,756.0,342.0,0.0,1,R02-entityentry-properties-methods-query-and-values,P02-R02-entityentry-properties-methods-query-and-values,"EntityEntry: State, Entity, Metadata, CurrentValues/OriginalValues, IsKeySet, Context, Entry.Query, navigations/references/collections/properties, Reload/GetDatabaseValues examples.",L-102: enrty types | L-002: collections navigations references properties of entry | L-104: collections have isloded flag | L-103: all navigations - references and | L-005: entityentry,processed-in-r02-v001,yes-for-r02-v001-boundary,R02 processed after local boundary review.,R02,no-for-r02-v001
S-033,33,22572ab9daed0412e4836c02553d0bdc6b30b0b9,22572ab9da,10403.784,3472.114,873.0,380.0,0.0,1,R02-entityentry-properties-methods-query-and-values,P02-R02-entityentry-properties-methods-query-and-values,"EntityEntry: State, Entity, Metadata, CurrentValues/OriginalValues, IsKeySet, Context, Entry.Query, navigations/references/collections/properties, Reload/GetDatabaseValues examples.",L-005: entityentry | L-104: collections have isloded flag | L-103: all navigations - references and | L-102: enrty types | L-002: collections navigations references properties of entry,processed-in-r02-v001,yes-for-r02-v001-boundary,R02 processed after local boundary review.,R02,no-for-r02-v001
S-034,34,7d78912506b7a2a3005f185091953735cba5a4f1,7d78912506,15403.981,5281.588,848.0,345.0,0.0,1,R02-entityentry-properties-methods-query-and-values,P02-R02-entityentry-properties-methods-query-and-values,"EntityEntry: State, Entity, Metadata, CurrentValues/OriginalValues, IsKeySet, Context, Entry.Query, navigations/references/collections/properties, Reload/GetDatabaseValues examples.","L-003: is entry..... query accessible only from collection? | L-001: .query() | L-092: props,methods examples | L-093: what and why metadata | L-102: enrty types",processed-in-r02-v001,yes-for-r02-v001-boundary,R02 processed after local boundary review.,R02,no-for-r02-v001
S-035,35,67973e4c0ed9fbeec2f6244fa54ccd16b5884c88,67973e4c0e,15401.527,5636.265,733.0,482.0,0.0,1,R02-entityentry-properties-methods-query-and-values,P02-R02-entityentry-properties-methods-query-and-values,"EntityEntry: State, Entity, Metadata, CurrentValues/OriginalValues, IsKeySet, Context, Entry.Query, navigations/references/collections/properties, Reload/GetDatabaseValues examples.","L-003: is entry..... query accessible only from collection? | L-001: .query() | L-092: props,methods examples | L-093: what and why metadata | L-102: enrty types",processed-in-r02-v001,yes-for-r02-v001-boundary,R02 processed after local boundary review.,R02,no-for-r02-v001
S-036,36,d3776b2c75460452e07745fab0d9d302d90f706d,d3776b2c75,15375.316,6166.265,795.0,482.0,0.0,1,R02-entityentry-properties-methods-query-and-values,P02-R02-entityentry-properties-methods-query-and-values,"EntityEntry: State, Entity, Metadata, CurrentValues/OriginalValues, IsKeySet, Context, Entry.Query, navigations/references/collections/properties, Reload/GetDatabaseValues examples.","L-003: is entry..... query accessible only from collection? | L-001: .query() | L-092: props,methods examples | L-093: what and why metadata | L-112: savechanges also",processed-in-r02-v001,yes-for-r02-v001-boundary,R02 processed after local boundary review.,R02,no-for-r02-v001
S-037,37,a1aad7f8bc39e467a778fdfd01c340547eec550f,a1aad7f8bc,5348.991,1089.43,820.0,482.0,0.0,1,R01-changetracker-core-methods-detection-cascade-debugview,P01-R01-changetracker-core-methods-detection-cascade-debugview,"ChangeTracker itself: HasChanges, DetectChanges, Clear, AutoDetectChangesEnabled, QueryTrackingBehavior, cascade/delete timings, AcceptAllChanges, DebugView.",L-012: querytrackingbehavior | L-011: autodetectchangesenabled | L-010: clear | L-015: !!! | L-009: detectchanges,processed-in-r01-v001,yes-for-r01-v001-boundary,R01 processed after local boundary review.,R01,no-for-r01-v001
S-038,38,ce104a49e0a810a006ec0412549aa7f17886a542,ce104a49e0,5347.018,1606.192,609.0,482.0,0.0,1,R01-changetracker-core-methods-detection-cascade-debugview,P01-R01-changetracker-core-methods-detection-cascade-debugview,"ChangeTracker itself: HasChanges, DetectChanges, Clear, AutoDetectChangesEnabled, QueryTrackingBehavior, cascade/delete timings, AcceptAllChanges, DebugView.",L-015: !!! | L-012: querytrackingbehavior | L-011: autodetectchangesenabled | L-010: clear | L-009: detectchanges,processed-in-r01-v001,yes-for-r01-v001-boundary,R01 processed after local boundary review.,R01,no-for-r01-v001
S-039,39,84be6985df31b4ea9758f915208286c96d07fbcb,84be6985df,5314.807,2131.681,849.0,426.0,0.0,1,R01-changetracker-core-methods-detection-cascade-debugview,P01-R01-changetracker-core-methods-detection-cascade-debugview,"ChangeTracker itself: HasChanges, DetectChanges, Clear, AutoDetectChangesEnabled, QueryTrackingBehavior, cascade/delete timings, AcceptAllChanges, DebugView.",L-015: !!! | L-012: querytrackingbehavior | L-011: autodetectchangesenabled | L-010: clear | L-009: detectchanges,processed-in-r01-v001,yes-for-r01-v001-boundary,R01 processed after local boundary review.,R01,no-for-r01-v001
S-040,40,0f3c1873f99139d7d426462acefc85bf55d48c5a,0f3c1873f9,5298.537,2588.858,794.0,482.0,0.0,1,R01-changetracker-core-methods-detection-cascade-debugview,P01-R01-changetracker-core-methods-detection-cascade-debugview,"ChangeTracker itself: HasChanges, DetectChanges, Clear, AutoDetectChangesEnabled, QueryTrackingBehavior, cascade/delete timings, AcceptAllChanges, DebugView.",L-015: !!! | L-006: common tasks | L-012: querytrackingbehavior | L-011: autodetectchangesenabled | L-016: clear,processed-in-r01-v001,yes-for-r01-v001-boundary,R01 processed after local boundary review.,R01,no-for-r01-v001
S-041,41,8bdfb4c28b4780be8a7273f8c24d738a753db14e,8bdfb4c28b,5296.026,3068.859,724.0,482.0,0.0,1,R01-changetracker-core-methods-detection-cascade-debugview,P01-R01-changetracker-core-methods-detection-cascade-debugview,"ChangeTracker itself: HasChanges, DetectChanges, Clear, AutoDetectChangesEnabled, QueryTrackingBehavior, cascade/delete timings, AcceptAllChanges, DebugView.",L-015: !!! | L-016: clear | L-017: after savechanges | L-018: entities are still tracked | L-006: common tasks,processed-in-r01-v001,yes-for-r01-v001-boundary,R01 processed after local boundary review.,R01,no-for-r01-v001
S-042,42,0df22bef2b296486a2b1cffff239fd09324ef1a8,0df22bef2b,5281.307,3608.015,852.0,452.0,0.0,1,R01-changetracker-core-methods-detection-cascade-debugview,P01-R01-changetracker-core-methods-detection-cascade-debugview,"ChangeTracker itself: HasChanges, DetectChanges, Clear, AutoDetectChangesEnabled, QueryTrackingBehavior, cascade/delete timings, AcceptAllChanges, DebugView.",L-015: !!! | L-018: entities are still tracked | L-017: after savechanges | L-016: clear | L-023: autodetect,processed-in-r01-v001,yes-for-r01-v001-boundary,R01 processed after local boundary review.,R01,no-for-r01-v001
S-043,43,45c7135996ae043e93538f5a7089a72074e93bb8,45c7135996,5276.474,4065.181,635.0,415.0,0.0,1,R01-changetracker-core-methods-detection-cascade-debugview,P01-R01-changetracker-core-methods-detection-cascade-debugview,"ChangeTracker itself: HasChanges, DetectChanges, Clear, AutoDetectChangesEnabled, QueryTrackingBehavior, cascade/delete timings, AcceptAllChanges, DebugView.",L-023: autodetect | L-024: cahnges | L-018: entities are still tracked | L-017: after savechanges | L-016: clear,processed-in-r01-v001,yes-for-r01-v001-boundary,R01 processed after local boundary review.,R01,no-for-r01-v001
S-044,44,d6b4a82dc1b33a4c5c6b57298ca05cd9738987ec,d6b4a82dc1,5293.474,4431.681,649.0,442.0,0.0,1,R01-changetracker-core-methods-detection-cascade-debugview,P01-R01-changetracker-core-methods-detection-cascade-debugview,"ChangeTracker itself: HasChanges, DetectChanges, Clear, AutoDetectChangesEnabled, QueryTrackingBehavior, cascade/delete timings, AcceptAllChanges, DebugView.",L-023: autodetect | L-024: cahnges | L-018: entities are still tracked | L-017: after savechanges | L-016: clear,processed-in-r01-v001,yes-for-r01-v001-boundary,R01 processed after local boundary review.,R01,no-for-r01-v001
S-045,45,a1af1a5641143a17bed93827b6626733f04f05cd,a1af1a5641,5294.807,4900.348,849.0,390.0,0.0,1,R01-changetracker-core-methods-detection-cascade-debugview,P01-R01-changetracker-core-methods-detection-cascade-debugview,"ChangeTracker itself: HasChanges, DetectChanges, Clear, AutoDetectChangesEnabled, QueryTrackingBehavior, cascade/delete timings, AcceptAllChanges, DebugView.",L-023: autodetect | L-024: cahnges | L-021: querytacking | L-022: behavior | L-096: full entity entry list,processed-in-r01-v001,yes-for-r01-v001-boundary,R01 processed after local boundary review.,R01,no-for-r01-v001
S-046,46,d8e9cb05bf062bc993966acddcc8e9b11b4dbb8f,d8e9cb05bf,5302.355,5408.443,854.0,194.0,0.0,1,R01-changetracker-core-methods-detection-cascade-debugview,P01-R01-changetracker-core-methods-detection-cascade-debugview,"ChangeTracker itself: HasChanges, DetectChanges, Clear, AutoDetectChangesEnabled, QueryTrackingBehavior, cascade/delete timings, AcceptAllChanges, DebugView.",L-023: autodetect | L-024: cahnges | L-021: querytacking | L-022: behavior | L-096: full entity entry list,processed-in-r01-v001,yes-for-r01-v001-boundary,R01 processed after local boundary review.,R01,no-for-r01-v001
S-047,47,2b57f9a2a9df60eb67fca00f3a156bb4c9cad4c2,2b57f9a2a9,5281.606,5635.398,722.0,482.0,0.0,1,R01-changetracker-core-methods-detection-cascade-debugview,P01-R01-changetracker-core-methods-detection-cascade-debugview,"ChangeTracker itself: HasChanges, DetectChanges, Clear, AutoDetectChangesEnabled, QueryTrackingBehavior, cascade/delete timings, AcceptAllChanges, DebugView.",L-024: cahnges | L-023: autodetect | L-021: querytacking | L-022: behavior | L-096: full entity entry list,processed-in-r01-v001,yes-for-r01-v001-boundary,R01 processed after local boundary review.,R01,no-for-r01-v001
S-048,48,973bf0656b1b3c7d704ad5e4cd3395f989f0bcf7,973bf0656b,5292.577,6123.61,538.0,217.0,0.0,1,R01-changetracker-core-methods-detection-cascade-debugview,P01-R01-changetracker-core-methods-detection-cascade-debugview,"ChangeTracker itself: HasChanges, DetectChanges, Clear, AutoDetectChangesEnabled, QueryTrackingBehavior, cascade/delete timings, AcceptAllChanges, DebugView.",L-021: querytacking | L-024: cahnges | L-023: autodetect | L-022: behavior | L-096: full entity entry list,processed-in-r01-v001,yes-for-r01-v001-boundary,R01 processed after local boundary review.,R01,no-for-r01-v001
S-049,49,1940c079fa5e9865a2aa6b30bb3949a66be9d029,1940c079fa,5296.466,6352.221,808.0,442.0,0.0,1,R01-changetracker-core-methods-detection-cascade-debugview,P01-R01-changetracker-core-methods-detection-cascade-debugview,"ChangeTracker itself: HasChanges, DetectChanges, Clear, AutoDetectChangesEnabled, QueryTrackingBehavior, cascade/delete timings, AcceptAllChanges, DebugView.",L-021: querytacking | L-022: behavior | L-024: cahnges | L-096: full entity entry list | L-023: autodetect,processed-in-r01-v001,yes-for-r01-v001-boundary,R01 processed after local boundary review.,R01,no-for-r01-v001
S-050,50,32b676f3b6627fd418394bb97783f2fbba98e7c0,32b676f3b6,5285.966,6817.888,809.0,464.0,0.0,1,R01-changetracker-core-methods-detection-cascade-debugview,P01-R01-changetracker-core-methods-detection-cascade-debugview,"ChangeTracker itself: HasChanges, DetectChanges, Clear, AutoDetectChangesEnabled, QueryTrackingBehavior, cascade/delete timings, AcceptAllChanges, DebugView.",L-022: behavior | L-021: querytacking | L-080: state | L-088: ---properties--- | L-096: full entity entry list,processed-in-r01-v001,yes-for-r01-v001-boundary,R01 processed after local boundary review.,R01,no-for-r01-v001
S-051,51,099c2f8cf8fcd4b9c803a01e57693728fcf03a9b,099c2f8cf8,5276.688,7290.721,852.0,445.0,0.0,1,R01-changetracker-core-methods-detection-cascade-debugview,P01-R01-changetracker-core-methods-detection-cascade-debugview,"ChangeTracker itself: HasChanges, DetectChanges, Clear, AutoDetectChangesEnabled, QueryTrackingBehavior, cascade/delete timings, AcceptAllChanges, DebugView.",L-022: behavior | L-080: state | L-021: querytacking | L-088: ---properties--- | L-019: debugview,processed-in-r01-v001,yes-for-r01-v001-boundary,R01 processed after local boundary review.,R01,no-for-r01-v001
S-052,52,924a9c2e43539044eff47adfdc51361269f7f841,924a9c2e43,5263.287,7742.065,883.0,482.0,0.0,1,R01-changetracker-core-methods-detection-cascade-debugview,P01-R01-changetracker-core-methods-detection-cascade-debugview,"ChangeTracker itself: HasChanges, DetectChanges, Clear, AutoDetectChangesEnabled, QueryTrackingBehavior, cascade/delete timings, AcceptAllChanges, DebugView.",L-089: internal logic of attach | L-090: can be useful inside | L-091: trackgraph | L-080: state | L-019: debugview,processed-in-r01-v001,yes-for-r01-v001-boundary,R01 processed after local boundary review.,R01,no-for-r01-v001
S-053,53,08685884000082ac74e663ad3892aca3133da256,0868588400,5254.3,8288.221,679.0,390.0,0.0,1,R01-changetracker-core-methods-detection-cascade-debugview,P01-R01-changetracker-core-methods-detection-cascade-debugview,"ChangeTracker itself: HasChanges, DetectChanges, Clear, AutoDetectChangesEnabled, QueryTrackingBehavior, cascade/delete timings, AcceptAllChanges, DebugView.",L-089: internal logic of attach | L-090: can be useful inside | L-091: trackgraph | L-020: examples | L-019: debugview,processed-in-r01-v001,yes-for-r01-v001-boundary,R01 processed after local boundary review.,R01,no-for-r01-v001
S-054,54,616ade06adab39dca939b902d4b252a99bf79271,616ade06ad,5250.8,8664.888,826.0,330.0,0.0,1,R01-changetracker-core-methods-detection-cascade-debugview,P01-R01-changetracker-core-methods-detection-cascade-debugview,"ChangeTracker itself: HasChanges, DetectChanges, Clear, AutoDetectChangesEnabled, QueryTrackingBehavior, cascade/delete timings, AcceptAllChanges, DebugView.",L-089: internal logic of attach | L-090: can be useful inside | L-091: trackgraph | L-078: iskeyset | L-020: examples,processed-in-r01-v001,yes-for-r01-v001-boundary,R01 processed after local boundary review.,R01,no-for-r01-v001
S-055,55,4c616407a8cd55e5bf4d8000d8a64960d1ad34ff,4c616407a8,5246.633,8997.832,881.0,353.0,0.0,1,R01-changetracker-core-methods-detection-cascade-debugview,P01-R01-changetracker-core-methods-detection-cascade-debugview,"ChangeTracker itself: HasChanges, DetectChanges, Clear, AutoDetectChangesEnabled, QueryTrackingBehavior, cascade/delete timings, AcceptAllChanges, DebugView.",L-091: trackgraph | L-090: can be useful inside | L-089: internal logic of attach | L-077: members | L-078: iskeyset,processed-in-r01-v001,yes-for-r01-v001-boundary,R01 processed after local boundary review.,R01,no-for-r01-v001
S-056,56,dc56474e6249e125cdfac6431964d24578b1ffcd,dc56474e62,3825.935,3634.609,820.0,359.0,0.0,1,R01-changetracker-core-methods-detection-cascade-debugview,P01-R01-changetracker-core-methods-detection-cascade-debugview,"ChangeTracker itself: HasChanges, DetectChanges, Clear, AutoDetectChangesEnabled, QueryTrackingBehavior, cascade/delete timings, AcceptAllChanges, DebugView.",L-018: entities are still tracked | L-017: after savechanges | L-016: clear | L-023: autodetect | L-024: cahnges,processed-in-r01-v001,yes-for-r01-v001-boundary,R01 processed after local boundary review.,R01,no-for-r01-v001
S-057,57,9352417be4c760bddc271fc0c188f3a687094209,9352417be4,3829.092,4004.468,663.0,482.0,0.0,1,R01-changetracker-core-methods-detection-cascade-debugview,P01-R01-changetracker-core-methods-detection-cascade-debugview,"ChangeTracker itself: HasChanges, DetectChanges, Clear, AutoDetectChangesEnabled, QueryTrackingBehavior, cascade/delete timings, AcceptAllChanges, DebugView.",L-018: entities are still tracked | L-017: after savechanges | L-016: clear | L-023: autodetect | L-024: cahnges,processed-in-r01-v001,yes-for-r01-v001-boundary,R01 processed after local boundary review.,R01,no-for-r01-v001
S-058,58,f43fe671c392ae76cf4aa103b5e981bbb7204414,f43fe671c3,3798.92,4521.852,811.0,233.0,0.0,1,R01-changetracker-core-methods-detection-cascade-debugview,P01-R01-changetracker-core-methods-detection-cascade-debugview,"ChangeTracker itself: HasChanges, DetectChanges, Clear, AutoDetectChangesEnabled, QueryTrackingBehavior, cascade/delete timings, AcceptAllChanges, DebugView.",L-023: autodetect | L-024: cahnges | L-018: entities are still tracked | L-017: after savechanges | L-016: clear,processed-in-r01-v001,yes-for-r01-v001-boundary,R01 processed after local boundary review.,R01,no-for-r01-v001
S-059,59,8dc316a38b67a25325086b5284a084b99b635aa7,8dc316a38b,4118.381,8378.864,719.0,200.0,0.0,1,R01-changetracker-core-methods-detection-cascade-debugview,P01-R01-changetracker-core-methods-detection-cascade-debugview,"ChangeTracker itself: HasChanges, DetectChanges, Clear, AutoDetectChangesEnabled, QueryTrackingBehavior, cascade/delete timings, AcceptAllChanges, DebugView.",L-020: examples | L-019: debugview | L-022: behavior | L-021: querytacking | L-065: disable ll for some queries,processed-in-r01-v001,yes-for-r01-v001-boundary,R01 processed after local boundary review.,R01,no-for-r01-v001
S-060,60,8735a81874997e9dd53c7cb9047c6eb943d51761,8735a81874,4106.329,8591.313,819.0,411.0,0.0,1,R01-changetracker-core-methods-detection-cascade-debugview,P01-R01-changetracker-core-methods-detection-cascade-debugview,"ChangeTracker itself: HasChanges, DetectChanges, Clear, AutoDetectChangesEnabled, QueryTrackingBehavior, cascade/delete timings, AcceptAllChanges, DebugView.",L-020: examples | L-019: debugview | L-022: behavior | L-021: querytacking | L-065: disable ll for some queries,processed-in-r01-v001,yes-for-r01-v001-boundary,R01 processed after local boundary review.,R01,no-for-r01-v001
S-061,61,234ca7f99d61bdf1200ef7fb4c51b641ac1cba7c,234ca7f99d,4117.073,9014.185,857.0,355.0,0.0,1,R01-changetracker-core-methods-detection-cascade-debugview,P01-R01-changetracker-core-methods-detection-cascade-debugview,"ChangeTracker itself: HasChanges, DetectChanges, Clear, AutoDetectChangesEnabled, QueryTrackingBehavior, cascade/delete timings, AcceptAllChanges, DebugView.",L-020: examples | L-019: debugview | L-022: behavior | L-021: querytacking | L-061: transactions retry,processed-in-r01-v001,yes-for-r01-v001-boundary,R01 processed after local boundary review.,R01,no-for-r01-v001
S-062,62,4012909cc923f908f2c3fcb19a1a2b2163071a0c,4012909cc9,4122.488,9383.736,625.0,463.0,0.0,1,R01-changetracker-core-methods-detection-cascade-debugview,P01-R01-changetracker-core-methods-detection-cascade-debugview,"ChangeTracker itself: HasChanges, DetectChanges, Clear, AutoDetectChangesEnabled, QueryTrackingBehavior, cascade/delete timings, AcceptAllChanges, DebugView.","L-020: examples | L-019: debugview | L-061: transactions retry | L-060: somelogic with still modified entities after savechanges | L-059: acceptallchanges,",processed-in-r01-v001,yes-for-r01-v001-boundary,R01 processed after local boundary review.,R01,no-for-r01-v001
S-063,63,1029ebd370e5f9b735f72f2d17a52896df3c5955,1029ebd370,1877.348,1302.684,939.0,112.0,0.0,1,R01-changetracker-core-methods-detection-cascade-debugview,P01-R01-changetracker-core-methods-detection-cascade-debugview,"ChangeTracker itself: HasChanges, DetectChanges, Clear, AutoDetectChangesEnabled, QueryTrackingBehavior, cascade/delete timings, AcceptAllChanges, DebugView.",L-027: them then? | L-026: we stop tracking? how we can manually detect | L-025: what if we disable autodetectchanges | L-037: local detection only for | L-038: one entry,processed-in-r01-v001,yes-for-r01-v001-boundary,R01 processed after local boundary review.,R01,no-for-r01-v001
S-064,64,c16db4c848d6c2b9f2f5dd931adb52b4a560c8ee,c16db4c848,1847.681,1447.35,1025.0,196.0,0.0,1,R01-changetracker-core-methods-detection-cascade-debugview,P01-R01-changetracker-core-methods-detection-cascade-debugview,"ChangeTracker itself: HasChanges, DetectChanges, Clear, AutoDetectChangesEnabled, QueryTrackingBehavior, cascade/delete timings, AcceptAllChanges, DebugView.",L-027: them then? | L-026: we stop tracking? how we can manually detect | L-025: what if we disable autodetectchanges | L-037: local detection only for | L-038: one entry,processed-in-r01-v001,yes-for-r01-v001-boundary,R01 processed after local boundary review.,R01,no-for-r01-v001
S-065,65,444be9d1505a1224d37f1ac1c986bf8a91edd54e,444be9d150,1846.348,2189.702,1081.0,415.0,0.0,1,R01-changetracker-core-methods-detection-cascade-debugview,P01-R01-changetracker-core-methods-detection-cascade-debugview,"ChangeTracker itself: HasChanges, DetectChanges, Clear, AutoDetectChangesEnabled, QueryTrackingBehavior, cascade/delete timings, AcceptAllChanges, DebugView.",L-044: how disabling auto detect changes | L-045: can help | L-037: local detection only for | L-038: one entry | L-039: ,processed-in-r01-v001,yes-for-r01-v001-boundary,R01 processed after local boundary review.,R01,no-for-r01-v001
S-066,66,ea0e99f958a9d80df16f457e3a4167d0df8b796a,ea0e99f958,1848.975,1673.083,981.0,482.0,0.0,1,R01-changetracker-core-methods-detection-cascade-debugview,P01-R01-changetracker-core-methods-detection-cascade-debugview,"ChangeTracker itself: HasChanges, DetectChanges, Clear, AutoDetectChangesEnabled, QueryTrackingBehavior, cascade/delete timings, AcceptAllChanges, DebugView.","L-037: local detection only for | L-038: one entry | L-039:  | L-040: entries ,entries<entity>,haschanges,cascadechanges | L-044: how disabling auto detect changes",processed-in-r01-v001,yes-for-r01-v001-boundary,R01 processed after local boundary review.,R01,no-for-r01-v001
S-067,67,2eb581a2035bd1afd5960df80f02cfabc164ae74,2eb581a203,1880.348,2643.147,1013.0,317.0,0.0,1,R01-changetracker-core-methods-detection-cascade-debugview,P01-R01-changetracker-core-methods-detection-cascade-debugview,"ChangeTracker itself: HasChanges, DetectChanges, Clear, AutoDetectChangesEnabled, QueryTrackingBehavior, cascade/delete timings, AcceptAllChanges, DebugView.","L-044: how disabling auto detect changes | L-045: can help | L-041: run full detection | L-040: entries ,entries<entity>,haschanges,cascadechanges | L-039: ",processed-in-r01-v001,yes-for-r01-v001-boundary,R01 processed after local boundary review.,R01,no-for-r01-v001
S-068,68,a88fe9d310ed44f2d8821bf925f94c3c441889c6,a88fe9d310,1866.242,3529.548,990.0,329.0,0.0,1,R01-changetracker-core-methods-detection-cascade-debugview,P01-R01-changetracker-core-methods-detection-cascade-debugview,"ChangeTracker itself: HasChanges, DetectChanges, Clear, AutoDetectChangesEnabled, QueryTrackingBehavior, cascade/delete timings, AcceptAllChanges, DebugView.",L-045: can help | L-044: how disabling auto detect changes | L-042: full detectchanges | L-043: avoid second full detect changes | L-018: entities are still tracked,processed-in-r01-v001,yes-for-r01-v001-boundary,R01 processed after local boundary review.,R01,no-for-r01-v001
S-069,69,2d220a466b407609286233947387004c128e9e54,2d220a466b,1876.269,3914.213,1007.0,426.0,0.0,1,R01-changetracker-core-methods-detection-cascade-debugview,P01-R01-changetracker-core-methods-detection-cascade-debugview,"ChangeTracker itself: HasChanges, DetectChanges, Clear, AutoDetectChangesEnabled, QueryTrackingBehavior, cascade/delete timings, AcceptAllChanges, DebugView.",L-043: avoid second full detect changes | L-045: can help | L-042: full detectchanges | L-044: how disabling auto detect changes | L-028: here it make sense to do,processed-in-r01-v001,yes-for-r01-v001-boundary,R01 processed after local boundary review.,R01,no-for-r01-v001
S-070,70,1e00e0407b8e15c1af0a84b83990992352b73efc,1e00e0407b,1890.14,4321.065,1000.0,276.0,0.0,1,R01-changetracker-core-methods-detection-cascade-debugview,P01-R01-changetracker-core-methods-detection-cascade-debugview,"ChangeTracker itself: HasChanges, DetectChanges, Clear, AutoDetectChangesEnabled, QueryTrackingBehavior, cascade/delete timings, AcceptAllChanges, DebugView.",L-043: avoid second full detect changes | L-028: here it make sense to do | L-029: like | L-042: full detectchanges | L-030: save,processed-in-r01-v001,yes-for-r01-v001-boundary,R01 processed after local boundary review.,R01,no-for-r01-v001
S-071,71,dc71863d6fc39698ce1df493322d1a0a74925ad2,dc71863d6f,1876.01,4607.38,1049.0,133.0,0.0,1,R01-changetracker-core-methods-detection-cascade-debugview,P01-R01-changetracker-core-methods-detection-cascade-debugview,"ChangeTracker itself: HasChanges, DetectChanges, Clear, AutoDetectChangesEnabled, QueryTrackingBehavior, cascade/delete timings, AcceptAllChanges, DebugView.",L-043: avoid second full detect changes | L-028: here it make sense to do | L-029: like | L-030: save | L-031: then restore,processed-in-r01-v001,yes-for-r01-v001-boundary,R01 processed after local boundary review.,R01,no-for-r01-v001
S-072,72,7b1e45ab1990b2219ef94d88cc580531c99866fc,7b1e45ab19,1916.248,4781.279,880.0,482.0,0.0,1,R01-changetracker-core-methods-detection-cascade-debugview,P01-R01-changetracker-core-methods-detection-cascade-debugview,"ChangeTracker itself: HasChanges, DetectChanges, Clear, AutoDetectChangesEnabled, QueryTrackingBehavior, cascade/delete timings, AcceptAllChanges, DebugView.",L-057: deleteorphanstiming | L-028: here it make sense to do | L-029: like | L-030: save | L-031: then restore,processed-in-r01-v001,yes-for-r01-v001-boundary,R01 processed after local boundary review.,R01,no-for-r01-v001
S-073,73,b2ba9e9e4a5b27622058f7ae8538e22ef52aa7b6,b2ba9e9e4a,2090.006,5948.841,1002.0,247.0,0.0,1,R01-changetracker-core-methods-detection-cascade-debugview,P01-R01-changetracker-core-methods-detection-cascade-debugview,"ChangeTracker itself: HasChanges, DetectChanges, Clear, AutoDetectChangesEnabled, QueryTrackingBehavior, cascade/delete timings, AcceptAllChanges, DebugView.",L-058: and cascadechanges() | L-057: deleteorphanstiming | L-062: cascadedeletetiming | L-034: because we alreadyt have state | L-033: so we can avoid second detection,processed-in-r01-v001,yes-for-r01-v001-boundary,R01 processed after local boundary review.,R01,no-for-r01-v001
S-074,74,6f86832511d5119989e69161b69e1955021defb2,6f86832511,2098.34,6224.229,992.0,394.0,0.0,1,R01-changetracker-core-methods-detection-cascade-debugview,P01-R01-changetracker-core-methods-detection-cascade-debugview,"ChangeTracker itself: HasChanges, DetectChanges, Clear, AutoDetectChangesEnabled, QueryTrackingBehavior, cascade/delete timings, AcceptAllChanges, DebugView.",L-058: and cascadechanges() | L-062: cascadedeletetiming | L-057: deleteorphanstiming | L-034: because we alreadyt have state | L-033: so we can avoid second detection,processed-in-r01-v001,yes-for-r01-v001-boundary,R01 processed after local boundary review.,R01,no-for-r01-v001
S-075,75,27b95d9587cc540f98e484f45c08b8d05d9939b0,27b95d9587,2109.34,6632.952,1010.0,301.0,0.0,1,R01-changetracker-core-methods-detection-cascade-debugview,P01-R01-changetracker-core-methods-detection-cascade-debugview,"ChangeTracker itself: HasChanges, DetectChanges, Clear, AutoDetectChangesEnabled, QueryTrackingBehavior, cascade/delete timings, AcceptAllChanges, DebugView.",L-062: cascadedeletetiming | L-058: and cascadechanges() | L-057: deleteorphanstiming | L-064: lazyloadingenabled | L-021: querytacking,processed-in-r01-v001,yes-for-r01-v001-boundary,R01 processed after local boundary review.,R01,no-for-r01-v001
S-076,76,a5819b9a48a9c766a1dd860ffcb6f116e3258d57,a5819b9a48,2159.893,7111.574,857.0,482.0,0.0,1,R01-changetracker-core-methods-detection-cascade-debugview,P01-R01-changetracker-core-methods-detection-cascade-debugview,"ChangeTracker itself: HasChanges, DetectChanges, Clear, AutoDetectChangesEnabled, QueryTrackingBehavior, cascade/delete timings, AcceptAllChanges, DebugView.",L-062: cascadedeletetiming | L-064: lazyloadingenabled | L-065: disable ll for some queries | L-058: and cascadechanges() | L-022: behavior,processed-in-r01-v001,yes-for-r01-v001-boundary,R01 processed after local boundary review.,R01,no-for-r01-v001
S-077,77,04af235121abf7e7913e6e98ea46e5cf3465a963,04af235121,2159.262,7604.73,1005.0,436.0,0.0,1,R01-changetracker-core-methods-detection-cascade-debugview,P01-R01-changetracker-core-methods-detection-cascade-debugview,"ChangeTracker itself: HasChanges, DetectChanges, Clear, AutoDetectChangesEnabled, QueryTrackingBehavior, cascade/delete timings, AcceptAllChanges, DebugView.","L-064: lazyloadingenabled | L-065: disable ll for some queries | L-062: cascadedeletetiming | L-059: acceptallchanges, | L-060: somelogic with still modified entities after savechanges",processed-in-r01-v001,yes-for-r01-v001-boundary,R01 processed after local boundary review.,R01,no-for-r01-v001
S-078,78,6399ad0c31d520a8de6a14f7f38c7c00764ca02d,6399ad0c31,2202.706,8452.23,1007.0,461.0,0.0,1,R01-changetracker-core-methods-detection-cascade-debugview,P01-R01-changetracker-core-methods-detection-cascade-debugview,"ChangeTracker itself: HasChanges, DetectChanges, Clear, AutoDetectChangesEnabled, QueryTrackingBehavior, cascade/delete timings, AcceptAllChanges, DebugView.","L-065: disable ll for some queries | L-059: acceptallchanges, | L-060: somelogic with still modified entities after savechanges | L-061: transactions retry | L-064: lazyloadingenabled",processed-in-r01-v001,yes-for-r01-v001-boundary,R01 processed after local boundary review.,R01,no-for-r01-v001
S-079,79,057ba346641c325d25d3e5954c3c6de7ac51f29f,057ba34664,2253.566,9223.763,983.0,398.0,0.0,1,R01-changetracker-core-methods-detection-cascade-debugview,P01-R01-changetracker-core-methods-detection-cascade-debugview,"ChangeTracker itself: HasChanges, DetectChanges, Clear, AutoDetectChangesEnabled, QueryTrackingBehavior, cascade/delete timings, AcceptAllChanges, DebugView.","L-061: transactions retry | L-060: somelogic with still modified entities after savechanges | L-059: acceptallchanges, | L-047: !!! | L-046: !!!",processed-in-r01-v001,yes-for-r01-v001-boundary,R01 processed after local boundary review.,R01,no-for-r01-v001
S-080,80,9399907682520177be2cf247e7235b5cddbdf80c,9399907682,2248.409,9652.091,982.0,307.0,0.0,1,R01-changetracker-core-methods-detection-cascade-debugview,P01-R01-changetracker-core-methods-detection-cascade-debugview,"ChangeTracker itself: HasChanges, DetectChanges, Clear, AutoDetectChangesEnabled, QueryTrackingBehavior, cascade/delete timings, AcceptAllChanges, DebugView.","L-047: !!! | L-061: transactions retry | L-046: !!! | L-060: somelogic with still modified entities after savechanges | L-059: acceptallchanges,",processed-in-r01-v001,yes-for-r01-v001-boundary,R01 processed after local boundary review.,R01,no-for-r01-v001
S-081,81,60494fd7418e586bcba6035c1d8db83129e87b13,60494fd741,2251.796,9992.09,1034.0,306.0,0.0,1,R03-trackgraph-nodestate-and-member-api,P03-R03R04-trackgraph-member-api-and-events,"TrackGraph and graph traversal: NodeState, manual state assignment, TrackGraph stopping behavior, member/property API helpers.",L-047: !!! | L-046: !!! | L-061: transactions retry | L-060: somelogic with still modified entities after savechanges | L-049: trackgraph,processed-in-r01-v001,yes-for-r01-v001-boundary,R01 processed after local boundary review. Checked again during R03R04; not reprocessed.,R01,no-for-r01-v001
S-082,82,99c62027472092487cc2dbbf4b19b61a8be25abf,99c6202747,2264.018,10337.267,916.0,482.0,0.0,1,R03-trackgraph-nodestate-and-member-api,P03-R03R04-trackgraph-member-api-and-events,"TrackGraph and graph traversal: NodeState, manual state assignment, TrackGraph stopping behavior, member/property API helpers.",L-046: !!! | L-047: !!! | L-049: trackgraph | L-061: transactions retry | L-060: somelogic with still modified entities after savechanges,processed-in-r01-v001,yes-for-r01-v001-boundary,R01 processed after local boundary review. Checked again during R03R04; not reprocessed.,R01,no-for-r01-v001
S-083,83,d73b15cc10544ad6b515f018a40a2519161da81d,d73b15cc10,2128.113,11332.415,772.0,482.0,0.0,1,R03-trackgraph-nodestate-and-member-api,P03-R03R04-trackgraph-member-api-and-events,"TrackGraph and graph traversal: NodeState, manual state assignment, TrackGraph stopping behavior, member/property API helpers.",L-049: trackgraph | L-095: props and methods member | L-046: !!! | L-047: !!! | L-050: need to modifystate by yourself,processed-in-r03-v001,yes-for-r03-v001-boundary,R03 processed after local boundary review.,R03,no-for-r03-v001
S-084,84,cbebfed260a152542633759d0d21be63aa1ac204,cbebfed260,2140.031,11852.627,964.0,393.0,0.0,1,R03-trackgraph-nodestate-and-member-api,P03-R03R04-trackgraph-member-api-and-events,"TrackGraph and graph traversal: NodeState, manual state assignment, TrackGraph stopping behavior, member/property API helpers.",L-049: trackgraph | L-095: props and methods member | L-053: wont stop on already tracked entries | L-054: you control the traversal | L-046: !!!,processed-in-r03-v001,yes-for-r03-v001-boundary,R03 processed after local boundary review.,R03,no-for-r03-v001
S-085,85,45f0a57b9766fa22f460f828dc973af5797180b3,45f0a57b97,2122.767,12268.712,791.0,482.0,0.0,1,R03-trackgraph-nodestate-and-member-api,P03-R03R04-trackgraph-member-api-and-events,"TrackGraph and graph traversal: NodeState, manual state assignment, TrackGraph stopping behavior, member/property API helpers.",L-053: wont stop on already tracked entries | L-054: you control the traversal | L-095: props and methods member | L-049: trackgraph | L-052: stops on tracked entries,processed-in-r03-v001,yes-for-r03-v001-boundary,R03 processed after local boundary review.,R03,no-for-r03-v001
S-086,86,6e0892e5f4c5d451d53b3c282a82cdaf2e1279b9,6e0892e5f4,2091.938,12773.627,995.0,311.0,0.0,1,R03-trackgraph-nodestate-and-member-api,P03-R03R04-trackgraph-member-api-and-events,"TrackGraph and graph traversal: NodeState, manual state assignment, TrackGraph stopping behavior, member/property API helpers.",L-053: wont stop on already tracked entries | L-054: you control the traversal | L-095: props and methods member | L-049: trackgraph | L-048: Nodestate,processed-in-r03-v001,yes-for-r03-v001-boundary,R03 processed after local boundary review.,R03,no-for-r03-v001
S-087,87,8d8cdee8e986421eca58ef74cb6d2f6b44d33362,8d8cdee8e9,2083.605,13120.868,985.0,458.0,0.0,1,R03-trackgraph-nodestate-and-member-api,P03-R03R04-trackgraph-member-api-and-events,"TrackGraph and graph traversal: NodeState, manual state assignment, TrackGraph stopping behavior, member/property API helpers.",L-054: you control the traversal | L-053: wont stop on already tracked entries | L-048: Nodestate | L-095: props and methods member | L-049: trackgraph,processed-in-r03-v001,yes-for-r03-v001-boundary,R03 processed after local boundary review.,R03,no-for-r03-v001
S-088,88,0362496a78262e48d3f11e1f85de151a1638e737,0362496a78,2048.68,13600.563,779.0,482.0,0.0,1,R03-trackgraph-nodestate-and-member-api,P03-R03R04-trackgraph-member-api-and-events,"TrackGraph and graph traversal: NodeState, manual state assignment, TrackGraph stopping behavior, member/property API helpers.",L-054: you control the traversal | L-053: wont stop on already tracked entries | L-048: Nodestate | L-095: props and methods member | L-052: stops on tracked entries,processed-in-r03-v001,yes-for-r03-v001-boundary,R03 processed after local boundary review.,R03,no-for-r03-v001
S-089,89,0dcb4cd22db60ec4993d9a32bf83419434705021,0dcb4cd22d,2002.086,14074.405,911.0,225.0,0.0,1,R03-trackgraph-nodestate-and-member-api,P03-R03R04-trackgraph-member-api-and-events,"TrackGraph and graph traversal: NodeState, manual state assignment, TrackGraph stopping behavior, member/property API helpers.",L-054: you control the traversal | L-053: wont stop on already tracked entries | L-048: Nodestate | L-095: props and methods member | L-052: stops on tracked entries,processed-in-r03-v001,yes-for-r03-v001-boundary,R03 processed after local boundary review.,R03,no-for-r03-v001
S-090,90,b4c193eb612f6a92ba5f60f43bb35d26ee1dbaf9,b4c193eb61,865.043,13824.594,912.0,138.0,0.0,1,R03-trackgraph-nodestate-and-member-api,P03-R03R04-trackgraph-member-api-and-events,"TrackGraph and graph traversal: NodeState, manual state assignment, TrackGraph stopping behavior, member/property API helpers.",L-048: Nodestate | L-054: you control the traversal | L-053: wont stop on already tracked entries | L-052: stops on tracked entries | L-051: the only thing trackgraph does auto -,processed-in-r03-v001,yes-for-r03-v001-boundary,R03 processed after local boundary review.,R03,no-for-r03-v001
S-091,91,3812ee4f3eb7c910675940943f70d8962ed4f9ff,3812ee4f3e,873.077,13977.953,871.0,463.0,0.0,1,R03-trackgraph-nodestate-and-member-api,P03-R03R04-trackgraph-member-api-and-events,"TrackGraph and graph traversal: NodeState, manual state assignment, TrackGraph stopping behavior, member/property API helpers.",L-048: Nodestate | L-054: you control the traversal | L-053: wont stop on already tracked entries | L-052: stops on tracked entries | L-051: the only thing trackgraph does auto -,processed-in-r03-v001,yes-for-r03-v001-boundary,R03 processed after local boundary review.,R03,no-for-r03-v001
S-092,92,1d52164b12dae84d6e240c874a3e6cb6df7be39e,1d52164b12,870.773,14434.607,1079.0,399.0,0.0,1,R03-trackgraph-nodestate-and-member-api,P03-R03R04-trackgraph-member-api-and-events,"TrackGraph and graph traversal: NodeState, manual state assignment, TrackGraph stopping behavior, member/property API helpers.",L-048: Nodestate | L-054: you control the traversal | L-053: wont stop on already tracked entries | L-052: stops on tracked entries | L-051: the only thing trackgraph does auto -,processed-in-r03-v001,yes-for-r03-v001-boundary,R03 processed after local boundary review.,R03,no-for-r03-v001
S-093,93,9b5e0ea095e3b2ac1f4323f2a158602191f155fa,9b5e0ea095,613.384,11249.205,1071.0,219.0,0.0,1,R03-trackgraph-nodestate-and-member-api,P03-R03R04-trackgraph-member-api-and-events,"TrackGraph and graph traversal: NodeState, manual state assignment, TrackGraph stopping behavior, member/property API helpers.","L-050: need to modifystate by yourself | L-056: what it does auto and when | L-051: the only thing trackgraph does auto - | L-055: trackraph, what you need to do manually | L-052: stops on tracked entries",processed-in-r03-v001,yes-for-r03-v001-boundary,R03 processed after local boundary review.,R03,no-for-r03-v001
S-094,94,b5d1fad7ce21a50e7964e4e415e9b03c5d506f95,b5d1fad7ce,694.218,11501.538,996.0,171.0,0.0,1,R03-trackgraph-nodestate-and-member-api,P03-R03R04-trackgraph-member-api-and-events,"TrackGraph and graph traversal: NodeState, manual state assignment, TrackGraph stopping behavior, member/property API helpers.","L-050: need to modifystate by yourself | L-051: the only thing trackgraph does auto - | L-052: stops on tracked entries | L-056: what it does auto and when | L-055: trackraph, what you need to do manually",processed-in-r03-v001,yes-for-r03-v001-boundary,R03 processed after local boundary review.,R03,no-for-r03-v001
S-095,95,becd19325b8576f68c3e79c4ca5fe4060bb480c1,becd19325b,633.354,12002.826,1059.0,345.0,0.0,1,R03-trackgraph-nodestate-and-member-api,P03-R03R04-trackgraph-member-api-and-events,"TrackGraph and graph traversal: NodeState, manual state assignment, TrackGraph stopping behavior, member/property API helpers.",L-052: stops on tracked entries | L-051: the only thing trackgraph does auto - | L-050: need to modifystate by yourself | L-053: wont stop on already tracked entries | L-056: what it does auto and when,processed-in-r03-v001,yes-for-r03-v001-boundary,R03 processed after local boundary review.,R03,no-for-r03-v001
S-096,96,1a0f52f9025c3ee2d6613ca087d50a3d39356e64,1a0f52f902,650.428,12357.437,1013.0,338.0,0.0,1,R03-trackgraph-nodestate-and-member-api,P03-R03R04-trackgraph-member-api-and-events,"TrackGraph and graph traversal: NodeState, manual state assignment, TrackGraph stopping behavior, member/property API helpers.",L-052: stops on tracked entries | L-051: the only thing trackgraph does auto - | L-050: need to modifystate by yourself | L-053: wont stop on already tracked entries | L-054: you control the traversal,processed-in-r03-v001,yes-for-r03-v001-boundary,R03 processed after local boundary review.,R03,no-for-r03-v001
S-097,97,ddf20e54813779c75919d747eb00329c425bd4dd,ddf20e5481,635.669,12729.141,1004.0,202.0,0.0,1,R03-trackgraph-nodestate-and-member-api,P03-R03R04-trackgraph-member-api-and-events,"TrackGraph and graph traversal: NodeState, manual state assignment, TrackGraph stopping behavior, member/property API helpers.",L-053: wont stop on already tracked entries | L-054: you control the traversal | L-048: Nodestate | L-052: stops on tracked entries | L-051: the only thing trackgraph does auto -,processed-in-r03-v001,yes-for-r03-v001-boundary,R03 processed after local boundary review.,R03,no-for-r03-v001
S-098,98,337e276c21bf3f83c7a102d8f345c921e7a683b3,337e276c21,7222.242,7830.624,949.0,252.0,0.0,1,R02-entityentry-properties-methods-query-and-values,P02-R02-entityentry-properties-methods-query-and-values,"EntityEntry: State, Entity, Metadata, CurrentValues/OriginalValues, IsKeySet, Context, Entry.Query, navigations/references/collections/properties, Reload/GetDatabaseValues examples.",L-088: ---properties--- | L-079: context | L-080: state | L-081: entity | L-082: metadata,processed-in-r02-v001,yes-for-r02-v001-boundary,R02 processed after local boundary review.,R02,no-for-r02-v001
S-099,99,27987d66a713343e70ee185de3bd9c9296f53b64,27987d66a7,8484.646,7823.17,905.0,256.0,0.0,1,R02-entityentry-properties-methods-query-and-values,P02-R02-entityentry-properties-methods-query-and-values,"EntityEntry: State, Entity, Metadata, CurrentValues/OriginalValues, IsKeySet, Context, Entry.Query, navigations/references/collections/properties, Reload/GetDatabaseValues examples.","L-081: entity | L-082: metadata | L-083: currentvalues,origvalues | L-088: ---properties--- | L-084: complexproperties",processed-in-r02-v001,yes-for-r02-v001-boundary,R02 processed after local boundary review.,R02,no-for-r02-v001
S-100,100,4232a3dfc9d098913006314bea1efe126e3c03bb,4232a3dfc9,7234.686,8332.387,973.0,261.0,0.0,1,R02-entityentry-properties-methods-query-and-values,P02-R02-entityentry-properties-methods-query-and-values,"EntityEntry: State, Entity, Metadata, CurrentValues/OriginalValues, IsKeySet, Context, Entry.Query, navigations/references/collections/properties, Reload/GetDatabaseValues examples.","L-079: context | L-078: iskeyset | L-082: metadata | L-080: state | L-083: currentvalues,origvalues",processed-in-r02-v001,yes-for-r02-v001-boundary,R02 processed after local boundary review.,R02,no-for-r02-v001
S-101,101,e4a1ef6123d9b39f6a6b34d44eaae7f9428bcde4,e4a1ef6123,8447.015,8329.109,994.0,272.0,0.0,1,R02-entityentry-properties-methods-query-and-values,P02-R02-entityentry-properties-methods-query-and-values,"EntityEntry: State, Entity, Metadata, CurrentValues/OriginalValues, IsKeySet, Context, Entry.Query, navigations/references/collections/properties, Reload/GetDatabaseValues examples.","L-082: metadata | L-083: currentvalues,origvalues | L-081: entity | L-084: complexproperties | L-085: debugview",processed-in-r02-v001,yes-for-r02-v001-boundary,R02 processed after local boundary review.,R02,no-for-r02-v001
S-102,102,d3885538c6a1f82244b6751213e283cc9dc6c644,d3885538c6,7232.017,8864.372,992.0,363.0,0.0,1,R02-entityentry-properties-methods-query-and-values,P02-R02-entityentry-properties-methods-query-and-values,"EntityEntry: State, Entity, Metadata, CurrentValues/OriginalValues, IsKeySet, Context, Entry.Query, navigations/references/collections/properties, Reload/GetDatabaseValues examples.","L-078: iskeyset | L-077: members | L-083: currentvalues,origvalues | L-091: trackgraph | L-090: can be useful inside",processed-in-r02-v001,yes-for-r02-v001-boundary,R02 processed after local boundary review.,R02,no-for-r02-v001
S-103,103,19a76f39f3bb39310588b4a113ccc8a6c2997052,19a76f39f3,8418.683,8888.039,1002.0,467.0,0.0,1,R02-entityentry-properties-methods-query-and-values,P02-R02-entityentry-properties-methods-query-and-values,"EntityEntry: State, Entity, Metadata, CurrentValues/OriginalValues, IsKeySet, Context, Entry.Query, navigations/references/collections/properties, Reload/GetDatabaseValues examples.","L-083: currentvalues,origvalues | L-084: complexproperties | L-085: debugview | L-082: metadata | L-112: savechanges also",processed-in-r02-v001,yes-for-r02-v001-boundary,R02 processed after local boundary review.,R02,no-for-r02-v001
S-104,104,ad490abbbdc6007b87c701a2194188b816ac36c8,ad490abbbd,7200.628,9510.039,989.0,279.0,0.0,1,R02-entityentry-properties-methods-query-and-values,P02-R02-entityentry-properties-methods-query-and-values,"EntityEntry: State, Entity, Metadata, CurrentValues/OriginalValues, IsKeySet, Context, Entry.Query, navigations/references/collections/properties, Reload/GetDatabaseValues examples.",L-077: members | L-076: complexcollectons | L-084: complexproperties | L-085: debugview | L-078: iskeyset,processed-in-r02-v001,yes-for-r02-v001-boundary,R02 processed after local boundary review.,R02,no-for-r02-v001
S-105,105,96d9cc297315b4bd7e0260a37cfa3168292bc301,96d9cc2973,8364.906,9523.372,1004.0,311.0,0.0,1,R02-entityentry-properties-methods-query-and-values,P02-R02-entityentry-properties-methods-query-and-values,"EntityEntry: State, Entity, Metadata, CurrentValues/OriginalValues, IsKeySet, Context, Entry.Query, navigations/references/collections/properties, Reload/GetDatabaseValues examples.","L-085: debugview | L-084: complexproperties | L-083: currentvalues,origvalues | L-074: reference | L-110: will get row version + some fields that was set from",processed-in-r02-v001,yes-for-r02-v001-boundary,R02 processed after local boundary review.,R02,no-for-r02-v001
S-106,106,365718de90995493d74454668bc57b1ca4fdaf9d,365718de90,7196.961,9957.261,1007.0,285.0,0.0,1,R02-entityentry-properties-methods-query-and-values,P02-R02-entityentry-properties-methods-query-and-values,"EntityEntry: State, Entity, Metadata, CurrentValues/OriginalValues, IsKeySet, Context, Entry.Query, navigations/references/collections/properties, Reload/GetDatabaseValues examples.",L-076: complexcollectons | L-087: ---methods--- | L-077: members | L-085: debugview | L-075: property,processed-in-r02-v001,yes-for-r02-v001-boundary,R02 processed after local boundary review.,R02,no-for-r02-v001
S-107,107,a9be27affb2da06adadac381c81dc88113452382,a9be27affb,8372.405,9975.705,997.0,281.0,0.0,1,R02-entityentry-properties-methods-query-and-values,P02-R02-entityentry-properties-methods-query-and-values,"EntityEntry: State, Entity, Metadata, CurrentValues/OriginalValues, IsKeySet, Context, Entry.Query, navigations/references/collections/properties, Reload/GetDatabaseValues examples.","L-085: debugview | L-084: complexproperties | L-074: reference | L-083: currentvalues,origvalues | L-111: another requirest",processed-in-r02-v001,yes-for-r02-v001-boundary,R02 processed after local boundary review.,R02,no-for-r02-v001
S-108,108,68fa83e271423fbd981eda4d7c303d57264c9c25,68fa83e271,7121.35,10848.705,980.0,387.0,0.0,1,R02-entityentry-properties-methods-query-and-values,P02-R02-entityentry-properties-methods-query-and-values,"EntityEntry: State, Entity, Metadata, CurrentValues/OriginalValues, IsKeySet, Context, Entry.Query, navigations/references/collections/properties, Reload/GetDatabaseValues examples.",L-075: property | L-087: ---methods--- | L-073: collection | L-074: reference | L-072: navigation,processed-in-r02-v001,yes-for-r02-v001-boundary,R02 processed after local boundary review.,R02,no-for-r02-v001
S-109,109,ec10c5a2afb14362c3d6dcec9f35d1f1481b60dc,ec10c5a2af,8270.85,10853.039,1001.0,357.0,0.0,1,R02-entityentry-properties-methods-query-and-values,P02-R02-entityentry-properties-methods-query-and-values,"EntityEntry: State, Entity, Metadata, CurrentValues/OriginalValues, IsKeySet, Context, Entry.Query, navigations/references/collections/properties, Reload/GetDatabaseValues examples.",L-074: reference | L-072: navigation | L-071: complexproperty | L-085: debugview | L-086: detectchanges,processed-in-r02-v001,yes-for-r02-v001-boundary,R02 processed after local boundary review.,R02,no-for-r02-v001
S-110,110,149d822fc1bb6a7df98837520f98685aae4a545e,149d822fc1,7130.516,11518.372,999.0,301.0,0.0,1,R02-entityentry-properties-methods-query-and-values,P02-R02-entityentry-properties-methods-query-and-values,"EntityEntry: State, Entity, Metadata, CurrentValues/OriginalValues, IsKeySet, Context, Entry.Query, navigations/references/collections/properties, Reload/GetDatabaseValues examples.",L-073: collection | L-070: member | L-072: navigation | L-071: complexproperty | L-069: complexcollection,processed-in-r02-v001,yes-for-r02-v001-boundary,R02 processed after local boundary review.,R02,no-for-r02-v001
S-111,111,ee1c23d842c784f4e54779a57375f8bc87932e4c,ee1c23d842,8283.349,11492.039,1056.0,295.0,0.0,1,R02-entityentry-properties-methods-query-and-values,P02-R02-entityentry-properties-methods-query-and-values,"EntityEntry: State, Entity, Metadata, CurrentValues/OriginalValues, IsKeySet, Context, Entry.Query, navigations/references/collections/properties, Reload/GetDatabaseValues examples.",L-071: complexproperty | L-072: navigation | L-086: detectchanges | L-074: reference | L-067: reloadasync,processed-in-r02-v001,yes-for-r02-v001-boundary,R02 processed after local boundary review.,R02,no-for-r02-v001
S-112,112,951277f1a5da74240ec7291c0447134e13899f67,951277f1a5,7098.016,11956.983,984.0,266.0,0.0,1,R02-entityentry-properties-methods-query-and-values,P02-R02-entityentry-properties-methods-query-and-values,"EntityEntry: State, Entity, Metadata, CurrentValues/OriginalValues, IsKeySet, Context, Entry.Query, navigations/references/collections/properties, Reload/GetDatabaseValues examples.",L-070: member | L-069: complexcollection | L-071: complexproperty | L-073: collection | L-086: detectchanges,processed-in-r02-v001,yes-for-r02-v001-boundary,R02 processed after local boundary review.,R02,no-for-r02-v001
S-113,113,d878e8e5a1fa581615746c9597ede18214c75e5e,d878e8e5a1,8285.349,11938.039,1012.0,259.0,0.0,1,R02-entityentry-properties-methods-query-and-values,P02-R02-entityentry-properties-methods-query-and-values,"EntityEntry: State, Entity, Metadata, CurrentValues/OriginalValues, IsKeySet, Context, Entry.Query, navigations/references/collections/properties, Reload/GetDatabaseValues examples.",L-086: detectchanges | L-071: complexproperty | L-072: navigation | L-067: reloadasync | L-074: reference,processed-in-r02-v001,yes-for-r02-v001-boundary,R02 processed after local boundary review.,R02,no-for-r02-v001
S-114,114,eb3c018599fac1d1543ebdb2624238c5ca7e516b,eb3c018599,7193.85,12378.872,1035.0,252.0,0.0,1,R02-entityentry-properties-methods-query-and-values,P02-R02-entityentry-properties-methods-query-and-values,"EntityEntry: State, Entity, Metadata, CurrentValues/OriginalValues, IsKeySet, Context, Entry.Query, navigations/references/collections/properties, Reload/GetDatabaseValues examples.",L-069: complexcollection | L-068: getdatabasevaluesasync | L-086: detectchanges | L-070: member | L-067: reloadasync,processed-in-r02-v001,yes-for-r02-v001-boundary,R02 processed after local boundary review.,R02,no-for-r02-v001
S-115,115,0a5309251634f5f8f7f2a66b27a5105f56f989fc,0a53092516,8270.905,12343.705,1004.0,345.0,0.0,1,R02-entityentry-properties-methods-query-and-values,P02-R02-entityentry-properties-methods-query-and-values,"EntityEntry: State, Entity, Metadata, CurrentValues/OriginalValues, IsKeySet, Context, Entry.Query, navigations/references/collections/properties, Reload/GetDatabaseValues examples.",L-086: detectchanges | L-067: reloadasync | L-071: complexproperty | L-072: navigation | L-066: examples,processed-in-r02-v001,yes-for-r02-v001-boundary,R02 processed after local boundary review.,R02,no-for-r02-v001
S-116,116,6aa3fae7cc840b6e20d2a260a880f939bf461e59,6aa3fae7cc,7142.183,12903.039,1045.0,353.0,0.0,1,R02-entityentry-properties-methods-query-and-values,P02-R02-entityentry-properties-methods-query-and-values,"EntityEntry: State, Entity, Metadata, CurrentValues/OriginalValues, IsKeySet, Context, Entry.Query, navigations/references/collections/properties, Reload/GetDatabaseValues examples.",L-068: getdatabasevaluesasync | L-066: examples | L-067: reloadasync | L-069: complexcollection | L-086: detectchanges,processed-in-r02-v001,yes-for-r02-v001-boundary,R02 processed after local boundary review.,R02,no-for-r02-v001
S-117,117,d4e2d617c2e72f542117c891645f66fe53d96396,d4e2d617c2,8345.016,12940.539,1050.0,246.0,0.0,1,R02-entityentry-properties-methods-query-and-values,P02-R02-entityentry-properties-methods-query-and-values,"EntityEntry: State, Entity, Metadata, CurrentValues/OriginalValues, IsKeySet, Context, Entry.Query, navigations/references/collections/properties, Reload/GetDatabaseValues examples.",L-067: reloadasync | L-086: detectchanges | L-066: examples | L-071: complexproperty | L-072: navigation,processed-in-r02-v001,yes-for-r02-v001-boundary,R02 processed after local boundary review.,R02,no-for-r02-v001
S-118,118,9baa64223378d7d3e6872885574bfa9dbf7da1b0,9baa642233,7684.683,13879.039,1056.0,433.0,0.0,1,R02-entityentry-properties-methods-query-and-values,P02-R02-entityentry-properties-methods-query-and-values,"EntityEntry: State, Entity, Metadata, CurrentValues/OriginalValues, IsKeySet, Context, Entry.Query, navigations/references/collections/properties, Reload/GetDatabaseValues examples.",L-066: examples | L-067: reloadasync | L-068: getdatabasevaluesasync | L-086: detectchanges | L-069: complexcollection,processed-in-r02-v001,yes-for-r02-v001-boundary,R02 processed after local boundary review.,R02,no-for-r02-v001
S-119,119,236aae1b8a0922a8c2e3a82e767d4077e64227cd,236aae1b8a,7714.245,14353.938,972.0,482.0,0.0,1,R02-entityentry-properties-methods-query-and-values,P02-R02-entityentry-properties-methods-query-and-values,"EntityEntry: State, Entity, Metadata, CurrentValues/OriginalValues, IsKeySet, Context, Entry.Query, navigations/references/collections/properties, Reload/GetDatabaseValues examples.",L-066: examples | L-067: reloadasync | L-068: getdatabasevaluesasync | L-097: changetracker event | L-086: detectchanges,processed-in-r02-v001,yes-for-r02-v001-boundary,R02 processed after local boundary review.,R02,no-for-r02-v001
S-120,120,d8559185d597c3156cb3836b169cf9fabe5f018e,d8559185d5,11472.907,7903.634,889.0,482.0,0.0,1,R02-entityentry-properties-methods-query-and-values,P02-R02-entityentry-properties-methods-query-and-values,"EntityEntry: State, Entity, Metadata, CurrentValues/OriginalValues, IsKeySet, Context, Entry.Query, navigations/references/collections/properties, Reload/GetDatabaseValues examples.","L-093: what and why metadata | L-092: props,methods examples | L-112: savechanges also | L-113: sets current values to orig values | L-110: will get row version + some fields that was set from",processed-in-r02-v001,yes-for-r02-v001-boundary,R02 processed after local boundary review.,R02,no-for-r02-v001
S-121,121,3ce2522a24820a186e264c3777339a3a892aeeb0,3ce2522a24,13601.163,8374.722,996.0,454.0,0.0,1,R02-entityentry-properties-methods-query-and-values,P02-R02-entityentry-properties-methods-query-and-values,"EntityEntry: State, Entity, Metadata, CurrentValues/OriginalValues, IsKeySet, Context, Entry.Query, navigations/references/collections/properties, Reload/GetDatabaseValues examples.","L-092: props,methods examples | L-093: what and why metadata | L-001: .query() | L-003: is entry..... query accessible only from collection? | L-112: savechanges also",processed-in-r02-v001,yes-for-r02-v001-boundary,R02 processed after local boundary review.,R02,no-for-r02-v001
S-122,122,2d03f78f7a6d06be4a4128f01279566d7fecb2f5,2d03f78f7a,13619.177,8853.899,907.0,482.0,0.0,1,R02-entityentry-properties-methods-query-and-values,P02-R02-entityentry-properties-methods-query-and-values,"EntityEntry: State, Entity, Metadata, CurrentValues/OriginalValues, IsKeySet, Context, Entry.Query, navigations/references/collections/properties, Reload/GetDatabaseValues examples.","L-092: props,methods examples | L-093: what and why metadata | L-001: .query() | L-112: savechanges also | L-113: sets current values to orig values",processed-in-r02-v001,yes-for-r02-v001-boundary,R02 processed after local boundary review.,R02,no-for-r02-v001
S-123,123,b64b726e0c67dd2b206de8a737fee81e4750aa71,b64b726e0c,11515.866,8431.055,654.0,248.0,0.0,1,R02-entityentry-properties-methods-query-and-values,P02-R02-entityentry-properties-methods-query-and-values,"EntityEntry: State, Entity, Metadata, CurrentValues/OriginalValues, IsKeySet, Context, Entry.Query, navigations/references/collections/properties, Reload/GetDatabaseValues examples.","L-093: what and why metadata | L-092: props,methods examples | L-112: savechanges also | L-113: sets current values to orig values | L-110: will get row version + some fields that was set from",processed-in-r02-v001,yes-for-r02-v001-boundary,R02 processed after local boundary review.,R02,no-for-r02-v001
S-124,124,24a95acae13d7d12360e0d9f9b64015fc91fcaa1,24a95acae1,12532.014,8768.425,838.0,234.0,0.0,1,R02-entityentry-properties-methods-query-and-values,P02-R02-entityentry-properties-methods-query-and-values,"EntityEntry: State, Entity, Metadata, CurrentValues/OriginalValues, IsKeySet, Context, Entry.Query, navigations/references/collections/properties, Reload/GetDatabaseValues examples.","L-092: props,methods examples | L-093: what and why metadata | L-112: savechanges also | L-113: sets current values to orig values | L-110: will get row version + some fields that was set from",processed-in-r02-v001,yes-for-r02-v001-boundary,R02 processed after local boundary review.,R02,no-for-r02-v001
S-125,125,c4644c8ad132a0a86d8fb94b394a97e8321e507f,c4644c8ad1,12524.403,7837.518,1031.0,481.0,0.0,1,R02-entityentry-properties-methods-query-and-values,P02-R02-entityentry-properties-methods-query-and-values,"EntityEntry: State, Entity, Metadata, CurrentValues/OriginalValues, IsKeySet, Context, Entry.Query, navigations/references/collections/properties, Reload/GetDatabaseValues examples.","L-092: props,methods examples | L-093: what and why metadata | L-001: .query() | L-112: savechanges also | L-113: sets current values to orig values",processed-in-r02-v001,yes-for-r02-v001-boundary,R02 processed after local boundary review.,R02,no-for-r02-v001
S-126,126,916fcd8c87a018334b21e83e6e7bac4062f2e420,916fcd8c87,12549.662,8357.555,619.0,395.0,0.0,1,R02-entityentry-properties-methods-query-and-values,P02-R02-entityentry-properties-methods-query-and-values,"EntityEntry: State, Entity, Metadata, CurrentValues/OriginalValues, IsKeySet, Context, Entry.Query, navigations/references/collections/properties, Reload/GetDatabaseValues examples.","L-092: props,methods examples | L-093: what and why metadata | L-112: savechanges also | L-113: sets current values to orig values | L-110: will get row version + some fields that was set from",processed-in-r02-v001,yes-for-r02-v001-boundary,R02 processed after local boundary review.,R02,no-for-r02-v001
S-127,127,089517c105fc4086da77d787628c7bfc7e1611c2,089517c105,12523.403,9016.259,953.0,405.0,0.0,1,R02-entityentry-properties-methods-query-and-values,P02-R02-entityentry-properties-methods-query-and-values,"EntityEntry: State, Entity, Metadata, CurrentValues/OriginalValues, IsKeySet, Context, Entry.Query, navigations/references/collections/properties, Reload/GetDatabaseValues examples.","L-092: props,methods examples | L-093: what and why metadata | L-112: savechanges also | L-113: sets current values to orig values | L-110: will get row version + some fields that was set from",processed-in-r02-v001,yes-for-r02-v001-boundary,R02 processed after local boundary review.,R02,no-for-r02-v001
S-128,128,877ccc7942a00a5426f72e147a47562453dd3104,877ccc7942,4786.948,12019.232,847.0,482.0,0.0,1,R03-trackgraph-nodestate-and-member-api,P03-R03R04-trackgraph-member-api-and-events,"TrackGraph and graph traversal: NodeState, manual state assignment, TrackGraph stopping behavior, member/property API helpers.",L-094: what and why member | L-095: props and methods member | L-069: complexcollection | L-068: getdatabasevaluesasync | L-070: member,processed-in-r03-v001,yes-for-r03-v001-boundary,R03 processed after local boundary review.,R03,no-for-r03-v001
S-129,129,e95d9a1b0fa23f293816dda9161533604d66c60b,e95d9a1b0f,4831.332,12565.491,1050.0,405.0,0.0,1,R03-trackgraph-nodestate-and-member-api,P03-R03R04-trackgraph-member-api-and-events,"TrackGraph and graph traversal: NodeState, manual state assignment, TrackGraph stopping behavior, member/property API helpers.",L-094: what and why member | L-068: getdatabasevaluesasync | L-069: complexcollection | L-095: props and methods member | L-070: member,processed-in-r03-v001,yes-for-r03-v001-boundary,R03 processed after local boundary review.,R03,no-for-r03-v001
S-130,130,a9fadcdc18637e3f60e6c327a7ae21f4c995ad65,a9fadcdc18,4825.832,13019.097,981.0,339.0,0.0,1,R03-trackgraph-nodestate-and-member-api,P03-R03R04-trackgraph-member-api-and-events,"TrackGraph and graph traversal: NodeState, manual state assignment, TrackGraph stopping behavior, member/property API helpers.",L-094: what and why member | L-068: getdatabasevaluesasync | L-069: complexcollection | L-095: props and methods member | L-070: member,processed-in-r03-v001,yes-for-r03-v001-boundary,R03 processed after local boundary review.,R03,no-for-r03-v001
S-131,131,12ea6411fe7d87a4e00a41542e498260804d024f,12ea6411fe,3712.226,12006.506,991.0,170.0,0.0,1,R03-trackgraph-nodestate-and-member-api,P03-R03R04-trackgraph-member-api-and-events,"TrackGraph and graph traversal: NodeState, manual state assignment, TrackGraph stopping behavior, member/property API helpers.",L-095: props and methods member | L-094: what and why member | L-049: trackgraph | L-046: !!! | L-047: !!!,processed-in-r03-v001,yes-for-r03-v001-boundary,R03 processed after local boundary review.,R03,no-for-r03-v001
S-132,132,d2df707288abde3aa0c2e2657797bf14ec3ad907,d2df707288,3688.459,12193.38,908.0,482.0,0.0,1,R03-trackgraph-nodestate-and-member-api,P03-R03R04-trackgraph-member-api-and-events,"TrackGraph and graph traversal: NodeState, manual state assignment, TrackGraph stopping behavior, member/property API helpers.",L-095: props and methods member | L-094: what and why member | L-049: trackgraph | L-053: wont stop on already tracked entries | L-054: you control the traversal,processed-in-r03-v001,yes-for-r03-v001-boundary,R03 processed after local boundary review.,R03,no-for-r03-v001
S-133,133,e754b2bb33c04d1677c6ba62c126ad3ac80bf90d,e754b2bb33,3655.469,12729.733,993.0,229.0,0.0,1,R03-trackgraph-nodestate-and-member-api,P03-R03R04-trackgraph-member-api-and-events,"TrackGraph and graph traversal: NodeState, manual state assignment, TrackGraph stopping behavior, member/property API helpers.",L-095: props and methods member | L-094: what and why member | L-049: trackgraph | L-053: wont stop on already tracked entries | L-054: you control the traversal,processed-in-r03-v001,yes-for-r03-v001-boundary,R03 processed after local boundary review.,R03,no-for-r03-v001
S-134,134,8f890aefec5e437744e31d6d74f91e4a53f8dbdd,8f890aefec,3666.413,12980.046,1007.0,482.0,0.0,1,R03-trackgraph-nodestate-and-member-api,P03-R03R04-trackgraph-member-api-and-events,"TrackGraph and graph traversal: NodeState, manual state assignment, TrackGraph stopping behavior, member/property API helpers.",L-095: props and methods member | L-094: what and why member | L-053: wont stop on already tracked entries | L-054: you control the traversal | L-049: trackgraph,processed-in-r03-v001,yes-for-r03-v001-boundary,R03 processed after local boundary review.,R03,no-for-r03-v001
S-135,135,f28aaeda1eec73ee2da5105f3400a5440243d2c6,f28aaeda1e,3683.908,13478.915,1004.0,287.0,0.0,1,R03-trackgraph-nodestate-and-member-api,P03-R03R04-trackgraph-member-api-and-events,"TrackGraph and graph traversal: NodeState, manual state assignment, TrackGraph stopping behavior, member/property API helpers.",L-095: props and methods member | L-094: what and why member | L-054: you control the traversal | L-053: wont stop on already tracked entries | L-068: getdatabasevaluesasync,processed-in-r03-v001,yes-for-r03-v001-boundary,R03 processed after local boundary review.,R03,no-for-r03-v001
S-136,136,2bea2717087606223b2007b64e71d5c52757043e,2bea271708,7555.237,16441.364,880.0,403.0,0.0,1,R04-changetracker-events-tracking-tracked-state,P03-R03R04-trackgraph-member-api-and-events,"ChangeTracker events: Tracking vs Tracked, state during events, query/materialization hooks, event examples.",L-099: fromquery | L-100: what is state in tracking and tracked event | L-098: tracking vs tracked | L-101:  | L-097: changetracker event,processed-in-r04-v001,yes-for-r04-v001-boundary,R04 processed after local boundary review.,R04,no-for-r04-v001
S-137,137,378b21bc48291bb70cee96f02886260e61e1a118,378b21bc48,7555.571,16867.864,1006.0,420.0,0.0,1,R04-changetracker-events-tracking-tracked-state,P03-R03R04-trackgraph-member-api-and-events,"ChangeTracker events: Tracking vs Tracked, state during events, query/materialization hooks, event examples.",L-101:  | L-100: what is state in tracking and tracked event | L-099: fromquery | L-098: tracking vs tracked | L-097: changetracker event,processed-in-r04-v001,yes-for-r04-v001-boundary,R04 processed after local boundary review.,R04,no-for-r04-v001
S-138,138,b2d2812722ba8a2f77c1ccfddd4d8aca04873eb4,b2d2812722,7555.071,17330.198,977.0,422.0,0.0,1,R04-changetracker-events-tracking-tracked-state,P03-R03R04-trackgraph-member-api-and-events,"ChangeTracker events: Tracking vs Tracked, state during events, query/materialization hooks, event examples.",L-101:  | L-100: what is state in tracking and tracked event | L-099: fromquery | L-098: tracking vs tracked | L-097: changetracker event,processed-in-r04-v001,yes-for-r04-v001-boundary,R04 processed after local boundary review.,R04,no-for-r04-v001
S-139,139,ca731c1b55ab46e8bda2b3999db62fed1a8bce1d,ca731c1b55,7594.238,17800.698,662.0,261.0,0.0,1,R04-changetracker-events-tracking-tracked-state,P03-R03R04-trackgraph-member-api-and-events,"ChangeTracker events: Tracking vs Tracked, state during events, query/materialization hooks, event examples.",L-101:  | L-100: what is state in tracking and tracked event | L-099: fromquery | L-098: tracking vs tracked | L-097: changetracker event,processed-in-r04-v001,yes-for-r04-v001-boundary,R04 processed after local boundary review.,R04,no-for-r04-v001
S-140,140,0ff76ebdcb812a02a9c4a6aa5c926b04fae6b8ba,0ff76ebdcb,7583.34,18066.708,884.0,482.0,0.0,1,R04-changetracker-events-tracking-tracked-state,P03-R03R04-trackgraph-member-api-and-events,"ChangeTracker events: Tracking vs Tracked, state during events, query/materialization hooks, event examples.",L-101:  | L-100: what is state in tracking and tracked event | L-099: fromquery | L-098: tracking vs tracked | L-097: changetracker event,processed-in-r04-v001,yes-for-r04-v001-boundary,R04 processed after local boundary review.,R04,no-for-r04-v001
S-141,141,35509bb874314e93a7f94724a22f7d47884da9af,35509bb874,7568.738,18566.364,973.0,283.0,0.0,1,R04-changetracker-events-tracking-tracked-state,P03-R03R04-trackgraph-member-api-and-events,"ChangeTracker events: Tracking vs Tracked, state during events, query/materialization hooks, event examples.",L-101:  | L-100: what is state in tracking and tracked event | L-099: fromquery | L-098: tracking vs tracked | L-097: changetracker event,processed-in-r04-v001,yes-for-r04-v001-boundary,R04 processed after local boundary review.,R04,no-for-r04-v001
S-142,142,2edb2fb20ca91fb02d07c6e9c5b213720fff517b,2edb2fb20c,7548.791,18855.041,926.0,482.0,0.0,1,R04-changetracker-events-tracking-tracked-state,P03-R03R04-trackgraph-member-api-and-events,"ChangeTracker events: Tracking vs Tracked, state during events, query/materialization hooks, event examples.",L-101:  | L-100: what is state in tracking and tracked event | L-099: fromquery | L-098: tracking vs tracked | L-097: changetracker event,processed-in-r04-v001,yes-for-r04-v001-boundary,R04 processed after local boundary review.,R04,no-for-r04-v001
S-143,143,10ba43a5841e03bf49b7d9c31824d0d929fa9cbd,10ba43a584,7541.904,19324.864,620.0,276.0,0.0,1,R04-changetracker-events-tracking-tracked-state,P03-R03R04-trackgraph-member-api-and-events,"ChangeTracker events: Tracking vs Tracked, state during events, query/materialization hooks, event examples.",L-101:  | L-100: what is state in tracking and tracked event | L-099: fromquery | L-098: tracking vs tracked | L-097: changetracker event,processed-in-r04-v001,yes-for-r04-v001-boundary,R04 processed after local boundary review.,R04,no-for-r04-v001
S-144,144,24c2d28e3c8738b758ecd4362dd308135ed7f008,24c2d28e3c,7548.07,19600.041,944.0,482.0,0.0,1,R04-changetracker-events-tracking-tracked-state,P03-R03R04-trackgraph-member-api-and-events,"ChangeTracker events: Tracking vs Tracked, state during events, query/materialization hooks, event examples.",L-101:  | L-100: what is state in tracking and tracked event | L-099: fromquery | L-098: tracking vs tracked | L-097: changetracker event,processed-in-r04-v001,yes-for-r04-v001-boundary,R04 processed after local boundary review.,R04,no-for-r04-v001
S-145,145,1fad3979facb3b2331ec2ccf1da56a7d4aad74bd,1fad3979fa,7543.141,20102.969,836.0,401.0,0.0,1,R04-changetracker-events-tracking-tracked-state,P03-R03R04-trackgraph-member-api-and-events,"ChangeTracker events: Tracking vs Tracked, state during events, query/materialization hooks, event examples.",L-101:  | L-100: what is state in tracking and tracked event | L-099: fromquery | L-098: tracking vs tracked | L-097: changetracker event,processed-in-r04-v001,yes-for-r04-v001-boundary,R04 processed after local boundary review.,R04,no-for-r04-v001
S-146,146,0895474603c04d4915567e2f5adc2f03ce70f4e0,0895474603,7543.634,20536.747,770.0,401.0,0.0,1,R04-changetracker-events-tracking-tracked-state,P03-R03R04-trackgraph-member-api-and-events,"ChangeTracker events: Tracking vs Tracked, state during events, query/materialization hooks, event examples.",L-101:  | L-100: what is state in tracking and tracked event | L-099: fromquery | L-098: tracking vs tracked | L-097: changetracker event,processed-in-r04-v001,yes-for-r04-v001-boundary,R04 processed after local boundary review.,R04,no-for-r04-v001
S-147,147,3f3c14b4f45449dd336682721cea2506ad9f2781,3f3c14b4f4,7538.611,20964.08,1018.0,352.0,0.0,1,R04-changetracker-events-tracking-tracked-state,P03-R03R04-trackgraph-member-api-and-events,"ChangeTracker events: Tracking vs Tracked, state during events, query/materialization hooks, event examples.",L-101:  | L-100: what is state in tracking and tracked event | L-099: fromquery | L-098: tracking vs tracked | L-097: changetracker event,processed-in-r04-v001,yes-for-r04-v001-boundary,R04 processed after local boundary review.,R04,no-for-r04-v001
S-148,148,46d027ce52ee5744ae99ddacad3aeb55ffe60e05,46d027ce52,7534.278,21320.525,1048.0,336.0,0.0,1,R04-changetracker-events-tracking-tracked-state,P03-R03R04-trackgraph-member-api-and-events,"ChangeTracker events: Tracking vs Tracked, state during events, query/materialization hooks, event examples.",L-101:  | L-100: what is state in tracking and tracked event | L-099: fromquery | L-098: tracking vs tracked | L-097: changetracker event,processed-in-r04-v001,yes-for-r04-v001-boundary,R04 processed after local boundary review.,R04,no-for-r04-v001
S-149,149,d32c603159954dd253ef1000119f67bb5a1f662b,d32c603159,7541.059,21675.445,827.0,430.0,0.0,1,R04-changetracker-events-tracking-tracked-state,P03-R03R04-trackgraph-member-api-and-events,"ChangeTracker events: Tracking vs Tracked, state during events, query/materialization hooks, event examples.",L-101:  | L-100: what is state in tracking and tracked event | L-099: fromquery | L-098: tracking vs tracked | L-097: changetracker event,processed-in-r04-v001,yes-for-r04-v001-boundary,R04 processed after local boundary review.,R04,no-for-r04-v001
S-150,150,7b9cf9ac71053d6d37f446b98cd773501143a844,7b9cf9ac71,6298.834,16831.346,1062.0,290.0,0.0,1,R04-changetracker-events-tracking-tracked-state,P03-R03R04-trackgraph-member-api-and-events,"ChangeTracker events: Tracking vs Tracked, state during events, query/materialization hooks, event examples.",L-101:  | L-100: what is state in tracking and tracked event | L-099: fromquery | L-098: tracking vs tracked | L-097: changetracker event,processed-in-r04-v001,yes-for-r04-v001-boundary,R04 processed after local boundary review.,R04,no-for-r04-v001
S-151,151,4e051d6b6e00a860a1a3a850ab22aff460b53855,4e051d6b6e,6223.392,17129.129,1067.0,482.0,0.0,1,R04-changetracker-events-tracking-tracked-state,P03-R03R04-trackgraph-member-api-and-events,"ChangeTracker events: Tracking vs Tracked, state during events, query/materialization hooks, event examples.",L-101:  | L-100: what is state in tracking and tracked event | L-099: fromquery | L-098: tracking vs tracked | L-097: changetracker event,processed-in-r04-v001,yes-for-r04-v001-boundary,R04 processed after local boundary review.,R04,no-for-r04-v001
S-152,152,b3ba581b5ba3bf05b254df8b0a26e74367b61489,b3ba581b5b,6061.419,17783.476,1011.0,186.0,0.0,1,R04-changetracker-events-tracking-tracked-state,P03-R03R04-trackgraph-member-api-and-events,"ChangeTracker events: Tracking vs Tracked, state during events, query/materialization hooks, event examples.",L-101:  | L-100: what is state in tracking and tracked event | L-099: fromquery | L-098: tracking vs tracked | L-097: changetracker event,processed-in-r04-v001,yes-for-r04-v001-boundary,R04 processed after local boundary review.,R04,no-for-r04-v001
S-153,153,68c78c527e33c2147356ffd03b4fe1df874c470a,68c78c527e,6040.456,18001.381,1007.0,482.0,0.0,1,R04-changetracker-events-tracking-tracked-state,P03-R03R04-trackgraph-member-api-and-events,"ChangeTracker events: Tracking vs Tracked, state during events, query/materialization hooks, event examples.",L-101:  | L-100: what is state in tracking and tracked event | L-099: fromquery | L-098: tracking vs tracked | L-097: changetracker event,processed-in-r04-v001,yes-for-r04-v001-boundary,R04 processed after local boundary review.,R04,no-for-r04-v001
S-154,154,d76afcbf698efc9fa49dbbe617765bb7448df57c,d76afcbf69,6048.395,18497.138,819.0,482.0,0.0,1,R04-changetracker-events-tracking-tracked-state,P03-R03R04-trackgraph-member-api-and-events,"ChangeTracker events: Tracking vs Tracked, state during events, query/materialization hooks, event examples.",L-101:  | L-100: what is state in tracking and tracked event | L-099: fromquery | L-098: tracking vs tracked | L-097: changetracker event,processed-in-r04-v001,yes-for-r04-v001-boundary,R04 processed after local boundary review.,R04,no-for-r04-v001
S-155,155,9fb893c6a379e0b62baa17930213e74c5df8dc03,9fb893c6a3,6029.223,18989.259,753.0,482.0,0.0,1,R04-changetracker-events-tracking-tracked-state,P03-R03R04-trackgraph-member-api-and-events,"ChangeTracker events: Tracking vs Tracked, state during events, query/materialization hooks, event examples.",L-101:  | L-100: what is state in tracking and tracked event | L-099: fromquery | L-098: tracking vs tracked | L-097: changetracker event,processed-in-r04-v001,yes-for-r04-v001-boundary,R04 processed after local boundary review.,R04,no-for-r04-v001
S-156,156,374148929c840e354c678a99a145cc1fa232e2f5,374148929c,473.07,7390.414,1132.0,242.0,0.0,1,R01-changetracker-core-methods-detection-cascade-debugview,P01-R01-changetracker-core-methods-detection-cascade-debugview,"ChangeTracker itself: HasChanges, DetectChanges, Clear, AutoDetectChangesEnabled, QueryTrackingBehavior, cascade/delete timings, AcceptAllChanges, DebugView.",L-109: modify state of children | L-108: without cascadechanges to | L-107: can we jsut detectchanges | L-062: cascadedeletetiming | L-064: lazyloadingenabled,processed-in-r01-v001,yes-for-r01-v001-boundary,R01 processed after local boundary review.,R01,no-for-r01-v001
S-157,157,4c87d5eb81ce9c70d62f86f5c6756d4c70c1713a,4c87d5eb81,444.06,7649.719,1193.0,243.0,0.0,1,R01-changetracker-core-methods-detection-cascade-debugview,P01-R01-changetracker-core-methods-detection-cascade-debugview,"ChangeTracker itself: HasChanges, DetectChanges, Clear, AutoDetectChangesEnabled, QueryTrackingBehavior, cascade/delete timings, AcceptAllChanges, DebugView.",L-109: modify state of children | L-108: without cascadechanges to | L-107: can we jsut detectchanges | L-064: lazyloadingenabled | L-062: cascadedeletetiming,processed-in-r01-v001,yes-for-r01-v001-boundary,R01 processed after local boundary review.,R01,no-for-r01-v001
S-158,158,dfe0f66159465dbb99fead492dca8a132b435dd3,dfe0f66159,627.034,5863.63,939.0,428.0,0.0,1,R01-changetracker-core-methods-detection-cascade-debugview,P01-R01-changetracker-core-methods-detection-cascade-debugview,"ChangeTracker itself: HasChanges, DetectChanges, Clear, AutoDetectChangesEnabled, QueryTrackingBehavior, cascade/delete timings, AcceptAllChanges, DebugView.",L-106: delete timings | L-105: options of | L-034: because we alreadyt have state | L-058: and cascadechanges() | L-033: so we can avoid second detection,processed-in-r01-v001,yes-for-r01-v001-boundary,R01 processed after local boundary review.,R01,no-for-r01-v001
S-159,159,e1d0b495680721a1563c022ae9e8233071503c02,e1d0b49568,611.034,6306.892,891.0,391.0,0.0,1,R01-changetracker-core-methods-detection-cascade-debugview,P01-R01-changetracker-core-methods-detection-cascade-debugview,"ChangeTracker itself: HasChanges, DetectChanges, Clear, AutoDetectChangesEnabled, QueryTrackingBehavior, cascade/delete timings, AcceptAllChanges, DebugView.",L-106: delete timings | L-107: can we jsut detectchanges | L-105: options of | L-108: without cascadechanges to | L-109: modify state of children,processed-in-r01-v001,yes-for-r01-v001-boundary,R01 processed after local boundary review.,R01,no-for-r01-v001
S-160,160,097dfe43f593ff4264402f5f512086603e7a6fb7,097dfe43f5,589.677,6714.082,968.0,449.0,0.0,1,R01-changetracker-core-methods-detection-cascade-debugview,P01-R01-changetracker-core-methods-detection-cascade-debugview,"ChangeTracker itself: HasChanges, DetectChanges, Clear, AutoDetectChangesEnabled, QueryTrackingBehavior, cascade/delete timings, AcceptAllChanges, DebugView.",L-107: can we jsut detectchanges | L-108: without cascadechanges to | L-109: modify state of children | L-062: cascadedeletetiming | L-106: delete timings,processed-in-r01-v001,yes-for-r01-v001-boundary,R01 processed after local boundary review.,R01,no-for-r01-v001
S-161,161,4cd8371579deb26afb0534d69dcdb3e8553be900,4cd8371579,11065.948,10010.206,727.0,341.0,0.0,1,R02-entityentry-properties-methods-query-and-values,P02-R02-entityentry-properties-methods-query-and-values,"EntityEntry: State, Entity, Metadata, CurrentValues/OriginalValues, IsKeySet, Context, Entry.Query, navigations/references/collections/properties, Reload/GetDatabaseValues examples.",L-111: another requirest | L-110: will get row version + some fields that was set from | L-113: sets current values to orig values | L-112: savechanges also | L-093: what and why metadata,processed-in-r02-v001,yes-for-r02-v001-boundary,R02 processed after local boundary review.,R02,no-for-r02-v001
S-162,162,2e2d51d95b61fb8d55c0fb8ed825b8c28e637008,2e2d51d95b,11086.772,9679.539,712.0,341.0,0.0,1,R02-entityentry-properties-methods-query-and-values,P02-R02-entityentry-properties-methods-query-and-values,"EntityEntry: State, Entity, Metadata, CurrentValues/OriginalValues, IsKeySet, Context, Entry.Query, navigations/references/collections/properties, Reload/GetDatabaseValues examples.",L-113: sets current values to orig values | L-111: another requirest | L-110: will get row version + some fields that was set from | L-112: savechanges also | L-093: what and why metadata,processed-in-r02-v001,yes-for-r02-v001-boundary,R02 processed after local boundary review.,R02,no-for-r02-v001
S-163,163,f2e7c93b5cf5335f1e19b8888f30897c25d46d00,f2e7c93b5c,9732.738,10562.143,934.0,428.0,0.0,1,R02-entityentry-properties-methods-query-and-values,P02-R02-entityentry-properties-methods-query-and-values,"EntityEntry: State, Entity, Metadata, CurrentValues/OriginalValues, IsKeySet, Context, Entry.Query, navigations/references/collections/properties, Reload/GetDatabaseValues examples.",L-111: another requirest | L-110: will get row version + some fields that was set from | L-113: sets current values to orig values | L-112: savechanges also | L-074: reference,processed-in-r02-v001,yes-for-r02-v001-boundary,R02 processed after local boundary review.,R02,no-for-r02-v001
S-164,164,8267fab7afe3e8085ccd27eefa6d1f015fb78f82,8267fab7af,9809.238,9805.143,973.0,478.0,0.0,1,R02-entityentry-properties-methods-query-and-values,P02-R02-entityentry-properties-methods-query-and-values,"EntityEntry: State, Entity, Metadata, CurrentValues/OriginalValues, IsKeySet, Context, Entry.Query, navigations/references/collections/properties, Reload/GetDatabaseValues examples.",L-111: another requirest | L-110: will get row version + some fields that was set from | L-113: sets current values to orig values | L-112: savechanges also | L-085: debugview,processed-in-r02-v001,yes-for-r02-v001-boundary,R02 processed after local boundary review.,R02,no-for-r02-v001
