new_use_id,new_image_id,fileId,x,y,x_center,y_center,width,height,asset_path,nearest_label_ids,nearest_labels_for_search_only,repair_batch,status
NU-001,NIMG-115,9d4a455012eff14657aed945c9fae193bdfd025f,15821.22568997913,13855.00371606701,16176.72568997913,14025.50371606701,711.0,341.0,assets/source-images-added-v002/NIMG-115__9d4a455012.png,L2-119 | L2-050 | L2-051 | L2-122 | L2-049,"L2-119: place to catch codes | L2-050: pos concurrency automatic, | not user view driven | retry logic | L2-051: have  entries in | dbupdateconcurex | can getdatabasevalues | with etag | and then update how you needed | L2-122: setting orig values | ef will detect changes based | on the fact that | orig values are the values | in db | so if they are not changed | then unmodified | L2-049: retry exception",RB03-middle,pending-verified-transcript-after-source-repair
NU-002,NIMG-028,2e2d51d95b61fb8d55c0fb8ed825b8c28e637008,15846.737092612731,14233.084389022233,16202.737092612731,14403.584389022233,712.0,341.0,assets/source-images-added-v002/NIMG-028__2e2d51d95b.png,L2-119 | L2-122 | L2-051 | L2-049 | L2-050,"L2-119: place to catch codes | L2-122: setting orig values | ef will detect changes based | on the fact that | orig values are the values | in db | so if they are not changed | then unmodified | L2-051: have  entries in | dbupdateconcurex | can getdatabasevalues | with etag | and then update how you needed | L2-049: retry exception | L2-050: pos concurrency automatic, | not user view driven | retry logic",RB03-middle,pending-verified-transcript-after-source-repair
NU-003,NIMG-054,4cd8371579deb26afb0534d69dcdb3e8553be900,15830.766497586837,14575.219680121105,16194.266497586837,14745.719680121105,727.0,341.0,assets/source-images-added-v002/NIMG-054__4cd8371579.png,L2-119 | L2-122 | L2-052 | L2-051 | L2-049,L2-119: place to catch codes | L2-122: setting orig values | ef will detect changes based | on the fact that | orig values are the values | in db | so if they are not changed | then unmodified | L2-052: !!!! | L2-051: have  entries in | dbupdateconcurex | can getdatabasevalues | with etag | and then update how you needed | L2-049: retry exception,RB03-middle,pending-verified-transcript-after-source-repair
NU-004,NIMG-007,0d177ffd07147af7d35f411413d5ee02822e0ea7,15824.376954888854,14927.594675312392,16269.376954888854,15052.094675312392,890.0,249.0,assets/source-images-added-v002/NIMG-007__0d177ffd07.png,L2-052 | L2-122 | L2-119 | L2-053 | L2-049,L2-052: !!!! | L2-122: setting orig values | ef will detect changes based | on the fact that | orig values are the values | in db | so if they are not changed | then unmodified | L2-119: place to catch codes | L2-053: !!!! | L2-049: retry exception,RB03-middle,pending-verified-transcript-after-source-repair
NU-005,NIMG-182,f367e6bcc82f14862f2cdb78ca47b669e18b51b8,15833.421615923095,15336.12845389268,16254.421615923095,15401.12845389268,842.0,130.0,assets/source-images-added-v002/NIMG-182__f367e6bcc8.png,L2-052 | L2-053 | L2-054 | L2-122 | L2-047,L2-052: !!!! | L2-053: !!!! | L2-054: !!!! | L2-122: setting orig values | ef will detect changes based | on the fact that | orig values are the values | in db | so if they are not changed | then unmodified | L2-047: can we have exhaust check?,RB04-lower-middle,pending-verified-transcript-after-source-repair
NU-006,NIMG-099,877655b6a177556a35046276fee9bbae7e74eada,15767.51759265963,15609.174012981342,16235.51759265963,15652.174012981342,936.0,86.0,assets/source-images-added-v002/NIMG-099__877655b6a1.png,L2-053 | L2-052 | L2-054 | L2-047 | L2-122,L2-053: !!!! | L2-052: !!!! | L2-054: !!!! | L2-047: can we have exhaust check? | L2-122: setting orig values | ef will detect changes based | on the fact that | orig values are the values | in db | so if they are not changed | then unmodified,RB04-lower-middle,pending-verified-transcript-after-source-repair
NU-007,NIMG-041,3ca00b42d1139d34a32caaf1a63434244730e4bd,15759.943655954876,15782.960793603363,16226.443655954876,15871.460793603363,933.0,177.0,assets/source-images-added-v002/NIMG-041__3ca00b42d1.png,L2-054 | L2-053 | L2-052 | L2-047 | L2-122,L2-054: !!!! | L2-053: !!!! | L2-052: !!!! | L2-047: can we have exhaust check? | L2-122: setting orig values | ef will detect changes based | on the fact that | orig values are the values | in db | so if they are not changed | then unmodified,RB04-lower-middle,pending-verified-transcript-after-source-repair
NU-008,NIMG-051,4a2c92a25d549d3c2623a2ad97e74cc90359c2a1,22249.857164038556,6379.22865571549,22747.857164038556,6619.72865571549,996.0,481.0,assets/source-images-added-v002/NIMG-051__4a2c92a25d.png,L2-056 | L2-055 | L2-066 | L2-063 | L2-057,"L2-056: executeasync without transaction | when just need to retry with some app | logic like get current time | L2-055: Executeasync | L2-066: IMPLEMENTATION | L2-063: CAN WE JUST WRAP THE SAVECHANGES(FALSE) AND RETRY THE PROBLEMATIC | PARTS WITHOUT CLEARING MODIFIED STATES? | SO WHEN WE CANT DO EVERYTHING OUTSIDE OF RETRY, | WE CANT JUST USE SAV | L2-057: !!! executeasync without transaction is possible when we dont have multiple | writes and the state that we need to rollback",RB02-upper-middle,pending-verified-transcript-after-source-repair
NU-009,NIMG-183,f3edcfaf7e1519eb1c2b542c712bcde7bb95447c,22166.272632710134,7182.20364623536,22642.772632710134,7278.70364623536,953.0,193.0,assets/source-images-added-v002/NIMG-183__f3edcfaf7e.png,L2-056 | L2-057 | L2-055 | L2-066 | L2-063,"L2-056: executeasync without transaction | when just need to retry with some app | logic like get current time | L2-057: !!! executeasync without transaction is possible when we dont have multiple | writes and the state that we need to rollback | L2-055: Executeasync | L2-066: IMPLEMENTATION | L2-063: CAN WE JUST WRAP THE SAVECHANGES(FALSE) AND RETRY THE PROBLEMATIC | PARTS WITHOUT CLEARING MODIFIED STATES? | SO WHEN WE CANT DO EVERYTHING OUTSIDE OF RETRY, | WE CANT JUST USE SAV",RB02-upper-middle,pending-verified-transcript-after-source-repair
NU-010,NIMG-049,4623b891f0a16f93e0637db61166317eab844d0e,22173.330233255467,7370.880729568696,22678.330233255467,7611.880729568696,1010.0,482.0,assets/source-images-added-v002/NIMG-049__4623b891f0.png,L2-057 | L2-056 | L2-066 | L2-055 | L2-063,"L2-057: !!! executeasync without transaction is possible when we dont have multiple | writes and the state that we need to rollback | L2-056: executeasync without transaction | when just need to retry with some app | logic like get current time | L2-066: IMPLEMENTATION | L2-055: Executeasync | L2-063: CAN WE JUST WRAP THE SAVECHANGES(FALSE) AND RETRY THE PROBLEMATIC | PARTS WITHOUT CLEARING MODIFIED STATES? | SO WHEN WE CANT DO EVERYTHING OUTSIDE OF RETRY, | WE CANT JUST USE SAV",RB02-upper-middle,pending-verified-transcript-after-source-repair
NU-011,NIMG-191,fe1486e91e35a886fbe7450149b6e9e053004cac,22140.494719298677,7885.499965137274,22664.994719298677,7974.999965137274,1049.0,179.0,assets/source-images-added-v002/NIMG-191__fe1486e91e.png,L2-057 | L2-056 | L2-066 | L2-055 | L2-065,L2-057: !!! executeasync without transaction is possible when we dont have multiple | writes and the state that we need to rollback | L2-056: executeasync without transaction | when just need to retry with some app | logic like get current time | L2-066: IMPLEMENTATION | L2-055: Executeasync | L2-065: why not just retry delegate because | we accepted changes after save changes,RB02-upper-middle,pending-verified-transcript-after-source-repair
NU-012,NIMG-167,d550926c13cf8102ecd2b49bb3ce64e0cac389c9,22129.890847896102,8257.453040057142,22632.390847896102,8342.453040057142,1005.0,170.0,assets/source-images-added-v002/NIMG-167__d550926c13.png,L2-057 | L2-056 | L2-066 | L2-055 | L2-065,L2-057: !!! executeasync without transaction is possible when we dont have multiple | writes and the state that we need to rollback | L2-056: executeasync without transaction | when just need to retry with some app | logic like get current time | L2-066: IMPLEMENTATION | L2-055: Executeasync | L2-065: why not just retry delegate because | we accepted changes after save changes,RB02-upper-middle,pending-verified-transcript-after-source-repair
NU-013,NIMG-008,0fb94e67d26d805b17cb414b783b58a021cdc8ed,22134.68769301875,8486.553723842964,22616.68769301875,8699.053723842964,964.0,425.0,assets/source-images-added-v002/NIMG-008__0fb94e67d2.png,L2-057 | L2-056 | L2-065 | L2-066 | L2-058,L2-057: !!! executeasync without transaction is possible when we dont have multiple | writes and the state that we need to rollback | L2-056: executeasync without transaction | when just need to retry with some app | logic like get current time | L2-065: why not just retry delegate because | we accepted changes after save changes | L2-066: IMPLEMENTATION | L2-058: IF THERE IS NO LOGIC | AFTER WE CATCH AND ROLLBACK | SO WE DONT STRICTLY NEED | MANUAL ROLLBACK | BECAUSE WITH USING | THERE WILL BE A ROLLBACK | ON DISPOSAL,RB02-upper-middle,pending-verified-transcript-after-source-repair
NU-014,NIMG-109,931e9dbc593f52b100ed575a4ca580761dca02e4,20840.227141631978,6729.280022900314,21266.727141631978,6830.280022900314,853.0,202.0,assets/source-images-added-v002/NIMG-109__931e9dbc59.png,L2-058 | L2-062 | L2-056 | L2-055 | L2-057,L2-058: IF THERE IS NO LOGIC | AFTER WE CATCH AND ROLLBACK | SO WE DONT STRICTLY NEED | MANUAL ROLLBACK | BECAUSE WITH USING | THERE WILL BE A ROLLBACK | ON DISPOSAL | L2-062: PLAIN TRANSACTION WITH | BEGINTRANSACTION | L2-056: executeasync without transaction | when just need to retry with some app | logic like get current time | L2-055: Executeasync | L2-057: !!! executeasync without transaction is possible when we dont have multiple | writes and the state that we need to rollback,RB02-upper-middle,pending-verified-transcript-after-source-repair
NU-015,NIMG-034,348a9ce611afb7ef5891271295ef2db92af3507f,20846.004800730283,6952.446638704353,21289.504800730283,7181.946638704353,887.0,459.0,assets/source-images-added-v002/NIMG-034__348a9ce611.png,L2-058 | L2-056 | L2-062 | L2-057 | L2-055,L2-058: IF THERE IS NO LOGIC | AFTER WE CATCH AND ROLLBACK | SO WE DONT STRICTLY NEED | MANUAL ROLLBACK | BECAUSE WITH USING | THERE WILL BE A ROLLBACK | ON DISPOSAL | L2-056: executeasync without transaction | when just need to retry with some app | logic like get current time | L2-062: PLAIN TRANSACTION WITH | BEGINTRANSACTION | L2-057: !!! executeasync without transaction is possible when we dont have multiple | writes and the state that we need to rollback | L2-055: Executeasync,RB02-upper-middle,pending-verified-transcript-after-source-repair
NU-016,NIMG-090,7eb8d340a090b9af9f503af2e1be6e230aedc12f,20867.338235788877,7415.7799974690015,21242.838235788877,7560.2799974690015,751.0,289.0,assets/source-images-added-v002/NIMG-090__7eb8d340a0.png,L2-058 | L2-057 | L2-056 | L2-062 | L2-055,L2-058: IF THERE IS NO LOGIC | AFTER WE CATCH AND ROLLBACK | SO WE DONT STRICTLY NEED | MANUAL ROLLBACK | BECAUSE WITH USING | THERE WILL BE A ROLLBACK | ON DISPOSAL | L2-057: !!! executeasync without transaction is possible when we dont have multiple | writes and the state that we need to rollback | L2-056: executeasync without transaction | when just need to retry with some app | logic like get current time | L2-062: PLAIN TRANSACTION WITH | BEGINTRANSACTION | L2-055: Executeasync,RB02-upper-middle,pending-verified-transcript-after-source-repair
NU-017,NIMG-192,ff7e8e9193daf574380ea265ef9628049f83c9ec,20817.504800730283,7713.279921175056,21269.504800730283,7945.279921175056,904.0,464.0,assets/source-images-added-v002/NIMG-192__ff7e8e9193.png,L2-057 | L2-058 | L2-056 | L2-062 | L2-055,L2-057: !!! executeasync without transaction is possible when we dont have multiple | writes and the state that we need to rollback | L2-058: IF THERE IS NO LOGIC | AFTER WE CATCH AND ROLLBACK | SO WE DONT STRICTLY NEED | MANUAL ROLLBACK | BECAUSE WITH USING | THERE WILL BE A ROLLBACK | ON DISPOSAL | L2-056: executeasync without transaction | when just need to retry with some app | logic like get current time | L2-062: PLAIN TRANSACTION WITH | BEGINTRANSACTION | L2-055: Executeasync,RB02-upper-middle,pending-verified-transcript-after-source-repair
NU-018,NIMG-155,c71d585f1cb0b6a3192e6b0f06d74ab5d2f0ee07,20758.838083200986,8190.11335623365,21242.838083200986,8288.61335623365,968.0,197.0,assets/source-images-added-v002/NIMG-155__c71d585f1c.png,L2-057 | L2-058 | L2-056 | L2-062 | L2-067,L2-057: !!! executeasync without transaction is possible when we dont have multiple | writes and the state that we need to rollback | L2-058: IF THERE IS NO LOGIC | AFTER WE CATCH AND ROLLBACK | SO WE DONT STRICTLY NEED | MANUAL ROLLBACK | BECAUSE WITH USING | THERE WILL BE A ROLLBACK | ON DISPOSAL | L2-056: executeasync without transaction | when just need to retry with some app | logic like get current time | L2-062: PLAIN TRANSACTION WITH | BEGINTRANSACTION | L2-067: DO I NEED TO DISPOSE | EXECUTION STRATEGY?,RB02-upper-middle,pending-verified-transcript-after-source-repair
NU-019,NIMG-082,6ed006ed5230961f402c030fb2d40379a2ce465a,23683.83346879217,6707.933609664981,24173.33346879217,6881.433609664981,979.0,347.0,assets/source-images-added-v002/NIMG-082__6ed006ed52.png,L2-066 | L2-064 | L2-063 | L2-061 | L2-065,"L2-066: IMPLEMENTATION | L2-064: PROBLEMS WITH REUSING SAME DBCONTEXT | L2-063: CAN WE JUST WRAP THE SAVECHANGES(FALSE) AND RETRY THE PROBLEMATIC | PARTS WITHOUT CLEARING MODIFIED STATES? | SO WHEN WE CANT DO EVERYTHING OUTSIDE OF RETRY, | WE CANT JUST USE SAV | L2-061: EXECUTEASYNC | WITH NEW CONTEXT | PER RETRY PATTERN | L2-065: why not just retry delegate because | we accepted changes after save changes",RB02-upper-middle,pending-verified-transcript-after-source-repair
NU-020,NIMG-121,a44192fc9c50c9153cd49cf9f56712039bfe0e14,23724.167056438655,7076.100174606388,24171.667056438655,7303.100174606388,895.0,454.0,assets/source-images-added-v002/NIMG-121__a44192fc9c.png,L2-066 | L2-064 | L2-063 | L2-065 | L2-061,"L2-066: IMPLEMENTATION | L2-064: PROBLEMS WITH REUSING SAME DBCONTEXT | L2-063: CAN WE JUST WRAP THE SAVECHANGES(FALSE) AND RETRY THE PROBLEMATIC | PARTS WITHOUT CLEARING MODIFIED STATES? | SO WHEN WE CANT DO EVERYTHING OUTSIDE OF RETRY, | WE CANT JUST USE SAV | L2-065: why not just retry delegate because | we accepted changes after save changes | L2-061: EXECUTEASYNC | WITH NEW CONTEXT | PER RETRY PATTERN",RB02-upper-middle,pending-verified-transcript-after-source-repair
NU-021,NIMG-170,d9734d27aa74a06e820c034bf5f22b9aff86375c,23753.667056438655,7542.76696842963,24161.667056438655,7679.76696842963,816.0,274.0,assets/source-images-added-v002/NIMG-170__d9734d27aa.png,L2-065 | L2-066 | L2-064 | L2-063 | L2-061,"L2-065: why not just retry delegate because | we accepted changes after save changes | L2-066: IMPLEMENTATION | L2-064: PROBLEMS WITH REUSING SAME DBCONTEXT | L2-063: CAN WE JUST WRAP THE SAVECHANGES(FALSE) AND RETRY THE PROBLEMATIC | PARTS WITHOUT CLEARING MODIFIED STATES? | SO WHEN WE CANT DO EVERYTHING OUTSIDE OF RETRY, | WE CANT JUST USE SAV | L2-061: EXECUTEASYNC | WITH NEW CONTEXT | PER RETRY PATTERN",RB02-upper-middle,pending-verified-transcript-after-source-repair
NU-022,NIMG-062,537f6d09ce654a79764ee0fc9e0e211a9f0f51c4,23753.33346879217,7816.933685958927,24173.33346879217,8031.433685958927,840.0,429.0,assets/source-images-added-v002/NIMG-062__537f6d09ce.png,L2-065 | L2-066 | L2-064 | L2-063 | L2-057,"L2-065: why not just retry delegate because | we accepted changes after save changes | L2-066: IMPLEMENTATION | L2-064: PROBLEMS WITH REUSING SAME DBCONTEXT | L2-063: CAN WE JUST WRAP THE SAVECHANGES(FALSE) AND RETRY THE PROBLEMATIC | PARTS WITHOUT CLEARING MODIFIED STATES? | SO WHEN WE CANT DO EVERYTHING OUTSIDE OF RETRY, | WE CANT JUST USE SAV | L2-057: !!! executeasync without transaction is possible when we dont have multiple | writes and the state that we need to rollback",RB02-upper-middle,pending-verified-transcript-after-source-repair
NU-023,NIMG-070,61128fcc375b1750a8f5dbe4ebacc1ff40bb9ae5,23757.50049149725,8252.76696842963,24235.00049149725,8319.76696842963,955.0,134.0,assets/source-images-added-v002/NIMG-070__61128fcc37.png,L2-065 | L2-066 | L2-064 | L2-057 | L2-063,"L2-065: why not just retry delegate because | we accepted changes after save changes | L2-066: IMPLEMENTATION | L2-064: PROBLEMS WITH REUSING SAME DBCONTEXT | L2-057: !!! executeasync without transaction is possible when we dont have multiple | writes and the state that we need to rollback | L2-063: CAN WE JUST WRAP THE SAVECHANGES(FALSE) AND RETRY THE PROBLEMATIC | PARTS WITHOUT CLEARING MODIFIED STATES? | SO WHEN WE CANT DO EVERYTHING OUTSIDE OF RETRY, | WE CANT JUST USE SAV",RB02-upper-middle,pending-verified-transcript-after-source-repair
NU-024,NIMG-014,1c28ee08dd405e859b092cfe7b3089274ed7babd,26255.45486051243,6349.087387030503,26737.95486051243,6471.587387030503,965.0,245.0,assets/source-images-added-v002/NIMG-014__1c28ee08dd.png,L2-068 | L2-060 | L2-064 | L2-063 | L2-065,"L2-068: normal executeasync will retry when it see ambiguous outcome | so if operation is not idempotent it may be dangerous | L2-060: EXECUTEINTRANSACTIONASYNC | L2-064: PROBLEMS WITH REUSING SAME DBCONTEXT | L2-063: CAN WE JUST WRAP THE SAVECHANGES(FALSE) AND RETRY THE PROBLEMATIC | PARTS WITHOUT CLEARING MODIFIED STATES? | SO WHEN WE CANT DO EVERYTHING OUTSIDE OF RETRY, | WE CANT JUST USE SAV | L2-065: why not just retry delegate because | we accepted changes after save changes",RB02-upper-middle,pending-verified-transcript-after-source-repair
NU-025,NIMG-060,52983015a0c68b1f228be0fa43acc6f9e68b1040,26262.62136441868,6614.920638983628,26652.62136441868,6788.920638983628,780.0,348.0,assets/source-images-added-v002/NIMG-060__52983015a0.png,L2-068 | L2-060 | L2-064 | L2-065 | L2-063,"L2-068: normal executeasync will retry when it see ambiguous outcome | so if operation is not idempotent it may be dangerous | L2-060: EXECUTEINTRANSACTIONASYNC | L2-064: PROBLEMS WITH REUSING SAME DBCONTEXT | L2-065: why not just retry delegate because | we accepted changes after save changes | L2-063: CAN WE JUST WRAP THE SAVECHANGES(FALSE) AND RETRY THE PROBLEMATIC | PARTS WITHOUT CLEARING MODIFIED STATES? | SO WHEN WE CANT DO EVERYTHING OUTSIDE OF RETRY, | WE CANT JUST USE SAV",RB02-upper-middle,pending-verified-transcript-after-source-repair
NU-026,NIMG-154,c615edd7e496b935a5b1764b9ac2e8d7d7d14984,26259.78786832493,6964.494742445,26679.28786832493,7154.994742445,839.0,381.0,assets/source-images-added-v002/NIMG-154__c615edd7e4.png,L2-068 | L2-060 | L2-064 | L2-065 | L2-063,"L2-068: normal executeasync will retry when it see ambiguous outcome | so if operation is not idempotent it may be dangerous | L2-060: EXECUTEINTRANSACTIONASYNC | L2-064: PROBLEMS WITH REUSING SAME DBCONTEXT | L2-065: why not just retry delegate because | we accepted changes after save changes | L2-063: CAN WE JUST WRAP THE SAVECHANGES(FALSE) AND RETRY THE PROBLEMATIC | PARTS WITHOUT CLEARING MODIFIED STATES? | SO WHEN WE CANT DO EVERYTHING OUTSIDE OF RETRY, | WE CANT JUST USE SAV",RB02-upper-middle,pending-verified-transcript-after-source-repair
NU-027,NIMG-080,6d8a2eabcb60d4c24d13d055afd578f8c003fc6f,26259.12136441868,7376.754068955964,26732.62136441868,7513.254068955964,947.0,273.0,assets/source-images-added-v002/NIMG-080__6d8a2eabcb.png,L2-068 | L2-060 | L2-065 | L2-064 | L2-063,"L2-068: normal executeasync will retry when it see ambiguous outcome | so if operation is not idempotent it may be dangerous | L2-060: EXECUTEINTRANSACTIONASYNC | L2-065: why not just retry delegate because | we accepted changes after save changes | L2-064: PROBLEMS WITH REUSING SAME DBCONTEXT | L2-063: CAN WE JUST WRAP THE SAVECHANGES(FALSE) AND RETRY THE PROBLEMATIC | PARTS WITHOUT CLEARING MODIFIED STATES? | SO WHEN WE CANT DO EVERYTHING OUTSIDE OF RETRY, | WE CANT JUST USE SAV",RB02-upper-middle,pending-verified-transcript-after-source-repair
NU-028,NIMG-157,c9a33930dc60eebe73f5e1f75a6bf65a6c5a99c1,19377.653257034217,7434.306828798307,19860.153257034217,7629.306828798307,965.0,390.0,assets/source-images-added-v002/NIMG-157__c9a33930dc.png,L2-058 | L2-059 | L2-062 | L2-067 | L2-057,L2-058: IF THERE IS NO LOGIC | AFTER WE CATCH AND ROLLBACK | SO WE DONT STRICTLY NEED | MANUAL ROLLBACK | BECAUSE WITH USING | THERE WILL BE A ROLLBACK | ON DISPOSAL | L2-059: ABOUT ROLLBACKS | L2-062: PLAIN TRANSACTION WITH | BEGINTRANSACTION | L2-067: DO I NEED TO DISPOSE | EXECUTION STRATEGY? | L2-057: !!! executeasync without transaction is possible when we dont have multiple | writes and the state that we need to rollback,RB02-upper-middle,pending-verified-transcript-after-source-repair
NU-029,NIMG-189,fd3966a0287969575952edde5015848654c78835,19373.254973549767,7899.002238945085,19813.254973549767,8140.002238945085,880.0,482.0,assets/source-images-added-v002/NIMG-189__fd3966a028.png,L2-058 | L2-059 | L2-067 | L2-062 | L2-057,L2-058: IF THERE IS NO LOGIC | AFTER WE CATCH AND ROLLBACK | SO WE DONT STRICTLY NEED | MANUAL ROLLBACK | BECAUSE WITH USING | THERE WILL BE A ROLLBACK | ON DISPOSAL | L2-059: ABOUT ROLLBACKS | L2-067: DO I NEED TO DISPOSE | EXECUTION STRATEGY? | L2-062: PLAIN TRANSACTION WITH | BEGINTRANSACTION | L2-057: !!! executeasync without transaction is possible when we dont have multiple | writes and the state that we need to rollback,RB02-upper-middle,pending-verified-transcript-after-source-repair
NU-030,NIMG-144,bad6c7925d615c11a373c37d523aa6d4fcc06900,19381.420293105424,8367.395437940617,19832.920293105424,8450.395437940617,903.0,166.0,assets/source-images-added-v002/NIMG-144__bad6c7925d.png,L2-067 | L2-058 | L2-059 | L2-062 | L2-057,L2-067: DO I NEED TO DISPOSE | EXECUTION STRATEGY? | L2-058: IF THERE IS NO LOGIC | AFTER WE CATCH AND ROLLBACK | SO WE DONT STRICTLY NEED | MANUAL ROLLBACK | BECAUSE WITH USING | THERE WILL BE A ROLLBACK | ON DISPOSAL | L2-059: ABOUT ROLLBACKS | L2-062: PLAIN TRANSACTION WITH | BEGINTRANSACTION | L2-057: !!! executeasync without transaction is possible when we dont have multiple | writes and the state that we need to rollback,RB02-upper-middle,pending-verified-transcript-after-source-repair
NU-031,NIMG-004,04a6014d7ef5b407ba1c4182d148514ec315537f,19394.1060004557,8549.546871516384,19772.6060004557,8790.546871516384,757.0,482.0,assets/source-images-added-v002/NIMG-004__04a6014d7e.png,L2-067 | L2-058 | L2-059 | L2-057 | L2-062,L2-067: DO I NEED TO DISPOSE | EXECUTION STRATEGY? | L2-058: IF THERE IS NO LOGIC | AFTER WE CATCH AND ROLLBACK | SO WE DONT STRICTLY NEED | MANUAL ROLLBACK | BECAUSE WITH USING | THERE WILL BE A ROLLBACK | ON DISPOSAL | L2-059: ABOUT ROLLBACKS | L2-057: !!! executeasync without transaction is possible when we dont have multiple | writes and the state that we need to rollback | L2-062: PLAIN TRANSACTION WITH | BEGINTRANSACTION,RB02-upper-middle,pending-verified-transcript-after-source-repair
NU-032,NIMG-130,a986417d9ce80d2710290c2608e97f2b1d5d23ae,19380.381742656205,9037.612101057082,19711.381742656205,9168.112101057082,662.0,261.0,assets/source-images-added-v002/NIMG-130__a986417d9c.png,L2-067 | L2-059 | L2-058 | L2-057 | L2-062,L2-067: DO I NEED TO DISPOSE | EXECUTION STRATEGY? | L2-059: ABOUT ROLLBACKS | L2-058: IF THERE IS NO LOGIC | AFTER WE CATCH AND ROLLBACK | SO WE DONT STRICTLY NEED | MANUAL ROLLBACK | BECAUSE WITH USING | THERE WILL BE A ROLLBACK | ON DISPOSAL | L2-057: !!! executeasync without transaction is possible when we dont have multiple | writes and the state that we need to rollback | L2-062: PLAIN TRANSACTION WITH | BEGINTRANSACTION,RB02-upper-middle,pending-verified-transcript-after-source-repair
NU-033,NIMG-019,22dbb748f8b8579bf7dea394d8d385440bc9cd45,26259.52219986704,7772.6684048908455,26521.52219986704,7871.1684048908455,524.0,197.0,assets/source-images-added-v002/NIMG-019__22dbb748f8.png,L2-068 | L2-065 | L2-060 | L2-064 | L2-063,"L2-068: normal executeasync will retry when it see ambiguous outcome | so if operation is not idempotent it may be dangerous | L2-065: why not just retry delegate because | we accepted changes after save changes | L2-060: EXECUTEINTRANSACTIONASYNC | L2-064: PROBLEMS WITH REUSING SAME DBCONTEXT | L2-063: CAN WE JUST WRAP THE SAVECHANGES(FALSE) AND RETRY THE PROBLEMATIC | PARTS WITHOUT CLEARING MODIFIED STATES? | SO WHEN WE CANT DO EVERYTHING OUTSIDE OF RETRY, | WE CANT JUST USE SAV",RB02-upper-middle,pending-verified-transcript-after-source-repair
NU-034,NIMG-092,81e06c3726ff52dca6e8c9957be26b126fd843a4,24788.89519608794,6702.009731238827,25267.39519608794,6889.509731238827,957.0,375.0,assets/source-images-added-v002/NIMG-092__81e06c3726.png,L2-064 | L2-063 | L2-068 | L2-060 | L2-065,"L2-064: PROBLEMS WITH REUSING SAME DBCONTEXT | L2-063: CAN WE JUST WRAP THE SAVECHANGES(FALSE) AND RETRY THE PROBLEMATIC | PARTS WITHOUT CLEARING MODIFIED STATES? | SO WHEN WE CANT DO EVERYTHING OUTSIDE OF RETRY, | WE CANT JUST USE SAV | L2-068: normal executeasync will retry when it see ambiguous outcome | so if operation is not idempotent it may be dangerous | L2-060: EXECUTEINTRANSACTIONASYNC | L2-065: why not just retry delegate because | we accepted changes after save changes",RB02-upper-middle,pending-verified-transcript-after-source-repair
NU-035,NIMG-023,2a8eabcdc070e60b22d5b2b0d17ef3e42fdf4560,24817.550074533698,7104.353481238827,25256.550074533698,7345.353481238827,878.0,482.0,assets/source-images-added-v002/NIMG-023__2a8eabcdc0.png,L2-064 | L2-065 | L2-068 | L2-063 | L2-060,"L2-064: PROBLEMS WITH REUSING SAME DBCONTEXT | L2-065: why not just retry delegate because | we accepted changes after save changes | L2-068: normal executeasync will retry when it see ambiguous outcome | so if operation is not idempotent it may be dangerous | L2-063: CAN WE JUST WRAP THE SAVECHANGES(FALSE) AND RETRY THE PROBLEMATIC | PARTS WITHOUT CLEARING MODIFIED STATES? | SO WHEN WE CANT DO EVERYTHING OUTSIDE OF RETRY, | WE CANT JUST USE SAV | L2-060: EXECUTEINTRANSACTIONASYNC",RB02-upper-middle,pending-verified-transcript-after-source-repair
NU-036,NIMG-162,cfc56d6d5fe530c9ffd13f7e3251d9f05b59b58a,24824.395440228564,7615.509731238827,25291.395440228564,7769.509731238827,934.0,308.0,assets/source-images-added-v002/NIMG-162__cfc56d6d5f.png,L2-065 | L2-064 | L2-068 | L2-063 | L2-060,"L2-065: why not just retry delegate because | we accepted changes after save changes | L2-064: PROBLEMS WITH REUSING SAME DBCONTEXT | L2-068: normal executeasync will retry when it see ambiguous outcome | so if operation is not idempotent it may be dangerous | L2-063: CAN WE JUST WRAP THE SAVECHANGES(FALSE) AND RETRY THE PROBLEMATIC | PARTS WITHOUT CLEARING MODIFIED STATES? | SO WHEN WE CANT DO EVERYTHING OUTSIDE OF RETRY, | WE CANT JUST USE SAV | L2-060: EXECUTEINTRANSACTIONASYNC",RB02-upper-middle,pending-verified-transcript-after-source-repair
NU-037,NIMG-094,8434b9c8e69db98975660828962aaa3776e6c92d,19337.204977666934,9679.400742519963,19711.204977666934,9920.400742519963,748.0,482.0,assets/source-images-added-v002/NIMG-094__8434b9c8e6.png,L2-067 | L2-058 | L2-109 | L2-059 | L2-057,"L2-067: DO I NEED TO DISPOSE | EXECUTION STRATEGY? | L2-058: IF THERE IS NO LOGIC | AFTER WE CATCH AND ROLLBACK | SO WE DONT STRICTLY NEED | MANUAL ROLLBACK | BECAUSE WITH USING | THERE WILL BE A ROLLBACK | ON DISPOSAL | L2-109: different sql server error codes, what can do with each | L2-059: ABOUT ROLLBACKS | L2-057: !!! executeasync without transaction is possible when we dont have multiple | writes and the state that we need to rollback",RB02-upper-middle,pending-verified-transcript-after-source-repair
NU-038,NIMG-164,d223cab8c7771558dacd9836231ea17d341cc0e6,19316.77411575814,10177.279180833764,19776.77411575814,10362.779180833764,920.0,371.0,assets/source-images-added-v002/NIMG-164__d223cab8c7.png,L2-067 | L2-109 | L2-090 | L2-091 | L2-058,"L2-067: DO I NEED TO DISPOSE | EXECUTION STRATEGY? | L2-109: different sql server error codes, what can do with each | L2-090: about code of sqlserver that are retryable by | default or not | L2-091: there are a lot of transient error codes and | if you want someting specific- you should i this | L2-058: IF THERE IS NO LOGIC | AFTER WE CATCH AND ROLLBACK | SO WE DONT STRICTLY NEED | MANUAL ROLLBACK | BECAUSE WITH USING | THERE WILL BE A ROLLBACK | ON DISPOSAL",RB03-middle,pending-verified-transcript-after-source-repair
NU-039,NIMG-181,f2b09cfc37478b6c85fba6c622e7e796aecfb590,22456.720370366056,3712.0894008087216,22742.220370366056,3912.5894008087216,571.0,401.0,assets/source-images-added-v002/NIMG-181__f2b09cfc37.png,L2-069 | L2-041 | L2-061 | L2-055 | L2-033,L2-069: reading your own uncommited changes | L2-041: transaction patterns | L2-061: EXECUTEASYNC | WITH NEW CONTEXT | PER RETRY PATTERN | L2-055: Executeasync | L2-033: concurrency in db  commands | isrowversion isconcurrencytoken,RB01-upper,pending-verified-transcript-after-source-repair
NU-040,NIMG-137,b032ff969a896252785444a85adf5aa6e1c6c3d6,22435.282673862625,3334.367192149877,22858.782673862625,3511.867192149877,847.0,355.0,assets/source-images-added-v002/NIMG-137__b032ff969a.png,L2-069 | L2-041 | L2-033 | L2-061 | L2-055,L2-069: reading your own uncommited changes | L2-041: transaction patterns | L2-033: concurrency in db  commands | isrowversion isconcurrencytoken | L2-061: EXECUTEASYNC | WITH NEW CONTEXT | PER RETRY PATTERN | L2-055: Executeasync,RB01-upper,pending-verified-transcript-after-source-repair
NU-041,NIMG-106,8efec378b42830e1f70b871bbf904f7397fe26b0,8599.936887803313,23850.519541646347,9243.436887803313,24054.519541646347,1287.0,408.0,assets/source-images-added-v002/NIMG-106__8efec378b4.png,L2-071 | L2-073 | L2-072 | L2-070 | L2-087,"L2-071: when we have grandchild of only one collection of parent | we will get rows like this, so there wont be null because | another child doesnt have collection, | L2-073: formula to compute | rows count | L2-072: how row looks like when some | collection items have their own collection | L2-070: db/sql shit | L2-087: can know which constraint has failed",RB05-lower,pending-verified-transcript-after-source-repair
NU-042,NIMG-126,a875e1cb09ca7aa9390973adfc32df337cdcf4ae,10131.39048124244,23771.975838264516,10601.39048124244,23953.475838264516,940.0,363.0,assets/source-images-added-v002/NIMG-126__a875e1cb09.png,L2-073 | L2-071 | L2-070 | L2-072 | L2-123,"L2-073: formula to compute | rows count | L2-071: when we have grandchild of only one collection of parent | we will get rows like this, so there wont be null because | another child doesnt have collection, | L2-070: db/sql shit | L2-072: how row looks like when some | collection items have their own collection | L2-123: view/indexed view",RB05-lower,pending-verified-transcript-after-source-repair
NU-043,NIMG-118,9fd89ce950fa9217d3c8ac8a2af70b7e2653df09,10170.88611829446,25042.383173818365,10574.38611829446,25283.383173818365,807.0,482.0,assets/source-images-added-v002/NIMG-118__9fd89ce950.png,L2-073 | L2-071 | L2-072 | L2-070 | L2-123,"L2-073: formula to compute | rows count | L2-071: when we have grandchild of only one collection of parent | we will get rows like this, so there wont be null because | another child doesnt have collection, | L2-072: how row looks like when some | collection items have their own collection | L2-070: db/sql shit | L2-123: view/indexed view",RB05-lower,pending-verified-transcript-after-source-repair
NU-044,NIMG-165,d2a985b66b9bc2051e4ef406201f7e9af1526755,10136.092403374263,24775.14535726785,10608.092403374263,24914.14535726785,944.0,278.0,assets/source-images-added-v002/NIMG-165__d2a985b66b.png,L2-073 | L2-071 | L2-070 | L2-072 | L2-123,"L2-073: formula to compute | rows count | L2-071: when we have grandchild of only one collection of parent | we will get rows like this, so there wont be null because | another child doesnt have collection, | L2-070: db/sql shit | L2-072: how row looks like when some | collection items have their own collection | L2-123: view/indexed view",RB05-lower,pending-verified-transcript-after-source-repair
NU-045,NIMG-129,a9718d5f9e22112d0fd7b4abcf471189c32eb916,10147.410662873554,24270.721128252844,10619.910662873554,24506.721128252844,945.0,472.0,assets/source-images-added-v002/NIMG-129__a9718d5f9e.png,L2-073 | L2-071 | L2-070 | L2-072 | L2-123,"L2-073: formula to compute | rows count | L2-071: when we have grandchild of only one collection of parent | we will get rows like this, so there wont be null because | another child doesnt have collection, | L2-070: db/sql shit | L2-072: how row looks like when some | collection items have their own collection | L2-123: view/indexed view",RB05-lower,pending-verified-transcript-after-source-repair
NU-046,NIMG-005,0799677a32a0967ba47e077f42d7b528f6041d8a,2320.5827652175976,2088.0757283565927,2816.0827652175976,2216.5757283565927,991.0,257.0,assets/source-images-added-v002/NIMG-005__0799677a32.png,L2-074 | L2-007 | L2-075 | L2-044 | L2-076,L2-074: ABOUT CPU/MEMORY USAGE | FROM TRAKING | L2-007: reduce cpu and everything for reads | L2-075: MEMORY OVERHEAD WITH IDENTITY RESOL | COMPARED WITH ASNOTRACKING AND TRACKING | L2-044: asnotrackkingwithidentityresolution | L2-076: FULL ORIG VALUES SAVING | VS JUST IDENTITY,RB01-upper,pending-verified-transcript-after-source-repair
NU-047,NIMG-131,a98e9278ac8e50d3f5c5902ddf9179ce5bebdaf5,2321.7494522293164,2335.5756673214364,2814.7494522293164,2540.5756673214364,986.0,410.0,assets/source-images-added-v002/NIMG-131__a98e9278ac.png,L2-074 | L2-007 | L2-075 | L2-044 | L2-076,L2-074: ABOUT CPU/MEMORY USAGE | FROM TRAKING | L2-007: reduce cpu and everything for reads | L2-075: MEMORY OVERHEAD WITH IDENTITY RESOL | COMPARED WITH ASNOTRACKING AND TRACKING | L2-044: asnotrackkingwithidentityresolution | L2-076: FULL ORIG VALUES SAVING | VS JUST IDENTITY,RB01-upper,pending-verified-transcript-after-source-repair
NU-048,NIMG-073,66caf78b735692c0b9a9bdb7ea0671bf76d65255,2309.916078205879,2738.7422322628427,2809.416078205879,2887.2422322628427,999.0,297.0,assets/source-images-added-v002/NIMG-073__66caf78b73.png,L2-075 | L2-044 | L2-074 | L2-007 | L2-076,L2-075: MEMORY OVERHEAD WITH IDENTITY RESOL | COMPARED WITH ASNOTRACKING AND TRACKING | L2-044: asnotrackkingwithidentityresolution | L2-074: ABOUT CPU/MEMORY USAGE | FROM TRAKING | L2-007: reduce cpu and everything for reads | L2-076: FULL ORIG VALUES SAVING | VS JUST IDENTITY,RB01-upper,pending-verified-transcript-after-source-repair
NU-049,NIMG-112,93da91318994692ad5c0b347a53e3ab58a4eb5e9,2312.4162002761914,3052.57560628628,2785.4162002761914,3132.57560628628,946.0,160.0,assets/source-images-added-v002/NIMG-112__93da913189.png,L2-075 | L2-044 | L2-074 | L2-007 | L2-076,L2-075: MEMORY OVERHEAD WITH IDENTITY RESOL | COMPARED WITH ASNOTRACKING AND TRACKING | L2-044: asnotrackkingwithidentityresolution | L2-074: ABOUT CPU/MEMORY USAGE | FROM TRAKING | L2-007: reduce cpu and everything for reads | L2-076: FULL ORIG VALUES SAVING | VS JUST IDENTITY,RB01-upper,pending-verified-transcript-after-source-repair
NU-050,NIMG-044,405ad969feea89655bce939e1c55683ce69661fe,2249.816540361133,3993.1813647210133,2723.816540361133,4111.181364721013,948.0,236.0,assets/source-images-added-v002/NIMG-044__405ad969fe.png,L2-075 | L2-044 | L2-042 | L2-074 | L2-120,L2-075: MEMORY OVERHEAD WITH IDENTITY RESOL | COMPARED WITH ASNOTRACKING AND TRACKING | L2-044: asnotrackkingwithidentityresolution | L2-042: use asnotrackingwithidentityresolution for ef core reads by default? | L2-074: ABOUT CPU/MEMORY USAGE | FROM TRAKING | L2-120: can i select from some random table | even if i query from customers dbset,RB01-upper,pending-verified-transcript-after-source-repair
NU-051,NIMG-098,869534ad717d35cb3cb9cbd2c46e758ca5efe080,2264.0827041824414,4248.1947730692045,2724.0827041824414,4380.1947730692045,920.0,264.0,assets/source-images-added-v002/NIMG-098__869534ad71.png,L2-075 | L2-044 | L2-042 | L2-120 | L2-043,L2-075: MEMORY OVERHEAD WITH IDENTITY RESOL | COMPARED WITH ASNOTRACKING AND TRACKING | L2-044: asnotrackkingwithidentityresolution | L2-042: use asnotrackingwithidentityresolution for ef core reads by default? | L2-120: can i select from some random table | even if i query from customers dbset | L2-043: when useful,RB01-upper,pending-verified-transcript-after-source-repair
NU-052,NIMG-178,ec5b64ce1905c9fdfc7f7aaafdcf7fb33e3a4fba,2267.749574299629,4525.028147092642,2730.749574299629,4709.528147092642,926.0,369.0,assets/source-images-added-v002/NIMG-178__ec5b64ce19.png,L2-044 | L2-075 | L2-042 | L2-120 | L2-043,L2-044: asnotrackkingwithidentityresolution | L2-075: MEMORY OVERHEAD WITH IDENTITY RESOL | COMPARED WITH ASNOTRACKING AND TRACKING | L2-042: use asnotrackingwithidentityresolution for ef core reads by default? | L2-120: can i select from some random table | even if i query from customers dbset | L2-043: when useful,RB01-upper,pending-verified-transcript-after-source-repair
NU-053,NIMG-168,d553a7c9e7a77205cf5b2bd1ddda20fc0b0da3a0,7194.96519967323,12057.169722992987,7632.96519967323,12219.169722992987,876.0,324.0,assets/source-images-added-v002/NIMG-168__d553a7c9e7.png,L2-023 | L2-022 | L2-077 | L2-021 | L2-012,L2-023: unique index on comp column | L2-022: filtered unique index | L2-077: db invariant handling | strategies | L2-021: trigger | L2-012: primary key,RB03-middle,pending-verified-transcript-after-source-repair
NU-054,NIMG-021,258a97a7b80868eca93b967be3beaac53c65f983,2609.1903301650855,12006.969415138165,2900.1903301650855,12183.469415138165,582.0,353.0,assets/source-images-added-v002/NIMG-021__258a97a7b8.png,L2-080 | L2-081 | L2-084 | L2-082 | L2-013,"L2-080: isolation level like | serializable can help sometimes | too, but like some addition and | desing choice not replacement for | db constraints | L2-081: when both trans need to have isolation | serializable | to keep invariants | L2-084: about some transaction/isolation | /repo tweaks for keeping invariants | L2-082: !!! | L2-013: native declarative | constraints",RB03-middle,pending-verified-transcript-after-source-repair
NU-055,NIMG-022,29b6d919c667115de7edfb84c4ffcd144c5be0bf,2417.0668381126998,12425.898930153819,2869.5668381126998,12570.398930153819,905.0,289.0,assets/source-images-added-v002/NIMG-022__29b6d919c6.png,L2-081 | L2-080 | L2-084 | L2-082 | L2-024,"L2-081: when both trans need to have isolation | serializable | to keep invariants | L2-080: isolation level like | serializable can help sometimes | too, but like some addition and | desing choice not replacement for | db constraints | L2-084: about some transaction/isolation | /repo tweaks for keeping invariants | L2-082: !!! | L2-024: how to know which | check constraint failed",RB03-middle,pending-verified-transcript-after-source-repair
NU-056,NIMG-029,311adeeccb0495c6f8e43fb25302bb5f33e1c5d2,2263.1604150479216,13110.441588862219,2624.6604150479216,13351.441588862219,723.0,482.0,assets/source-images-added-v002/NIMG-029__311adeeccb.png,L2-081 | L2-082 | L2-080 | L2-024 | L2-084,"L2-081: when both trans need to have isolation | serializable | to keep invariants | L2-082: !!! | L2-080: isolation level like | serializable can help sometimes | too, but like some addition and | desing choice not replacement for | db constraints | L2-024: how to know which | check constraint failed | L2-084: about some transaction/isolation | /repo tweaks for keeping invariants",RB03-middle,pending-verified-transcript-after-source-repair
NU-057,NIMG-103,8abf6e47abe267cc571895bfd9ed6f231366db70,2224.872413657995,13628.30682153754,2708.372413657995,13799.80682153754,967.0,343.0,assets/source-images-added-v002/NIMG-103__8abf6e47ab.png,L2-082 | L2-081 | L2-024 | L2-080 | L2-084,"L2-082: !!! | L2-081: when both trans need to have isolation | serializable | to keep invariants | L2-024: how to know which | check constraint failed | L2-080: isolation level like | serializable can help sometimes | too, but like some addition and | desing choice not replacement for | db constraints | L2-084: about some transaction/isolation | /repo tweaks for keeping invariants",RB03-middle,pending-verified-transcript-after-source-repair
NU-058,NIMG-158,cb1d7ba6c5b2979bf76a99f4c4b649cfad6a53e7,2203.074463207591,13994.012546123677,2664.574463207591,14089.012546123677,923.0,190.0,assets/source-images-added-v002/NIMG-158__cb1d7ba6c5.png,L2-082 | L2-081 | L2-024 | L2-080 | L2-084,"L2-082: !!! | L2-081: when both trans need to have isolation | serializable | to keep invariants | L2-024: how to know which | check constraint failed | L2-080: isolation level like | serializable can help sometimes | too, but like some addition and | desing choice not replacement for | db constraints | L2-084: about some transaction/isolation | /repo tweaks for keeping invariants",RB03-middle,pending-verified-transcript-after-source-repair
NU-059,NIMG-139,b5c7eccce43a73df5d4b01d31694da7f95783c97,5634.679370859976,12487.64085411808,6093.679370859976,12608.14085411808,918.0,241.0,assets/source-images-added-v002/NIMG-139__b5c7eccce4.png,L2-012 | L2-014 | L2-013 | L2-023 | L2-022,L2-012: primary key | L2-014: unique index | L2-013: native declarative | constraints | L2-023: unique index on comp column | L2-022: filtered unique index,RB03-middle,pending-verified-transcript-after-source-repair
NU-060,NIMG-177,ea94868227f781a7bf2bd0855a93cab1f6894469,5650.017493125499,12936.734308604233,6110.017493125499,13069.234308604233,920.0,265.0,assets/source-images-added-v002/NIMG-177__ea94868227.png,L2-014 | L2-012 | L2-023 | L2-015 | L2-022,L2-014: unique index | L2-012: primary key | L2-023: unique index on comp column | L2-015: alternate key | L2-022: filtered unique index,RB03-middle,pending-verified-transcript-after-source-repair
NU-061,NIMG-180,ed165b54366b9f7b6cffc1d8b9a3464b8e9a2b06,5661.355282994449,13421.67967045848,6126.355282994449,13595.67967045848,930.0,348.0,assets/source-images-added-v002/NIMG-180__ed165b5436.png,L2-015 | L2-014 | L2-016 | L2-022 | L2-012,L2-015: alternate key | L2-014: unique index | L2-016: foreign key | L2-022: filtered unique index | L2-012: primary key,RB03-middle,pending-verified-transcript-after-source-repair
NU-062,NIMG-072,66b9657a8d525c5f361ea3dfbf5d0fcf1204bbcf,5668.333316875916,13960.88223321715,6124.333316875916,14118.88223321715,912.0,316.0,assets/source-images-added-v002/NIMG-072__66b9657a8d.png,L2-016 | L2-015 | L2-017 | L2-014 | L2-021,L2-016: foreign key | L2-015: alternate key | L2-017: not null | L2-014: unique index | L2-021: trigger,RB03-middle,pending-verified-transcript-after-source-repair
NU-063,NIMG-149,bd571a53a567f195912e5aa63968d84ada5f30ac,5648.690459733061,14433.263040276304,6107.190459733061,14591.263040276304,917.0,316.0,assets/source-images-added-v002/NIMG-149__bd571a53a5.png,L2-017 | L2-016 | L2-018 | L2-015 | L2-020,L2-017: not null | L2-016: foreign key | L2-018: check constraint | L2-015: alternate key | L2-020: custom db error from stored proc,RB03-middle,pending-verified-transcript-after-source-repair
NU-064,NIMG-084,6f47651fc3439846d05c7770a15e4f4cbad31efb,5620.047602590203,14942.239288881212,6090.047602590203,15101.739288881212,940.0,319.0,assets/source-images-added-v002/NIMG-084__6f47651fc3.png,L2-018 | L2-017 | L2-016 | L2-019 | L2-020,L2-018: check constraint | L2-017: not null | L2-016: foreign key | L2-019: indexed view | L2-020: custom db error from stored proc,RB03-middle,pending-verified-transcript-after-source-repair
NU-065,NIMG-093,83f3ab625d3825a3dee0f658b0a77d3a360961ba,5642.737962523239,15445.834468847732,6086.237962523239,15539.834468847732,887.0,188.0,assets/source-images-added-v002/NIMG-093__83f3ab625d.png,L2-018 | L2-017 | L2-019 | L2-083 | L2-016,L2-018: check constraint | L2-017: not null | L2-019: indexed view | L2-083: !!! | L2-016: foreign key,RB04-lower-middle,pending-verified-transcript-after-source-repair
NU-066,NIMG-012,18161063f2c49a1327df5a18985c4f552f9c2b88,5648.56265614017,15649.154467452647,6080.56265614017,15890.154467452647,864.0,482.0,assets/source-images-added-v002/NIMG-012__18161063f2.png,L2-018 | L2-083 | L2-017 | L2-019 | L2-016,L2-018: check constraint | L2-083: !!! | L2-017: not null | L2-019: indexed view | L2-016: foreign key,RB04-lower-middle,pending-verified-transcript-after-source-repair
NU-067,NIMG-047,4524185a34e7042611adc8f06333b2f1d905d43d,5648.357068271009,16156.19169889796,6093.857068271009,16362.69169889796,891.0,413.0,assets/source-images-added-v002/NIMG-047__4524185a34.png,L2-083 | L2-018 | L2-017 | L2-019 | L2-020,L2-083: !!! | L2-018: check constraint | L2-017: not null | L2-019: indexed view | L2-020: custom db error from stored proc,RB04-lower-middle,pending-verified-transcript-after-source-repair
NU-068,NIMG-095,84ace0cfa581370e336b63118319d89bf6bd7fd0,5625.32792253068,16598.977287238107,6113.32792253068,16676.977287238107,976.0,156.0,assets/source-images-added-v002/NIMG-095__84ace0cfa5.png,L2-083 | L2-018 | L2-017 | L2-019 | L2-025,L2-083: !!! | L2-018: check constraint | L2-017: not null | L2-019: indexed view | L2-025: is custom dberr limited to storproc,RB04-lower-middle,pending-verified-transcript-after-source-repair
NU-069,NIMG-140,b69e3c968959b27b2ea3ad82c2fcb54e47a13294,3795.613575408621,15289.907962274296,4265.613575408621,15387.907962274296,940.0,196.0,assets/source-images-added-v002/NIMG-140__b69e3c9689.png,L2-024 | L2-018 | L2-017 | L2-083 | L2-016,L2-024: how to know which | check constraint failed | L2-018: check constraint | L2-017: not null | L2-083: !!! | L2-016: foreign key,RB04-lower-middle,pending-verified-transcript-after-source-repair
NU-070,NIMG-057,5101fe19f06164d1a3fae074ceb8648e4ab98d2b,3760.7328337442777,15484.88423267747,4243.232833744278,15693.38423267747,965.0,417.0,assets/source-images-added-v002/NIMG-057__5101fe19f0.png,L2-024 | L2-018 | L2-083 | L2-017 | L2-016,L2-024: how to know which | check constraint failed | L2-018: check constraint | L2-083: !!! | L2-017: not null | L2-016: foreign key,RB04-lower-middle,pending-verified-transcript-after-source-repair
NU-071,NIMG-013,1a115239dde9096ccfce7f4eb21847636e7bed46,3777.1853745506414,15927.455726643713,4234.185374550641,16141.455726643713,914.0,428.0,assets/source-images-added-v002/NIMG-013__1a115239dd.png,L2-083 | L2-024 | L2-018 | L2-086 | L2-017,L2-083: !!! | L2-024: how to know which | check constraint failed | L2-018: check constraint | L2-086: transaction + handling db level | error codes with savepoints | L2-017: not null,RB04-lower-middle,pending-verified-transcript-after-source-repair
NU-072,NIMG-143,b912609b7be7294297e108a7a55b5484ff34b7ed,3760.185221962751,16366.455726643713,4239.185221962751,16606.45572664371,958.0,480.0,assets/source-images-added-v002/NIMG-143__b912609b7b.png,L2-083 | L2-086 | L2-024 | L2-089 | L2-018,L2-083: !!! | L2-086: transaction + handling db level | error codes with savepoints | L2-024: how to know which | check constraint failed | L2-089: examples of handling db level shit | L2-018: check constraint,RB04-lower-middle,pending-verified-transcript-after-source-repair
NU-073,NIMG-128,a95c74020e610e2958ee1d6c3959b1647f8a61e9,3744.5898676100733,16843.00322943389,4261.089867610073,16906.00322943389,1033.0,126.0,assets/source-images-added-v002/NIMG-128__a95c74020e.png,L2-086 | L2-083 | L2-089 | L2-085 | L2-024,L2-086: transaction + handling db level | error codes with savepoints | L2-083: !!! | L2-089: examples of handling db level shit | L2-085: transaction + just returning | error result on some db level | error codes | L2-024: how to know which | check constraint failed,RB04-lower-middle,pending-verified-transcript-after-source-repair
NU-074,NIMG-026,2e0968ea95999d7523638a7b4c3ea330087c3fd8,7181.06389641342,12433.289206655247,7507.06389641342,12475.789206655247,652.0,85.0,assets/source-images-added-v002/NIMG-026__2e0968ea95.png,L2-023 | L2-022 | L2-021 | L2-077 | L2-012,L2-023: unique index on comp column | L2-022: filtered unique index | L2-021: trigger | L2-077: db invariant handling | strategies | L2-012: primary key,RB03-middle,pending-verified-transcript-after-source-repair
NU-075,NIMG-151,c00ab039d3dece29b26717557e821185eddc3a6f,7179.730587015441,12519.867626060122,7613.730587015441,12671.867626060122,868.0,304.0,assets/source-images-added-v002/NIMG-151__c00ab039d3.png,L2-023 | L2-022 | L2-021 | L2-077 | L2-012,L2-023: unique index on comp column | L2-022: filtered unique index | L2-021: trigger | L2-077: db invariant handling | strategies | L2-012: primary key,RB03-middle,pending-verified-transcript-after-source-repair
NU-076,NIMG-188,fc9c52224cbfef64e7e81244076a92ec849b7aed,7142.637744254187,13009.902474439436,7585.137744254187,13171.902474439436,885.0,324.0,assets/source-images-added-v002/NIMG-188__fc9c52224c.png,L2-022 | L2-021 | L2-023 | L2-020 | L2-019,L2-022: filtered unique index | L2-021: trigger | L2-023: unique index on comp column | L2-020: custom db error from stored proc | L2-019: indexed view,RB03-middle,pending-verified-transcript-after-source-repair
NU-077,NIMG-117,9fd2c489b8911ef80cd9dd7cf651d5adffb439d4,7162.908512148671,13486.891209445743,7628.408512148671,13636.391209445743,931.0,299.0,assets/source-images-added-v002/NIMG-117__9fd2c489b8.png,L2-021 | L2-022 | L2-020 | L2-023 | L2-019,L2-021: trigger | L2-022: filtered unique index | L2-020: custom db error from stored proc | L2-023: unique index on comp column | L2-019: indexed view,RB03-middle,pending-verified-transcript-after-source-repair
NU-078,NIMG-116,9eabad13a0de46355cfd1dc5456aa73b61cfda91,7160.288105616317,13902.84987626361,7619.788105616317,13997.84987626361,919.0,190.0,assets/source-images-added-v002/NIMG-116__9eabad13a0.png,L2-021 | L2-020 | L2-022 | L2-019 | L2-023,L2-021: trigger | L2-020: custom db error from stored proc | L2-022: filtered unique index | L2-019: indexed view | L2-023: unique index on comp column,RB03-middle,pending-verified-transcript-after-source-repair
NU-079,NIMG-055,4f69727662373cf6cc879b235a5dc44992ebb609,7167.069071060654,14104.76379099428,7517.569071060654,14345.76379099428,701.0,482.0,assets/source-images-added-v002/NIMG-055__4f69727662.png,L2-020 | L2-021 | L2-019 | L2-022 | L2-023,L2-020: custom db error from stored proc | L2-021: trigger | L2-019: indexed view | L2-022: filtered unique index | L2-023: unique index on comp column,RB03-middle,pending-verified-transcript-after-source-repair
NU-080,NIMG-088,767d2cf3e805c865228e7e8ca541bb435f47873b,7131.467239444064,14759.190022044038,7590.467239444064,14861.190022044038,918.0,204.0,assets/source-images-added-v002/NIMG-088__767d2cf3e8.png,L2-019 | L2-020 | L2-021 | L2-022 | L2-025,L2-019: indexed view | L2-020: custom db error from stored proc | L2-021: trigger | L2-022: filtered unique index | L2-025: is custom dberr limited to storproc,RB03-middle,pending-verified-transcript-after-source-repair
NU-081,NIMG-066,5a5dba24a6a2f31800c4d4b465e818cfbd7db6aa,7113.274931751757,15198.459252813258,7562.774931751757,15291.959252813258,899.0,187.0,assets/source-images-added-v002/NIMG-066__5a5dba24a6.png,L2-019 | L2-020 | L2-025 | L2-021 | L2-018,L2-019: indexed view | L2-020: custom db error from stored proc | L2-025: is custom dberr limited to storproc | L2-021: trigger | L2-018: check constraint,RB04-lower-middle,pending-verified-transcript-after-source-repair
NU-082,NIMG-187,fb54d4b88ab8b7ce7889c7cca7140c8bf4107b29,8572.168042288367,14732.13763735333,9023.668042288367,14821.63763735333,903.0,179.0,assets/source-images-added-v002/NIMG-187__fb54d4b88a.png,L2-126 | L2-025 | L2-020 | L2-019 | L2-079,L2-126: cant have overlapping | active bookings | L2-025: is custom dberr limited to storproc | L2-020: custom db error from stored proc | L2-019: indexed view | L2-079: handle invariants with triggers,RB03-middle,pending-verified-transcript-after-source-repair
NU-083,NIMG-081,6da431e11bc4f7516d645fb1d089d86b8d324ef3,8604.583167885676,14928.629512895868,9020.583167885676,15169.629512895868,832.0,482.0,assets/source-images-added-v002/NIMG-081__6da431e11b.png,L2-025 | L2-126 | L2-019 | L2-020 | L2-079,L2-025: is custom dberr limited to storproc | L2-126: cant have overlapping | active bookings | L2-019: indexed view | L2-020: custom db error from stored proc | L2-079: handle invariants with triggers,RB03-middle,pending-verified-transcript-after-source-repair
NU-084,NIMG-086,70c159cac9b6a504887a34c5add43ed9d039a621,8577.757268085947,15420.481319536493,9041.257268085947,15661.481319536493,927.0,482.0,assets/source-images-added-v002/NIMG-086__70c159cac9.png,L2-025 | L2-019 | L2-020 | L2-126 | L2-079,L2-025: is custom dberr limited to storproc | L2-019: indexed view | L2-020: custom db error from stored proc | L2-126: cant have overlapping | active bookings | L2-079: handle invariants with triggers,RB04-lower-middle,pending-verified-transcript-after-source-repair
NU-085,NIMG-108,91dffdc834d7adca6f0e80c498287744994c872c,8576.945820066145,15921.267221771728,9041.445820066145,16131.267221771728,929.0,420.0,assets/source-images-added-v002/NIMG-108__91dffdc834.png,L2-025 | L2-019 | L2-020 | L2-126 | L2-123,L2-025: is custom dberr limited to storproc | L2-019: indexed view | L2-020: custom db error from stored proc | L2-126: cant have overlapping | active bookings | L2-123: view/indexed view,RB04-lower-middle,pending-verified-transcript-after-source-repair
NU-086,NIMG-027,2e16d8e83a732b42045a59f9624975b51e55061e,8583.075445174652,16530.063540673647,9095.075445174652,16719.563540673647,1024.0,379.0,assets/source-images-added-v002/NIMG-027__2e16d8e83a.png,L2-025 | L2-123 | L2-019 | L2-020 | L2-126,L2-025: is custom dberr limited to storproc | L2-123: view/indexed view | L2-019: indexed view | L2-020: custom db error from stored proc | L2-126: cant have overlapping | active bookings,RB04-lower-middle,pending-verified-transcript-after-source-repair
NU-087,NIMG-071,62ca23d639d5d3c6d5af7cc55174b4af8b5bb7e2,8562.001253551389,16931.044999549507,9061.001253551389,17125.044999549507,998.0,388.0,assets/source-images-added-v002/NIMG-071__62ca23d639.png,L2-025 | L2-123 | L2-019 | L2-020 | L2-126,L2-025: is custom dberr limited to storproc | L2-123: view/indexed view | L2-019: indexed view | L2-020: custom db error from stored proc | L2-126: cant have overlapping | active bookings,RB04-lower-middle,pending-verified-transcript-after-source-repair
NU-088,NIMG-105,8e0d1bab52aa1e5f2dbbaec1fda76d8838138e77,8535.186474905555,17335.63756953649,9030.186474905555,17521.63756953649,990.0,372.0,assets/source-images-added-v002/NIMG-105__8e0d1bab52.png,L2-025 | L2-123 | L2-019 | L2-020 | L2-083,L2-025: is custom dberr limited to storproc | L2-123: view/indexed view | L2-019: indexed view | L2-020: custom db error from stored proc | L2-083: !!!,RB04-lower-middle,pending-verified-transcript-after-source-repair
NU-089,NIMG-061,53559e9dd425e45993b21e2dd9255f356c623506,8532.483119328295,17719.860022335975,8996.483119328295,17947.860022335975,928.0,456.0,assets/source-images-added-v002/NIMG-061__53559e9dd4.png,L2-025 | L2-123 | L2-019 | L2-083 | L2-020,L2-025: is custom dberr limited to storproc | L2-123: view/indexed view | L2-019: indexed view | L2-083: !!! | L2-020: custom db error from stored proc,RB04-lower-middle,pending-verified-transcript-after-source-repair
NU-090,NIMG-040,3bcfb73a80c282184074225a5e1962224e053e0a,8552.062417075227,18179.518806748187,9007.562417075227,18371.018806748187,911.0,383.0,assets/source-images-added-v002/NIMG-040__3bcfb73a80.png,L2-025 | L2-123 | L2-019 | L2-083 | L2-070,L2-025: is custom dberr limited to storproc | L2-123: view/indexed view | L2-019: indexed view | L2-083: !!! | L2-070: db/sql shit,RB04-lower-middle,pending-verified-transcript-after-source-repair
NU-091,NIMG-091,7f38906d9589ffcf4291e7471930a2ac4c271208,8543.22904305179,18589.85205870131,9038.22904305179,18688.35205870131,990.0,197.0,assets/source-images-added-v002/NIMG-091__7f38906d95.png,L2-025 | L2-123 | L2-070 | L2-083 | L2-019,L2-025: is custom dberr limited to storproc | L2-123: view/indexed view | L2-070: db/sql shit | L2-083: !!! | L2-019: indexed view,RB04-lower-middle,pending-verified-transcript-after-source-repair
NU-092,NIMG-059,51d9638065fc062a1df7433d888507bd9deba5a1,8523.395791098665,18809.685371689593,9024.895791098665,18941.685371689593,1003.0,264.0,assets/source-images-added-v002/NIMG-059__51d9638065.png,L2-025 | L2-123 | L2-070 | L2-083 | L2-019,L2-025: is custom dberr limited to storproc | L2-123: view/indexed view | L2-070: db/sql shit | L2-083: !!! | L2-019: indexed view,RB04-lower-middle,pending-verified-transcript-after-source-repair
NU-093,NIMG-161,cbb001351576474d3576dd3a7202bfd7f9d674ec,1592.31259222703,18431.894316160848,1939.31259222703,18672.894316160848,694.0,482.0,assets/source-images-added-v002/NIMG-161__cbb0013515.png,L2-088 | L2-085 | L2-089 | L2-086 | L2-087,L2-088: transaction rules + db | level defense impl examples | L2-085: transaction + just returning | error result on some db level | error codes | L2-089: examples of handling db level shit | L2-086: transaction + handling db level | error codes with savepoints | L2-087: can know which constraint has failed,RB04-lower-middle,pending-verified-transcript-after-source-repair
NU-094,NIMG-160,cb77662926e4ecaa7766c8dbc3787857f6c934f1,1583.144850342138,18952.948717462896,1999.644850342138,19171.448717462896,833.0,437.0,assets/source-images-added-v002/NIMG-160__cb77662926.png,L2-088 | L2-085 | L2-089 | L2-087 | L2-086,L2-088: transaction rules + db | level defense impl examples | L2-085: transaction + just returning | error result on some db level | error codes | L2-089: examples of handling db level shit | L2-087: can know which constraint has failed | L2-086: transaction + handling db level | error codes with savepoints,RB04-lower-middle,pending-verified-transcript-after-source-repair
NU-095,NIMG-089,7a37587b90b3c6eb3d65f1344377b25e0594850e,1557.4037814181684,19398.628057836533,2035.4037814181684,19629.628057836533,956.0,462.0,assets/source-images-added-v002/NIMG-089__7a37587b90.png,L2-088 | L2-085 | L2-087 | L2-089 | L2-086,L2-088: transaction rules + db | level defense impl examples | L2-085: transaction + just returning | error result on some db level | error codes | L2-087: can know which constraint has failed | L2-089: examples of handling db level shit | L2-086: transaction + handling db level | error codes with savepoints,RB04-lower-middle,pending-verified-transcript-after-source-repair
NU-096,NIMG-113,945bd04fece2e2e8acd9b64d822707042ce63f89,2761.6316746224984,18360.67658082588,3244.6316746224984,18600.17658082588,966.0,479.0,assets/source-images-added-v002/NIMG-113__945bd04fec.png,L2-085 | L2-086 | L2-087 | L2-089 | L2-088,L2-085: transaction + just returning | error result on some db level | error codes | L2-086: transaction + handling db level | error codes with savepoints | L2-087: can know which constraint has failed | L2-089: examples of handling db level shit | L2-088: transaction rules + db | level defense impl examples,RB04-lower-middle,pending-verified-transcript-after-source-repair
NU-097,NIMG-009,10c96e91fe9dd9091c091a006f3f700d36f24414,2792.9600642447367,18856.799937287768,3241.9600642447367,19034.299937287768,898.0,355.0,assets/source-images-added-v002/NIMG-009__10c96e91fe.png,L2-087 | L2-085 | L2-086 | L2-089 | L2-088,L2-087: can know which constraint has failed | L2-085: transaction + just returning | error result on some db level | error codes | L2-086: transaction + handling db level | error codes with savepoints | L2-089: examples of handling db level shit | L2-088: transaction rules + db | level defense impl examples,RB04-lower-middle,pending-verified-transcript-after-source-repair
NU-098,NIMG-110,93a32d214ffe28362406b2eb794b3e2a93124593,2754.0879149799475,19200.23753371326,3220.5879149799475,19274.73753371326,933.0,149.0,assets/source-images-added-v002/NIMG-110__93a32d214f.png,L2-087 | L2-085 | L2-086 | L2-089 | L2-088,L2-087: can know which constraint has failed | L2-085: transaction + just returning | error result on some db level | error codes | L2-086: transaction + handling db level | error codes with savepoints | L2-089: examples of handling db level shit | L2-088: transaction rules + db | level defense impl examples,RB04-lower-middle,pending-verified-transcript-after-source-repair
NU-099,NIMG-176,e677551dda02b8b38cbed5066994590db087b23f,2776.1169657820938,19336.262649423858,3236.6169657820938,19563.262649423858,921.0,454.0,assets/source-images-added-v002/NIMG-176__e677551dda.png,L2-087 | L2-085 | L2-086 | L2-089 | L2-088,L2-087: can know which constraint has failed | L2-085: transaction + just returning | error result on some db level | error codes | L2-086: transaction + handling db level | error codes with savepoints | L2-089: examples of handling db level shit | L2-088: transaction rules + db | level defense impl examples,RB04-lower-middle,pending-verified-transcript-after-source-repair
NU-100,NIMG-033,33f12760fa4cf7c397b05c0bdd1e6bb09c7c7690,4104.19082388169,18375.051784404124,4470.69082388169,18616.051784404124,733.0,482.0,assets/source-images-added-v002/NIMG-033__33f12760fa.png,L2-086 | L2-087 | L2-085 | L2-083 | L2-089,L2-086: transaction + handling db level | error codes with savepoints | L2-087: can know which constraint has failed | L2-085: transaction + just returning | error result on some db level | error codes | L2-083: !!! | L2-089: examples of handling db level shit,RB04-lower-middle,pending-verified-transcript-after-source-repair
NU-101,NIMG-104,8ace8a759baf6fd1e48d527855ae3989a7f41214,4109.9175083309565,18855.5686407076,4557.4175083309565,19089.0686407076,895.0,467.0,assets/source-images-added-v002/NIMG-104__8ace8a759b.png,L2-087 | L2-086 | L2-085 | L2-089 | L2-083,L2-087: can know which constraint has failed | L2-086: transaction + handling db level | error codes with savepoints | L2-085: transaction + just returning | error result on some db level | error codes | L2-089: examples of handling db level shit | L2-083: !!!,RB04-lower-middle,pending-verified-transcript-after-source-repair
NU-102,NIMG-013,1a115239dde9096ccfce7f4eb21847636e7bed46,4124.376101335336,19596.544852488623,4581.376101335336,19810.544852488623,914.0,428.0,assets/source-images-added-v002/NIMG-013__1a115239dd.png,L2-087 | L2-086 | L2-085 | L2-089 | L2-083,L2-087: can know which constraint has failed | L2-086: transaction + handling db level | error codes with savepoints | L2-085: transaction + just returning | error result on some db level | error codes | L2-089: examples of handling db level shit | L2-083: !!!,RB04-lower-middle,pending-verified-transcript-after-source-repair
NU-103,NIMG-143,b912609b7be7294297e108a7a55b5484ff34b7ed,4107.375948747445,20035.544852488623,4586.375948747445,20275.544852488623,958.0,480.0,assets/source-images-added-v002/NIMG-143__b912609b7b.png,L2-087 | L2-086 | L2-085 | L2-089 | L2-088,L2-087: can know which constraint has failed | L2-086: transaction + handling db level | error codes with savepoints | L2-085: transaction + just returning | error result on some db level | error codes | L2-089: examples of handling db level shit | L2-088: transaction rules + db | level defense impl examples,RB05-lower,pending-verified-transcript-after-source-repair
NU-104,NIMG-067,6035a2e8864a48a25d4bc8dbb6940de835b52e64,19795.140975454524,13548.737594925225,20257.640975454524,13754.237594925225,925.0,411.0,assets/source-images-added-v002/NIMG-067__6035a2e886.png,L2-091 | L2-092 | L2-090 | L2-109 | L2-107,"L2-091: there are a lot of transient error codes and | if you want someting specific- you should i this | L2-092: !!!! | L2-090: about code of sqlserver that are retryable by | default or not | L2-109: different sql server error codes, what can do with each | L2-107: -2 execution timeout",RB03-middle,pending-verified-transcript-after-source-repair
NU-105,NIMG-173,de2836a30436dda18f8ee8f82585faddebd17a3f,19780.70686136107,14041.73001419347,20247.20686136107,14183.73001419347,933.0,284.0,assets/source-images-added-v002/NIMG-173__de2836a304.png,L2-092 | L2-091 | L2-090 | L2-109 | L2-107,"L2-092: !!!! | L2-091: there are a lot of transient error codes and | if you want someting specific- you should i this | L2-090: about code of sqlserver that are retryable by | default or not | L2-109: different sql server error codes, what can do with each | L2-107: -2 execution timeout",RB03-middle,pending-verified-transcript-after-source-repair
NU-106,NIMG-097,8597afc46c8e8e95b01caa1eb792b2d756460ed7,23018.018482201784,12343.076641935795,23758.518482201784,12509.576641935795,1481.0,333.0,assets/source-images-added-v002/NIMG-097__8597afc46c.png,L2-113 | L2-112 | L2-107 | L2-109 | L2-104,"L2-113: summary | L2-112: helper | L2-107: -2 execution timeout | L2-109: different sql server error codes, what can do with each | L2-104: 1205 transaction deadlock",RB03-middle,pending-verified-transcript-after-source-repair
NU-107,NIMG-003,03920fabdb08397de6a394f0cd2809fa20671b66,23014.518177026002,12685.910000700444,23758.518177026002,12887.910000700444,1488.0,404.0,assets/source-images-added-v002/NIMG-003__03920fabdb.png,L2-113 | L2-112 | L2-107 | L2-104 | L2-109,"L2-113: summary | L2-112: helper | L2-107: -2 execution timeout | L2-104: 1205 transaction deadlock | L2-109: different sql server error codes, what can do with each",RB03-middle,pending-verified-transcript-after-source-repair
NU-108,NIMG-069,60d7aa74dca283419076b9ec9352761bc78e8d19,23262.97186657315,14650.86842420562,23634.47186657315,14827.86842420562,743.0,354.0,assets/source-images-added-v002/NIMG-069__60d7aa74dc.png,L2-104 | L2-107 | L2-105 | L2-112 | L2-106,"L2-104: 1205 transaction deadlock | L2-107: -2 execution timeout | L2-105: 1222 transaction lock timeout | L2-112: helper | L2-106: 3960 snapshot write,but | state is inconsistent",RB03-middle,pending-verified-transcript-after-source-repair
NU-109,NIMG-136,af034c161dd8d6c16b390446a26c7f4bc56c5bae,23260.004701743124,15187.574291299765,23712.504701743124,15347.574291299765,905.0,320.0,assets/source-images-added-v002/NIMG-136__af034c161d.png,L2-105 | L2-104 | L2-107 | L2-106 | L2-112,"L2-105: 1222 transaction lock timeout | L2-104: 1205 transaction deadlock | L2-107: -2 execution timeout | L2-106: 3960 snapshot write,but | state is inconsistent | L2-112: helper",RB04-lower-middle,pending-verified-transcript-after-source-repair
NU-110,NIMG-017,20c0221ff8dc014a8b5b2dffde47231d888efe97,23259.64522461894,15720.487218067154,23703.14522461894,15891.487218067154,887.0,342.0,assets/source-images-added-v002/NIMG-017__20c0221ff8.png,L2-105 | L2-106 | L2-104 | L2-108 | L2-093,"L2-105: 1222 transaction lock timeout | L2-106: 3960 snapshot write,but | state is inconsistent | L2-104: 1205 transaction deadlock | L2-108: 515 buisness failure, insert null | into nonnullable | L2-093: when you write in snapshot transaction | and the data that you ve read was changed | you will get exception with 3960",RB04-lower-middle,pending-verified-transcript-after-source-repair
NU-111,NIMG-186,f877a208bd923c1e494438e22eb1979df79a434e,23344.19531476469,18779.14315630914,23819.69531476469,18956.14315630914,951.0,354.0,assets/source-images-added-v002/NIMG-186__f877a208bd.png,L2-102 | L2-101 | L2-100 | L2-108 | L2-097,"L2-102: 547 buisness failure | L2-101: 2601 and 2627 | buisness failures | L2-100: ef core/ code mapping | 547,2601, 2627 | L2-108: 515 buisness failure, insert null | into nonnullable | L2-097: cases with 547",RB04-lower-middle,pending-verified-transcript-after-source-repair
NU-112,NIMG-002,025e723719a329e82ae3553ff4d39468efee0e61,23404.60031501848,19554.712496757536,23861.10031501848,19713.712496757536,913.0,318.0,assets/source-images-added-v002/NIMG-002__025e723719.png,L2-102 | L2-101 | L2-097 | L2-100 | L2-096,"L2-102: 547 buisness failure | L2-101: 2601 and 2627 | buisness failures | L2-097: cases with 547 | L2-100: ef core/ code mapping | 547,2601, 2627 | L2-096: 547 foreign key",RB04-lower-middle,pending-verified-transcript-after-source-repair
NU-113,NIMG-048,45ee8f8d5e57f3cf7cdab07b152ebac793ee9e81,23259.155531489836,17056.656476656623,23736.655531489836,17198.156476656623,955.0,283.0,assets/source-images-added-v002/NIMG-048__45ee8f8d5e.png,L2-108 | L2-100 | L2-106 | L2-093 | L2-101,"L2-108: 515 buisness failure, insert null | into nonnullable | L2-100: ef core/ code mapping | 547,2601, 2627 | L2-106: 3960 snapshot write,but | state is inconsistent | L2-093: when you write in snapshot transaction | and the data that you ve read was changed | you will get exception with 3960 | L2-101: 2601 and 2627 | buisness failures",RB04-lower-middle,pending-verified-transcript-after-source-repair
NU-114,NIMG-039,38d5ec11ba2ce22380b2e4450ba5624fd6869e0a,23243.655582352465,16539.823224703498,23708.655582352465,16700.823224703498,930.0,322.0,assets/source-images-added-v002/NIMG-039__38d5ec11ba.png,L2-108 | L2-106 | L2-100 | L2-093 | L2-105,"L2-108: 515 buisness failure, insert null | into nonnullable | L2-106: 3960 snapshot write,but | state is inconsistent | L2-100: ef core/ code mapping | 547,2601, 2627 | L2-093: when you write in snapshot transaction | and the data that you ve read was changed | you will get exception with 3960 | L2-105: 1222 transaction lock timeout",RB04-lower-middle,pending-verified-transcript-after-source-repair
NU-115,NIMG-068,606a85e578bbce9d90620876d7e47f8682b3df6d,24953.909271557746,16843.27659999577,25372.909271557746,17039.27659999577,838.0,392.0,assets/source-images-added-v002/NIMG-068__606a85e578.png,L2-093 | L2-108 | L2-100 | L2-106 | L2-094,"L2-093: when you write in snapshot transaction | and the data that you ve read was changed | you will get exception with 3960 | L2-108: 515 buisness failure, insert null | into nonnullable | L2-100: ef core/ code mapping | 547,2601, 2627 | L2-106: 3960 snapshot write,but | state is inconsistent | L2-094: so it can happen with | readcommitted(on example most likey it) | and/or with serializable",RB04-lower-middle,pending-verified-transcript-after-source-repair
NU-116,NIMG-169,d7dbb7cb8e67a6f46505b2e717122108baf9905c,24944.66863415695,17272.71309824416,25352.16863415695,17467.21309824416,815.0,389.0,assets/source-images-added-v002/NIMG-169__d7dbb7cb8e.png,L2-093 | L2-100 | L2-108 | L2-101 | L2-106,"L2-093: when you write in snapshot transaction | and the data that you ve read was changed | you will get exception with 3960 | L2-100: ef core/ code mapping | 547,2601, 2627 | L2-108: 515 buisness failure, insert null | into nonnullable | L2-101: 2601 and 2627 | buisness failures | L2-106: 3960 snapshot write,but | state is inconsistent",RB04-lower-middle,pending-verified-transcript-after-source-repair
NU-117,NIMG-031,320b1057d4b8a048177c1b50e6fc2593f265c636,24955.501831856607,17685.731639368292,25365.501831856607,17825.731639368292,820.0,280.0,assets/source-images-added-v002/NIMG-031__320b1057d4.png,L2-093 | L2-100 | L2-101 | L2-108 | L2-102,"L2-093: when you write in snapshot transaction | and the data that you ve read was changed | you will get exception with 3960 | L2-100: ef core/ code mapping | 547,2601, 2627 | L2-101: 2601 and 2627 | buisness failures | L2-108: 515 buisness failure, insert null | into nonnullable | L2-102: 547 buisness failure",RB04-lower-middle,pending-verified-transcript-after-source-repair
NU-118,NIMG-045,41e4f03b108ad489351c0bc7ec52e6f1a02c883f,24946.520440797576,18020.231639368292,25364.020440797576,18185.731639368292,835.0,331.0,assets/source-images-added-v002/NIMG-045__41e4f03b10.png,L2-093 | L2-101 | L2-100 | L2-102 | L2-108,"L2-093: when you write in snapshot transaction | and the data that you ve read was changed | you will get exception with 3960 | L2-101: 2601 and 2627 | buisness failures | L2-100: ef core/ code mapping | 547,2601, 2627 | L2-102: 547 buisness failure | L2-108: 515 buisness failure, insert null | into nonnullable",RB04-lower-middle,pending-verified-transcript-after-source-repair
NU-119,NIMG-156,c962910bd2691d0e2536cc07b80d5e360183a8b2,24933.853638497232,18400.509417146073,25337.353638497232,18483.509417146073,807.0,166.0,assets/source-images-added-v002/NIMG-156__c962910bd2.png,L2-093 | L2-101 | L2-102 | L2-100 | L2-108,"L2-093: when you write in snapshot transaction | and the data that you ve read was changed | you will get exception with 3960 | L2-101: 2601 and 2627 | buisness failures | L2-102: 547 buisness failure | L2-100: ef core/ code mapping | 547,2601, 2627 | L2-108: 515 buisness failure, insert null | into nonnullable",RB04-lower-middle,pending-verified-transcript-after-source-repair
NU-120,NIMG-001,022cfbdb75ab24dde4bc403f1cbda6989a9d665b,24931.520440797576,18621.43538828323,25324.020440797576,18809.43538828323,785.0,376.0,assets/source-images-added-v002/NIMG-001__022cfbdb75.png,L2-102 | L2-101 | L2-093 | L2-100 | L2-108,"L2-102: 547 buisness failure | L2-101: 2601 and 2627 | buisness failures | L2-093: when you write in snapshot transaction | and the data that you ve read was changed | you will get exception with 3960 | L2-100: ef core/ code mapping | 547,2601, 2627 | L2-108: 515 buisness failure, insert null | into nonnullable",RB04-lower-middle,pending-verified-transcript-after-source-repair
NU-121,NIMG-037,3560ed7645d2c58b2aedcaa2b257769c499f8e85,24946.705580771537,19062.32427717212,25269.205580771537,19138.32427717212,645.0,152.0,assets/source-images-added-v002/NIMG-037__3560ed7645.png,L2-102 | L2-101 | L2-100 | L2-093 | L2-108,"L2-102: 547 buisness failure | L2-101: 2601 and 2627 | buisness failures | L2-100: ef core/ code mapping | 547,2601, 2627 | L2-093: when you write in snapshot transaction | and the data that you ve read was changed | you will get exception with 3960 | L2-108: 515 buisness failure, insert null | into nonnullable",RB04-lower-middle,pending-verified-transcript-after-source-repair
NU-122,NIMG-123,a665a9bb35415e718a54313a742584a28bf8c9fe,23231.4200990007,13263.317895871665,23610.9200990007,13465.317895871665,759.0,404.0,assets/source-images-added-v002/NIMG-123__a665a9bb35.png,L2-113 | L2-112 | L2-107 | L2-104 | L2-105,L2-113: summary | L2-112: helper | L2-107: -2 execution timeout | L2-104: 1205 transaction deadlock | L2-105: 1222 transaction lock timeout,RB03-middle,pending-verified-transcript-after-source-repair
NU-123,NIMG-163,cfe9addf3daa7faa9b75fdf8fc42e8232b1b7d59,23251.452469922966,13664.447522165787,23659.952469922966,13793.447522165787,817.0,258.0,assets/source-images-added-v002/NIMG-163__cfe9addf3d.png,L2-112 | L2-113 | L2-107 | L2-104 | L2-105,L2-112: helper | L2-113: summary | L2-107: -2 execution timeout | L2-104: 1205 transaction deadlock | L2-105: 1222 transaction lock timeout,RB03-middle,pending-verified-transcript-after-source-repair
NU-124,NIMG-042,3e113f6aa71055f8bde387e1a8b992087e2f5780,23241.67159369809,14056.87807465654,23636.17159369809,14261.87807465654,789.0,410.0,assets/source-images-added-v002/NIMG-042__3e113f6aa7.png,L2-112 | L2-107 | L2-104 | L2-113 | L2-105,L2-112: helper | L2-107: -2 execution timeout | L2-104: 1205 transaction deadlock | L2-113: summary | L2-105: 1222 transaction lock timeout,RB03-middle,pending-verified-transcript-after-source-repair
NU-125,NIMG-145,bb2c695afedd4834ff452303fca07edc2b93a746,22229.550861799376,19138.816834959856,22551.050861799376,19379.816834959856,643.0,482.0,assets/source-images-added-v002/NIMG-145__bb2c695afe.png,L2-102 | L2-101 | L2-097 | L2-096 | L2-100,"L2-102: 547 buisness failure | L2-101: 2601 and 2627 | buisness failures | L2-097: cases with 547 | L2-096: 547 foreign key | L2-100: ef core/ code mapping | 547,2601, 2627",RB04-lower-middle,pending-verified-transcript-after-source-repair
NU-126,NIMG-065,559a760156e9cadfe0c63ae02efb025d55299569,22266.520222379266,20187.663537898858,22608.020222379266,20428.663537898858,683.0,482.0,assets/source-images-added-v002/NIMG-065__559a760156.png,L2-097 | L2-096 | L2-102 | L2-101 | L2-103,L2-097: cases with 547 | L2-096: 547 foreign key | L2-102: 547 buisness failure | L2-101: 2601 and 2627 | buisness failures | L2-103: just like with primary key but with commposite key,RB05-lower,pending-verified-transcript-after-source-repair
NU-127,NIMG-085,7050caa680610135a2d9e49c7a7f0e538c37a5aa,22026.11218859426,16983.23522391005,22438.61218859426,17224.23522391005,825.0,482.0,assets/source-images-added-v002/NIMG-085__7050caa680.png,L2-108 | L2-100 | L2-106 | L2-101 | L2-105,"L2-108: 515 buisness failure, insert null | into nonnullable | L2-100: ef core/ code mapping | 547,2601, 2627 | L2-106: 3960 snapshot write,but | state is inconsistent | L2-101: 2601 and 2627 | buisness failures | L2-105: 1222 transaction lock timeout",RB04-lower-middle,pending-verified-transcript-after-source-repair
NU-128,NIMG-087,74db9077c8f26c78639cc282b8303d54ceb120d5,24690.39661547875,15249.519427377478,25094.39661547875,15490.519427377478,808.0,482.0,assets/source-images-added-v002/NIMG-087__74db9077c8.png,L2-093 | L2-094 | L2-105 | L2-104 | L2-106,"L2-093: when you write in snapshot transaction | and the data that you ve read was changed | you will get exception with 3960 | L2-094: so it can happen with | readcommitted(on example most likey it) | and/or with serializable | L2-105: 1222 transaction lock timeout | L2-104: 1205 transaction deadlock | L2-106: 3960 snapshot write,but | state is inconsistent",RB04-lower-middle,pending-verified-transcript-after-source-repair
NU-129,NIMG-025,2d650d5b91bb7f071a0673b8dd54a1953a4e7afd,24703.596618084215,15777.37707569025,25046.596618084215,16018.37707569025,686.0,482.0,assets/source-images-added-v002/NIMG-025__2d650d5b91.png,L2-093 | L2-094 | L2-106 | L2-105 | L2-108,"L2-093: when you write in snapshot transaction | and the data that you ve read was changed | you will get exception with 3960 | L2-094: so it can happen with | readcommitted(on example most likey it) | and/or with serializable | L2-106: 3960 snapshot write,but | state is inconsistent | L2-105: 1222 transaction lock timeout | L2-108: 515 buisness failure, insert null | into nonnullable",RB04-lower-middle,pending-verified-transcript-after-source-repair
NU-130,NIMG-011,17a062fdb036793f1999a0a0f8117e0a013a59a7,21997.598835957142,15685.463937584494,22438.598835957142,15875.963937584494,882.0,381.0,assets/source-images-added-v002/NIMG-011__17a062fdb0.png,L2-105 | L2-106 | L2-104 | L2-108 | L2-107,"L2-105: 1222 transaction lock timeout | L2-106: 3960 snapshot write,but | state is inconsistent | L2-104: 1205 transaction deadlock | L2-108: 515 buisness failure, insert null | into nonnullable | L2-107: -2 execution timeout",RB04-lower-middle,pending-verified-transcript-after-source-repair
NU-131,NIMG-153,c4a67f1e0ae51f8adfe8fcd59655e8ecef2cbaef,21993.44223408022,16092.777074292148,22402.94223408022,16267.277074292148,819.0,349.0,assets/source-images-added-v002/NIMG-153__c4a67f1e0a.png,L2-106 | L2-105 | L2-108 | L2-104 | L2-100,"L2-106: 3960 snapshot write,but | state is inconsistent | L2-105: 1222 transaction lock timeout | L2-108: 515 buisness failure, insert null | into nonnullable | L2-104: 1205 transaction deadlock | L2-100: ef core/ code mapping | 547,2601, 2627",RB04-lower-middle,pending-verified-transcript-after-source-repair
NU-132,NIMG-142,b855296309f514c0ab4770b7883176a8bec266c4,24789.278353550493,14512.569233055141,25204.778353550493,14704.569233055141,831.0,384.0,assets/source-images-added-v002/NIMG-142__b855296309.png,L2-094 | L2-093 | L2-104 | L2-112 | L2-107,L2-094: so it can happen with | readcommitted(on example most likey it) | and/or with serializable | L2-093: when you write in snapshot transaction | and the data that you ve read was changed | you will get exception with 3960 | L2-104: 1205 transaction deadlock | L2-112: helper | L2-107: -2 execution timeout,RB03-middle,pending-verified-transcript-after-source-repair
NU-133,NIMG-038,36e55b6d7d0e3cf130dc8bc7d1c341769d3bdc81,26165.588268196898,15253.124049877193,26726.588268196898,15401.624049877193,1122.0,297.0,assets/source-images-added-v002/NIMG-038__36e55b6d7d.png,L2-094 | L2-093 | L2-105 | L2-104 | L2-106,"L2-094: so it can happen with | readcommitted(on example most likey it) | and/or with serializable | L2-093: when you write in snapshot transaction | and the data that you ve read was changed | you will get exception with 3960 | L2-105: 1222 transaction lock timeout | L2-104: 1205 transaction deadlock | L2-106: 3960 snapshot write,but | state is inconsistent",RB04-lower-middle,pending-verified-transcript-after-source-repair
NU-134,NIMG-133,ac9498e41bf25c7169abed02e038ac9a98f1dfdc,26181.54895600866,15568.48268362407,26741.54895600866,15773.98268362407,1120.0,411.0,assets/source-images-added-v002/NIMG-133__ac9498e41b.png,L2-094 | L2-093 | L2-105 | L2-106 | L2-108,"L2-094: so it can happen with | readcommitted(on example most likey it) | and/or with serializable | L2-093: when you write in snapshot transaction | and the data that you ve read was changed | you will get exception with 3960 | L2-105: 1222 transaction lock timeout | L2-106: 3960 snapshot write,but | state is inconsistent | L2-108: 515 buisness failure, insert null | into nonnullable",RB04-lower-middle,pending-verified-transcript-after-source-repair
NU-135,NIMG-159,cb30db85b7af997359d9b8176f2e93435d68ed14,26191.93147601255,16013.867424036745,26786.43147601255,16136.367424036745,1189.0,245.0,assets/source-images-added-v002/NIMG-159__cb30db85b7.png,L2-094 | L2-093 | L2-106 | L2-108 | L2-105,"L2-094: so it can happen with | readcommitted(on example most likey it) | and/or with serializable | L2-093: when you write in snapshot transaction | and the data that you ve read was changed | you will get exception with 3960 | L2-106: 3960 snapshot write,but | state is inconsistent | L2-108: 515 buisness failure, insert null | into nonnullable | L2-105: 1222 transaction lock timeout",RB04-lower-middle,pending-verified-transcript-after-source-repair
NU-136,NIMG-078,6cad9c9963618616f15373c1204fc36a8c888d78,23301.578214978646,17959.95374377557,23814.578214978646,18200.95374377557,1026.0,482.0,assets/source-images-added-v002/NIMG-078__6cad9c9963.png,L2-101 | L2-100 | L2-102 | L2-108 | L2-106,"L2-101: 2601 and 2627 | buisness failures | L2-100: ef core/ code mapping | 547,2601, 2627 | L2-102: 547 buisness failure | L2-108: 515 buisness failure, insert null | into nonnullable | L2-106: 3960 snapshot write,but | state is inconsistent",RB04-lower-middle,pending-verified-transcript-after-source-repair
NU-137,NIMG-171,d9906bbae7b0f1462e73d1666ac1d936ee41e513,20460.540630595322,19275.24044563894,20993.040630595322,19414.74044563894,1065.0,279.0,assets/source-images-added-v002/NIMG-171__d9906bbae7.png,L2-110 | L2-098 | L2-097 | L2-103 | L2-111,L2-110: unique index | L2-098: cases with 2601 | L2-097: cases with 547 | L2-103: just like with primary key but with commposite key | L2-111: primary key | alternate key (unique constraint),RB04-lower-middle,pending-verified-transcript-after-source-repair
NU-138,NIMG-036,34dfadf165997bbf26a9f2cb309a16b64f3c9518,20463.411046176923,19562.298596641856,21043.411046176923,19735.798596641856,1160.0,347.0,assets/source-images-added-v002/NIMG-036__34dfadf165.png,L2-110 | L2-098 | L2-103 | L2-097 | L2-096,L2-110: unique index | L2-098: cases with 2601 | L2-103: just like with primary key but with commposite key | L2-097: cases with 547 | L2-096: 547 foreign key,RB04-lower-middle,pending-verified-transcript-after-source-repair
NU-139,NIMG-020,251d07068c5e76442e1f9cf29e5d192443377ed3,20482.225838386123,19914.298664458693,20938.225838386123,20095.798664458693,912.0,363.0,assets/source-images-added-v002/NIMG-020__251d07068c.png,L2-110 | L2-103 | L2-098 | L2-097 | L2-096,L2-110: unique index | L2-103: just like with primary key but with commposite key | L2-098: cases with 2601 | L2-097: cases with 547 | L2-096: 547 foreign key,RB04-lower-middle,pending-verified-transcript-after-source-repair
NU-140,NIMG-100,87d19190d751113a5cfbf6a45ea521b8a1bee222,20477.873963928658,20275.187485530747,21006.373963928658,20464.687485530747,1057.0,379.0,assets/source-images-added-v002/NIMG-100__87d19190d7.png,L2-103 | L2-097 | L2-096 | L2-110 | L2-098,L2-103: just like with primary key but with commposite key | L2-097: cases with 547 | L2-096: 547 foreign key | L2-110: unique index | L2-098: cases with 2601,RB05-lower,pending-verified-transcript-after-source-repair
NU-141,NIMG-152,c04634a9d0502ed3166b85b6762571e65b288cb0,20465.559171719455,20664.780123334564,21031.559171719455,20737.280123334564,1132.0,145.0,assets/source-images-added-v002/NIMG-152__c04634a9d0.png,L2-103 | L2-096 | L2-097 | L2-110 | L2-098,L2-103: just like with primary key but with commposite key | L2-096: 547 foreign key | L2-097: cases with 547 | L2-110: unique index | L2-098: cases with 2601,RB05-lower,pending-verified-transcript-after-source-repair
NU-142,NIMG-035,34ac93d4ad9e5c16dcc59d524d1ce6944c374665,20450.0036161639,20813.835746706958,21036.0036161639,20972.835746706958,1172.0,318.0,assets/source-images-added-v002/NIMG-035__34ac93d4ad.png,L2-103 | L2-096 | L2-097 | L2-110 | L2-095,L2-103: just like with primary key but with commposite key | L2-096: 547 foreign key | L2-097: cases with 547 | L2-110: unique index | L2-095: 547 check constraint,RB05-lower,pending-verified-transcript-after-source-repair
NU-143,NIMG-032,33404c3ba1fbdebcaef7c87b5c1d5cc11aab7429,19044.307542177667,19246.999604787627,19488.807542177667,19433.999604787627,889.0,374.0,assets/source-images-added-v002/NIMG-032__33404c3ba1.png,L2-111 | L2-099 | L2-110 | L2-098 | L2-103,L2-111: primary key | alternate key (unique constraint) | L2-099: cases with 2627 | L2-110: unique index | L2-098: cases with 2601 | L2-103: just like with primary key but with commposite key,RB04-lower-middle,pending-verified-transcript-after-source-repair
NU-144,NIMG-179,ed03f9568397a9d8a028767d196f56ddd6e598ca,18920.622503928967,19666.343242581584,19473.622503928967,19798.343242581584,1106.0,264.0,assets/source-images-added-v002/NIMG-179__ed03f95683.png,L2-111 | L2-099 | L2-110 | L2-098 | L2-103,L2-111: primary key | alternate key (unique constraint) | L2-099: cases with 2627 | L2-110: unique index | L2-098: cases with 2601 | L2-103: just like with primary key but with commposite key,RB04-lower-middle,pending-verified-transcript-after-source-repair
NU-145,NIMG-184,f43c47286387284ddac2dddec326603d9aba3e43,18918.680009416847,19966.41984872656,19472.180009416847,20152.91984872656,1107.0,373.0,assets/source-images-added-v002/NIMG-184__f43c472863.png,L2-111 | L2-099 | L2-110 | L2-103 | L2-098,L2-111: primary key | alternate key (unique constraint) | L2-099: cases with 2627 | L2-110: unique index | L2-103: just like with primary key but with commposite key | L2-098: cases with 2601,RB04-lower-middle,pending-verified-transcript-after-source-repair
NU-146,NIMG-147,bc83a30be99163ff78b5ca605dbdfb6245f742c5,18910.942059500554,20347.491364491074,19456.942059500554,20501.491364491074,1092.0,308.0,assets/source-images-added-v002/NIMG-147__bc83a30be9.png,L2-103 | L2-111 | L2-099 | L2-110 | L2-098,L2-103: just like with primary key but with commposite key | L2-111: primary key | alternate key (unique constraint) | L2-099: cases with 2627 | L2-110: unique index | L2-098: cases with 2601,RB05-lower,pending-verified-transcript-after-source-repair
NU-147,NIMG-079,6d40a5edcf8bfa287a38e8026bc4bc3f97272648,18883.941885114393,20681.943774507818,19456.941885114393,20882.443774507818,1146.0,401.0,assets/source-images-added-v002/NIMG-079__6d40a5edcf.png,L2-103 | L2-111 | L2-099 | L2-110 | L2-098,L2-103: just like with primary key but with commposite key | L2-111: primary key | alternate key (unique constraint) | L2-099: cases with 2627 | L2-110: unique index | L2-098: cases with 2601,RB05-lower,pending-verified-transcript-after-source-repair
NU-148,NIMG-018,223b5e49ebe5219dcc2d8710b51a7f2245dd9d64,18891.965810895643,21091.062793062505,19386.465810895643,21210.062793062505,989.0,238.0,assets/source-images-added-v002/NIMG-018__223b5e49eb.png,L2-103 | L2-111 | L2-099 | L2-110 | L2-098,L2-103: just like with primary key but with commposite key | L2-111: primary key | alternate key (unique constraint) | L2-099: cases with 2627 | L2-110: unique index | L2-098: cases with 2601,RB05-lower,pending-verified-transcript-after-source-repair
NU-149,NIMG-102,8a5e9e7b51cba77bd8d87e7024d7961037a8b5bc,18826.77527657645,21347.610470238847,19390.27527657645,21429.110470238847,1127.0,163.0,assets/source-images-added-v002/NIMG-102__8a5e9e7b51.png,L2-103 | L2-111 | L2-110 | L2-099 | L2-096,L2-103: just like with primary key but with commposite key | L2-111: primary key | alternate key (unique constraint) | L2-110: unique index | L2-099: cases with 2627 | L2-096: 547 foreign key,RB05-lower,pending-verified-transcript-after-source-repair
NU-150,NIMG-166,d35424fae34602c48f4402627443d9a07ddda026,18811.370543736044,21516.80083017188,19388.370543736044,21745.30083017188,1154.0,457.0,assets/source-images-added-v002/NIMG-166__d35424fae3.png,L2-103 | L2-111 | L2-096 | L2-110 | L2-095,L2-103: just like with primary key but with commposite key | L2-111: primary key | alternate key (unique constraint) | L2-096: 547 foreign key | L2-110: unique index | L2-095: 547 check constraint,RB05-lower,pending-verified-transcript-after-source-repair
NU-151,NIMG-114,968ab84dc7c55087beb881a81c0b1fba3108af28,22196.608545968185,20818.94333854242,22611.608545968185,20930.44333854242,830.0,223.0,assets/source-images-added-v002/NIMG-114__968ab84dc7.png,L2-097 | L2-096 | L2-102 | L2-095 | L2-103,L2-097: cases with 547 | L2-096: 547 foreign key | L2-102: 547 buisness failure | L2-095: 547 check constraint | L2-103: just like with primary key but with commposite key,RB05-lower,pending-verified-transcript-after-source-repair
NU-152,NIMG-127,a93827718d8c339b86b77bb21090103e803eb297,22163.061008300774,21230.84849862891,22596.561008300774,21428.34849862891,867.0,395.0,assets/source-images-added-v002/NIMG-127__a93827718d.png,L2-096 | L2-097 | L2-095 | L2-103 | L2-102,L2-096: 547 foreign key | L2-097: cases with 547 | L2-095: 547 check constraint | L2-103: just like with primary key but with commposite key | L2-102: 547 buisness failure,RB05-lower,pending-verified-transcript-after-source-repair
NU-153,NIMG-077,6c647b1fecb294b96b64b9a8669267c2885e6943,22106.227695312493,21724.681811617193,22655.227695312493,21889.681811617193,1098.0,330.0,assets/source-images-added-v002/NIMG-077__6c647b1fec.png,L2-096 | L2-095 | L2-097 | L2-103 | L2-102,L2-096: 547 foreign key | L2-095: 547 check constraint | L2-097: cases with 547 | L2-103: just like with primary key but with commposite key | L2-102: 547 buisness failure,RB05-lower,pending-verified-transcript-after-source-repair
NU-154,NIMG-175,df145a8eecc0255ad9686eff48f913fae884de7d,22076.22775634765,22094.348437593755,22627.22775634765,22216.348437593755,1102.0,244.0,assets/source-images-added-v002/NIMG-175__df145a8eec.png,L2-095 | L2-096 | L2-097 | L2-103 | L2-102,L2-095: 547 check constraint | L2-096: 547 foreign key | L2-097: cases with 547 | L2-103: just like with primary key but with commposite key | L2-102: 547 buisness failure,RB05-lower,pending-verified-transcript-after-source-repair
NU-155,NIMG-024,2add72c59a966fa9e89f33145230d360b0d0ad94,22058.727634277337,22348.015124605474,22615.227634277337,22551.015124605474,1113.0,406.0,assets/source-images-added-v002/NIMG-024__2add72c59a.png,L2-095 | L2-096 | L2-097 | L2-103 | L2-102,L2-095: 547 check constraint | L2-096: 547 foreign key | L2-097: cases with 547 | L2-103: just like with primary key but with commposite key | L2-102: 547 buisness failure,RB05-lower,pending-verified-transcript-after-source-repair
NU-156,NIMG-150,bed65369c86708f4758053f98037e1ac6666c813,22065.138713837685,23017.85893564063,22504.638713837685,23258.85893564063,879.0,482.0,assets/source-images-added-v002/NIMG-150__bed65369c8.png,L2-095 | L2-096 | L2-097 | L2-103 | L2-102,L2-095: 547 check constraint | L2-096: 547 foreign key | L2-097: cases with 547 | L2-103: just like with primary key but with commposite key | L2-102: 547 buisness failure,RB05-lower,pending-verified-transcript-after-source-repair
NU-157,NIMG-119,9ffa92ffde484701e9825e6c5b40fb3b6263b5dc,22046.612682407915,23532.525500582036,22512.612682407915,23773.525500582036,932.0,482.0,assets/source-images-added-v002/NIMG-119__9ffa92ffde.png,L2-095 | L2-096 | L2-097 | L2-103 | L2-102,L2-095: 547 check constraint | L2-096: 547 foreign key | L2-097: cases with 547 | L2-103: just like with primary key but with commposite key | L2-102: 547 buisness failure,RB05-lower,pending-verified-transcript-after-source-repair
NU-158,NIMG-015,1de4ad879908e8746075a11dc61a6f2a1b896f1b,15856.572409665816,17680.365896307783,16330.572409665816,17800.365896307783,948.0,240.0,assets/source-images-added-v002/NIMG-015__1de4ad8799.png,L2-115 | L2-114 | L2-047 | L2-054 | L2-053,"L2-115: we have exception types based on the actoin , not the type of problem | like exception during update | L2-114: do we have some specific db exception] | for connection drop? | L2-047: can we have exhaust check? | L2-054: !!!! | L2-053: !!!!",RB04-lower-middle,pending-verified-transcript-after-source-repair
NU-159,NIMG-107,8f6983f4472fad7f6afe6b7f5953b70e5ba2af45,15817.170267428712,17990.346291353555,16354.170267428712,18124.346291353555,1074.0,268.0,assets/source-images-added-v002/NIMG-107__8f6983f447.png,L2-115 | L2-114 | L2-047 | L2-054 | L2-053,"L2-115: we have exception types based on the actoin , not the type of problem | like exception during update | L2-114: do we have some specific db exception] | for connection drop? | L2-047: can we have exhaust check? | L2-054: !!!! | L2-053: !!!!",RB04-lower-middle,pending-verified-transcript-after-source-repair
NU-160,NIMG-134,ad095d8d4a0fb1bb2610a26197d819811b37f1da,22079.11053466797,14680.389170328777,22569.11053466797,14804.889170328777,980.0,249.0,assets/source-images-added-v002/NIMG-134__ad095d8d4a.png,L2-107 | L2-104 | L2-105 | L2-112 | L2-106,"L2-107: -2 execution timeout | L2-104: 1205 transaction deadlock | L2-105: 1222 transaction lock timeout | L2-112: helper | L2-106: 3960 snapshot write,but | state is inconsistent",RB03-middle,pending-verified-transcript-after-source-repair
NU-161,NIMG-064,546baeaca4174a59ed06c3a31a0f9f709115ffd5,604.9993896484375,6039.6207173106395,1189.9993896484375,6113.6207173106395,1170.0,148.0,assets/source-images-added-v002/NIMG-064__546baeaca4.png,L2-120 | L2-121 | L2-075 | L2-042 | L2-043,L2-120: can i select from some random table | even if i query from customers dbset | L2-121: !!! | L2-075: MEMORY OVERHEAD WITH IDENTITY RESOL | COMPARED WITH ASNOTRACKING AND TRACKING | L2-042: use asnotrackingwithidentityresolution for ef core reads by default? | L2-043: when useful,RB02-upper-middle,pending-verified-transcript-after-source-repair
NU-162,NIMG-074,6940d536876c7d38d1bbe028589d8090a789ab23,606.1691909695255,6233.858841613097,1111.1691909695255,6448.858841613097,1010.0,430.0,assets/source-images-added-v002/NIMG-074__6940d53687.png,L2-120 | L2-121 | L2-075 | L2-042 | L2-043,L2-120: can i select from some random table | even if i query from customers dbset | L2-121: !!! | L2-075: MEMORY OVERHEAD WITH IDENTITY RESOL | COMPARED WITH ASNOTRACKING AND TRACKING | L2-042: use asnotrackingwithidentityresolution for ef core reads by default? | L2-043: when useful,RB02-upper-middle,pending-verified-transcript-after-source-repair
NU-163,NIMG-016,1ec1564104782a5d59d0c61bcf24336509ff14a7,614.4517124720987,6703.573083730846,1150.9517124720987,6894.573083730846,1073.0,382.0,assets/source-images-added-v002/NIMG-016__1ec1564104.png,L2-121 | L2-120 | L2-043 | L2-042 | L2-075,L2-121: !!! | L2-120: can i select from some random table | even if i query from customers dbset | L2-043: when useful | L2-042: use asnotrackingwithidentityresolution for ef core reads by default? | L2-075: MEMORY OVERHEAD WITH IDENTITY RESOL | COMPARED WITH ASNOTRACKING AND TRACKING,RB02-upper-middle,pending-verified-transcript-after-source-repair
NU-164,NIMG-076,6bb10afe9da659f17ef545aeae4134b8e6b07605,606.689923967635,7111.549288739212,1166.189923967635,7285.049288739212,1119.0,347.0,assets/source-images-added-v002/NIMG-076__6bb10afe9d.png,L2-121 | L2-120 | L2-043 | L2-042 | L2-075,L2-121: !!! | L2-120: can i select from some random table | even if i query from customers dbset | L2-043: when useful | L2-042: use asnotrackingwithidentityresolution for ef core reads by default? | L2-075: MEMORY OVERHEAD WITH IDENTITY RESOL | COMPARED WITH ASNOTRACKING AND TRACKING,RB02-upper-middle,pending-verified-transcript-after-source-repair
NU-165,NIMG-101,89149babeeedce4733a7828fc843d71da41cf8e2,17162.02307043212,3382.5525541312545,17602.02307043212,3623.5525541312545,880.0,482.0,assets/source-images-added-v002/NIMG-101__89149babee.png,L2-118 | L2-005 | L2-001 | L2-002 | L2-036,"L2-118: remove  warnings | dbset | L2-005: need to add somewhere, to some general dbcontext mapping sheet mb | L2-001: efcore can materialise objecteven if all of its columns are null | the fact that you have ? for  your fullname  in client can be not enough | so its better to do the shit excplicit | L2-002: hascheck constraint | L2-036: about transactions isolation level for atomicity",RB01-upper,pending-verified-transcript-after-source-repair
NU-166,NIMG-125,a7ece48d9ca9afb721ed4fcf99aa08103ecf4c36,17154.077997650893,3721.8357252854566,17616.077997650893,3957.8357252854566,924.0,472.0,assets/source-images-added-v002/NIMG-125__a7ece48d9c.png,L2-118 | L2-001 | L2-005 | L2-036 | L2-002,"L2-118: remove  warnings | dbset | L2-001: efcore can materialise objecteven if all of its columns are null | the fact that you have ? for  your fullname  in client can be not enough | so its better to do the shit excplicit | L2-005: need to add somewhere, to some general dbcontext mapping sheet mb | L2-036: about transactions isolation level for atomicity | L2-002: hascheck constraint",RB01-upper,pending-verified-transcript-after-source-repair
NU-167,NIMG-050,4912b3963f3a6960fe7e678773010790a71980c1,17137.951013523907,4293.187657871649,17611.951013523907,4489.687657871649,948.0,393.0,assets/source-images-added-v002/NIMG-050__4912b3963f.png,L2-118 | L2-001 | L2-005 | L2-036 | L2-002,"L2-118: remove  warnings | dbset | L2-001: efcore can materialise objecteven if all of its columns are null | the fact that you have ? for  your fullname  in client can be not enough | so its better to do the shit excplicit | L2-005: need to add somewhere, to some general dbcontext mapping sheet mb | L2-036: about transactions isolation level for atomicity | L2-002: hascheck constraint",RB01-upper,pending-verified-transcript-after-source-repair
NU-168,NIMG-096,854c8516e2345ca24fc3219c1f497c3df6c868a6,25111.596562026512,8444.523065021598,25605.096562026512,8621.023065021598,987.0,353.0,assets/source-images-added-v002/NIMG-096__854c8516e2.png,L2-065 | L2-064 | L2-068 | L2-060 | L2-066,L2-065: why not just retry delegate because | we accepted changes after save changes | L2-064: PROBLEMS WITH REUSING SAME DBCONTEXT | L2-068: normal executeasync will retry when it see ambiguous outcome | so if operation is not idempotent it may be dangerous | L2-060: EXECUTEINTRANSACTIONASYNC | L2-066: IMPLEMENTATION,RB02-upper-middle,pending-verified-transcript-after-source-repair
NU-169,NIMG-075,6a1c0089e07301bf30cb6d558368f4ce6500383c,25149.545311756912,8935.353922518594,25563.045311756912,9176.353922518594,827.0,482.0,assets/source-images-added-v002/NIMG-075__6a1c0089e0.png,L2-065 | L2-064 | L2-068 | L2-060 | L2-066,L2-065: why not just retry delegate because | we accepted changes after save changes | L2-064: PROBLEMS WITH REUSING SAME DBCONTEXT | L2-068: normal executeasync will retry when it see ambiguous outcome | so if operation is not idempotent it may be dangerous | L2-060: EXECUTEINTRANSACTIONASYNC | L2-066: IMPLEMENTATION,RB02-upper-middle,pending-verified-transcript-after-source-repair
NU-170,NIMG-174,de63aa23dfa95ed02897c333570c13ec763f9c02,25146.660470530114,9455.882017470516,25611.660470530114,9659.382017470516,930.0,407.0,assets/source-images-added-v002/NIMG-174__de63aa23df.png,L2-065 | L2-064 | L2-068 | L2-060 | L2-066,L2-065: why not just retry delegate because | we accepted changes after save changes | L2-064: PROBLEMS WITH REUSING SAME DBCONTEXT | L2-068: normal executeasync will retry when it see ambiguous outcome | so if operation is not idempotent it may be dangerous | L2-060: EXECUTEINTRANSACTIONASYNC | L2-066: IMPLEMENTATION,RB02-upper-middle,pending-verified-transcript-after-source-repair
NU-171,NIMG-046,43eaca6041bae5b38e272f3caa8273116bfec932,11675.947948615847,11860.374923653342,12157.947948615847,12075.374923653342,964.0,430.0,assets/source-images-added-v002/NIMG-046__43eaca6041.png,L2-124 | L2-125 | L2-131 | L2-132 | L2-128,"L2-124: want unique value for table after transformation | L2-125: sql server solution + ef core config | L2-131: collation may already solve casing | L2-132: may need more buisness rules | L2-128: triggers are statement | level callbacks, they run | after statement has | succeeded,after constr",RB03-middle,pending-verified-transcript-after-source-repair
NU-172,NIMG-111,93b519ca74e67099a7aebb577ae65d58649237f1,11712.714628095568,12393.035475442864,12058.214628095568,12634.035475442864,691.0,482.0,assets/source-images-added-v002/NIMG-111__93b519ca74.png,L2-125 | L2-124 | L2-127 | L2-128 | L2-131,"L2-125: sql server solution + ef core config | L2-124: want unique value for table after transformation | L2-127: trigger is attached | to table,runs on some | commands | L2-128: triggers are statement | level callbacks, they run | after statement has | succeeded,after constr | L2-131: collation may already solve casing",RB03-middle,pending-verified-transcript-after-source-repair
NU-173,NIMG-030,31a57f8c63e214925274115ff896af45b3c1bfe9,11688.58689778552,12925.964744151855,12213.08689778552,13166.964744151855,1049.0,482.0,assets/source-images-added-v002/NIMG-030__31a57f8c63.png,L2-128 | L2-127 | L2-125 | L2-132 | L2-131,"L2-128: triggers are statement | level callbacks, they run | after statement has | succeeded,after constr | L2-127: trigger is attached | to table,runs on some | commands | L2-125: sql server solution + ef core config | L2-132: may need more buisness rules | L2-131: collation may already solve casing",RB03-middle,pending-verified-transcript-after-source-repair
NU-174,NIMG-172,db42723b587af51641d3b4c62a09290783b6e3da,12777.398959139611,11830.031993884813,13276.398959139611,12001.531993884813,998.0,343.0,assets/source-images-added-v002/NIMG-172__db42723b58.png,L2-131 | L2-130 | L2-132 | L2-128 | L2-124,"L2-131: collation may already solve casing | L2-130: not all comp columns | are indexable/persistable | L2-132: may need more buisness rules | L2-128: triggers are statement | level callbacks, they run | after statement has | succeeded,after constr | L2-124: want unique value for table after transformation",RB03-middle,pending-verified-transcript-after-source-repair
NU-175,NIMG-058,5127ed1a2c03a647292db76e20ae38033d91c5a1,13816.364198810785,11818.89364074897,14220.864198810785,12059.89364074897,809.0,482.0,assets/source-images-added-v002/NIMG-058__5127ed1a2c.png,L2-130 | L2-131 | L2-132 | L2-048 | L2-129,L2-130: not all comp columns | are indexable/persistable | L2-131: collation may already solve casing | L2-132: may need more buisness rules | L2-048: db exceptions | concur | L2-129: iserted | deleted,RB03-middle,pending-verified-transcript-after-source-repair
NU-176,NIMG-141,b775c4bda1443778ade464ef660f547385c52c19,13849.788139640914,12409.457554730094,14319.288139640914,12615.457554730094,939.0,412.0,assets/source-images-added-v002/NIMG-141__b775c4bda1.png,L2-132 | L2-131 | L2-130 | L2-129 | L2-048,L2-132: may need more buisness rules | L2-131: collation may already solve casing | L2-130: not all comp columns | are indexable/persistable | L2-129: iserted | deleted | L2-048: db exceptions | concur,RB03-middle,pending-verified-transcript-after-source-repair
NU-177,NIMG-010,178c1f6b2fa69e4c9017366858483f27387e795d,13849.954566526609,12931.251175248364,14330.954566526609,13156.251175248364,962.0,450.0,assets/source-images-added-v002/NIMG-010__178c1f6b2f.png,L2-129 | L2-132 | L2-131 | L2-050 | L2-128,"L2-129: iserted | deleted | L2-132: may need more buisness rules | L2-131: collation may already solve casing | L2-050: pos concurrency automatic, | not user view driven | retry logic | L2-128: triggers are statement | level callbacks, they run | after statement has | succeeded,after constr",RB03-middle,pending-verified-transcript-after-source-repair
NU-178,NIMG-185,f793ec280a7c1f595332309810de66035d2ebec9,11762.311141688413,14201.738032045521,12250.311141688413,14402.238032045521,976.0,401.0,assets/source-images-added-v002/NIMG-185__f793ec280a.png,L2-127 | L2-128 | L2-126 | L2-129 | L2-132,"L2-127: trigger is attached | to table,runs on some | commands | L2-128: triggers are statement | level callbacks, they run | after statement has | succeeded,after constr | L2-126: cant have overlapping | active bookings | L2-129: iserted | deleted | L2-132: may need more buisness rules",RB03-middle,pending-verified-transcript-after-source-repair
NU-179,NIMG-190,fe0f0528d89986aadc6ce51022db77873b38765d,11750.311141688413,14657.737971010365,12214.311141688413,14774.237971010365,928.0,233.0,assets/source-images-added-v002/NIMG-190__fe0f0528d8.png,L2-127 | L2-128 | L2-126 | L2-129 | L2-123,"L2-127: trigger is attached | to table,runs on some | commands | L2-128: triggers are statement | level callbacks, they run | after statement has | succeeded,after constr | L2-126: cant have overlapping | active bookings | L2-129: iserted | deleted | L2-123: view/indexed view",RB03-middle,pending-verified-transcript-after-source-repair
NU-180,NIMG-083,6ed7b6c85966a5ddfba2dee50e457f0f363b77f5,11761.811141688413,14929.404596986928,12214.311141688413,15128.904596986928,905.0,399.0,assets/source-images-added-v002/NIMG-083__6ed7b6c859.png,L2-127 | L2-128 | L2-123 | L2-126 | L2-129,"L2-127: trigger is attached | to table,runs on some | commands | L2-128: triggers are statement | level callbacks, they run | after statement has | succeeded,after constr | L2-123: view/indexed view | L2-126: cant have overlapping | active bookings | L2-129: iserted | deleted",RB03-middle,pending-verified-transcript-after-source-repair
NU-181,NIMG-138,b4f31705d1c9c4fe6655636abd6d9c53df21cc88,12826.718442849438,14192.200990487365,13298.718442849438,14249.200990487365,944.0,114.0,assets/source-images-added-v002/NIMG-138__b4f31705d1.png,L2-128 | L2-129 | L2-132 | L2-127 | L2-131,"L2-128: triggers are statement | level callbacks, they run | after statement has | succeeded,after constr | L2-129: iserted | deleted | L2-132: may need more buisness rules | L2-127: trigger is attached | to table,runs on some | commands | L2-131: collation may already solve casing",RB03-middle,pending-verified-transcript-after-source-repair
NU-182,NIMG-053,4baa3d6ba861feb18917a18e1501b132438ee8e7,13947.885160378735,14175.867646981505,14435.385160378735,14252.867646981505,975.0,154.0,assets/source-images-added-v002/NIMG-053__4baa3d6ba8.png,L2-129 | L2-051 | L2-122 | L2-050 | L2-052,"L2-129: iserted | deleted | L2-051: have  entries in | dbupdateconcurex | can getdatabasevalues | with etag | and then update how you needed | L2-122: setting orig values | ef will detect changes based | on the fact that | orig values are the values | in db | so if they are not changed | then unmodified | L2-050: pos concurrency automatic, | not user view driven | retry logic | L2-052: !!!!",RB03-middle,pending-verified-transcript-after-source-repair
NU-183,NIMG-148,bcb3363a1924dbc7c0a0bda3279c512e1180e8ec,13940.885160378735,14430.867646981505,14415.385160378735,14600.867646981505,949.0,340.0,assets/source-images-added-v002/NIMG-148__bcb3363a19.png,L2-129 | L2-051 | L2-122 | L2-052 | L2-050,"L2-129: iserted | deleted | L2-051: have  entries in | dbupdateconcurex | can getdatabasevalues | with etag | and then update how you needed | L2-122: setting orig values | ef will detect changes based | on the fact that | orig values are the values | in db | so if they are not changed | then unmodified | L2-052: !!!! | L2-050: pos concurrency automatic, | not user view driven | retry logic",RB03-middle,pending-verified-transcript-after-source-repair
NU-184,NIMG-043,3f34d914c0a446b37cc945228f83a4d9e2897a56,13953.051786355298,14898.201021004943,14426.051786355298,15062.201021004943,946.0,328.0,assets/source-images-added-v002/NIMG-043__3f34d914c0.png,L2-051 | L2-122 | L2-129 | L2-052 | L2-053,L2-051: have  entries in | dbupdateconcurex | can getdatabasevalues | with etag | and then update how you needed | L2-122: setting orig values | ef will detect changes based | on the fact that | orig values are the values | in db | so if they are not changed | then unmodified | L2-129: iserted | deleted | L2-052: !!!! | L2-053: !!!!,RB03-middle,pending-verified-transcript-after-source-repair
NU-185,NIMG-124,a6673ce5cc0d554f3c7b1203ff74f115dd67a1d3,13950.885160378735,15313.034272958068,14431.385160378735,15483.534272958068,961.0,341.0,assets/source-images-added-v002/NIMG-124__a6673ce5cc.png,L2-053 | L2-054 | L2-052 | L2-122 | L2-051,L2-053: !!!! | L2-054: !!!! | L2-052: !!!! | L2-122: setting orig values | ef will detect changes based | on the fact that | orig values are the values | in db | so if they are not changed | then unmodified | L2-051: have  entries in | dbupdateconcurex | can getdatabasevalues | with etag | and then update how you needed,RB04-lower-middle,pending-verified-transcript-after-source-repair
NU-186,NIMG-052,4a8ad98ab40c438a413cd2b5d8ea753c99c1eada,10543.551786355298,14200.21950109392,11064.051786355298,14390.71950109392,1041.0,381.0,assets/source-images-added-v002/NIMG-052__4a8ad98ab4.png,L2-126 | L2-127 | L2-079 | L2-128 | L2-125,"L2-126: cant have overlapping | active bookings | L2-127: trigger is attached | to table,runs on some | commands | L2-079: handle invariants with triggers | L2-128: triggers are statement | level callbacks, they run | after statement has | succeeded,after constr | L2-125: sql server solution + ef core config",RB03-middle,pending-verified-transcript-after-source-repair
NU-187,NIMG-063,53d6c2bec9147c8c6ee5a9de8a3db7738cc6aba7,10532.051786355298,14611.386188105638,10996.051786355298,14769.386188105638,928.0,316.0,assets/source-images-added-v002/NIMG-063__53d6c2bec9.png,L2-126 | L2-127 | L2-079 | L2-128 | L2-123,"L2-126: cant have overlapping | active bookings | L2-127: trigger is attached | to table,runs on some | commands | L2-079: handle invariants with triggers | L2-128: triggers are statement | level callbacks, they run | after statement has | succeeded,after constr | L2-123: view/indexed view",RB03-middle,pending-verified-transcript-after-source-repair
NU-188,NIMG-056,503b0b94e2fb35ce2555113139a202eea09393d3,10535.218473367016,14955.219440058763,10914.718473367016,15150.719440058763,759.0,391.0,assets/source-images-added-v002/NIMG-056__503b0b94e2.png,L2-126 | L2-127 | L2-079 | L2-123 | L2-128,"L2-126: cant have overlapping | active bookings | L2-127: trigger is attached | to table,runs on some | commands | L2-079: handle invariants with triggers | L2-123: view/indexed view | L2-128: triggers are statement | level callbacks, they run | after statement has | succeeded,after constr",RB03-middle,pending-verified-transcript-after-source-repair
NU-189,NIMG-006,0a4e5de7e9a772976968176a249b972028096bfb,10500.384977273266,15435.71950109392,10925.384977273266,15542.71950109392,850.0,214.0,assets/source-images-added-v002/NIMG-006__0a4e5de7e9.png,L2-123 | L2-126 | L2-127 | L2-079 | L2-128,"L2-123: view/indexed view | L2-126: cant have overlapping | active bookings | L2-127: trigger is attached | to table,runs on some | commands | L2-079: handle invariants with triggers | L2-128: triggers are statement | level callbacks, they run | after statement has | succeeded,after constr",RB04-lower-middle,pending-verified-transcript-after-source-repair
NU-190,NIMG-135,aeea8832e9a2314f28c67f6ac0049ba2cb6ce78d,10505.385038308423,15661.386188105638,10857.385038308423,15837.386188105638,704.0,352.0,assets/source-images-added-v002/NIMG-135__aeea8832e9.png,L2-123 | L2-126 | L2-127 | L2-079 | L2-025,"L2-123: view/indexed view | L2-126: cant have overlapping | active bookings | L2-127: trigger is attached | to table,runs on some | commands | L2-079: handle invariants with triggers | L2-025: is custom dberr limited to storproc",RB04-lower-middle,pending-verified-transcript-after-source-repair
NU-191,NIMG-132,aab82421c4bfaf0ff2c25cefd4a51ee8b58a94f5,10498.867678432483,16001.00686312547,10956.367678432483,16056.50686312547,915.0,111.0,assets/source-images-added-v002/NIMG-132__aab82421c4.png,L2-123 | L2-126 | L2-127 | L2-025 | L2-079,"L2-123: view/indexed view | L2-126: cant have overlapping | active bookings | L2-127: trigger is attached | to table,runs on some | commands | L2-025: is custom dberr limited to storproc | L2-079: handle invariants with triggers",RB04-lower-middle,pending-verified-transcript-after-source-repair
NU-192,NIMG-120,a18ae970e1e65762a01f2e6e133d67b0e36c6e91,9858.1429500431,15554.145390222178,10163.1429500431,15635.645390222178,610.0,163.0,assets/source-images-added-v002/NIMG-120__a18ae970e1.png,L2-126 | L2-025 | L2-123 | L2-079 | L2-127,"L2-126: cant have overlapping | active bookings | L2-025: is custom dberr limited to storproc | L2-123: view/indexed view | L2-079: handle invariants with triggers | L2-127: trigger is attached | to table,runs on some | commands",RB04-lower-middle,pending-verified-transcript-after-source-repair
NU-193,NIMG-122,a6098d7c43feb028416d2ac12092fd228456ad90,11448.506660742358,17169.519161237193,11951.506660742358,17339.519161237193,1006.0,340.0,assets/source-images-added-v002/NIMG-122__a6098d7c43.png,L2-123 | L2-127 | L2-025 | L2-126 | L2-128,"L2-123: view/indexed view | L2-127: trigger is attached | to table,runs on some | commands | L2-025: is custom dberr limited to storproc | L2-126: cant have overlapping | active bookings | L2-128: triggers are statement | level callbacks, they run | after statement has | succeeded,after constr",RB04-lower-middle,pending-verified-transcript-after-source-repair
NU-194,NIMG-146,bbf4686aa9d0b1f5304580f97f050d725ede82c5,11441.578089313787,17530.59058980862,11940.078089313787,17688.09058980862,997.0,315.0,assets/source-images-added-v002/NIMG-146__bbf4686aa9.png,L2-123 | L2-025 | L2-127 | L2-114 | L2-115,"L2-123: view/indexed view | L2-025: is custom dberr limited to storproc | L2-127: trigger is attached | to table,runs on some | commands | L2-114: do we have some specific db exception] | for connection drop? | L2-115: we have exception types based on the actoin , not the type of problem | like exception during update",RB04-lower-middle,pending-verified-transcript-after-source-repair
