source_id,fileId,fileId_short,x,y,width,height,initial_subregion,initial_region,combined_pass,nearest_labels_for_search_only,coverage_status,current_region_decision,decision_is_final,must_recheck_before_region_close,decision_basis,review_notes
S-001,66dd53e7f8673b6d6f12253f7d5253dadfef5fb8,66dd53e7f8,6000.816,3184.357,982.0,432.0,R01A-base-middleware-auth-service-handlers,R01,P01-R01-base-auth-and-forwarding,L-009: useAuthenticationAuthenticationMiddleware | L-016: context.AuthenticateAsync andAuthentication Service | L-037: special handlers | L-038: HandleRequestAsync | L-017: Auth Scheme Provider,processed-in-r01-v001,R01,yes-for-r01-v001-boundary,no-for-r01-v001,Included in R01 v001 after local visual/semantic boundary review.,Included in R01 v001 after local visual/semantic boundary review.
S-002,89edc9a8770b2083042afa182e5cecbd77909ad1,89edc9a877,6024.99,3761.645,710.0,482.0,R01A-base-middleware-auth-service-handlers,R01,P01-R01-base-auth-and-forwarding,L-016: context.AuthenticateAsync andAuthentication Service | L-009: useAuthenticationAuthenticationMiddleware | L-037: special handlers | L-017: Auth Scheme Provider | L-038: HandleRequestAsync,processed-in-r01-v001,R01,yes-for-r01-v001-boundary,no-for-r01-v001,Included in R01 v001 after local visual/semantic boundary review.,Included in R01 v001 after local visual/semantic boundary review.
S-003,e4a50dea2aba52817bfff40b0a579c7925010997,e4a50dea2a,6010.621,4264.503,956.0,397.0,R01A-base-middleware-auth-service-handlers,R01,P01-R01-base-auth-and-forwarding,L-016: context.AuthenticateAsync andAuthentication Service | L-009: useAuthenticationAuthenticationMiddleware | L-017: Auth Scheme Provider | L-037: special handlers | L-038: HandleRequestAsync,processed-in-r01-v001,R01,yes-for-r01-v001-boundary,no-for-r01-v001,Included in R01 v001 after local visual/semantic boundary review.,Included in R01 v001 after local visual/semantic boundary review.
S-004,58d7299b32c2bc1763605b15764a8bd8373ef3bf,58d7299b32,6000.454,4679.67,953.0,190.0,R01A-base-middleware-auth-service-handlers,R01,P01-R01-base-auth-and-forwarding,L-016: context.AuthenticateAsync andAuthentication Service | L-017: Auth Scheme Provider | L-009: useAuthenticationAuthenticationMiddleware | L-037: special handlers | L-018: Auth Handler provider,processed-in-r01-v001,R01,yes-for-r01-v001-boundary,no-for-r01-v001,Included in R01 v001 after local visual/semantic boundary review.,Included in R01 v001 after local visual/semantic boundary review.
S-005,280eabcaeac332fe108946640cd8d649a513a6ee,280eabcaea,6071.955,5178.514,823.0,482.0,R01A-base-middleware-auth-service-handlers,R01,P01-R01-base-auth-and-forwarding,L-016: context.AuthenticateAsync andAuthentication Service | L-017: Auth Scheme Provider | L-018: Auth Handler provider | L-009: useAuthenticationAuthenticationMiddleware | L-030: AuthServicedecide sheme and handlerget ticketz,processed-in-r01-v001,R01,yes-for-r01-v001-boundary,no-for-r01-v001,Included in R01 v001 after local visual/semantic boundary review.,Included in R01 v001 after local visual/semantic boundary review.
S-006,b66210c4a886df8b516576bae766e1450cdf16d9,b66210c4a8,6090.996,5672.561,761.0,482.0,R01A-base-middleware-auth-service-handlers,R01,P01-R01-base-auth-and-forwarding,L-017: Auth Scheme Provider | L-016: context.AuthenticateAsync andAuthentication Service | L-018: Auth Handler provider | L-009: useAuthenticationAuthenticationMiddleware | L-030: AuthServicedecide sheme and handlerget ticketz,processed-in-r01-v001,R01,yes-for-r01-v001-boundary,no-for-r01-v001,Included in R01 v001 after local visual/semantic boundary review.,Included in R01 v001 after local visual/semantic boundary review.
S-007,93a6709164395bb87cb84654f6622d0a7ca996c1,93a6709164,6080.601,6144.033,971.0,288.0,R01A-base-middleware-auth-service-handlers,R01,P01-R01-base-auth-and-forwarding,L-017: Auth Scheme Provider | L-016: context.AuthenticateAsync andAuthentication Service | L-018: Auth Handler provider | L-009: useAuthenticationAuthenticationMiddleware | L-030: AuthServicedecide sheme and handlerget ticketz,processed-in-r01-v001,R01,yes-for-r01-v001-boundary,no-for-r01-v001,Included in R01 v001 after local visual/semantic boundary review.,Included in R01 v001 after local visual/semantic boundary review.
S-008,17926e5788b5e087f52e2fe9ff5302c4f5cda3e9,17926e5788,6104.583,6590.853,777.0,463.0,R01A-base-middleware-auth-service-handlers,R01,P01-R01-base-auth-and-forwarding,L-017: Auth Scheme Provider | L-018: Auth Handler provider | L-016: context.AuthenticateAsync andAuthentication Service | L-006: !!! | L-030: AuthServicedecide sheme and handlerget ticketz,processed-in-r01-v001,R01,yes-for-r01-v001-boundary,no-for-r01-v001,Included in R01 v001 after local visual/semantic boundary review.,Included in R01 v001 after local visual/semantic boundary review.
S-009,a0fbfd24c7df702018ccda31a2347352812652c3,a0fbfd24c7,6081.934,7060.02,915.0,255.0,R01A-base-middleware-auth-service-handlers,R01,P01-R01-base-auth-and-forwarding,L-018: Auth Handler provider | L-017: Auth Scheme Provider | L-016: context.AuthenticateAsync andAuthentication Service | L-006: !!! | L-028: authenticate request onceintended flow,processed-in-r01-v001,R01,yes-for-r01-v001-boundary,no-for-r01-v001,Included in R01 v001 after local visual/semantic boundary review.,Included in R01 v001 after local visual/semantic boundary review.
S-010,5b3dd95c3d775b66c3826408be3e8a5874afaeeb,5b3dd95c3d,6088.985,7324.084,905.0,412.0,R01A-base-middleware-auth-service-handlers,R01,P01-R01-base-auth-and-forwarding,L-018: Auth Handler provider | L-017: Auth Scheme Provider | L-006: !!! | L-016: context.AuthenticateAsync andAuthentication Service | L-028: authenticate request onceintended flow,processed-in-r01-v001,R01,yes-for-r01-v001-boundary,no-for-r01-v001,Included in R01 v001 after local visual/semantic boundary review.,Included in R01 v001 after local visual/semantic boundary review.
S-011,5aef5dde781237646d3794d8feda9db094638af8,5aef5dde78,6086.818,7859.558,1016.0,299.0,R01A-base-middleware-auth-service-handlers,R01,P01-R01-base-auth-and-forwarding,L-018: Auth Handler provider | L-017: Auth Scheme Provider | L-006: !!! | L-028: authenticate request onceintended flow | L-016: context.AuthenticateAsync andAuthentication Service,processed-in-r01-v001,R01,yes-for-r01-v001-boundary,no-for-r01-v001,Included in R01 v001 after local visual/semantic boundary review.,Included in R01 v001 after local visual/semantic boundary review.
S-012,e4cb6f999152b46f6614a7ed421e9c7df70cd499,e4cb6f9991,6083.207,8165.849,961.0,443.0,R01A-base-middleware-auth-service-handlers,R01,P01-R01-base-auth-and-forwarding,L-018: Auth Handler provider | L-006: !!! | L-017: Auth Scheme Provider | L-028: authenticate request onceintended flow | L-029: initializeasyncmultiple shemes for handlerresolve options from monitor,processed-in-r01-v001,R01,yes-for-r01-v001-boundary,no-for-r01-v001,Included in R01 v001 after local visual/semantic boundary review.,Included in R01 v001 after local visual/semantic boundary review.
S-013,85c44f86bd59ceb3dbad98442f024de6e39619d4,85c44f86bd,6089.656,8614.222,944.0,425.0,R01A-base-middleware-auth-service-handlers,R01,P01-R01-base-auth-and-forwarding,L-018: Auth Handler provider | L-006: !!! | L-028: authenticate request onceintended flow | L-017: Auth Scheme Provider | L-005: !!!,processed-in-r01-v001,R01,yes-for-r01-v001-boundary,no-for-r01-v001,Included in R01 v001 after local visual/semantic boundary review.,Included in R01 v001 after local visual/semantic boundary review.
S-014,bc639a86205d595b1e47a13df5954eca3b618d06,bc639a8620,6086.434,9152.833,886.0,450.0,R01B-forwarding-challenge-forbid-basics,R01,P01-R01-base-auth-and-forwarding,L-006: !!! | L-028: authenticate request onceintended flow | L-018: Auth Handler provider | L-005: !!! | L-007: !!!,processed-in-r01-v001,R01,yes-for-r01-v001-boundary,no-for-r01-v001,Included in R01 v001 after local visual/semantic boundary review.,Included in R01 v001 after local visual/semantic boundary review.
S-015,032da4b0a7e513da70c5b0373b3a39b091324a1a,032da4b0a7,6097.082,9608.899,885.0,482.0,R01B-forwarding-challenge-forbid-basics,R01,P01-R01-base-auth-and-forwarding,L-006: !!! | L-028: authenticate request onceintended flow | L-005: !!! | L-018: Auth Handler provider | L-007: !!!,processed-in-r01-v001,R01,yes-for-r01-v001-boundary,no-for-r01-v001,Included in R01 v001 after local visual/semantic boundary review.,Included in R01 v001 after local visual/semantic boundary review.
S-016,01b1ddd76cf30a6384b1e1c6da77a96cbefe7dae,01b1ddd76c,6096.323,10103.722,924.0,366.0,R01B-forwarding-challenge-forbid-basics,R01,P01-R01-base-auth-and-forwarding,L-006: !!! | L-028: authenticate request onceintended flow | L-005: !!! | L-007: !!! | L-019: forwarding,processed-in-r01-v001,R01,yes-for-r01-v001-boundary,no-for-r01-v001,Included in R01 v001 after local visual/semantic boundary review.,Included in R01 v001 after local visual/semantic boundary review.
S-017,b26255cf0cf3146a816f2a10f957eb89789a8b7f,b26255cf0c,6094.662,10486.677,830.0,482.0,R01B-forwarding-challenge-forbid-basics,R01,P01-R01-base-auth-and-forwarding,L-006: !!! | L-005: !!! | L-028: authenticate request onceintended flow | L-007: !!! | L-019: forwarding,processed-in-r01-v001,R01,yes-for-r01-v001-boundary,no-for-r01-v001,Included in R01 v001 after local visual/semantic boundary review.,Included in R01 v001 after local visual/semantic boundary review.
S-018,b0f809d46d4a332fbff77f147087d008614fd52c,b0f809d46d,6078.712,10987.111,957.0,437.0,R01B-forwarding-challenge-forbid-basics,R01,P01-R01-base-auth-and-forwarding,L-005: !!! | L-006: !!! | L-007: !!! | L-028: authenticate request onceintended flow | L-019: forwarding,processed-in-r01-v001,R01,yes-for-r01-v001-boundary,no-for-r01-v001,Included in R01 v001 after local visual/semantic boundary review.,Included in R01 v001 after local visual/semantic boundary review.
S-019,6a5fb74ed6fcff619235863747626ef2fb9010d8,6a5fb74ed6,6082.324,11433.344,856.0,482.0,R01B-forwarding-challenge-forbid-basics,R01,P01-R01-base-auth-and-forwarding,L-005: !!! | L-007: !!! | L-006: !!! | L-028: authenticate request onceintended flow | L-019: forwarding,processed-in-r01-v001,R01,yes-for-r01-v001-boundary,no-for-r01-v001,Included in R01 v001 after local visual/semantic boundary review.,Included in R01 v001 after local visual/semantic boundary review.
S-020,17852964fb0872aa90c02d870af6be0d9f78ffe0,17852964fb,3233.153,3034.591,1103.0,222.0,R01A-base-middleware-auth-service-handlers,R01,P01-R01-base-auth-and-forwarding,"L-004: middleware, invoke(check) | L-133: !!! here we  set some that authorizationwill read when there is noauthorization metadataon endpoint | L-001: context | L-030: AuthServicedecide sheme and handlerget ticketz | L-009: useAuthenticationAuthenticationMiddleware",processed-in-r01-v001,R01,yes-for-r01-v001-boundary,no-for-r01-v001,Included in R01 v001 after local visual/semantic boundary review.,Included in R01 v001 after local visual/semantic boundary review.
S-021,1a94998582a6325d7a21c956799a1c91ddc43eff,1a94998582,3220.079,3258.243,1170.0,453.0,R01A-base-middleware-auth-service-handlers,R01,P01-R01-base-auth-and-forwarding,"L-004: middleware, invoke(check) | L-001: context | L-133: !!! here we  set some that authorizationwill read when there is noauthorization metadataon endpoint | L-030: AuthServicedecide sheme and handlerget ticketz | L-009: useAuthenticationAuthenticationMiddleware",processed-in-r01-v001,R01,yes-for-r01-v001-boundary,no-for-r01-v001,Included in R01 v001 after local visual/semantic boundary review.,Included in R01 v001 after local visual/semantic boundary review.
S-022,6b9e77f242c97de71d3e51ced9f134c770c9c0f4,6b9e77f242,3233.647,3714.076,973.0,438.0,R01A-base-middleware-auth-service-handlers,R01,P01-R01-base-auth-and-forwarding,"L-001: context | L-133: !!! here we  set some that authorizationwill read when there is noauthorization metadataon endpoint | L-030: AuthServicedecide sheme and handlerget ticketz | L-004: middleware, invoke(check) | L-002: schemeprovider",processed-in-r01-v001,R01,yes-for-r01-v001-boundary,no-for-r01-v001,Included in R01 v001 after local visual/semantic boundary review.,Included in R01 v001 after local visual/semantic boundary review.
S-023,62f8e8d3d8fc6709bd9680f02d636b905f608e0c,62f8e8d3d8,2621.512,6002.161,508.0,84.0,R01A-base-middleware-auth-service-handlers,R01,P01-R01-base-auth-and-forwarding,L-030: AuthServicedecide sheme and handlerget ticketz | L-003: handlerprovider | L-001: context | L-002: schemeprovider | L-133: !!! here we  set some that authorizationwill read when there is noauthorization metadataon endpoint,processed-in-r01-v001,R01,yes-for-r01-v001-boundary,no-for-r01-v001,Included in R01 v001 after local visual/semantic boundary review.,Included in R01 v001 after local visual/semantic boundary review.
S-024,9e4acf2aa322787fa8697807f1c39e5ac90f045c,9e4acf2aa3,1418.567,5611.642,1225.0,468.0,R01A-base-middleware-auth-service-handlers,R01,P01-R01-base-auth-and-forwarding,L-003: handlerprovider | L-002: schemeprovider | L-030: AuthServicedecide sheme and handlerget ticketz | L-001: context | L-133: !!! here we  set some that authorizationwill read when there is noauthorization metadataon endpoint,processed-in-r01-v001,R01,yes-for-r01-v001-boundary,no-for-r01-v001,Included in R01 v001 after local visual/semantic boundary review.,Included in R01 v001 after local visual/semantic boundary review.
S-025,00de58172e76caa0d41c079696b3dd675de46a6f,00de58172e,1417.941,6094.856,1019.0,482.0,R01A-base-middleware-auth-service-handlers,R01,P01-R01-base-auth-and-forwarding,L-003: handlerprovider | L-002: schemeprovider | L-030: AuthServicedecide sheme and handlerget ticketz | L-001: context | L-133: !!! here we  set some that authorizationwill read when there is noauthorization metadataon endpoint,processed-in-r01-v001,R01,yes-for-r01-v001-boundary,no-for-r01-v001,Included in R01 v001 after local visual/semantic boundary review.,Included in R01 v001 after local visual/semantic boundary review.
S-026,13f376afbf7a5704c6303a893ecd2dff43fbb354,13f376afbf,3188.223,5455.945,1196.0,341.0,R01A-base-middleware-auth-service-handlers,R01,P01-R01-base-auth-and-forwarding,L-030: AuthServicedecide sheme and handlerget ticketz | L-001: context | L-133: !!! here we  set some that authorizationwill read when there is noauthorization metadataon endpoint | L-016: context.AuthenticateAsync andAuthentication Service | L-017: Auth Scheme Provider,processed-in-r01-v001,R01,yes-for-r01-v001-boundary,no-for-r01-v001,Included in R01 v001 after local visual/semantic boundary review.,Included in R01 v001 after local visual/semantic boundary review.
S-027,812189a7c5bd1ea371f998123db1d941106c1762,812189a7c5,3205.604,5800.318,853.0,463.0,R01A-base-middleware-auth-service-handlers,R01,P01-R01-base-auth-and-forwarding,L-030: AuthServicedecide sheme and handlerget ticketz | L-001: context | L-003: handlerprovider | L-133: !!! here we  set some that authorizationwill read when there is noauthorization metadataon endpoint | L-017: Auth Scheme Provider,processed-in-r01-v001,R01,yes-for-r01-v001-boundary,no-for-r01-v001,Included in R01 v001 after local visual/semantic boundary review.,Included in R01 v001 after local visual/semantic boundary review.
S-028,2033d2b11d1c8fdc53ac6fd061fc3090d44235e2,2033d2b11d,4055.953,6125.003,432.0,73.0,R01A-base-middleware-auth-service-handlers,R01,P01-R01-base-auth-and-forwarding,L-017: Auth Scheme Provider | L-030: AuthServicedecide sheme and handlerget ticketz | L-016: context.AuthenticateAsync andAuthentication Service | L-001: context | L-018: Auth Handler provider,processed-in-r01-v001,R01,yes-for-r01-v001-boundary,no-for-r01-v001,Included in R01 v001 after local visual/semantic boundary review.,Included in R01 v001 after local visual/semantic boundary review.
S-029,22eac6fec2b2190462907f09ea0978fb6528122a,22eac6fec2,3198.691,4972.569,998.0,482.0,R01A-base-middleware-auth-service-handlers,R01,P01-R01-base-auth-and-forwarding,L-030: AuthServicedecide sheme and handlerget ticketz | L-001: context | L-133: !!! here we  set some that authorizationwill read when there is noauthorization metadataon endpoint | L-002: schemeprovider | L-016: context.AuthenticateAsync andAuthentication Service,processed-in-r01-v001,R01,yes-for-r01-v001-boundary,no-for-r01-v001,Included in R01 v001 after local visual/semantic boundary review.,Included in R01 v001 after local visual/semantic boundary review.
S-030,6a9f996bc05eed186b38fed50db3e40755bc81cd,6a9f996bc0,3105.009,4563.725,1250.0,235.0,R01A-base-middleware-auth-service-handlers,R01,P01-R01-base-auth-and-forwarding,"L-030: AuthServicedecide sheme and handlerget ticketz | L-001: context | L-133: !!! here we  set some that authorizationwill read when there is noauthorization metadataon endpoint | L-004: middleware, invoke(check) | L-002: schemeprovider",processed-in-r01-v001,R01,yes-for-r01-v001-boundary,no-for-r01-v001,Included in R01 v001 after local visual/semantic boundary review.,Included in R01 v001 after local visual/semantic boundary review.
S-031,37383f13b0ab2d9655eb4c5489285f0b151bb48f,37383f13b0,3125.675,4371.281,1222.0,66.0,R01A-base-middleware-auth-service-handlers,R01,P01-R01-base-auth-and-forwarding,"L-001: context | L-030: AuthServicedecide sheme and handlerget ticketz | L-133: !!! here we  set some that authorizationwill read when there is noauthorization metadataon endpoint | L-004: middleware, invoke(check) | L-002: schemeprovider",processed-in-r01-v001,R01,yes-for-r01-v001-boundary,no-for-r01-v001,Included in R01 v001 after local visual/semantic boundary review.,Included in R01 v001 after local visual/semantic boundary review.
S-032,b59d4d01b3d83dbe2380bf4a2805b16017723bef,b59d4d01b3,1656.978,4764.535,1096.0,269.0,R01A-base-middleware-auth-service-handlers,R01,P01-R01-base-auth-and-forwarding,L-002: schemeprovider | L-003: handlerprovider | L-030: AuthServicedecide sheme and handlerget ticketz | L-133: !!! here we  set some that authorizationwill read when there is noauthorization metadataon endpoint | L-001: context,processed-in-r01-v001,R01,yes-for-r01-v001-boundary,no-for-r01-v001,Included in R01 v001 after local visual/semantic boundary review.,Included in R01 v001 after local visual/semantic boundary review.
S-033,fbf77db651525dc522df2ab4c29f850cafbd586f,fbf77db651,1591.996,5029.753,1209.0,345.0,R01A-base-middleware-auth-service-handlers,R01,P01-R01-base-auth-and-forwarding,L-003: handlerprovider | L-002: schemeprovider | L-030: AuthServicedecide sheme and handlerget ticketz | L-001: context | L-133: !!! here we  set some that authorizationwill read when there is noauthorization metadataon endpoint,processed-in-r01-v001,R01,yes-for-r01-v001-boundary,no-for-r01-v001,Included in R01 v001 after local visual/semantic boundary review.,Included in R01 v001 after local visual/semantic boundary review.
S-034,891f8b55eff22d1eb85671773b3e1abb2d365247,891f8b55ef,2803.125,4913.587,341.0,96.0,R01A-base-middleware-auth-service-handlers,R01,P01-R01-base-auth-and-forwarding,L-030: AuthServicedecide sheme and handlerget ticketz | L-001: context | L-133: !!! here we  set some that authorizationwill read when there is noauthorization metadataon endpoint | L-002: schemeprovider | L-003: handlerprovider,processed-in-r01-v001,R01,yes-for-r01-v001-boundary,no-for-r01-v001,Included in R01 v001 after local visual/semantic boundary review.,Included in R01 v001 after local visual/semantic boundary review.
S-035,98308754b2aa2a0039d413031922642f4a67e9fd,98308754b2,7968.242,3505.547,696.0,482.0,R01A-base-middleware-auth-service-handlers,R01,P01-R01-base-auth-and-forwarding,L-038: HandleRequestAsync | L-037: special handlers | L-009: useAuthenticationAuthenticationMiddleware | L-016: context.AuthenticateAsync andAuthentication Service | L-017: Auth Scheme Provider,processed-in-r01-v001,R01,yes-for-r01-v001-boundary,no-for-r01-v001,Included in R01 v001 after local visual/semantic boundary review.,Included in R01 v001 after local visual/semantic boundary review.
S-036,dc7d9b7c5b1b6c8e90ce330a44ec661ae3391bfa,dc7d9b7c5b,7959.939,4037.786,991.0,434.0,R01A-base-middleware-auth-service-handlers,R01,P01-R01-base-auth-and-forwarding,L-038: HandleRequestAsync | L-037: special handlers | L-016: context.AuthenticateAsync andAuthentication Service | L-009: useAuthenticationAuthenticationMiddleware | L-017: Auth Scheme Provider,processed-in-r01-v001,R01,yes-for-r01-v001-boundary,no-for-r01-v001,Included in R01 v001 after local visual/semantic boundary review.,Included in R01 v001 after local visual/semantic boundary review.
S-037,98603043236388a7a17d822745b673e60f5d5b61,9860304323,9126.843,3496.428,894.0,482.0,R01A-base-middleware-auth-service-handlers,R01,P01-R01-base-auth-and-forwarding,L-038: HandleRequestAsync | L-037: special handlers | L-132: initializehandlerasyncset event with finishresponseasync | L-127: requestrefresh | L-122: check for refresh,processed-in-r01-v001,R01,yes-for-r01-v001-boundary,no-for-r01-v001,Included in R01 v001 after local visual/semantic boundary review.,Included in R01 v001 after local visual/semantic boundary review.
S-038,00c04ce2d41678beaa73c38bbf0353c75083ff0f,00c04ce2d4,9147.821,4032.52,786.0,482.0,R01A-base-middleware-auth-service-handlers,R01,P01-R01-base-auth-and-forwarding,L-038: HandleRequestAsync | L-037: special handlers | L-132: initializehandlerasyncset event with finishresponseasync | L-127: requestrefresh | L-122: check for refresh,processed-in-r01-v001,R01,yes-for-r01-v001-boundary,no-for-r01-v001,Included in R01 v001 after local visual/semantic boundary review.,Included in R01 v001 after local visual/semantic boundary review.
S-039,7d74582b40b67f059859d5e0857b271c0b665b25,7d74582b40,10140.212,3498.272,978.0,431.0,R01A-base-middleware-auth-service-handlers,R01,P01-R01-base-auth-and-forwarding,L-038: HandleRequestAsync | L-132: initializehandlerasyncset event with finishresponseasync | L-122: check for refresh | L-037: special handlers | L-127: requestrefresh,processed-in-r01-v001,R01,yes-for-r01-v001-boundary,no-for-r01-v001,Included in R01 v001 after local visual/semantic boundary review.,Included in R01 v001 after local visual/semantic boundary review.
S-040,0f9ebbfa701cff732599d9188ec3321060009456,0f9ebbfa70,3186.929,11205.717,1159.0,482.0,R01B-forwarding-challenge-forbid-basics,R01,P01-R01-base-auth-and-forwarding,L-031: forward options | L-019: forwarding | L-021: authenticateasynccall handlerauthenticateonce(hauth is the method to implement) | L-020: resolvetargetdecide whether to forwardor return null | L-032: concrete forward,processed-in-r01-v001,R01,yes-for-r01-v001-boundary,no-for-r01-v001,Included in R01 v001 after local visual/semantic boundary review.,Included in R01 v001 after local visual/semantic boundary review.
S-041,1a2da7a93a6dc54f06512d76f5578f2c45ef6edd,1a2da7a93a,3221.58,10985.53,1218.0,190.0,R01B-forwarding-challenge-forbid-basics,R01,P01-R01-base-auth-and-forwarding,L-019: forwarding | L-021: authenticateasynccall handlerauthenticateonce(hauth is the method to implement) | L-031: forward options | L-020: resolvetargetdecide whether to forwardor return null | L-032: concrete forward,processed-in-r01-v001,R01,yes-for-r01-v001-boundary,no-for-r01-v001,Included in R01 v001 after local visual/semantic boundary review.,Included in R01 v001 after local visual/semantic boundary review.
S-042,e4b5c4c722d0249cb373f8367d0cc7c50a2a6bfa,e4b5c4c722,3211.134,10428.92,1239.0,256.0,R01B-forwarding-challenge-forbid-basics,R01,P01-R01-base-auth-and-forwarding,L-020: resolvetargetdecide whether to forwardor return null | L-021: authenticateasynccall handlerauthenticateonce(hauth is the method to implement) | L-019: forwarding | L-031: forward options | L-029: initializeasyncmultiple shemes for handlerresolve options from monitor,processed-in-r01-v001,R01,yes-for-r01-v001-boundary,no-for-r01-v001,Included in R01 v001 after local visual/semantic boundary review.,Included in R01 v001 after local visual/semantic boundary review.
S-043,6d3e5555d8916578ae554aa78e163933881d2895,6d3e5555d8,3184.987,9385.266,1240.0,479.0,R01B-forwarding-challenge-forbid-basics,R01,P01-R01-base-auth-and-forwarding,L-020: resolvetargetdecide whether to forwardor return null | L-029: initializeasyncmultiple shemes for handlerresolve options from monitor | L-021: authenticateasynccall handlerauthenticateonce(hauth is the method to implement) | L-019: forwarding | L-006: !!!,processed-in-r01-v001,R01,yes-for-r01-v001-boundary,no-for-r01-v001,Included in R01 v001 after local visual/semantic boundary review.,Included in R01 v001 after local visual/semantic boundary review.
S-044,dbbe2cc3d53532b2819ce758a708023fc541183e,dbbe2cc3d5,4723.619,10017.498,940.0,373.0,R01B-forwarding-challenge-forbid-basics,R01,P01-R01-base-auth-and-forwarding,L-006: !!! | L-019: forwarding | L-005: !!! | L-020: resolvetargetdecide whether to forwardor return null | L-021: authenticateasynccall handlerauthenticateonce(hauth is the method to implement),processed-in-r01-v001,R01,yes-for-r01-v001-boundary,no-for-r01-v001,Included in R01 v001 after local visual/semantic boundary review.,Included in R01 v001 after local visual/semantic boundary review.
S-045,e9282024a01d934f9379fb3aa7c5370d6687ff4c,e9282024a0,4623.473,10729.146,930.0,344.0,R01B-forwarding-challenge-forbid-basics,R01,P01-R01-base-auth-and-forwarding,L-019: forwarding | L-005: !!! | L-006: !!! | L-020: resolvetargetdecide whether to forwardor return null | L-021: authenticateasynccall handlerauthenticateonce(hauth is the method to implement),processed-in-r01-v001,R01,yes-for-r01-v001-boundary,no-for-r01-v001,Included in R01 v001 after local visual/semantic boundary review.,Included in R01 v001 after local visual/semantic boundary review.
S-046,7bf4e4f0ed1d1c3da6a073d019e2a59105752c6f,7bf4e4f0ed,4598.417,11117.46,909.0,397.0,R01B-forwarding-challenge-forbid-basics,R01,P01-R01-base-auth-and-forwarding,L-019: forwarding | L-005: !!! | L-006: !!! | L-031: forward options | L-021: authenticateasynccall handlerauthenticateonce(hauth is the method to implement),processed-in-r01-v001,R01,yes-for-r01-v001-boundary,no-for-r01-v001,Included in R01 v001 after local visual/semantic boundary review.,Included in R01 v001 after local visual/semantic boundary review.
S-047,26bd56b54339486bc24ca057f79a7c2fb11f49b7,26bd56b543,4580.104,11710.713,983.0,337.0,R01B-forwarding-challenge-forbid-basics,R01,P01-R01-base-auth-and-forwarding,L-019: forwarding | L-005: !!! | L-031: forward options | L-022: challenge | L-006: !!!,processed-in-r01-v001,R01,yes-for-r01-v001-boundary,no-for-r01-v001,Included in R01 v001 after local visual/semantic boundary review.,Included in R01 v001 after local visual/semantic boundary review.
S-048,83fa587b797ddbca463e4bd8b2dde3ebc68b24c2,83fa587b79,4581.314,12048.25,930.0,282.0,R01B-forwarding-challenge-forbid-basics,R01,P01-R01-base-auth-and-forwarding,L-019: forwarding | L-005: !!! | L-022: challenge | L-031: forward options | L-032: concrete forward,processed-in-r01-v001,R01,yes-for-r01-v001-boundary,no-for-r01-v001,Included in R01 v001 after local visual/semantic boundary review.,Included in R01 v001 after local visual/semantic boundary review.
S-049,9ad22b4441a69bd9bfd29434b6551d72fda046cf,9ad22b4441,4599.11,12399.205,830.0,482.0,R01B-forwarding-challenge-forbid-basics,R01,P01-R01-base-auth-and-forwarding,L-019: forwarding | L-005: !!! | L-022: challenge | L-031: forward options | L-032: concrete forward,processed-in-r01-v001,R01,yes-for-r01-v001-boundary,no-for-r01-v001,Included in R01 v001 after local visual/semantic boundary review.,Included in R01 v001 after local visual/semantic boundary review.
S-050,e1e147a2c9ef20244013a488c7aad52e0dea0181,e1e147a2c9,1009.018,12213.262,769.0,259.0,R01B-forwarding-challenge-forbid-basics,R01,P01-R01-base-auth-and-forwarding,L-035: order/priority | L-036: valid example | L-032: concrete forward | L-031: forward options | L-021: authenticateasynccall handlerauthenticateonce(hauth is the method to implement),processed-in-r01-v001,R01,yes-for-r01-v001-boundary,no-for-r01-v001,Included in R01 v001 after local visual/semantic boundary review.,Included in R01 v001 after local visual/semantic boundary review.
S-051,235b87f5440ff7cf1ac9cb81eb20ea08b9fcdc58,235b87f544,982.095,12480.654,853.0,482.0,R01B-forwarding-challenge-forbid-basics,R01,P01-R01-base-auth-and-forwarding,L-035: order/priority | L-036: valid example | L-032: concrete forward | L-031: forward options | L-033: forward default selector,processed-in-r01-v001,R01,yes-for-r01-v001-boundary,no-for-r01-v001,Included in R01 v001 after local visual/semantic boundary review.,Included in R01 v001 after local visual/semantic boundary review.
S-052,fa53e80e0fa3934efe9f53770ea9cd8794a7adef,fa53e80e0f,958.256,12967.834,925.0,239.0,R01B-forwarding-challenge-forbid-basics,R01,P01-R01-base-auth-and-forwarding,L-035: order/priority | L-036: valid example | L-032: concrete forward | L-033: forward default selector | L-031: forward options,processed-in-r01-v001,R01,yes-for-r01-v001-boundary,no-for-r01-v001,Included in R01 v001 after local visual/semantic boundary review.,Included in R01 v001 after local visual/semantic boundary review.
S-053,2c8374473c6fb6c5a9a89119af341523a985fda3,2c8374473c,1934.716,12201.585,924.0,482.0,R01B-forwarding-challenge-forbid-basics,R01,P01-R01-base-auth-and-forwarding,L-032: concrete forward | L-035: order/priority | L-031: forward options | L-036: valid example | L-021: authenticateasynccall handlerauthenticateonce(hauth is the method to implement),processed-in-r01-v001,R01,yes-for-r01-v001-boundary,no-for-r01-v001,Included in R01 v001 after local visual/semantic boundary review.,Included in R01 v001 after local visual/semantic boundary review.
S-054,122657f18cf410a08e717f3ec6500969cbff29cb,122657f18c,2928.092,12928.9,951.0,482.0,R01B-forwarding-challenge-forbid-basics,R01,P01-R01-base-auth-and-forwarding,L-032: concrete forward | L-033: forward default selector | L-031: forward options | L-035: order/priority | L-019: forwarding,processed-in-r01-v001,R01,yes-for-r01-v001-boundary,no-for-r01-v001,Included in R01 v001 after local visual/semantic boundary review.,Included in R01 v001 after local visual/semantic boundary review.
S-055,7fa89ef5e51c44e8439960764de311e1970cfe07,7fa89ef5e5,2933.171,13429.649,921.0,407.0,R01B-forwarding-challenge-forbid-basics,R01,P01-R01-base-auth-and-forwarding,L-033: forward default selector | L-032: concrete forward | L-031: forward options | L-035: order/priority | L-019: forwarding,processed-in-r01-v001,R01,yes-for-r01-v001-boundary,no-for-r01-v001,Included in R01 v001 after local visual/semantic boundary review.,Included in R01 v001 after local visual/semantic boundary review.
S-056,c5dcceefc72bdd766e45a0d403ab1cc59bf1d2f3,c5dcceefc7,2961.944,13860.755,798.0,386.0,R01B-forwarding-challenge-forbid-basics,R01,P01-R01-base-auth-and-forwarding,L-033: forward default selector | L-032: concrete forward | L-031: forward options | L-034: forward default | L-027: defaultforbid schemeabout forbid not being thepart of authenticate,processed-in-r01-v001,R01,yes-for-r01-v001-boundary,no-for-r01-v001,Included in R01 v001 after local visual/semantic boundary review.,Included in R01 v001 after local visual/semantic boundary review.
S-057,d5d0ee5b62fabd7cdc776ce491108c23e62d5123,d5d0ee5b62,2995.704,16503.912,669.0,482.0,R01B-forwarding-challenge-forbid-basics,R01,P01-R01-base-auth-and-forwarding,L-034: forward default | L-027: defaultforbid schemeabout forbid not being thepart of authenticate | L-033: forward default selector | L-024: forbid | L-023: session handlingsign in/out AuthneitcationHandler,processed-in-r01-v001,R01,yes-for-r01-v001-boundary,no-for-r01-v001,Included in R01 v001 after local visual/semantic boundary review.,Included in R01 v001 after local visual/semantic boundary review.
S-058,76f00eca1ad94783f72e6afe08c3b6e629656267,76f00eca1a,2947.722,17018.886,910.0,456.0,R01B-forwarding-challenge-forbid-basics,R01,P01-R01-base-auth-and-forwarding,L-034: forward default | L-027: defaultforbid schemeabout forbid not being thepart of authenticate | L-023: session handlingsign in/out AuthneitcationHandler | L-024: forbid | L-008: they impliauthenticationsign in/out handler,processed-in-r01-v001,R01,yes-for-r01-v001-boundary,no-for-r01-v001,Included in R01 v001 after local visual/semantic boundary review.,Included in R01 v001 after local visual/semantic boundary review.
S-059,a7573207ecc74d709328fcd70f4d3d8c964c2c1c,a7573207ec,2997.277,14360.149,946.0,402.0,R01B-forwarding-challenge-forbid-basics,R01,P01-R01-base-auth-and-forwarding,L-033: forward default selector | L-034: forward default | L-032: concrete forward | L-027: defaultforbid schemeabout forbid not being thepart of authenticate | L-031: forward options,processed-in-r01-v001,R01,yes-for-r01-v001-boundary,no-for-r01-v001,Included in R01 v001 after local visual/semantic boundary review.,Included in R01 v001 after local visual/semantic boundary review.
S-060,3ea97a6f060aba73f938ea10bbac2a6097a991ca,3ea97a6f06,3000.772,14770.055,804.0,299.0,R01B-forwarding-challenge-forbid-basics,R01,P01-R01-base-auth-and-forwarding,L-033: forward default selector | L-034: forward default | L-027: defaultforbid schemeabout forbid not being thepart of authenticate | L-032: concrete forward | L-022: challenge,processed-in-r01-v001,R01,yes-for-r01-v001-boundary,no-for-r01-v001,Included in R01 v001 after local visual/semantic boundary review.,Included in R01 v001 after local visual/semantic boundary review.
S-061,a6b0f6dd9c93179adc5dc651581693a0260bdf05,a6b0f6dd9c,2996.988,15099.298,822.0,463.0,R01B-forwarding-challenge-forbid-basics,R01,P01-R01-base-auth-and-forwarding,L-034: forward default | L-033: forward default selector | L-027: defaultforbid schemeabout forbid not being thepart of authenticate | L-032: concrete forward | L-024: forbid,processed-in-r01-v001,R01,yes-for-r01-v001-boundary,no-for-r01-v001,Included in R01 v001 after local visual/semantic boundary review.,Included in R01 v001 after local visual/semantic boundary review.
S-062,def20ab9865ce2d54ca41958346e0d7d07b76be8,def20ab986,2994.015,15550.247,877.0,394.0,R01B-forwarding-challenge-forbid-basics,R01,P01-R01-base-auth-and-forwarding,L-034: forward default | L-027: defaultforbid schemeabout forbid not being thepart of authenticate | L-033: forward default selector | L-024: forbid | L-032: concrete forward,processed-in-r01-v001,R01,yes-for-r01-v001-boundary,no-for-r01-v001,Included in R01 v001 after local visual/semantic boundary review.,Included in R01 v001 after local visual/semantic boundary review.
S-063,1e0669cc329d9e11bc19f2e2d0dfd8207952e10f,1e0669cc32,2976.105,15951.683,960.0,346.0,R01B-forwarding-challenge-forbid-basics,R01,P01-R01-base-auth-and-forwarding,L-034: forward default | L-027: defaultforbid schemeabout forbid not being thepart of authenticate | L-033: forward default selector | L-024: forbid | L-023: session handlingsign in/out AuthneitcationHandler,processed-in-r01-v001,R01,yes-for-r01-v001-boundary,no-for-r01-v001,Included in R01 v001 after local visual/semantic boundary review.,Included in R01 v001 after local visual/semantic boundary review.
S-064,01e496352bcf20be74d30a2c2a5efadccbbdebc7,01e496352b,2938.57,12193.144,870.0,463.0,R01B-forwarding-challenge-forbid-basics,R01,P01-R01-base-auth-and-forwarding,L-032: concrete forward | L-031: forward options | L-035: order/priority | L-019: forwarding | L-021: authenticateasynccall handlerauthenticateonce(hauth is the method to implement),processed-in-r01-v001,R01,yes-for-r01-v001-boundary,no-for-r01-v001,Included in R01 v001 after local visual/semantic boundary review.,Included in R01 v001 after local visual/semantic boundary review.
S-065,f73a2ce705896083f2e955ef6ab8ca605a62a540,f73a2ce705,7894.27,10965.645,991.0,439.0,R01B-forwarding-challenge-forbid-basics,R01,P01-R01-base-auth-and-forwarding,L-007: !!! | L-028: authenticate request onceintended flow | L-005: !!! | L-006: !!! | L-022: challenge,processed-in-r01-v001,R01,yes-for-r01-v001-boundary,no-for-r01-v001,Included in R01 v001 after local visual/semantic boundary review.,Included in R01 v001 after local visual/semantic boundary review.
S-066,c81cdbac8c901d29df73e2716c671445f575f236,c81cdbac8c,7893.967,11425.888,1011.0,447.0,R01B-forwarding-challenge-forbid-basics,R01,P01-R01-base-auth-and-forwarding,L-007: !!! | L-028: authenticate request onceintended flow | L-005: !!! | L-006: !!! | L-022: challenge,processed-in-r01-v001,R01,yes-for-r01-v001-boundary,no-for-r01-v001,Included in R01 v001 after local visual/semantic boundary review.,Included in R01 v001 after local visual/semantic boundary review.
S-067,316ddefb1c1a03c54cb56375005c890d4cf7ab3c,316ddefb1c,7906.422,11972.903,877.0,456.0,R01B-forwarding-challenge-forbid-basics,R01,P01-R01-base-auth-and-forwarding,L-007: !!! | L-028: authenticate request onceintended flow | L-005: !!! | L-022: challenge | L-006: !!!,processed-in-r01-v001,R01,yes-for-r01-v001-boundary,no-for-r01-v001,Included in R01 v001 after local visual/semantic boundary review.,Included in R01 v001 after local visual/semantic boundary review.
S-068,6c318526f7c25d0eb61d564f4fbc70ca154716b2,6c318526f7,6084.607,14032.701,682.0,375.0,R01B-forwarding-challenge-forbid-basics,R01,P01-R01-base-auth-and-forwarding,L-022: challenge | L-024: forbid | L-005: !!! | L-007: !!! | L-027: defaultforbid schemeabout forbid not being thepart of authenticate,processed-in-r01-v001,R01,yes-for-r01-v001-boundary,no-for-r01-v001,Included in R01 v001 after local visual/semantic boundary review.,Included in R01 v001 after local visual/semantic boundary review.
S-069,8a3581cd7a55b268fdbeb54d68eb6a14a48fa745,8a3581cd7a,6072.348,14465.071,888.0,423.0,R01B-forwarding-challenge-forbid-basics,R01,P01-R01-base-auth-and-forwarding,L-022: challenge | L-024: forbid | L-027: defaultforbid schemeabout forbid not being thepart of authenticate | L-005: !!! | L-007: !!!,processed-in-r01-v001,R01,yes-for-r01-v001-boundary,no-for-r01-v001,Included in R01 v001 after local visual/semantic boundary review.,Included in R01 v001 after local visual/semantic boundary review.
S-070,2242ba256c31112b665e890f6727e83031141f44,2242ba256c,6070.867,14893.886,968.0,475.0,R01B-forwarding-challenge-forbid-basics,R01,P01-R01-base-auth-and-forwarding,L-024: forbid | L-022: challenge | L-027: defaultforbid schemeabout forbid not being thepart of authenticate | L-005: !!! | L-007: !!!,processed-in-r01-v001,R01,yes-for-r01-v001-boundary,no-for-r01-v001,Included in R01 v001 after local visual/semantic boundary review.,Included in R01 v001 after local visual/semantic boundary review.
S-071,2419f879a695b0c24fb7c14a6f07ad28e41c3614,2419f879a6,6099.348,15353.627,914.0,477.0,R01B-forwarding-challenge-forbid-basics,R01,P01-R01-base-auth-and-forwarding,L-024: forbid | L-022: challenge | L-027: defaultforbid schemeabout forbid not being thepart of authenticate | L-023: session handlingsign in/out AuthneitcationHandler | L-034: forward default,processed-in-r01-v001,R01,yes-for-r01-v001-boundary,no-for-r01-v001,Included in R01 v001 after local visual/semantic boundary review.,Included in R01 v001 after local visual/semantic boundary review.
S-072,4b6e014024d5a04cb4c7ce57866fbbb3ce0a732d,4b6e014024,6108.996,15863.293,951.0,471.0,R01B-forwarding-challenge-forbid-basics,R01,P01-R01-base-auth-and-forwarding,L-024: forbid | L-027: defaultforbid schemeabout forbid not being thepart of authenticate | L-022: challenge | L-023: session handlingsign in/out AuthneitcationHandler | L-008: they impliauthenticationsign in/out handler,processed-in-r01-v001,R01,yes-for-r01-v001-boundary,no-for-r01-v001,Included in R01 v001 after local visual/semantic boundary review.,Included in R01 v001 after local visual/semantic boundary review.
S-073,19593eecf421bdfc9afded49603af82b4be83f9b,19593eecf4,6064.922,16701.701,731.0,329.0,R01B-forwarding-challenge-forbid-basics,R01,P01-R01-base-auth-and-forwarding,L-024: forbid | L-023: session handlingsign in/out AuthneitcationHandler | L-027: defaultforbid schemeabout forbid not being thepart of authenticate | L-008: they impliauthenticationsign in/out handler | L-025: sign out,processed-in-r01-v001,R01,yes-for-r01-v001-boundary,no-for-r01-v001,Included in R01 v001 after local visual/semantic boundary review.,Included in R01 v001 after local visual/semantic boundary review.
S-074,40a87393428e8ba537edaf07f52dab637263219c,40a8739342,6082.904,17061.645,698.0,258.0,R01B-forwarding-challenge-forbid-basics,R01,P01-R01-base-auth-and-forwarding,L-024: forbid | L-023: session handlingsign in/out AuthneitcationHandler | L-008: they impliauthenticationsign in/out handler | L-025: sign out | L-027: defaultforbid schemeabout forbid not being thepart of authenticate,processed-in-r01-v001,R01,yes-for-r01-v001-boundary,no-for-r01-v001,Included in R01 v001 after local visual/semantic boundary review.,Included in R01 v001 after local visual/semantic boundary review.
S-075,9ba12d337f04989eb0fb9f083ae1cd79af28bf95,9ba12d337f,6079.367,17345.257,951.0,473.0,R01B-forwarding-challenge-forbid-basics,R01,P01-R01-base-auth-and-forwarding,L-024: forbid | L-023: session handlingsign in/out AuthneitcationHandler | L-025: sign out | L-008: they impliauthenticationsign in/out handler | L-026: sign in,processed-in-r01-v001,R01,yes-for-r01-v001-boundary,no-for-r01-v001,Included in R01 v001 after local visual/semantic boundary review.,Included in R01 v001 after local visual/semantic boundary review.
S-076,b4143ba0b2bbd14c707de8a2c392a1ceceafe7db,b4143ba0b2,6104.274,17822.756,916.0,478.0,R01B-forwarding-challenge-forbid-basics,R01,P01-R01-base-auth-and-forwarding,L-023: session handlingsign in/out AuthneitcationHandler | L-025: sign out | L-008: they impliauthenticationsign in/out handler | L-026: sign in | L-024: forbid,processed-in-r01-v001,R01,yes-for-r01-v001-boundary,no-for-r01-v001,Included in R01 v001 after local visual/semantic boundary review.,Included in R01 v001 after local visual/semantic boundary review.
S-077,dcbb9c9d0ae9ec516a2abd5605a3cc7cb3089fc6,dcbb9c9d0a,6101.311,18301.034,996.0,357.0,R04-oidc-flow-pkce-signin-challenge,R04,P04-R03B-R04-oidc-and-outcomes-tail,L-025: sign out | L-023: session handlingsign in/out AuthneitcationHandler | L-008: they impliauthenticationsign in/out handler | L-026: sign in | L-024: forbid,checked-not-r01-reserved-for-later-pass,R04,yes-for-r01-exclusion-only,yes-for-later-pass,"Checked during R01 boundary review; not R01-owned, reserved for later OIDC/JWT outcomes pass.","Checked during R01 boundary review; not R01-owned, reserved for later OIDC/JWT outcomes pass."
S-078,075bb93c1e8123b1e3163c42fdc0f3e572854df7,075bb93c1e,5489.737,19670.738,951.0,345.0,R04-oidc-flow-pkce-signin-challenge,R04,P04-R03B-R04-oidc-and-outcomes-tail,L-026: sign in | L-008: they impliauthenticationsign in/out handler | L-025: sign out | L-023: session handlingsign in/out AuthneitcationHandler | L-024: forbid,checked-not-r01-reserved-for-later-pass,R04,yes-for-r01-exclusion-only,yes-for-later-pass,"Checked during R01 boundary review; not R01-owned, reserved for later OIDC/JWT outcomes pass.","Checked during R01 boundary review; not R01-owned, reserved for later OIDC/JWT outcomes pass."
S-079,0a0f66784a74bfe2e9f596ad80121c541ac23b95,0a0f66784a,5514.913,20019.848,915.0,482.0,R04-oidc-flow-pkce-signin-challenge,R04,P04-R03B-R04-oidc-and-outcomes-tail,L-026: sign in | L-025: sign out | L-008: they impliauthenticationsign in/out handler | L-023: session handlingsign in/out AuthneitcationHandler | L-012: oidc shit,checked-not-r01-reserved-for-later-pass,R04,yes-for-r01-exclusion-only,yes-for-later-pass,"Checked during R01 boundary review; not R01-owned, reserved for later OIDC/JWT outcomes pass.","Checked during R01 boundary review; not R01-owned, reserved for later OIDC/JWT outcomes pass."
S-080,6cd9a6b2b362074bbc0ce7605f7761df8bd2e1cb,6cd9a6b2b3,5541.941,20534.848,821.0,482.0,R04-oidc-flow-pkce-signin-challenge,R04,P04-R03B-R04-oidc-and-outcomes-tail,L-026: sign in | L-025: sign out | L-008: they impliauthenticationsign in/out handler | L-023: session handlingsign in/out AuthneitcationHandler | L-012: oidc shit,checked-not-r01-reserved-for-later-pass,R04,yes-for-r01-exclusion-only,yes-for-later-pass,"Checked during R01 boundary review; not R01-owned, reserved for later OIDC/JWT outcomes pass.","Checked during R01 boundary review; not R01-owned, reserved for later OIDC/JWT outcomes pass."
S-081,d2741d4082274b6b5655c08162cfd6a7602c3daf,d2741d4082,5533.678,21040.005,964.0,382.0,R04-oidc-flow-pkce-signin-challenge,R04,P04-R03B-R04-oidc-and-outcomes-tail,L-026: sign in | L-025: sign out | L-008: they impliauthenticationsign in/out handler | L-012: oidc shit | L-023: session handlingsign in/out AuthneitcationHandler,checked-not-r01-reserved-for-later-pass,R04,yes-for-r01-exclusion-only,yes-for-later-pass,"Checked during R01 boundary review; not R01-owned, reserved for later OIDC/JWT outcomes pass.","Checked during R01 boundary review; not R01-owned, reserved for later OIDC/JWT outcomes pass."
S-082,d651c3f7a8fb788d5a3a74652f558e5b9eba8531,d651c3f7a8,5504.845,21466.838,955.0,275.0,R04-oidc-flow-pkce-signin-challenge,R04,P04-R03B-R04-oidc-and-outcomes-tail,L-012: oidc shit | L-026: sign in | L-025: sign out | L-008: they impliauthenticationsign in/out handler | L-137: compact one,checked-not-r01-reserved-for-later-pass,R04,yes-for-r01-exclusion-only,yes-for-later-pass,"Checked during R01 boundary review; not R01-owned, reserved for later OIDC/JWT outcomes pass.","Checked during R01 boundary review; not R01-owned, reserved for later OIDC/JWT outcomes pass."
S-083,ffd0aac27cbb42c57791af0aa3fcedb5b56daf22,ffd0aac27c,6658.441,19668.181,874.0,482.0,R04-oidc-flow-pkce-signin-challenge,R04,P04-R03B-R04-oidc-and-outcomes-tail,L-025: sign out | L-026: sign in | L-008: they impliauthenticationsign in/out handler | L-023: session handlingsign in/out AuthneitcationHandler | L-024: forbid,checked-not-r01-reserved-for-later-pass,R04,yes-for-r01-exclusion-only,yes-for-later-pass,"Checked during R01 boundary review; not R01-owned, reserved for later OIDC/JWT outcomes pass.","Checked during R01 boundary review; not R01-owned, reserved for later OIDC/JWT outcomes pass."
S-084,831c21e7790421fa2dd8f76d233d2e88abd07e8d,831c21e779,6660.904,20184.848,903.0,482.0,R04-oidc-flow-pkce-signin-challenge,R04,P04-R03B-R04-oidc-and-outcomes-tail,L-025: sign out | L-026: sign in | L-008: they impliauthenticationsign in/out handler | L-023: session handlingsign in/out AuthneitcationHandler | L-012: oidc shit,checked-not-r01-reserved-for-later-pass,R04,yes-for-r01-exclusion-only,yes-for-later-pass,"Checked during R01 boundary review; not R01-owned, reserved for later OIDC/JWT outcomes pass.","Checked during R01 boundary review; not R01-owned, reserved for later OIDC/JWT outcomes pass."
S-085,5d4e81cec5c33742c9299109808a0094fa475fe9,5d4e81cec5,6636.178,20690.671,1009.0,364.0,R04-oidc-flow-pkce-signin-challenge,R04,P04-R03B-R04-oidc-and-outcomes-tail,L-025: sign out | L-026: sign in | L-008: they impliauthenticationsign in/out handler | L-023: session handlingsign in/out AuthneitcationHandler | L-012: oidc shit,checked-not-r01-reserved-for-later-pass,R04,yes-for-r01-exclusion-only,yes-for-later-pass,"Checked during R01 boundary review; not R01-owned, reserved for later OIDC/JWT outcomes pass.","Checked during R01 boundary review; not R01-owned, reserved for later OIDC/JWT outcomes pass."
S-086,32140d5d9332062314464f811953fae41108d650,32140d5d93,6650.345,21082.338,954.0,244.0,R04-oidc-flow-pkce-signin-challenge,R04,P04-R03B-R04-oidc-and-outcomes-tail,L-025: sign out | L-026: sign in | L-008: they impliauthenticationsign in/out handler | L-012: oidc shit | L-023: session handlingsign in/out AuthneitcationHandler,checked-not-r01-reserved-for-later-pass,R04,yes-for-r01-exclusion-only,yes-for-later-pass,"Checked during R01 boundary review; not R01-owned, reserved for later OIDC/JWT outcomes pass.","Checked during R01 boundary review; not R01-owned, reserved for later OIDC/JWT outcomes pass."
S-087,36fea9c9cffe710a7044ff185ca0b4f43326e18a,36fea9c9cf,6056.49,19139.03,988.0,350.0,R04-oidc-flow-pkce-signin-challenge,R04,P04-R03B-R04-oidc-and-outcomes-tail,L-025: sign out | L-026: sign in | L-008: they impliauthenticationsign in/out handler | L-023: session handlingsign in/out AuthneitcationHandler | L-024: forbid,checked-not-r01-reserved-for-later-pass,R04,yes-for-r01-exclusion-only,yes-for-later-pass,"Checked during R01 boundary review; not R01-owned, reserved for later OIDC/JWT outcomes pass.","Checked during R01 boundary review; not R01-owned, reserved for later OIDC/JWT outcomes pass."
S-088,03eff36184ca3cba77f317d2aae500ce9c0e4ea6,03eff36184,4162.258,16655.41,960.0,304.0,R01B-forwarding-challenge-forbid-basics,R01,P01-R01-base-auth-and-forwarding,L-027: defaultforbid schemeabout forbid not being thepart of authenticate | L-024: forbid | L-034: forward default | L-023: session handlingsign in/out AuthneitcationHandler | L-008: they impliauthenticationsign in/out handler,processed-in-r01-v001,R01,yes-for-r01-v001-boundary,no-for-r01-v001,Included in R01 v001 after local visual/semantic boundary review.,Included in R01 v001 after local visual/semantic boundary review.
S-089,92c830f8b15e1c8ff15286b5efeac2efe3380dfe,92c830f8b1,4190.836,16983.587,983.0,482.0,R01B-forwarding-challenge-forbid-basics,R01,P01-R01-base-auth-and-forwarding,L-027: defaultforbid schemeabout forbid not being thepart of authenticate | L-024: forbid | L-023: session handlingsign in/out AuthneitcationHandler | L-034: forward default | L-008: they impliauthenticationsign in/out handler,processed-in-r01-v001,R01,yes-for-r01-v001-boundary,no-for-r01-v001,Included in R01 v001 after local visual/semantic boundary review.,Included in R01 v001 after local visual/semantic boundary review.
S-090,5dbfd3f21cb9206f48ab219702368cee5afc68a0,5dbfd3f21c,4196.391,17507.587,785.0,482.0,R01B-forwarding-challenge-forbid-basics,R01,P01-R01-base-auth-and-forwarding,L-023: session handlingsign in/out AuthneitcationHandler | L-027: defaultforbid schemeabout forbid not being thepart of authenticate | L-008: they impliauthenticationsign in/out handler | L-026: sign in | L-024: forbid,processed-in-r01-v001,R01,yes-for-r01-v001-boundary,no-for-r01-v001,Included in R01 v001 after local visual/semantic boundary review.,Included in R01 v001 after local visual/semantic boundary review.
S-091,88f9a48ba227cdbdbd2383d08605322d9d805845,88f9a48ba2,4103.258,18090.41,886.0,178.0,R04-oidc-flow-pkce-signin-challenge,R04,P04-R03B-R04-oidc-and-outcomes-tail,L-023: session handlingsign in/out AuthneitcationHandler | L-008: they impliauthenticationsign in/out handler | L-026: sign in | L-027: defaultforbid schemeabout forbid not being thepart of authenticate | L-024: forbid,checked-not-r01-reserved-for-later-pass,R04,yes-for-r01-exclusion-only,yes-for-later-pass,"Checked during R01 boundary review; not R01-owned, reserved for later OIDC/JWT outcomes pass.","Checked during R01 boundary review; not R01-owned, reserved for later OIDC/JWT outcomes pass."
S-092,bf90b85d46485b9a8eb3296421393da483c6d256,bf90b85d46,18948.687,37399.738,941.0,460.0,R03B-jwt-outcomes-failure-challenge-forbid,R03,P04-R03B-R04-oidc-and-outcomes-tail,L-058: Challenge | L-063: Valid token | L-059: distinguish Challengefrom auth failure | L-060: Forbid | L-062: Invalid token,checked-not-r01-reserved-for-later-pass,R03,yes-for-r01-exclusion-only,yes-for-later-pass,"Checked during R01 boundary review; not R01-owned, reserved for later OIDC/JWT outcomes pass.","Checked during R01 boundary review; not R01-owned, reserved for later OIDC/JWT outcomes pass."
S-093,ee6cdebfd82cff02ddad3cdf3d6c1acf13523d1d,ee6cdebfd8,18939.854,37877.572,902.0,401.0,R03B-jwt-outcomes-failure-challenge-forbid,R03,P04-R03B-R04-oidc-and-outcomes-tail,L-058: Challenge | L-060: Forbid | L-063: Valid token | L-059: distinguish Challengefrom auth failure | L-111: !!!,checked-not-r01-reserved-for-later-pass,R03,yes-for-r01-exclusion-only,yes-for-later-pass,"Checked during R01 boundary review; not R01-owned, reserved for later OIDC/JWT outcomes pass.","Checked during R01 boundary review; not R01-owned, reserved for later OIDC/JWT outcomes pass."
S-094,6990b98636141053f6d8fc22043b8a10c55cb120,6990b98636,18931.187,38295.405,996.0,452.0,R03B-jwt-outcomes-failure-challenge-forbid,R03,P04-R03B-R04-oidc-and-outcomes-tail,L-058: Challenge | L-060: Forbid | L-111: !!! | L-059: distinguish Challengefrom auth failure | L-063: Valid token,checked-not-r01-reserved-for-later-pass,R03,yes-for-r01-exclusion-only,yes-for-later-pass,"Checked during R01 boundary review; not R01-owned, reserved for later OIDC/JWT outcomes pass.","Checked during R01 boundary review; not R01-owned, reserved for later OIDC/JWT outcomes pass."
S-095,ff5142b08eed2060325e4fe6c6957b11479e0047,ff5142b08e,18967.853,38920.249,1013.0,482.0,R03B-jwt-outcomes-failure-challenge-forbid,R03,P04-R03B-R04-oidc-and-outcomes-tail,L-060: Forbid | L-058: Challenge | L-111: !!! | L-059: distinguish Challengefrom auth failure | L-063: Valid token,checked-not-r01-reserved-for-later-pass,R03,yes-for-r01-exclusion-only,yes-for-later-pass,"Checked during R01 boundary review; not R01-owned, reserved for later OIDC/JWT outcomes pass.","Checked during R01 boundary review; not R01-owned, reserved for later OIDC/JWT outcomes pass."
S-096,43e80ec8080d307a4565e1dc4bfacc908adcfd8e,43e80ec808,18953.687,39438.738,1031.0,332.0,R03B-jwt-outcomes-failure-challenge-forbid,R03,P04-R03B-R04-oidc-and-outcomes-tail,L-060: Forbid | L-058: Challenge | L-111: !!! | L-059: distinguish Challengefrom auth failure | L-063: Valid token,checked-not-r01-reserved-for-later-pass,R03,yes-for-r01-exclusion-only,yes-for-later-pass,"Checked during R01 boundary review; not R01-owned, reserved for later OIDC/JWT outcomes pass.","Checked during R01 boundary review; not R01-owned, reserved for later OIDC/JWT outcomes pass."
S-097,458f844a606485dee454de17d00902bc22e70ac5,458f844a60,18099.354,37365.238,513.0,79.0,R03B-jwt-outcomes-failure-challenge-forbid,R03,P04-R03B-R04-oidc-and-outcomes-tail,L-058: Challenge | L-059: distinguish Challengefrom auth failure | L-057: Key rollover logic | L-111: !!! | L-063: Valid token,checked-not-r01-reserved-for-later-pass,R03,yes-for-r01-exclusion-only,yes-for-later-pass,"Checked during R01 boundary review; not R01-owned, reserved for later OIDC/JWT outcomes pass.","Checked during R01 boundary review; not R01-owned, reserved for later OIDC/JWT outcomes pass."
S-098,58179930a83ab908a5b3ed239cecff7354627c4f,58179930a8,17876.376,37473.582,876.0,596.0,R03B-jwt-outcomes-failure-challenge-forbid,R03,P04-R03B-R04-oidc-and-outcomes-tail,L-058: Challenge | L-059: distinguish Challengefrom auth failure | L-111: !!! | L-057: Key rollover logic | L-060: Forbid,checked-not-r01-reserved-for-later-pass,R03,yes-for-r01-exclusion-only,yes-for-later-pass,"Checked during R01 boundary review; not R01-owned, reserved for later OIDC/JWT outcomes pass.","Checked during R01 boundary review; not R01-owned, reserved for later OIDC/JWT outcomes pass."
S-099,70882727e4885cc3ace28092325bd57ea0254417,70882727e4,17890.912,38147.749,792.0,482.0,R03B-jwt-outcomes-failure-challenge-forbid,R03,P04-R03B-R04-oidc-and-outcomes-tail,L-058: Challenge | L-111: !!! | L-059: distinguish Challengefrom auth failure | L-060: Forbid | L-057: Key rollover logic,checked-not-r01-reserved-for-later-pass,R03,yes-for-r01-exclusion-only,yes-for-later-pass,"Checked during R01 boundary review; not R01-owned, reserved for later OIDC/JWT outcomes pass.","Checked during R01 boundary review; not R01-owned, reserved for later OIDC/JWT outcomes pass."
S-100,b0d16ee4734da408b3bf0613fcb4e79bda3fe2f7,b0d16ee473,17917.455,38644.113,760.0,376.0,R03B-jwt-outcomes-failure-challenge-forbid,R03,P04-R03B-R04-oidc-and-outcomes-tail,L-058: Challenge | L-060: Forbid | L-111: !!! | L-059: distinguish Challengefrom auth failure | L-057: Key rollover logic,checked-not-r01-reserved-for-later-pass,R03,yes-for-r01-exclusion-only,yes-for-later-pass,"Checked during R01 boundary review; not R01-owned, reserved for later OIDC/JWT outcomes pass.","Checked during R01 boundary review; not R01-owned, reserved for later OIDC/JWT outcomes pass."
S-101,698d61650ca312c56cc499e359a4e8a3101b1591,698d61650c,17804.673,39045.462,976.0,461.0,R03B-jwt-outcomes-failure-challenge-forbid,R03,P04-R03B-R04-oidc-and-outcomes-tail,L-060: Forbid | L-111: !!! | L-058: Challenge | L-059: distinguish Challengefrom auth failure | L-057: Key rollover logic,candidate-needs-boundary-review,,no,yes,Coordinate candidate only; must be visually/semantically checked before transcript.,Coordinate candidate only; must be visually/semantically checked before transcript.
S-102,5fd99a87b0771bc8886880bf6baffc220c7fc635,5fd99a87b0,17809.523,39515.527,929.0,309.0,R03B-jwt-outcomes-failure-challenge-forbid,R03,P04-R03B-R04-oidc-and-outcomes-tail,L-060: Forbid | L-111: !!! | L-058: Challenge | L-059: distinguish Challengefrom auth failure | L-057: Key rollover logic,candidate-needs-boundary-review,,no,yes,Coordinate candidate only; must be visually/semantically checked before transcript.,Coordinate candidate only; must be visually/semantically checked before transcript.
S-103,8fb08319498fd57cc16b7824cd94387ebe7dc2f0,8fb0831949,19095.374,40983.371,972.0,231.0,R03B-jwt-outcomes-failure-challenge-forbid,R03,P04-R03B-R04-oidc-and-outcomes-tail,L-060: Forbid | L-058: Challenge | L-111: !!! | L-059: distinguish Challengefrom auth failure | L-063: Valid token,candidate-needs-boundary-review,,no,yes,Coordinate candidate only; must be visually/semantically checked before transcript.,Coordinate candidate only; must be visually/semantically checked before transcript.
S-104,58b3d9fb0c9a05d9fe4449941075cab48d8232f8,58b3d9fb0c,19110.26,41241.698,814.0,482.0,R03B-jwt-outcomes-failure-challenge-forbid,R03,P04-R03B-R04-oidc-and-outcomes-tail,L-060: Forbid | L-111: !!! | L-058: Challenge | L-059: distinguish Challengefrom auth failure | L-063: Valid token,candidate-needs-boundary-review,,no,yes,Coordinate candidate only; must be visually/semantically checked before transcript.,Coordinate candidate only; must be visually/semantically checked before transcript.
S-105,9480027f073174cb62e8c2c0e1568a0836d368d4,9480027f07,19096.961,41702.483,977.0,237.0,R03B-jwt-outcomes-failure-challenge-forbid,R03,P04-R03B-R04-oidc-and-outcomes-tail,L-060: Forbid | L-111: !!! | L-058: Challenge | L-059: distinguish Challengefrom auth failure | L-063: Valid token,candidate-needs-boundary-review,,no,yes,Coordinate candidate only; must be visually/semantically checked before transcript.,Coordinate candidate only; must be visually/semantically checked before transcript.
S-106,06e933bd1e964373ce230296bc5e27fb4d7f10bf,06e933bd1e,18052.152,40983.76,941.0,457.0,R03B-jwt-outcomes-failure-challenge-forbid,R03,P04-R03B-R04-oidc-and-outcomes-tail,L-060: Forbid | L-111: !!! | L-058: Challenge | L-059: distinguish Challengefrom auth failure | L-063: Valid token,candidate-needs-boundary-review,,no,yes,Coordinate candidate only; must be visually/semantically checked before transcript.,Coordinate candidate only; must be visually/semantically checked before transcript.
S-107,158d2428fde5efb434ef7af38f9ce2e6119f79b1,158d2428fd,17957.875,41445.393,1007.0,404.0,R03B-jwt-outcomes-failure-challenge-forbid,R03,P04-R03B-R04-oidc-and-outcomes-tail,L-060: Forbid | L-111: !!! | L-058: Challenge | L-059: distinguish Challengefrom auth failure | L-063: Valid token,candidate-needs-boundary-review,,no,yes,Coordinate candidate only; must be visually/semantically checked before transcript.,Coordinate candidate only; must be visually/semantically checked before transcript.
S-108,b692cf3630d3136385d24088e048e30a54a7df15,b692cf3630,17943.75,41885.777,1032.0,472.0,R03B-jwt-outcomes-failure-challenge-forbid,R03,P04-R03B-R04-oidc-and-outcomes-tail,L-060: Forbid | L-111: !!! | L-058: Challenge | L-059: distinguish Challengefrom auth failure | L-063: Valid token,candidate-needs-boundary-review,,no,yes,Coordinate candidate only; must be visually/semantically checked before transcript.,Coordinate candidate only; must be visually/semantically checked before transcript.
S-109,fdf10e463d16bb1dcf19929d341adc05c0ad70ac,fdf10e463d,17915.135,42390.916,1008.0,365.0,R03B-jwt-outcomes-failure-challenge-forbid,R03,P04-R03B-R04-oidc-and-outcomes-tail,L-060: Forbid | L-111: !!! | L-058: Challenge | L-059: distinguish Challengefrom auth failure | L-063: Valid token,candidate-needs-boundary-review,,no,yes,Coordinate candidate only; must be visually/semantically checked before transcript.,Coordinate candidate only; must be visually/semantically checked before transcript.
S-110,a56a81d70b5843e28eeab250e8d8b2d9c9bec6a1,a56a81d70b,17704.932,19635.835,668.0,482.0,R03A-jwt-handler-pipeline-events,R03,P03-R03A-jwt-handler-pipeline,"L-071: HandleAuthentiicateflow | L-069: Set token manually | L-070: OnMessageReceived | L-068: Stop auth early, set result | L-067: Auth Header lookup",candidate-needs-boundary-review,,no,yes,Coordinate candidate only; must be visually/semantically checked before transcript.,Coordinate candidate only; must be visually/semantically checked before transcript.
S-111,fe6aabb78f4dc465239ef8e408d1356cfb5a85a7,fe6aabb78f,17700.056,20126.735,664.0,463.0,R03A-jwt-handler-pipeline-events,R03,P03-R03A-jwt-handler-pipeline,"L-071: HandleAuthentiicateflow | L-069: Set token manually | L-068: Stop auth early, set result | L-070: OnMessageReceived | L-067: Auth Header lookup",candidate-needs-boundary-review,,no,yes,Coordinate candidate only; must be visually/semantically checked before transcript.,Coordinate candidate only; must be visually/semantically checked before transcript.
S-112,e6cf9ef69786c3292059169c8c0f4cf0bfd11984,e6cf9ef697,17688.612,20598.53,859.0,463.0,R03A-jwt-handler-pipeline-events,R03,P03-R03A-jwt-handler-pipeline,"L-067: Auth Header lookup | L-068: Stop auth early, set result | L-071: HandleAuthentiicateflow | L-069: Set token manually | L-070: OnMessageReceived",candidate-needs-boundary-review,,no,yes,Coordinate candidate only; must be visually/semantically checked before transcript.,Coordinate candidate only; must be visually/semantically checked before transcript.
S-113,8401273c668bf05b26924838966d5499eec46d1b,8401273c66,16875.66,19549.393,663.0,463.0,R03A-jwt-handler-pipeline-events,R03,P03-R03A-jwt-handler-pipeline,"L-069: Set token manually | L-070: OnMessageReceived | L-071: HandleAuthentiicateflow | L-068: Stop auth early, set result | L-067: Auth Header lookup",candidate-needs-boundary-review,,no,yes,Coordinate candidate only; must be visually/semantically checked before transcript.,Coordinate candidate only; must be visually/semantically checked before transcript.
S-114,b87e0d84c2042a21714cb87d399af91e311c1549,b87e0d84c2,16735.183,20165.114,774.0,477.0,R03A-jwt-handler-pipeline-events,R03,P03-R03A-jwt-handler-pipeline,"L-069: Set token manually | L-068: Stop auth early, set result | L-070: OnMessageReceived | L-071: HandleAuthentiicateflow | L-067: Auth Header lookup",candidate-needs-boundary-review,,no,yes,Coordinate candidate only; must be visually/semantically checked before transcript.,Coordinate candidate only; must be visually/semantically checked before transcript.
S-115,038f76aba4324a3ec805b430665a0516b47a61af,038f76aba4,16680.578,20668.815,942.0,467.0,R03A-jwt-handler-pipeline-events,R03,P03-R03A-jwt-handler-pipeline,"L-068: Stop auth early, set result | L-069: Set token manually | L-067: Auth Header lookup | L-070: OnMessageReceived | L-071: HandleAuthentiicateflow",candidate-needs-boundary-review,,no,yes,Coordinate candidate only; must be visually/semantically checked before transcript.,Coordinate candidate only; must be visually/semantically checked before transcript.
S-116,95ffb850a55493b2ff683301fd8e8567cb7bd8a9,95ffb850a5,16705.317,21288.57,867.0,429.0,R03A-jwt-handler-pipeline-events,R03,P03-R03A-jwt-handler-pipeline,"L-068: Stop auth early, set result | L-067: Auth Header lookup | L-069: Set token manually | L-070: OnMessageReceived | L-071: HandleAuthentiicateflow",candidate-needs-boundary-review,,no,yes,Coordinate candidate only; must be visually/semantically checked before transcript.,Coordinate candidate only; must be visually/semantically checked before transcript.
S-117,bf9c31f696e7dece2bbe8ca678ad609e4283aec1,bf9c31f696,16680.666,21728.013,944.0,442.0,R03A-jwt-handler-pipeline-events,R03,P03-R03A-jwt-handler-pipeline,"L-067: Auth Header lookup | L-068: Stop auth early, set result | L-066: Setup Token Validation params | L-069: Set token manually | L-070: OnMessageReceived",candidate-needs-boundary-review,,no,yes,Coordinate candidate only; must be visually/semantically checked before transcript.,Coordinate candidate only; must be visually/semantically checked before transcript.
S-118,fdea00b57d332b20180f1b1f2b4d6ebc15c469ed,fdea00b57d,17851.729,22351.085,756.0,482.0,R03A-jwt-handler-pipeline-events,R03,P03-R03A-jwt-handler-pipeline,"L-067: Auth Header lookup | L-066: Setup Token Validation params | L-068: Stop auth early, set result | L-065: Token Validation | L-069: Set token manually",candidate-needs-boundary-review,,no,yes,Coordinate candidate only; must be visually/semantically checked before transcript.,Coordinate candidate only; must be visually/semantically checked before transcript.
S-119,ff883332c0d338b0697c896f146e6d657c1fbb0b,ff883332c0,17863.041,22835.014,866.0,254.0,R03A-jwt-handler-pipeline-events,R03,P03-R03A-jwt-handler-pipeline,"L-066: Setup Token Validation params | L-067: Auth Header lookup | L-068: Stop auth early, set result | L-065: Token Validation | L-069: Set token manually",candidate-needs-boundary-review,,no,yes,Coordinate candidate only; must be visually/semantically checked before transcript.,Coordinate candidate only; must be visually/semantically checked before transcript.
S-120,25a2576633164faf096a2eeede17407b56dc32a4,25a2576633,17892.66,23164.916,673.0,482.0,R03A-jwt-handler-pipeline-events,R03,P03-R03A-jwt-handler-pipeline,"L-066: Setup Token Validation params | L-067: Auth Header lookup | L-065: Token Validation | L-068: Stop auth early, set result | L-049: ontokenValidated/Succes path",candidate-needs-boundary-review,,no,yes,Coordinate candidate only; must be visually/semantically checked before transcript.,Coordinate candidate only; must be visually/semantically checked before transcript.
S-121,1b46d16cd4664746fd8f63d05312b8c12a92c2fa,1b46d16cd4,17892.014,23822.654,912.0,408.0,R03A-jwt-handler-pipeline-events,R03,P03-R03A-jwt-handler-pipeline,"L-066: Setup Token Validation params | L-065: Token Validation | L-067: Auth Header lookup | L-049: ontokenValidated/Succes path | L-068: Stop auth early, set result",candidate-needs-boundary-review,,no,yes,Coordinate candidate only; must be visually/semantically checked before transcript.,Coordinate candidate only; must be visually/semantically checked before transcript.
S-122,ebe66fe470d22603d7391ca2896c13d756aa4529,ebe66fe470,17886.959,24252.154,931.0,409.0,R03A-jwt-handler-pipeline-events,R03,P03-R03A-jwt-handler-pipeline,L-066: Setup Token Validation params | L-065: Token Validation | L-067: Auth Header lookup | L-049: ontokenValidated/Succes path | L-074: a possible place for someproblem details returningwith pd service and all configred defaults for this shit,candidate-needs-boundary-review,,no,yes,Coordinate candidate only; must be visually/semantically checked before transcript.,Coordinate candidate only; must be visually/semantically checked before transcript.
S-123,0e49aff091dc1436c164bf27915aea8fb9f56813,0e49aff091,17897.847,24712.932,947.0,303.0,R03A-jwt-handler-pipeline-events,R03,P03-R03A-jwt-handler-pipeline,L-065: Token Validation | L-066: Setup Token Validation params | L-049: ontokenValidated/Succes path | L-067: Auth Header lookup | L-074: a possible place for someproblem details returningwith pd service and all configred defaults for this shit,candidate-needs-boundary-review,,no,yes,Coordinate candidate only; must be visually/semantically checked before transcript.,Coordinate candidate only; must be visually/semantically checked before transcript.
S-124,9c225078b7598416beb3ddfd882dd928dc6c98e3,9c225078b7,17890.181,25010.543,969.0,390.0,R03A-jwt-handler-pipeline-events,R03,P03-R03A-jwt-handler-pipeline,L-065: Token Validation | L-066: Setup Token Validation params | L-049: ontokenValidated/Succes path | L-074: a possible place for someproblem details returningwith pd service and all configred defaults for this shit | L-050: reject disabled,candidate-needs-boundary-review,,no,yes,Coordinate candidate only; must be visually/semantically checked before transcript.,Coordinate candidate only; must be visually/semantically checked before transcript.
S-125,6bc326be1e0666b8b4380e9b06a2efa81ff8bee2,6bc326be1e,17908.863,25590.447,813.0,482.0,R03A-jwt-handler-pipeline-events,R03,P03-R03A-jwt-handler-pipeline,L-065: Token Validation | L-049: ontokenValidated/Succes path | L-066: Setup Token Validation params | L-074: a possible place for someproblem details returningwith pd service and all configred defaults for this shit | L-050: reject disabled,candidate-needs-boundary-review,,no,yes,Coordinate candidate only; must be visually/semantically checked before transcript.,Coordinate candidate only; must be visually/semantically checked before transcript.
S-126,872d4590c1f46501640f729fad17d1f0233b1ee7,872d4590c1,17915.893,26049.952,1000.0,293.0,R03A-jwt-handler-pipeline-events,R03,P03-R03A-jwt-handler-pipeline,L-065: Token Validation | L-049: ontokenValidated/Succes path | L-074: a possible place for someproblem details returningwith pd service and all configred defaults for this shit | L-050: reject disabled | L-066: Setup Token Validation params,candidate-needs-boundary-review,,no,yes,Coordinate candidate only; must be visually/semantically checked before transcript.,Coordinate candidate only; must be visually/semantically checked before transcript.
S-127,aeaf2c1cf9309c8c586900754574415d519b018d,aeaf2c1cf9,17912.461,26348.023,974.0,633.0,R03A-jwt-handler-pipeline-events,R03,P03-R03A-jwt-handler-pipeline,L-049: ontokenValidated/Succes path | L-065: Token Validation | L-050: reject disabled | L-074: a possible place for someproblem details returningwith pd service and all configred defaults for this shit | L-051: Add claims,candidate-needs-boundary-review,,no,yes,Coordinate candidate only; must be visually/semantically checked before transcript.,Coordinate candidate only; must be visually/semantically checked before transcript.
S-128,6dcec10acab3836f162365d926cd3f215897fe40,6dcec10aca,17930.948,27165.733,780.0,482.0,R03A-jwt-handler-pipeline-events,R03,P03-R03A-jwt-handler-pipeline,L-049: ontokenValidated/Succes path | L-050: reject disabled | L-074: a possible place for someproblem details returningwith pd service and all configred defaults for this shit | L-065: Token Validation | L-051: Add claims,candidate-needs-boundary-review,,no,yes,Coordinate candidate only; must be visually/semantically checked before transcript.,Coordinate candidate only; must be visually/semantically checked before transcript.
S-129,1a26a3cf7ed5f557c6a3e6ef1ec33facd576e05c,1a26a3cf7e,17933.841,27656.355,828.0,374.0,R03A-jwt-handler-pipeline-events,R03,P03-R03A-jwt-handler-pipeline,L-049: ontokenValidated/Succes path | L-050: reject disabled | L-051: Add claims | L-074: a possible place for someproblem details returningwith pd service and all configred defaults for this shit | L-065: Token Validation,candidate-needs-boundary-review,,no,yes,Coordinate candidate only; must be visually/semantically checked before transcript.,Coordinate candidate only; must be visually/semantically checked before transcript.
S-130,baa919c96b86858b562c46fce8645c4ca14ce017,baa919c96b,16940.667,27350.847,723.0,482.0,R03A-jwt-handler-pipeline-events,R03,P03-R03A-jwt-handler-pipeline,L-050: reject disabled | L-049: ontokenValidated/Succes path | L-051: Add claims | L-065: Token Validation | L-052: store request local values,candidate-needs-boundary-review,,no,yes,Coordinate candidate only; must be visually/semantically checked before transcript.,Coordinate candidate only; must be visually/semantically checked before transcript.
S-131,c92a941ae11182f393cbc671d88cd12e9cad3832,c92a941ae1,16967.638,27240.935,446.0,59.0,R03A-jwt-handler-pipeline-events,R03,P03-R03A-jwt-handler-pipeline,L-050: reject disabled | L-049: ontokenValidated/Succes path | L-051: Add claims | L-065: Token Validation | L-052: store request local values,candidate-needs-boundary-review,,no,yes,Coordinate candidate only; must be visually/semantically checked before transcript.,Coordinate candidate only; must be visually/semantically checked before transcript.
S-132,638ed42d41c52753ce41ecf92912e13f802f270d,638ed42d41,16936.304,27914.305,670.0,482.0,R03A-jwt-handler-pipeline-events,R03,P03-R03A-jwt-handler-pipeline,L-050: reject disabled | L-051: Add claims | L-049: ontokenValidated/Succes path | L-052: store request local values | L-065: Token Validation,candidate-needs-boundary-review,,no,yes,Coordinate candidate only; must be visually/semantically checked before transcript.,Coordinate candidate only; must be visually/semantically checked before transcript.
S-133,8a161515a89b2af33ca9f2c960dceeec61642380,8a161515a8,16890.252,28486.961,934.0,457.0,R03A-jwt-handler-pipeline-events,R03,P03-R03A-jwt-handler-pipeline,L-051: Add claims | L-050: reject disabled | L-052: store request local values | L-049: ontokenValidated/Succes path | L-055: SaveToken,candidate-needs-boundary-review,,no,yes,Coordinate candidate only; must be visually/semantically checked before transcript.,Coordinate candidate only; must be visually/semantically checked before transcript.
S-134,1ad00343473d5e123a7c689ff3b46ff52be233c0,1ad0034347,16896.104,29088.128,946.0,428.0,R03B-jwt-outcomes-failure-challenge-forbid,R03,P04-R03B-R04-oidc-and-outcomes-tail,L-051: Add claims | L-052: store request local values | L-050: reject disabled | L-055: SaveToken | L-049: ontokenValidated/Succes path,candidate-needs-boundary-review,,no,yes,Coordinate candidate only; must be visually/semantically checked before transcript.,Coordinate candidate only; must be visually/semantically checked before transcript.
S-135,1f0e3b18a2ba07f1f1dc6803b06a6891d2ec5b76,1f0e3b18a2,16905.522,29540.971,832.0,482.0,R03B-jwt-outcomes-failure-challenge-forbid,R03,P04-R03B-R04-oidc-and-outcomes-tail,L-052: store request local values | L-051: Add claims | L-055: SaveToken | L-050: reject disabled | L-056: OnAuthenticationFailed/FailurePath,candidate-needs-boundary-review,,no,yes,Coordinate candidate only; must be visually/semantically checked before transcript.,Coordinate candidate only; must be visually/semantically checked before transcript.
S-136,89d54def1b925eee147d06294106b59e4db5a2d5,89d54def1b,16893.27,30186.183,925.0,463.0,R03B-jwt-outcomes-failure-challenge-forbid,R03,P04-R03B-R04-oidc-and-outcomes-tail,L-052: store request local values | L-055: SaveToken | L-051: Add claims | L-056: OnAuthenticationFailed/FailurePath | L-050: reject disabled,candidate-needs-boundary-review,,no,yes,Coordinate candidate only; must be visually/semantically checked before transcript.,Coordinate candidate only; must be visually/semantically checked before transcript.
S-137,e396ac21df35ec3a3c5cc0cc97e77d25a9553448,e396ac21df,16904.9,30670.924,961.0,415.0,R03B-jwt-outcomes-failure-challenge-forbid,R03,P04-R03B-R04-oidc-and-outcomes-tail,L-055: SaveToken | L-052: store request local values | L-056: OnAuthenticationFailed/FailurePath | L-051: Add claims | L-053: custom failure result,candidate-needs-boundary-review,,no,yes,Coordinate candidate only; must be visually/semantically checked before transcript.,Coordinate candidate only; must be visually/semantically checked before transcript.
S-138,81aac2db3379699632c831f5ec3201a92d30e49d,81aac2db33,17976.848,31324.675,793.0,482.0,R03B-jwt-outcomes-failure-challenge-forbid,R03,P04-R03B-R04-oidc-and-outcomes-tail,L-055: SaveToken | L-056: OnAuthenticationFailed/FailurePath | L-052: store request local values | L-053: custom failure result | L-054: suppress failure,candidate-needs-boundary-review,,no,yes,Coordinate candidate only; must be visually/semantically checked before transcript.,Coordinate candidate only; must be visually/semantically checked before transcript.
S-139,ff904c3cbf7490d9c67b9f2299003932d6f9cce1,ff904c3cbf,17966.696,31852.628,950.0,473.0,R03B-jwt-outcomes-failure-challenge-forbid,R03,P04-R03B-R04-oidc-and-outcomes-tail,L-056: OnAuthenticationFailed/FailurePath | L-055: SaveToken | L-053: custom failure result | L-052: store request local values | L-054: suppress failure,candidate-needs-boundary-review,,no,yes,Coordinate candidate only; must be visually/semantically checked before transcript.,Coordinate candidate only; must be visually/semantically checked before transcript.
S-140,ca8e7059c522921c7277fb9d661d78d4a3e4052a,ca8e7059c5,18000.993,32547.063,826.0,482.0,R03B-jwt-outcomes-failure-challenge-forbid,R03,P04-R03B-R04-oidc-and-outcomes-tail,L-056: OnAuthenticationFailed/FailurePath | L-053: custom failure result | L-055: SaveToken | L-054: suppress failure | L-064: Possible result outcomes,candidate-needs-boundary-review,,no,yes,Coordinate candidate only; must be visually/semantically checked before transcript.,Coordinate candidate only; must be visually/semantically checked before transcript.
S-141,cc9145fac907f6746d146996d08405132e41b9ae,cc9145fac9,18009.359,33043.285,899.0,293.0,R03B-jwt-outcomes-failure-challenge-forbid,R03,P04-R03B-R04-oidc-and-outcomes-tail,L-056: OnAuthenticationFailed/FailurePath | L-053: custom failure result | L-054: suppress failure | L-057: Key rollover logic | L-064: Possible result outcomes,candidate-needs-boundary-review,,no,yes,Coordinate candidate only; must be visually/semantically checked before transcript.,Coordinate candidate only; must be visually/semantically checked before transcript.
S-142,745d055bed388e36da9decdd21920bf4cea335d0,745d055bed,16862.39,32592.856,983.0,416.0,R03B-jwt-outcomes-failure-challenge-forbid,R03,P04-R03B-R04-oidc-and-outcomes-tail,L-056: OnAuthenticationFailed/FailurePath | L-053: custom failure result | L-054: suppress failure | L-055: SaveToken | L-057: Key rollover logic,candidate-needs-boundary-review,,no,yes,Coordinate candidate only; must be visually/semantically checked before transcript.,Coordinate candidate only; must be visually/semantically checked before transcript.
S-143,067e40557c12b4a912aa36e6b0b196add11a5e7e,067e40557c,16875.188,33018.957,841.0,336.0,R03B-jwt-outcomes-failure-challenge-forbid,R03,P04-R03B-R04-oidc-and-outcomes-tail,L-053: custom failure result | L-056: OnAuthenticationFailed/FailurePath | L-054: suppress failure | L-057: Key rollover logic | L-055: SaveToken,candidate-needs-boundary-review,,no,yes,Coordinate candidate only; must be visually/semantically checked before transcript.,Coordinate candidate only; must be visually/semantically checked before transcript.
S-144,8c44e7012df2c522acbfe4538598e863ea223375,8c44e7012d,16851.259,33477.163,916.0,480.0,R03B-jwt-outcomes-failure-challenge-forbid,R03,P04-R03B-R04-oidc-and-outcomes-tail,L-054: suppress failure | L-053: custom failure result | L-057: Key rollover logic | L-056: OnAuthenticationFailed/FailurePath | L-055: SaveToken,candidate-needs-boundary-review,,no,yes,Coordinate candidate only; must be visually/semantically checked before transcript.,Coordinate candidate only; must be visually/semantically checked before transcript.
S-145,48cfc75e30d907f8eff7544b0329d4d07925f941,48cfc75e30,16815.759,34138.274,867.0,400.0,R03B-jwt-outcomes-failure-challenge-forbid,R03,P04-R03B-R04-oidc-and-outcomes-tail,L-054: suppress failure | L-057: Key rollover logic | L-053: custom failure result | L-056: OnAuthenticationFailed/FailurePath | L-059: distinguish Challengefrom auth failure,candidate-needs-boundary-review,,no,yes,Coordinate candidate only; must be visually/semantically checked before transcript.,Coordinate candidate only; must be visually/semantically checked before transcript.
S-146,dc295a6604cddf39a95b0044d687ad78da98f05e,dc295a6604,16806.592,34557.83,932.0,312.0,R03B-jwt-outcomes-failure-challenge-forbid,R03,P04-R03B-R04-oidc-and-outcomes-tail,L-057: Key rollover logic | L-054: suppress failure | L-053: custom failure result | L-056: OnAuthenticationFailed/FailurePath | L-059: distinguish Challengefrom auth failure,candidate-needs-boundary-review,,no,yes,Coordinate candidate only; must be visually/semantically checked before transcript.,Coordinate candidate only; must be visually/semantically checked before transcript.
S-147,092d3571e652a33fed0ff336b48031f7175913ea,092d3571e6,17855.473,35112.205,959.0,384.0,R03B-jwt-outcomes-failure-challenge-forbid,R03,P04-R03B-R04-oidc-and-outcomes-tail,L-057: Key rollover logic | L-058: Challenge | L-054: suppress failure | L-063: Valid token | L-062: Invalid token,candidate-needs-boundary-review,,no,yes,Coordinate candidate only; must be visually/semantically checked before transcript.,Coordinate candidate only; must be visually/semantically checked before transcript.
S-148,1a06c33b4dfad8748794f1d8f6cd3d49b3eeab4c,1a06c33b4d,17856.357,35512.467,829.0,482.0,R03B-jwt-outcomes-failure-challenge-forbid,R03,P04-R03B-R04-oidc-and-outcomes-tail,L-057: Key rollover logic | L-058: Challenge | L-054: suppress failure | L-063: Valid token | L-059: distinguish Challengefrom auth failure,candidate-needs-boundary-review,,no,yes,Coordinate candidate only; must be visually/semantically checked before transcript.,Coordinate candidate only; must be visually/semantically checked before transcript.
S-149,26173c43664c3663a853ce049ab35ad5b44c86e0,26173c4366,20573.892,33966.678,651.0,77.0,R03B-jwt-outcomes-failure-challenge-forbid,R03,P04-R03B-R04-oidc-and-outcomes-tail,L-061: No token | L-064: Possible result outcomes | L-062: Invalid token | L-063: Valid token | L-057: Key rollover logic,candidate-needs-boundary-review,,no,yes,Coordinate candidate only; must be visually/semantically checked before transcript.,Coordinate candidate only; must be visually/semantically checked before transcript.
S-150,13164a4fd277469b6954e8dca87ad614b6cfd0a5,13164a4fd2,20433.058,34203.512,998.0,438.0,R03B-jwt-outcomes-failure-challenge-forbid,R03,P04-R03B-R04-oidc-and-outcomes-tail,L-062: Invalid token | L-061: No token | L-064: Possible result outcomes | L-063: Valid token | L-057: Key rollover logic,candidate-needs-boundary-review,,no,yes,Coordinate candidate only; must be visually/semantically checked before transcript.,Coordinate candidate only; must be visually/semantically checked before transcript.
S-151,ffe40c8ed62f4c43683b9f01e4b233504ea8f282,ffe40c8ed6,20425.836,34805.178,908.0,408.0,R03B-jwt-outcomes-failure-challenge-forbid,R03,P04-R03B-R04-oidc-and-outcomes-tail,L-063: Valid token | L-062: Invalid token | L-061: No token | L-064: Possible result outcomes | L-058: Challenge,candidate-needs-boundary-review,,no,yes,Coordinate candidate only; must be visually/semantically checked before transcript.,Coordinate candidate only; must be visually/semantically checked before transcript.
S-152,9172afb932372177bf11b17eae3d8d6de594f886,9172afb932,20418.781,35354.512,911.0,476.0,R03B-jwt-outcomes-failure-challenge-forbid,R03,P04-R03B-R04-oidc-and-outcomes-tail,L-063: Valid token | L-062: Invalid token | L-061: No token | L-064: Possible result outcomes | L-058: Challenge,candidate-needs-boundary-review,,no,yes,Coordinate candidate only; must be visually/semantically checked before transcript.,Coordinate candidate only; must be visually/semantically checked before transcript.
S-153,9096c0116ea534136beb4c15d66ed4992f1da048,9096c0116e,16380.309,37389.286,802.0,482.0,R03B-jwt-outcomes-failure-challenge-forbid,R03,P04-R03B-R04-oidc-and-outcomes-tail,L-059: distinguish Challengefrom auth failure | L-111: !!! | L-058: Challenge | L-057: Key rollover logic | L-054: suppress failure,candidate-needs-boundary-review,,no,yes,Coordinate candidate only; must be visually/semantically checked before transcript.,Coordinate candidate only; must be visually/semantically checked before transcript.
S-154,481c7d537b32c9a70c3557e017098b10c9316655,481c7d537b,16350.077,37904.639,830.0,482.0,R03B-jwt-outcomes-failure-challenge-forbid,R03,P04-R03B-R04-oidc-and-outcomes-tail,L-111: !!! | L-059: distinguish Challengefrom auth failure | L-058: Challenge | L-057: Key rollover logic | L-060: Forbid,candidate-needs-boundary-review,,no,yes,Coordinate candidate only; must be visually/semantically checked before transcript.,Coordinate candidate only; must be visually/semantically checked before transcript.
S-155,8fe821203a2859918a6563c6a5b773b90f23a6ed,8fe821203a,16317.125,38399.917,983.0,236.0,R03B-jwt-outcomes-failure-challenge-forbid,R03,P04-R03B-R04-oidc-and-outcomes-tail,L-111: !!! | L-059: distinguish Challengefrom auth failure | L-058: Challenge | L-060: Forbid | L-057: Key rollover logic,candidate-needs-boundary-review,,no,yes,Coordinate candidate only; must be visually/semantically checked before transcript.,Coordinate candidate only; must be visually/semantically checked before transcript.
S-156,f83e1c5cc13e64957bf101a594e1b6cfdb37cf79,f83e1c5cc1,16312.502,38738.787,850.0,482.0,R03B-jwt-outcomes-failure-challenge-forbid,R03,P04-R03B-R04-oidc-and-outcomes-tail,L-111: !!! | L-059: distinguish Challengefrom auth failure | L-058: Challenge | L-060: Forbid | L-057: Key rollover logic,candidate-needs-boundary-review,,no,yes,Coordinate candidate only; must be visually/semantically checked before transcript.,Coordinate candidate only; must be visually/semantically checked before transcript.
S-157,7d30dbb80faea45957375a834b06e5b32c9dc0d8,7d30dbb80f,16290.53,39222.777,1012.0,261.0,R03B-jwt-outcomes-failure-challenge-forbid,R03,P04-R03B-R04-oidc-and-outcomes-tail,L-111: !!! | L-059: distinguish Challengefrom auth failure | L-060: Forbid | L-058: Challenge | L-057: Key rollover logic,candidate-needs-boundary-review,,no,yes,Coordinate candidate only; must be visually/semantically checked before transcript.,Coordinate candidate only; must be visually/semantically checked before transcript.
S-158,57560c51359143616d55c753e78119d5f118dbb5,57560c5135,14434.766,19563.727,1208.0,445.0,R03A-jwt-handler-pipeline-events,R03,P03-R03A-jwt-handler-pipeline,L-047: if app didnt set token in event - parse header | L-048: HandleAuthenticatefire messagereceived to give opportunity to set token to context | L-046: setup validation params(possible signing key fetches) | L-069: Set token manually | L-070: OnMessageReceived,candidate-needs-boundary-review,,no,yes,Coordinate candidate only; must be visually/semantically checked before transcript.,Coordinate candidate only; must be visually/semantically checked before transcript.
S-159,f0d947f6f00dd2223220c25a400bd947f612f6ec,f0d947f6f0,14448.749,20172.39,1111.0,482.0,R03A-jwt-handler-pipeline-events,R03,P03-R03A-jwt-handler-pipeline,L-047: if app didnt set token in event - parse header | L-048: HandleAuthenticatefire messagereceived to give opportunity to set token to context | L-046: setup validation params(possible signing key fetches) | L-045: if dont use obsolete shit(always )then use modern Options.TokenHanlders TO validate token | L-069: Set token manually,candidate-needs-boundary-review,,no,yes,Coordinate candidate only; must be visually/semantically checked before transcript.,Coordinate candidate only; must be visually/semantically checked before transcript.
S-160,daf0d1a19bcd104924f05dc4d03f449a6fa6cc1a,daf0d1a19b,14393.938,20756.88,1221.0,172.0,R03A-jwt-handler-pipeline-events,R03,P03-R03A-jwt-handler-pipeline,"L-047: if app didnt set token in event - parse header | L-045: if dont use obsolete shit(always )then use modern Options.TokenHanlders TO validate token | L-046: setup validation params(possible signing key fetches) | L-048: HandleAuthenticatefire messagereceived to give opportunity to set token to context | L-068: Stop auth early, set result",candidate-needs-boundary-review,,no,yes,Coordinate candidate only; must be visually/semantically checked before transcript.,Coordinate candidate only; must be visually/semantically checked before transcript.
S-161,afaeed6ecac068ec094df218dfa684b52e60ea71,afaeed6eca,14368.855,21060.39,948.0,482.0,R03A-jwt-handler-pipeline-events,R03,P03-R03A-jwt-handler-pipeline,"L-045: if dont use obsolete shit(always )then use modern Options.TokenHanlders TO validate token | L-047: if app didnt set token in event - parse header | L-046: setup validation params(possible signing key fetches) | L-041: obsoletesecurityTokenValidators | L-042: on happy path fire event store token if neededpass some shit to validatedcontextcall success, return result",candidate-needs-boundary-review,,no,yes,Coordinate candidate only; must be visually/semantically checked before transcript.,Coordinate candidate only; must be visually/semantically checked before transcript.
S-162,6712fd357b4e7965d062d43180ddc80536f63e87,6712fd357b,14279.438,21622.88,1218.0,424.0,R03A-jwt-handler-pipeline-events,R03,P03-R03A-jwt-handler-pipeline,"L-042: on happy path fire event store token if neededpass some shit to validatedcontextcall success, return result | L-041: obsoletesecurityTokenValidators | L-045: if dont use obsolete shit(always )then use modern Options.TokenHanlders TO validate token | L-043: if failure fire eventreturn failure | L-046: setup validation params(possible signing key fetches)",candidate-needs-boundary-review,,no,yes,Coordinate candidate only; must be visually/semantically checked before transcript.,Coordinate candidate only; must be visually/semantically checked before transcript.
S-163,77dfbf4d97f68f469bc5a4f269233707758f34f5,77dfbf4d97,14289.605,22186.213,1259.0,300.0,R03A-jwt-handler-pipeline-events,R03,P03-R03A-jwt-handler-pipeline,"L-042: on happy path fire event store token if neededpass some shit to validatedcontextcall success, return result | L-043: if failure fire eventreturn failure | L-041: obsoletesecurityTokenValidators | L-044: catch errors if authfailed rusultis there return itotherwise rethrow ex | L-045: if dont use obsolete shit(always )then use modern Options.TokenHanlders TO validate token",candidate-needs-boundary-review,,no,yes,Coordinate candidate only; must be visually/semantically checked before transcript.,Coordinate candidate only; must be visually/semantically checked before transcript.
S-164,ce056ff631a5736d596393e2fb68e22e229291a1,ce056ff631,14314.105,22481.723,1141.0,482.0,R03A-jwt-handler-pipeline-events,R03,P03-R03A-jwt-handler-pipeline,"L-043: if failure fire eventreturn failure | L-044: catch errors if authfailed rusultis there return itotherwise rethrow ex | L-042: on happy path fire event store token if neededpass some shit to validatedcontextcall success, return result | L-039: handlecahllengecheck for failure, if error pass some info about it to challengecontextif handled just returnif not then if no error return wwif error = construct some basic response | L-041: obsoletesecurityTokenValidators",candidate-needs-boundary-review,,no,yes,Coordinate candidate only; must be visually/semantically checked before transcript.,Coordinate candidate only; must be visually/semantically checked before transcript.
S-165,9e083ea0d948cea200fa415be5c9b45ff8fd0966,9e083ea0d9,14324.185,22955.057,1046.0,482.0,R03A-jwt-handler-pipeline-events,R03,P03-R03A-jwt-handler-pipeline,"L-044: catch errors if authfailed rusultis there return itotherwise rethrow ex | L-039: handlecahllengecheck for failure, if error pass some info about it to challengecontextif handled just returnif not then if no error return wwif error = construct some basic response | L-043: if failure fire eventreturn failure | L-042: on happy path fire event store token if neededpass some shit to validatedcontextcall success, return result | L-041: obsoletesecurityTokenValidators",candidate-needs-boundary-review,,no,yes,Coordinate candidate only; must be visually/semantically checked before transcript.,Coordinate candidate only; must be visually/semantically checked before transcript.
S-166,d7c20f6b97fe430388201ec13d4957eb44f5a7ea,d7c20f6b97,14278.044,23441.721,1248.0,447.0,R03A-jwt-handler-pipeline-events,R03,P03-R03A-jwt-handler-pipeline,"L-039: handlecahllengecheck for failure, if error pass some info about it to challengecontextif handled just returnif not then if no error return wwif error = construct some basic response | L-044: catch errors if authfailed rusultis there return itotherwise rethrow ex | L-043: if failure fire eventreturn failure | L-042: on happy path fire event store token if neededpass some shit to validatedcontextcall success, return result | L-041: obsoletesecurityTokenValidators",candidate-needs-boundary-review,,no,yes,Coordinate candidate only; must be visually/semantically checked before transcript.,Coordinate candidate only; must be visually/semantically checked before transcript.
S-167,bc0bf399e545ec73eb7dae5ffea91aa7118a94f4,bc0bf399e5,14305.978,24776.792,1239.0,391.0,R03A-jwt-handler-pipeline-events,R03,P03-R03A-jwt-handler-pipeline,"L-039: handlecahllengecheck for failure, if error pass some info about it to challengecontextif handled just returnif not then if no error return wwif error = construct some basic response | L-040: handleforbid | L-044: catch errors if authfailed rusultis there return itotherwise rethrow ex | L-043: if failure fire eventreturn failure | L-065: Token Validation",candidate-needs-boundary-review,,no,yes,Coordinate candidate only; must be visually/semantically checked before transcript.,Coordinate candidate only; must be visually/semantically checked before transcript.
S-168,cdba62069d28135506c78501f06fccfb35ecb4fc,cdba62069d,14280.19,25157.246,1213.0,401.0,R03A-jwt-handler-pipeline-events,R03,P03-R03A-jwt-handler-pipeline,"L-039: handlecahllengecheck for failure, if error pass some info about it to challengecontextif handled just returnif not then if no error return wwif error = construct some basic response | L-040: handleforbid | L-044: catch errors if authfailed rusultis there return itotherwise rethrow ex | L-043: if failure fire eventreturn failure | L-065: Token Validation",candidate-needs-boundary-review,,no,yes,Coordinate candidate only; must be visually/semantically checked before transcript.,Coordinate candidate only; must be visually/semantically checked before transcript.
S-169,d194ef49eb6bfff2f86616bbe91d99781f6ba4f1,d194ef49eb,14319.872,25519.822,1250.0,231.0,R03A-jwt-handler-pipeline-events,R03,P03-R03A-jwt-handler-pipeline,"L-040: handleforbid | L-039: handlecahllengecheck for failure, if error pass some info about it to challengecontextif handled just returnif not then if no error return wwif error = construct some basic response | L-044: catch errors if authfailed rusultis there return itotherwise rethrow ex | L-050: reject disabled | L-065: Token Validation",candidate-needs-boundary-review,,no,yes,Coordinate candidate only; must be visually/semantically checked before transcript.,Coordinate candidate only; must be visually/semantically checked before transcript.
S-170,d9c45aacbb5f3e85743ad795e952e42144a5d10e,d9c45aacbb,14325.933,25753.307,1010.0,421.0,R03A-jwt-handler-pipeline-events,R03,P03-R03A-jwt-handler-pipeline,"L-040: handleforbid | L-039: handlecahllengecheck for failure, if error pass some info about it to challengecontextif handled just returnif not then if no error return wwif error = construct some basic response | L-050: reject disabled | L-044: catch errors if authfailed rusultis there return itotherwise rethrow ex | L-065: Token Validation",candidate-needs-boundary-review,,no,yes,Coordinate candidate only; must be visually/semantically checked before transcript.,Coordinate candidate only; must be visually/semantically checked before transcript.
S-171,f9a3dbfcf39d93fbe8875db20678c3708246ea92,f9a3dbfcf3,14383.614,26175.868,991.0,398.0,R03A-jwt-handler-pipeline-events,R03,P03-R03A-jwt-handler-pipeline,"L-040: handleforbid | L-039: handlecahllengecheck for failure, if error pass some info about it to challengecontextif handled just returnif not then if no error return wwif error = construct some basic response | L-050: reject disabled | L-049: ontokenValidated/Succes path | L-065: Token Validation",candidate-needs-boundary-review,,no,yes,Coordinate candidate only; must be visually/semantically checked before transcript.,Coordinate candidate only; must be visually/semantically checked before transcript.
S-172,e7c8d3624edf644724ba6c6166929ed2b7d1331d,e7c8d3624e,14384.865,26697.348,974.0,482.0,R03A-jwt-handler-pipeline-events,R03,P03-R03A-jwt-handler-pipeline,"L-040: handleforbid | L-050: reject disabled | L-039: handlecahllengecheck for failure, if error pass some info about it to challengecontextif handled just returnif not then if no error return wwif error = construct some basic response | L-051: Add claims | L-049: ontokenValidated/Succes path",candidate-needs-boundary-review,,no,yes,Coordinate candidate only; must be visually/semantically checked before transcript.,Coordinate candidate only; must be visually/semantically checked before transcript.
S-173,d70e32a080af8b8404114e942162c85952c82e2f,d70e32a080,21880.333,21230.934,1118.0,433.0,R03A-jwt-handler-pipeline-events,R03,P03-R03A-jwt-handler-pipeline,L-075: summary | L-076: messagereveivedctx | L-081: OnMessageReceinved | L-086: jwt | L-077: tokenValidatedctx,candidate-needs-boundary-review,,no,yes,Coordinate candidate only; must be visually/semantically checked before transcript.,Coordinate candidate only; must be visually/semantically checked before transcript.
S-174,f2af528eef74f51448d9957bf312787c05c1de53,f2af528eef,23595.953,21810.987,757.0,302.0,R03A-jwt-handler-pipeline-events,R03,P03-R03A-jwt-handler-pipeline,L-081: OnMessageReceinved | L-086: jwt | L-082: OnTokenValidated | L-075: summary | L-076: messagereveivedctx,candidate-needs-boundary-review,,no,yes,Coordinate candidate only; must be visually/semantically checked before transcript.,Coordinate candidate only; must be visually/semantically checked before transcript.
S-175,8d1e2a5dcce96dae9ad12aa65b42b71820f22c10,8d1e2a5dcc,23605.905,22123.82,775.0,482.0,R03A-jwt-handler-pipeline-events,R03,P03-R03A-jwt-handler-pipeline,L-082: OnTokenValidated | L-081: OnMessageReceinved | L-086: jwt | L-076: messagereveivedctx | L-077: tokenValidatedctx,candidate-needs-boundary-review,,no,yes,Coordinate candidate only; must be visually/semantically checked before transcript.,Coordinate candidate only; must be visually/semantically checked before transcript.
S-176,2192144b10765b7c95cb4e434703a2ef94d0f026,2192144b10,23604.556,22637.661,899.0,465.0,R03A-jwt-handler-pipeline-events,R03,P03-R03A-jwt-handler-pipeline,L-082: OnTokenValidated | L-081: OnMessageReceinved | L-086: jwt | L-083: OnAuthenticationFailed | L-077: tokenValidatedctx,candidate-needs-boundary-review,,no,yes,Coordinate candidate only; must be visually/semantically checked before transcript.,Coordinate candidate only; must be visually/semantically checked before transcript.
S-177,c9e0e5e758eae66710bb0d26829f5ec4352c3cbe,c9e0e5e758,23609.534,23270.942,871.0,482.0,R03A-jwt-handler-pipeline-events,R03,P03-R03A-jwt-handler-pipeline,L-082: OnTokenValidated | L-083: OnAuthenticationFailed | L-081: OnMessageReceinved | L-077: tokenValidatedctx | L-072: !!!!,candidate-needs-boundary-review,,no,yes,Coordinate candidate only; must be visually/semantically checked before transcript.,Coordinate candidate only; must be visually/semantically checked before transcript.
S-178,66baae401da7ce3ac94766958e94438b35ad5601,66baae401d,23600.923,23764.606,866.0,463.0,R03A-jwt-handler-pipeline-events,R03,P03-R03A-jwt-handler-pipeline,L-082: OnTokenValidated | L-083: OnAuthenticationFailed | L-072: !!!! | L-078: AuthFailedContext | L-077: tokenValidatedctx,candidate-needs-boundary-review,,no,yes,Coordinate candidate only; must be visually/semantically checked before transcript.,Coordinate candidate only; must be visually/semantically checked before transcript.
S-179,04418cd8a7d3f339e16c1fc67beda8cc37ac1a4d,04418cd8a7,23593.327,24246.273,920.0,310.0,R03A-jwt-handler-pipeline-events,R03,P03-R03A-jwt-handler-pipeline,L-083: OnAuthenticationFailed | L-082: OnTokenValidated | L-072: !!!! | L-084: OnChallenge | L-078: AuthFailedContext,candidate-needs-boundary-review,,no,yes,Coordinate candidate only; must be visually/semantically checked before transcript.,Coordinate candidate only; must be visually/semantically checked before transcript.
S-180,38a470c11b319abca27a78b513882f0e99d52347,38a470c11b,23596.558,24542.221,692.0,434.0,R03A-jwt-handler-pipeline-events,R03,P03-R03A-jwt-handler-pipeline,L-083: OnAuthenticationFailed | L-072: !!!! | L-084: OnChallenge | L-082: OnTokenValidated | L-078: AuthFailedContext,candidate-needs-boundary-review,,no,yes,Coordinate candidate only; must be visually/semantically checked before transcript.,Coordinate candidate only; must be visually/semantically checked before transcript.
S-181,f5f0b8c789db90e2b58980f6ada2e030a70d142e,f5f0b8c789,23608.007,25114.901,905.0,343.0,R03A-jwt-handler-pipeline-events,R03,P03-R03A-jwt-handler-pipeline,L-083: OnAuthenticationFailed | L-072: !!!! | L-084: OnChallenge | L-078: AuthFailedContext | L-082: OnTokenValidated,candidate-needs-boundary-review,,no,yes,Coordinate candidate only; must be visually/semantically checked before transcript.,Coordinate candidate only; must be visually/semantically checked before transcript.
S-182,db25ecac1c20694ca2c87d0f9fb153708cc98f63,db25ecac1c,23602.416,25455.888,754.0,463.0,R03A-jwt-handler-pipeline-events,R03,P03-R03A-jwt-handler-pipeline,L-072: !!!! | L-084: OnChallenge | L-083: OnAuthenticationFailed | L-085: OnForbidden | L-078: AuthFailedContext,candidate-needs-boundary-review,,no,yes,Coordinate candidate only; must be visually/semantically checked before transcript.,Coordinate candidate only; must be visually/semantically checked before transcript.
S-183,01a1b673fc3f8deabbc273e2cc41aac1346a5528,01a1b673fc,23609.004,25919.478,784.0,463.0,R03A-jwt-handler-pipeline-events,R03,P03-R03A-jwt-handler-pipeline,L-084: OnChallenge | L-072: !!!! | L-083: OnAuthenticationFailed | L-085: OnForbidden | L-073: !!!,candidate-needs-boundary-review,,no,yes,Coordinate candidate only; must be visually/semantically checked before transcript.,Coordinate candidate only; must be visually/semantically checked before transcript.
S-184,962765775677d450e0d2c9b589013f11dd763451,9627657756,23617.391,26520.119,757.0,310.0,R03A-jwt-handler-pipeline-events,R03,P03-R03A-jwt-handler-pipeline,L-084: OnChallenge | L-085: OnForbidden | L-072: !!!! | L-073: !!! | L-083: OnAuthenticationFailed,candidate-needs-boundary-review,,no,yes,Coordinate candidate only; must be visually/semantically checked before transcript.,Coordinate candidate only; must be visually/semantically checked before transcript.
S-185,6c3ff62c3df73d6e9a988e3ad36aa3733a600e4e,6c3ff62c3d,23605.977,26838.452,698.0,463.0,R03A-jwt-handler-pipeline-events,R03,P03-R03A-jwt-handler-pipeline,L-085: OnForbidden | L-084: OnChallenge | L-073: !!! | L-072: !!!! | L-080: ForbiddenCOntext,candidate-needs-boundary-review,,no,yes,Coordinate candidate only; must be visually/semantically checked before transcript.,Coordinate candidate only; must be visually/semantically checked before transcript.
S-186,48fe2e1905a09b4bb40d2fe54556db50af62d043,48fe2e1905,23596.276,27293.285,750.0,417.0,R03A-jwt-handler-pipeline-events,R03,P03-R03A-jwt-handler-pipeline,L-085: OnForbidden | L-073: !!! | L-084: OnChallenge | L-072: !!!! | L-080: ForbiddenCOntext,candidate-needs-boundary-review,,no,yes,Coordinate candidate only; must be visually/semantically checked before transcript.,Coordinate candidate only; must be visually/semantically checked before transcript.
S-187,714778f946255017eda742ca6f5590f170b02c5d,714778f946,23598.404,27843.388,836.0,285.0,R03A-jwt-handler-pipeline-events,R03,P03-R03A-jwt-handler-pipeline,L-085: OnForbidden | L-073: !!! | L-084: OnChallenge | L-080: ForbiddenCOntext | L-072: !!!!,candidate-needs-boundary-review,,no,yes,Coordinate candidate only; must be visually/semantically checked before transcript.,Coordinate candidate only; must be visually/semantically checked before transcript.
S-188,369d46ad891e55a659cbb99fe6b80d13f9d420cf,369d46ad89,23602.296,28142.042,804.0,463.0,R03A-jwt-handler-pipeline-events,R03,P03-R03A-jwt-handler-pipeline,L-085: OnForbidden | L-073: !!! | L-084: OnChallenge | L-080: ForbiddenCOntext | L-072: !!!!,candidate-needs-boundary-review,,no,yes,Coordinate candidate only; must be visually/semantically checked before transcript.,Coordinate candidate only; must be visually/semantically checked before transcript.
S-189,860e8d4a10ccb443f90790e164c74081992f5727,860e8d4a10,23604.058,28606.08,677.0,335.0,R03B-jwt-outcomes-failure-challenge-forbid,R03,P04-R03B-R04-oidc-and-outcomes-tail,L-073: !!! | L-085: OnForbidden | L-080: ForbiddenCOntext | L-084: OnChallenge | L-072: !!!!,candidate-needs-boundary-review,,no,yes,Coordinate candidate only; must be visually/semantically checked before transcript.,Coordinate candidate only; must be visually/semantically checked before transcript.
S-190,b371ddd47ffc364450123b03ca5d30fe68baf17e,b371ddd47f,24445.032,26543.066,751.0,148.0,R03A-jwt-handler-pipeline-events,R03,P03-R03A-jwt-handler-pipeline,L-084: OnChallenge | L-085: OnForbidden | L-072: !!!! | L-073: !!! | L-083: OnAuthenticationFailed,candidate-needs-boundary-review,,no,yes,Coordinate candidate only; must be visually/semantically checked before transcript.,Coordinate candidate only; must be visually/semantically checked before transcript.
S-191,b371ddd47ffc364450123b03ca5d30fe68baf17e,b371ddd47f,24493.921,27863.066,751.0,148.0,R03A-jwt-handler-pipeline-events,R03,P03-R03A-jwt-handler-pipeline,L-085: OnForbidden | L-073: !!! | L-084: OnChallenge | L-072: !!!! | L-080: ForbiddenCOntext,candidate-needs-boundary-review,,no,yes,Coordinate candidate only; must be visually/semantically checked before transcript.,Coordinate candidate only; must be visually/semantically checked before transcript.
S-192,4eac1e524b814921ea9dd748b75b65576c96a77c,4eac1e524b,22124.483,21805.777,456.0,318.0,R03A-jwt-handler-pipeline-events,R03,P03-R03A-jwt-handler-pipeline,L-076: messagereveivedctx | L-075: summary | L-077: tokenValidatedctx | L-081: OnMessageReceinved | L-082: OnTokenValidated,candidate-needs-boundary-review,,no,yes,Coordinate candidate only; must be visually/semantically checked before transcript.,Coordinate candidate only; must be visually/semantically checked before transcript.
S-193,f9dd5e9b2c1cad22eb5f5eac899ce246d5041abd,f9dd5e9b2c,22108.836,22162.65,886.0,273.0,R03A-jwt-handler-pipeline-events,R03,P03-R03A-jwt-handler-pipeline,L-076: messagereveivedctx | L-077: tokenValidatedctx | L-081: OnMessageReceinved | L-082: OnTokenValidated | L-075: summary,candidate-needs-boundary-review,,no,yes,Coordinate candidate only; must be visually/semantically checked before transcript.,Coordinate candidate only; must be visually/semantically checked before transcript.
S-194,53c48049eaf75dfe8a09bafca3fabc4569e168eb,53c48049ea,22154.083,23266.695,586.0,332.0,R03A-jwt-handler-pipeline-events,R03,P03-R03A-jwt-handler-pipeline,L-077: tokenValidatedctx | L-082: OnTokenValidated | L-078: AuthFailedContext | L-076: messagereveivedctx | L-083: OnAuthenticationFailed,candidate-needs-boundary-review,,no,yes,Coordinate candidate only; must be visually/semantically checked before transcript.,Coordinate candidate only; must be visually/semantically checked before transcript.
S-195,09efbd4d713ddb680934986681b10070e53b9d0c,09efbd4d71,22162.866,23607.446,906.0,356.0,R03A-jwt-handler-pipeline-events,R03,P03-R03A-jwt-handler-pipeline,L-077: tokenValidatedctx | L-082: OnTokenValidated | L-078: AuthFailedContext | L-083: OnAuthenticationFailed | L-072: !!!!,candidate-needs-boundary-review,,no,yes,Coordinate candidate only; must be visually/semantically checked before transcript.,Coordinate candidate only; must be visually/semantically checked before transcript.
S-196,e59d1bff23d41e02bb73dba0799a7bd5c7bb839a,e59d1bff23,22153.021,25111.64,807.0,482.0,R03A-jwt-handler-pipeline-events,R03,P03-R03A-jwt-handler-pipeline,L-078: AuthFailedContext | L-072: !!!! | L-083: OnAuthenticationFailed | L-079: ChallengeContext | L-084: OnChallenge,candidate-needs-boundary-review,,no,yes,Coordinate candidate only; must be visually/semantically checked before transcript.,Coordinate candidate only; must be visually/semantically checked before transcript.
S-197,31980a49e20c7a863b73d50bfd9ea6bb248e1e4f,31980a49e2,21998.852,26446.183,586.0,292.0,R03A-jwt-handler-pipeline-events,R03,P03-R03A-jwt-handler-pipeline,L-079: ChallengeContext | L-080: ForbiddenCOntext | L-084: OnChallenge | L-072: !!!! | L-078: AuthFailedContext,candidate-needs-boundary-review,,no,yes,Coordinate candidate only; must be visually/semantically checked before transcript.,Coordinate candidate only; must be visually/semantically checked before transcript.
S-198,3fb56eed63623f366d45aad7214a723762b60221,3fb56eed63,22034.447,27826.445,511.0,301.0,R03A-jwt-handler-pipeline-events,R03,P03-R03A-jwt-handler-pipeline,L-080: ForbiddenCOntext | L-073: !!! | L-085: OnForbidden | L-079: ChallengeContext | L-084: OnChallenge,candidate-needs-boundary-review,,no,yes,Coordinate candidate only; must be visually/semantically checked before transcript.,Coordinate candidate only; must be visually/semantically checked before transcript.
S-199,47527e58ba66067b7a8316482ad6e17914a50ff9,47527e58ba,24453.535,27092.699,720.0,271.0,R03A-jwt-handler-pipeline-events,R03,P03-R03A-jwt-handler-pipeline,L-085: OnForbidden | L-084: OnChallenge | L-073: !!! | L-072: !!!! | L-083: OnAuthenticationFailed,candidate-needs-boundary-review,,no,yes,Coordinate candidate only; must be visually/semantically checked before transcript.,Coordinate candidate only; must be visually/semantically checked before transcript.
S-200,2a00df36edaef26da5221648fad52d853f591314,2a00df36ed,22007.66,28159.903,944.0,315.0,R03A-jwt-handler-pipeline-events,R03,P03-R03A-jwt-handler-pipeline,L-080: ForbiddenCOntext | L-073: !!! | L-085: OnForbidden | L-079: ChallengeContext | L-084: OnChallenge,candidate-needs-boundary-review,,no,yes,Coordinate candidate only; must be visually/semantically checked before transcript.,Coordinate candidate only; must be visually/semantically checked before transcript.
S-201,4a0f3665e37f64e108daf2f3706c9b6ed0cb362e,4a0f3665e3,21978.773,26763.862,1019.0,369.0,R03A-jwt-handler-pipeline-events,R03,P03-R03A-jwt-handler-pipeline,L-080: ForbiddenCOntext | L-079: ChallengeContext | L-084: OnChallenge | L-073: !!! | L-085: OnForbidden,candidate-needs-boundary-review,,no,yes,Coordinate candidate only; must be visually/semantically checked before transcript.,Coordinate candidate only; must be visually/semantically checked before transcript.
S-202,c55c37517bd853e165ec6ac5c0017c7ee5675e7a,c55c37517b,21955.094,27176.432,979.0,292.0,R03A-jwt-handler-pipeline-events,R03,P03-R03A-jwt-handler-pipeline,L-080: ForbiddenCOntext | L-073: !!! | L-085: OnForbidden | L-079: ChallengeContext | L-084: OnChallenge,candidate-needs-boundary-review,,no,yes,Coordinate candidate only; must be visually/semantically checked before transcript.,Coordinate candidate only; must be visually/semantically checked before transcript.
S-203,266b142cb644db1cc2cf670d1c5f581d79631c20,266b142cb6,25739.329,1222.026,946.0,357.0,R02B-cookie-events-sliding-redirects,R02,P02-R02-cookie-core-and-events,L-096: OnsigningIn | L-110: Cookie | L-109: summary | L-097: OnSignedIn | L-108: signingInContext,processed-in-r02-v001,R02,yes-for-r02-v001-boundary,no-for-r02-v001,Included in R02 v001 after visual/semantic boundary review.,Included in R02 v001 after visual/semantic boundary review.
S-204,92d1b8e4cfe00d064018f1fb28116bc8c3840246,92d1b8e4cf,25729.02,1595.378,914.0,424.0,R02B-cookie-events-sliding-redirects,R02,P02-R02-cookie-core-and-events,L-096: OnsigningIn | L-110: Cookie | L-097: OnSignedIn | L-108: signingInContext | L-109: summary,processed-in-r02-v001,R02,yes-for-r02-v001-boundary,no-for-r02-v001,Included in R02 v001 after visual/semantic boundary review.,Included in R02 v001 after visual/semantic boundary review.
S-205,50b04a40dcb619598d892cfe92304df5bf42c613,50b04a40dc,25721.204,2208.086,1010.0,482.0,R02B-cookie-events-sliding-redirects,R02,P02-R02-cookie-core-and-events,L-096: OnsigningIn | L-097: OnSignedIn | L-110: Cookie | L-103: ONValidatePrincipal | L-108: signingInContext,processed-in-r02-v001,R02,yes-for-r02-v001-boundary,no-for-r02-v001,Included in R02 v001 after visual/semantic boundary review.,Included in R02 v001 after visual/semantic boundary review.
S-206,fd05f17053fb5ecdacbd88aee880a0ff241b07c1,fd05f17053,25727.886,2685.662,789.0,482.0,R02B-cookie-events-sliding-redirects,R02,P02-R02-cookie-core-and-events,L-097: OnSignedIn | L-096: OnsigningIn | L-103: ONValidatePrincipal | L-107: signedInContext | L-108: signingInContext,processed-in-r02-v001,R02,yes-for-r02-v001-boundary,no-for-r02-v001,Included in R02 v001 after visual/semantic boundary review.,Included in R02 v001 after visual/semantic boundary review.
S-207,1cf0b29a4f245cfc2670097a2867d2d8999cf13b,1cf0b29a4f,25725.211,3375.728,566.0,324.0,R02B-cookie-events-sliding-redirects,R02,P02-R02-cookie-core-and-events,L-097: OnSignedIn | L-103: ONValidatePrincipal | L-096: OnsigningIn | L-107: signedInContext | L-106: ValidatePrincipalContext,processed-in-r02-v001,R02,yes-for-r02-v001-boundary,no-for-r02-v001,Included in R02 v001 after visual/semantic boundary review.,Included in R02 v001 after visual/semantic boundary review.
S-208,05dbbd258a60756cde4838b92b863716681114dd,05dbbd258a,25737.423,3706.864,944.0,469.0,R02B-cookie-events-sliding-redirects,R02,P02-R02-cookie-core-and-events,L-103: ONValidatePrincipal | L-097: OnSignedIn | L-106: ValidatePrincipalContext | L-096: OnsigningIn | L-107: signedInContext,processed-in-r02-v001,R02,yes-for-r02-v001-boundary,no-for-r02-v001,Included in R02 v001 after visual/semantic boundary review.,Included in R02 v001 after visual/semantic boundary review.
S-209,2a04f5019def05c48cba31be2808ef345ad0d21e,2a04f5019d,25748.377,4384.864,893.0,233.0,R02B-cookie-events-sliding-redirects,R02,P02-R02-cookie-core-and-events,L-103: ONValidatePrincipal | L-097: OnSignedIn | L-104: OnSignigOut | L-106: ValidatePrincipalContext | L-107: signedInContext,processed-in-r02-v001,R02,yes-for-r02-v001-boundary,no-for-r02-v001,Included in R02 v001 after visual/semantic boundary review.,Included in R02 v001 after visual/semantic boundary review.
S-210,4e59e8f2ede4ee02fdc7d51f3c67ae621a1f8c33,4e59e8f2ed,25747.249,4632.329,677.0,482.0,R02B-cookie-events-sliding-redirects,R02,P02-R02-cookie-core-and-events,L-103: ONValidatePrincipal | L-104: OnSignigOut | L-097: OnSignedIn | L-106: ValidatePrincipalContext | L-105: SingingOutContext,processed-in-r02-v001,R02,yes-for-r02-v001-boundary,no-for-r02-v001,Included in R02 v001 after visual/semantic boundary review.,Included in R02 v001 after visual/semantic boundary review.
S-211,da130bb541298bf943cc24759a38ae4f3e5066bd,da130bb541,25730.804,5124.45,872.0,482.0,R02B-cookie-events-sliding-redirects,R02,P02-R02-cookie-core-and-events,L-104: OnSignigOut | L-103: ONValidatePrincipal | L-098: OnRedirectToLogin (Challenge) | L-105: SingingOutContext | L-106: ValidatePrincipalContext,processed-in-r02-v001,R02,yes-for-r02-v001-boundary,no-for-r02-v001,Included in R02 v001 after visual/semantic boundary review.,Included in R02 v001 after visual/semantic boundary review.
S-212,a059f1e03e7be2b5248760309bffcc6578ae717d,a059f1e03e,25734.13,5588.693,958.0,482.0,R02B-cookie-events-sliding-redirects,R02,P02-R02-cookie-core-and-events,L-104: OnSignigOut | L-098: OnRedirectToLogin (Challenge) | L-103: ONValidatePrincipal | L-105: SingingOutContext | L-099: OnRedirectToAccDenied (Forbid),processed-in-r02-v001,R02,yes-for-r02-v001-boundary,no-for-r02-v001,Included in R02 v001 after visual/semantic boundary review.,Included in R02 v001 after visual/semantic boundary review.
S-213,4c416e3fa2452bf95168ce31820968c3077a3470,4c416e3fa2,25756.029,6208.243,548.0,322.0,R02B-cookie-events-sliding-redirects,R02,P02-R02-cookie-core-and-events,L-104: OnSignigOut | L-098: OnRedirectToLogin (Challenge) | L-099: OnRedirectToAccDenied (Forbid) | L-105: SingingOutContext | L-087: cookieredirectcontext,processed-in-r02-v001,R02,yes-for-r02-v001-boundary,no-for-r02-v001,Included in R02 v001 after visual/semantic boundary review.,Included in R02 v001 after visual/semantic boundary review.
S-214,10b2c7157c047b13512532f20c2b8b848344ed20,10b2c7157c,25760.484,6537.212,910.0,338.0,R02B-cookie-events-sliding-redirects,R02,P02-R02-cookie-core-and-events,L-098: OnRedirectToLogin (Challenge) | L-104: OnSignigOut | L-099: OnRedirectToAccDenied (Forbid) | L-105: SingingOutContext | L-100: OnRedirectToLogOut,processed-in-r02-v001,R02,yes-for-r02-v001-boundary,no-for-r02-v001,Included in R02 v001 after visual/semantic boundary review.,Included in R02 v001 after visual/semantic boundary review.
S-215,de2b22664144c62bb92aa14fbb3da2c4b2f0be0d,de2b226641,25752.211,7206.571,792.0,291.0,R02B-cookie-events-sliding-redirects,R02,P02-R02-cookie-core-and-events,L-098: OnRedirectToLogin (Challenge) | L-099: OnRedirectToAccDenied (Forbid) | L-104: OnSignigOut | L-100: OnRedirectToLogOut | L-101: OnRedirectToReturnUrl,processed-in-r02-v001,R02,yes-for-r02-v001-boundary,no-for-r02-v001,Included in R02 v001 after visual/semantic boundary review.,Included in R02 v001 after visual/semantic boundary review.
S-216,d67bd02b55a1761e7be996bd2aa43be9b0e3f742,d67bd02b55,25760.509,7508.491,906.0,482.0,R02B-cookie-events-sliding-redirects,R02,P02-R02-cookie-core-and-events,L-099: OnRedirectToAccDenied (Forbid) | L-098: OnRedirectToLogin (Challenge) | L-100: OnRedirectToLogOut | L-101: OnRedirectToReturnUrl | L-104: OnSignigOut,processed-in-r02-v001,R02,yes-for-r02-v001-boundary,no-for-r02-v001,Included in R02 v001 after visual/semantic boundary review.,Included in R02 v001 after visual/semantic boundary review.
S-217,8467f259b1d5c3df9b1bf93f0e0baa67c794e611,8467f259b1,25747.696,8114.01,898.0,304.0,R02B-cookie-events-sliding-redirects,R02,P02-R02-cookie-core-and-events,L-099: OnRedirectToAccDenied (Forbid) | L-100: OnRedirectToLogOut | L-101: OnRedirectToReturnUrl | L-098: OnRedirectToLogin (Challenge) | L-102: OnCheckSlidingExp,processed-in-r02-v001,R02,yes-for-r02-v001-boundary,no-for-r02-v001,Included in R02 v001 after visual/semantic boundary review.,Included in R02 v001 after visual/semantic boundary review.
S-218,d677a3903eb8853ad0584b03a71b8df41557dc59,d677a3903e,25746.953,8414.404,931.0,382.0,R02B-cookie-events-sliding-redirects,R02,P02-R02-cookie-core-and-events,L-100: OnRedirectToLogOut | L-099: OnRedirectToAccDenied (Forbid) | L-101: OnRedirectToReturnUrl | L-102: OnCheckSlidingExp | L-098: OnRedirectToLogin (Challenge),processed-in-r02-v001,R02,yes-for-r02-v001-boundary,no-for-r02-v001,Included in R02 v001 after visual/semantic boundary review.,Included in R02 v001 after visual/semantic boundary review.
S-219,58ed55bc91b2a039d6a49fef702e31a255817598,58ed55bc91,25754.635,8966.01,712.0,360.0,R02B-cookie-events-sliding-redirects,R02,P02-R02-cookie-core-and-events,L-101: OnRedirectToReturnUrl | L-100: OnRedirectToLogOut | L-102: OnCheckSlidingExp | L-099: OnRedirectToAccDenied (Forbid) | L-095: can write to response,processed-in-r02-v001,R02,yes-for-r02-v001-boundary,no-for-r02-v001,Included in R02 v001 after visual/semantic boundary review.,Included in R02 v001 after visual/semantic boundary review.
S-220,a916a32634df9f14fd8602e547c17ec8a8c035cb,a916a32634,25736.196,9462.632,681.0,271.0,R02B-cookie-events-sliding-redirects,R02,P02-R02-cookie-core-and-events,L-102: OnCheckSlidingExp | L-101: OnRedirectToReturnUrl | L-100: OnRedirectToLogOut | L-099: OnRedirectToAccDenied (Forbid) | L-095: can write to response,processed-in-r02-v001,R02,yes-for-r02-v001-boundary,no-for-r02-v001,Included in R02 v001 after visual/semantic boundary review.,Included in R02 v001 after visual/semantic boundary review.
S-221,637c87412d76b42ea08f3d37f05991eea5361095,637c87412d,25710.908,9860.616,894.0,292.0,R02B-cookie-events-sliding-redirects,R02,P02-R02-cookie-core-and-events,L-102: OnCheckSlidingExp | L-101: OnRedirectToReturnUrl | L-100: OnRedirectToLogOut | L-095: can write to response | L-099: OnRedirectToAccDenied (Forbid),processed-in-r02-v001,R02,yes-for-r02-v001-boundary,no-for-r02-v001,Included in R02 v001 after visual/semantic boundary review.,Included in R02 v001 after visual/semantic boundary review.
S-222,525f6c9fe531f5eac9145c511d4b64be296643cf,525f6c9fe5,25726.256,10156.495,953.0,396.0,R02B-cookie-events-sliding-redirects,R02,P02-R02-cookie-core-and-events,L-102: OnCheckSlidingExp | L-101: OnRedirectToReturnUrl | L-100: OnRedirectToLogOut | L-095: can write to response | L-099: OnRedirectToAccDenied (Forbid),processed-in-r02-v001,R02,yes-for-r02-v001-boundary,no-for-r02-v001,Included in R02 v001 after visual/semantic boundary review.,Included in R02 v001 after visual/semantic boundary review.
S-223,cc4b48a378b1671354225bd6ee75470aef19348c,cc4b48a378,28183.855,2205.319,1965.0,305.0,R02B-cookie-events-sliding-redirects,R02,P02-R02-cookie-core-and-events,L-096: OnsigningIn | L-097: OnSignedIn | L-103: ONValidatePrincipal | L-110: Cookie | L-108: signingInContext,processed-in-r02-v001,R02,yes-for-r02-v001-boundary,no-for-r02-v001,Included in R02 v001 after visual/semantic boundary review.,Included in R02 v001 after visual/semantic boundary review.
S-224,e92b03f8df0741583f36fffc93315e36a6495eec,e92b03f8df,28170.64,2578.059,1130.0,395.0,R02B-cookie-events-sliding-redirects,R02,P02-R02-cookie-core-and-events,L-097: OnSignedIn | L-096: OnsigningIn | L-103: ONValidatePrincipal | L-110: Cookie | L-107: signedInContext,processed-in-r02-v001,R02,yes-for-r02-v001-boundary,no-for-r02-v001,Included in R02 v001 after visual/semantic boundary review.,Included in R02 v001 after visual/semantic boundary review.
S-225,c743ed1ec7dcd4400697e533fe6870ae768bcec6,c743ed1ec7,28144.721,3032.66,2176.0,470.0,R02B-cookie-events-sliding-redirects,R02,P02-R02-cookie-core-and-events,L-097: OnSignedIn | L-103: ONValidatePrincipal | L-096: OnsigningIn | L-110: Cookie | L-104: OnSignigOut,processed-in-r02-v001,R02,yes-for-r02-v001-boundary,no-for-r02-v001,Included in R02 v001 after visual/semantic boundary review.,Included in R02 v001 after visual/semantic boundary review.
S-226,e39b4fa17f10fe652e3d6728f9d05a6dd1e77698,e39b4fa17f,28099.604,3581.412,3181.0,465.0,R02B-cookie-events-sliding-redirects,R02,P02-R02-cookie-core-and-events,L-097: OnSignedIn | L-103: ONValidatePrincipal | L-096: OnsigningIn | L-104: OnSignigOut | L-098: OnRedirectToLogin (Challenge),processed-in-r02-v001,R02,yes-for-r02-v001-boundary,no-for-r02-v001,Included in R02 v001 after visual/semantic boundary review.,Included in R02 v001 after visual/semantic boundary review.
S-227,7a1b9373f525f4b03df80ce57aa8d423aca28ef3,7a1b9373f5,28043.009,4097.149,2070.0,451.0,R02B-cookie-events-sliding-redirects,R02,P02-R02-cookie-core-and-events,L-103: ONValidatePrincipal | L-097: OnSignedIn | L-104: OnSignigOut | L-096: OnsigningIn | L-098: OnRedirectToLogin (Challenge),processed-in-r02-v001,R02,yes-for-r02-v001-boundary,no-for-r02-v001,Included in R02 v001 after visual/semantic boundary review.,Included in R02 v001 after visual/semantic boundary review.
S-228,f02742497a7d6c962f4ed4f6ccf087d4040fc034,f02742497a,28032.062,4625.206,2125.0,507.0,R02B-cookie-events-sliding-redirects,R02,P02-R02-cookie-core-and-events,L-103: ONValidatePrincipal | L-104: OnSignigOut | L-097: OnSignedIn | L-098: OnRedirectToLogin (Challenge) | L-096: OnsigningIn,processed-in-r02-v001,R02,yes-for-r02-v001-boundary,no-for-r02-v001,Included in R02 v001 after visual/semantic boundary review.,Included in R02 v001 after visual/semantic boundary review.
S-229,e80bd19c3ab0ddf89882861255771c0ed31ec08e,e80bd19c3a,28077.738,5131.889,1944.0,419.0,R02B-cookie-events-sliding-redirects,R02,P02-R02-cookie-core-and-events,L-104: OnSignigOut | L-103: ONValidatePrincipal | L-098: OnRedirectToLogin (Challenge) | L-097: OnSignedIn | L-099: OnRedirectToAccDenied (Forbid),processed-in-r02-v001,R02,yes-for-r02-v001-boundary,no-for-r02-v001,Included in R02 v001 after visual/semantic boundary review.,Included in R02 v001 after visual/semantic boundary review.
S-230,64067c2e79da35034c60f9e6af306d8183168081,64067c2e79,28061.624,5655.743,2074.0,488.0,R02B-cookie-events-sliding-redirects,R02,P02-R02-cookie-core-and-events,L-104: OnSignigOut | L-098: OnRedirectToLogin (Challenge) | L-103: ONValidatePrincipal | L-099: OnRedirectToAccDenied (Forbid) | L-097: OnSignedIn,processed-in-r02-v001,R02,yes-for-r02-v001-boundary,no-for-r02-v001,Included in R02 v001 after visual/semantic boundary review.,Included in R02 v001 after visual/semantic boundary review.
S-231,c764fdf6aa5b4314ddbf9915528512e5ff8db3ae,c764fdf6aa,24191.723,7246.775,652.0,171.0,R02B-cookie-events-sliding-redirects,R02,P02-R02-cookie-core-and-events,L-087: cookieredirectcontext | L-098: OnRedirectToLogin (Challenge) | L-105: SingingOutContext | L-099: OnRedirectToAccDenied (Forbid) | L-095: can write to response,processed-in-r02-v001,R02,yes-for-r02-v001-boundary,no-for-r02-v001,Included in R02 v001 after visual/semantic boundary review.,Included in R02 v001 after visual/semantic boundary review.
S-232,4242f3f505ab08a1446bb471e1cf2bfbe18c820f,4242f3f505,24065.056,7478.942,917.0,441.0,R02B-cookie-events-sliding-redirects,R02,P02-R02-cookie-core-and-events,L-087: cookieredirectcontext | L-099: OnRedirectToAccDenied (Forbid) | L-095: can write to response | L-098: OnRedirectToLogin (Challenge) | L-100: OnRedirectToLogOut,processed-in-r02-v001,R02,yes-for-r02-v001-boundary,no-for-r02-v001,Included in R02 v001 after visual/semantic boundary review.,Included in R02 v001 after visual/semantic boundary review.
S-233,481694712afaaf225db86bacab7606cd038349fb,481694712a,24067.39,7957.942,931.0,435.0,R02B-cookie-events-sliding-redirects,R02,P02-R02-cookie-core-and-events,L-095: can write to response | L-099: OnRedirectToAccDenied (Forbid) | L-087: cookieredirectcontext | L-100: OnRedirectToLogOut | L-098: OnRedirectToLogin (Challenge),processed-in-r02-v001,R02,yes-for-r02-v001-boundary,no-for-r02-v001,Included in R02 v001 after visual/semantic boundary review.,Included in R02 v001 after visual/semantic boundary review.
S-234,bcd847a957c176d4f41d4d7c01907707d929d12f,bcd847a957,24072.842,8395.619,912.0,482.0,R02B-cookie-events-sliding-redirects,R02,P02-R02-cookie-core-and-events,L-095: can write to response | L-100: OnRedirectToLogOut | L-099: OnRedirectToAccDenied (Forbid) | L-101: OnRedirectToReturnUrl | L-088: cookieslidingexpiration,processed-in-r02-v001,R02,yes-for-r02-v001-boundary,no-for-r02-v001,Included in R02 v001 after visual/semantic boundary review.,Included in R02 v001 after visual/semantic boundary review.
S-235,12de44bdb5f15d7460e6c121239f67b780c348b8,12de44bdb5,24474.778,9066.946,1009.0,324.0,R02B-cookie-events-sliding-redirects,R02,P02-R02-cookie-core-and-events,L-095: can write to response | L-101: OnRedirectToReturnUrl | L-100: OnRedirectToLogOut | L-102: OnCheckSlidingExp | L-099: OnRedirectToAccDenied (Forbid),processed-in-r02-v001,R02,yes-for-r02-v001-boundary,no-for-r02-v001,Included in R02 v001 after visual/semantic boundary review.,Included in R02 v001 after visual/semantic boundary review.
S-236,2a2d648f9cc7186ef57c83270532efd9d3efdfab,2a2d648f9c,23479.603,9731.084,1008.0,292.0,R02B-cookie-events-sliding-redirects,R02,P02-R02-cookie-core-and-events,L-088: cookieslidingexpiration | L-095: can write to response | L-102: OnCheckSlidingExp | L-101: OnRedirectToReturnUrl | L-100: OnRedirectToLogOut,processed-in-r02-v001,R02,yes-for-r02-v001-boundary,no-for-r02-v001,Included in R02 v001 after visual/semantic boundary review.,Included in R02 v001 after visual/semantic boundary review.
S-237,d3b5d1e47043dd35d92135d9241acc10f9dedaa4,d3b5d1e470,23515.497,10049.261,790.0,482.0,R02B-cookie-events-sliding-redirects,R02,P02-R02-cookie-core-and-events,L-088: cookieslidingexpiration | L-095: can write to response | L-102: OnCheckSlidingExp | L-089: Based on real user activity | L-101: OnRedirectToReturnUrl,processed-in-r02-v001,R02,yes-for-r02-v001-boundary,no-for-r02-v001,Included in R02 v001 after visual/semantic boundary review.,Included in R02 v001 after visual/semantic boundary review.
S-238,ed0ef122243ff7ce109db9d697686531b386cfc9,ed0ef12224,24348.63,1220.648,773.0,482.0,R02B-cookie-events-sliding-redirects,R02,P02-R02-cookie-core-and-events,L-109: summary | L-108: signingInContext | L-110: Cookie | L-096: OnsigningIn | L-107: signedInContext,processed-in-r02-v001,R02,yes-for-r02-v001-boundary,no-for-r02-v001,Included in R02 v001 after visual/semantic boundary review.,Included in R02 v001 after visual/semantic boundary review.
S-239,3bda418a402e6c98f3a78365f0cf7ced1c377c37,3bda418a40,24351.964,2176.42,638.0,375.0,R02B-cookie-events-sliding-redirects,R02,P02-R02-cookie-core-and-events,L-108: signingInContext | L-107: signedInContext | L-096: OnsigningIn | L-109: summary | L-097: OnSignedIn,processed-in-r02-v001,R02,yes-for-r02-v001-boundary,no-for-r02-v001,Included in R02 v001 after visual/semantic boundary review.,Included in R02 v001 after visual/semantic boundary review.
S-240,6fad455082f1147c1e12a856ad705800bcf935bb,6fad455082,24358.423,2562.595,794.0,482.0,R02B-cookie-events-sliding-redirects,R02,P02-R02-cookie-core-and-events,L-107: signedInContext | L-108: signingInContext | L-097: OnSignedIn | L-096: OnsigningIn | L-106: ValidatePrincipalContext,processed-in-r02-v001,R02,yes-for-r02-v001-boundary,no-for-r02-v001,Included in R02 v001 after visual/semantic boundary review.,Included in R02 v001 after visual/semantic boundary review.
S-241,fc68bd97b0e882a4e578f604f8c6bd0d7cc8fe85,fc68bd97b0,24380.563,3345.418,453.0,210.0,R02B-cookie-events-sliding-redirects,R02,P02-R02-cookie-core-and-events,L-107: signedInContext | L-106: ValidatePrincipalContext | L-097: OnSignedIn | L-103: ONValidatePrincipal | L-108: signingInContext,processed-in-r02-v001,R02,yes-for-r02-v001-boundary,no-for-r02-v001,Included in R02 v001 after visual/semantic boundary review.,Included in R02 v001 after visual/semantic boundary review.
S-242,d26be3d13cde86d8465b736c4b97207ff0fd590e,d26be3d13c,24376.815,3562.595,844.0,482.0,R02B-cookie-events-sliding-redirects,R02,P02-R02-cookie-core-and-events,L-106: ValidatePrincipalContext | L-107: signedInContext | L-103: ONValidatePrincipal | L-097: OnSignedIn | L-108: signingInContext,processed-in-r02-v001,R02,yes-for-r02-v001-boundary,no-for-r02-v001,Included in R02 v001 after visual/semantic boundary review.,Included in R02 v001 after visual/semantic boundary review.
S-243,891453a09ad35c5004020544595cd898b304a195,891453a09a,24382.453,4382.595,689.0,482.0,R02B-cookie-events-sliding-redirects,R02,P02-R02-cookie-core-and-events,L-106: ValidatePrincipalContext | L-103: ONValidatePrincipal | L-105: SingingOutContext | L-107: signedInContext | L-097: OnSignedIn,processed-in-r02-v001,R02,yes-for-r02-v001-boundary,no-for-r02-v001,Included in R02 v001 after visual/semantic boundary review.,Included in R02 v001 after visual/semantic boundary review.
S-244,839d790f3963e0f1087bbd3d430aaf069e343b02,839d790f39,24392.341,4882.595,689.0,482.0,R02B-cookie-events-sliding-redirects,R02,P02-R02-cookie-core-and-events,L-105: SingingOutContext | L-106: ValidatePrincipalContext | L-103: ONValidatePrincipal | L-104: OnSignigOut | L-107: signedInContext,processed-in-r02-v001,R02,yes-for-r02-v001-boundary,no-for-r02-v001,Included in R02 v001 after visual/semantic boundary review.,Included in R02 v001 after visual/semantic boundary review.
S-245,1121cd6b62a31fc41223b790424283bd637ecdd1,1121cd6b62,24354.063,6144.084,486.0,96.0,R02B-cookie-events-sliding-redirects,R02,P02-R02-cookie-core-and-events,L-105: SingingOutContext | L-087: cookieredirectcontext | L-104: OnSignigOut | L-098: OnRedirectToLogin (Challenge) | L-106: ValidatePrincipalContext,processed-in-r02-v001,R02,yes-for-r02-v001-boundary,no-for-r02-v001,Included in R02 v001 after visual/semantic boundary review.,Included in R02 v001 after visual/semantic boundary review.
S-246,3f01c77018b30830e4d9cb9df98fbbd639c51559,3f01c77018,24373.396,6247.584,484.0,369.0,R02B-cookie-events-sliding-redirects,R02,P02-R02-cookie-core-and-events,L-105: SingingOutContext | L-087: cookieredirectcontext | L-104: OnSignigOut | L-098: OnRedirectToLogin (Challenge) | L-099: OnRedirectToAccDenied (Forbid),processed-in-r02-v001,R02,yes-for-r02-v001-boundary,no-for-r02-v001,Included in R02 v001 after visual/semantic boundary review.,Included in R02 v001 after visual/semantic boundary review.
S-247,d2c4780205fa20bef62d6e9666051a1a3757c686,d2c4780205,22134.085,10186.968,840.0,482.0,R02B-cookie-events-sliding-redirects,R02,P02-R02-cookie-core-and-events,L-089: Based on real user activity | L-090: based on allowrefresh | L-088: cookieslidingexpiration | L-091: based on ticket age/remaining tie | L-092: based on custom metadata,processed-in-r02-v001,R02,yes-for-r02-v001-boundary,no-for-r02-v001,Included in R02 v001 after visual/semantic boundary review.,Included in R02 v001 after visual/semantic boundary review.
S-248,7c2071825e15230ba068b30c9e8bafdd6d9b6d61,7c2071825e,22138.293,10671.095,828.0,482.0,R02B-cookie-events-sliding-redirects,R02,P02-R02-cookie-core-and-events,L-090: based on allowrefresh | L-091: based on ticket age/remaining tie | L-089: Based on real user activity | L-088: cookieslidingexpiration | L-092: based on custom metadata,processed-in-r02-v001,R02,yes-for-r02-v001-boundary,no-for-r02-v001,Included in R02 v001 after visual/semantic boundary review.,Included in R02 v001 after visual/semantic boundary review.
S-249,706d879ae80acef8af04ffd96edba5c51f547fd5,706d879ae8,22120.556,11245.539,854.0,482.0,R02B-cookie-events-sliding-redirects,R02,P02-R02-cookie-core-and-events,L-091: based on ticket age/remaining tie | L-090: based on allowrefresh | L-092: based on custom metadata | L-089: Based on real user activity | L-088: cookieslidingexpiration,processed-in-r02-v001,R02,yes-for-r02-v001-boundary,no-for-r02-v001,Included in R02 v001 after visual/semantic boundary review.,Included in R02 v001 after visual/semantic boundary review.
S-250,6d0f3d4a5fc4486820879bcd25d845052a45c338,6d0f3d4a5f,22101.927,11858.695,925.0,456.0,R02B-cookie-events-sliding-redirects,R02,P02-R02-cookie-core-and-events,L-091: based on ticket age/remaining tie | L-092: based on custom metadata | L-090: based on allowrefresh | L-093: based on request sensitivity | L-089: Based on real user activity,processed-in-r02-v001,R02,yes-for-r02-v001-boundary,no-for-r02-v001,Included in R02 v001 after visual/semantic boundary review.,Included in R02 v001 after visual/semantic boundary review.
S-251,b3e8cfd51e739cefc0ba7cb6eb53c02f2f3919fa,b3e8cfd51e,22110.871,12259.529,936.0,481.0,R02B-cookie-events-sliding-redirects,R02,P02-R02-cookie-core-and-events,L-092: based on custom metadata | L-091: based on ticket age/remaining tie | L-093: based on request sensitivity | L-090: based on allowrefresh | L-094: based on remember me,processed-in-r02-v001,R02,yes-for-r02-v001-boundary,no-for-r02-v001,Included in R02 v001 after visual/semantic boundary review.,Included in R02 v001 after visual/semantic boundary review.
S-252,04e9fdc0018e5dbd128764275df9fdc4c794d685,04e9fdc001,22090.482,12846.918,979.0,324.0,R02B-cookie-events-sliding-redirects,R02,P02-R02-cookie-core-and-events,L-092: based on custom metadata | L-093: based on request sensitivity | L-091: based on ticket age/remaining tie | L-094: based on remember me | L-090: based on allowrefresh,processed-in-r02-v001,R02,yes-for-r02-v001-boundary,no-for-r02-v001,Included in R02 v001 after visual/semantic boundary review.,Included in R02 v001 after visual/semantic boundary review.
S-253,fab64d5d3f4c6accb3811a9ecfe4c38c4831a4fe,fab64d5d3f,22105.927,13136.251,917.0,312.0,R02B-cookie-events-sliding-redirects,R02,P02-R02-cookie-core-and-events,L-093: based on request sensitivity | L-092: based on custom metadata | L-094: based on remember me | L-091: based on ticket age/remaining tie | L-090: based on allowrefresh,processed-in-r02-v001,R02,yes-for-r02-v001-boundary,no-for-r02-v001,Included in R02 v001 after visual/semantic boundary review.,Included in R02 v001 after visual/semantic boundary review.
S-254,e518457ba0ea0cbace6e755f05097da27428a0ba,e518457ba0,22115.593,13446.751,911.0,431.0,R02B-cookie-events-sliding-redirects,R02,P02-R02-cookie-core-and-events,L-093: based on request sensitivity | L-094: based on remember me | L-092: based on custom metadata | L-091: based on ticket age/remaining tie | L-090: based on allowrefresh,processed-in-r02-v001,R02,yes-for-r02-v001-boundary,no-for-r02-v001,Included in R02 v001 after visual/semantic boundary review.,Included in R02 v001 after visual/semantic boundary review.
S-255,5037d1acf26a674a5e0ae50290138a0525044f2d,5037d1acf2,22105.343,13992.206,852.0,482.0,R02B-cookie-events-sliding-redirects,R02,P02-R02-cookie-core-and-events,L-094: based on remember me | L-093: based on request sensitivity | L-092: based on custom metadata | L-091: based on ticket age/remaining tie | L-090: based on allowrefresh,processed-in-r02-v001,R02,yes-for-r02-v001-boundary,no-for-r02-v001,Included in R02 v001 after visual/semantic boundary review.,Included in R02 v001 after visual/semantic boundary review.
S-256,a5c61fe6f80207748b579d310fdc395e59ac52a7,a5c61fe6f8,22105.343,14608.362,962.0,450.0,R02B-cookie-events-sliding-redirects,R02,P02-R02-cookie-core-and-events,L-094: based on remember me | L-093: based on request sensitivity | L-092: based on custom metadata | L-091: based on ticket age/remaining tie | L-090: based on allowrefresh,processed-in-r02-v001,R02,yes-for-r02-v001-boundary,no-for-r02-v001,Included in R02 v001 after visual/semantic boundary review.,Included in R02 v001 after visual/semantic boundary review.
S-257,d81d08315745b574fed49f89b69e2975b485c556,d81d083157,13466.578,7013.97,1207.0,343.0,R02A-cookie-core-ticketstore-refresh-signinout,R02,P02-R02-cookie-core-and-events,"L-125: readcookieticket(get the real ticket from cookieor get ticket from c, get id claimand get real ticket from store) | L-124: ensurecookieticket(read the ticket once) | L-115: refresh with iticketstore | L-126: handlesigninasync | L-116: signout with iticketstore",processed-in-r02-v001,R02,yes-for-r02-v001-boundary,no-for-r02-v001,Included in R02 v001 after visual/semantic boundary review.,Included in R02 v001 after visual/semantic boundary review.
S-258,97a3d83a5a00a9aeb5f73dad52feb94bbcac662b,97a3d83a5a,13480.507,7358.732,1282.0,383.0,R02A-cookie-core-ticketstore-refresh-signinout,R02,P02-R02-cookie-core-and-events,"L-125: readcookieticket(get the real ticket from cookieor get ticket from c, get id claimand get real ticket from store) | L-126: handlesigninasync | L-116: signout with iticketstore | L-115: refresh with iticketstore | L-124: ensurecookieticket(read the ticket once)",processed-in-r02-v001,R02,yes-for-r02-v001-boundary,no-for-r02-v001,Included in R02 v001 after visual/semantic boundary review.,Included in R02 v001 after visual/semantic boundary review.
S-259,204da72b0b75d428a1eda96590b14d30f60c711b,204da72b0b,13461.605,7749.836,1137.0,430.0,R02A-cookie-core-ticketstore-refresh-signinout,R02,P02-R02-cookie-core-and-events,"L-126: handlesigninasync | L-125: readcookieticket(get the real ticket from cookieor get ticket from c, get id claimand get real ticket from store) | L-116: signout with iticketstore | L-115: refresh with iticketstore | L-124: ensurecookieticket(read the ticket once)",processed-in-r02-v001,R02,yes-for-r02-v001-boundary,no-for-r02-v001,Included in R02 v001 after visual/semantic boundary review.,Included in R02 v001 after visual/semantic boundary review.
S-260,5bb05f934e215f46d77515a8f53c5296ed3660de,5bb05f934e,13426.615,6219.839,1183.0,263.0,R02A-cookie-core-ticketstore-refresh-signinout,R02,P02-R02-cookie-core-and-events,"L-124: ensurecookieticket(read the ticket once) | L-125: readcookieticket(get the real ticket from cookieor get ticket from c, get id claimand get real ticket from store) | L-123: handleauthenticate | L-114: authenticate with iticketstore | L-115: refresh with iticketstore",processed-in-r02-v001,R02,yes-for-r02-v001-boundary,no-for-r02-v001,Included in R02 v001 after visual/semantic boundary review.,Included in R02 v001 after visual/semantic boundary review.
S-261,beb0a58463ecb57b118387f0dd99abaa2f9efe19,beb0a58463,12009.7,5921.895,1247.0,408.0,R02A-cookie-core-ticketstore-refresh-signinout,R02,P02-R02-cookie-core-and-events,"L-127: requestrefresh | L-124: ensurecookieticket(read the ticket once) | L-122: check for refresh | L-125: readcookieticket(get the real ticket from cookieor get ticket from c, get id claimand get real ticket from store) | L-123: handleauthenticate",processed-in-r02-v001,R02,yes-for-r02-v001-boundary,no-for-r02-v001,Included in R02 v001 after visual/semantic boundary review.,Included in R02 v001 after visual/semantic boundary review.
S-262,0fe0f19eaaaf3645091a7defb7819e74e2c3fbae,0fe0f19eaa,12404.295,5387.178,839.0,376.0,R02A-cookie-core-ticketstore-refresh-signinout,R02,P02-R02-cookie-core-and-events,"L-122: check for refresh | L-123: handleauthenticate | L-124: ensurecookieticket(read the ticket once) | L-127: requestrefresh | L-125: readcookieticket(get the real ticket from cookieor get ticket from c, get id claimand get real ticket from store)",processed-in-r02-v001,R02,yes-for-r02-v001-boundary,no-for-r02-v001,Included in R02 v001 after visual/semantic boundary review.,Included in R02 v001 after visual/semantic boundary review.
S-263,031f2bfd594695dbe7a15958ad890d69d75e15b1,031f2bfd59,13465.757,5394.221,1185.0,303.0,R02A-cookie-core-ticketstore-refresh-signinout,R02,P02-R02-cookie-core-and-events,"L-123: handleauthenticate | L-124: ensurecookieticket(read the ticket once) | L-125: readcookieticket(get the real ticket from cookieor get ticket from c, get id claimand get real ticket from store) | L-114: authenticate with iticketstore | L-113: signin with iticketstore",processed-in-r02-v001,R02,yes-for-r02-v001-boundary,no-for-r02-v001,Included in R02 v001 after visual/semantic boundary review.,Included in R02 v001 after visual/semantic boundary review.
S-264,3993aa19eac1d8bba882ef04637e517f399fb933,3993aa19ea,13452.051,5697.17,1201.0,415.0,R02A-cookie-core-ticketstore-refresh-signinout,R02,P02-R02-cookie-core-and-events,"L-124: ensurecookieticket(read the ticket once) | L-123: handleauthenticate | L-125: readcookieticket(get the real ticket from cookieor get ticket from c, get id claimand get real ticket from store) | L-114: authenticate with iticketstore | L-113: signin with iticketstore",processed-in-r02-v001,R02,yes-for-r02-v001-boundary,no-for-r02-v001,Included in R02 v001 after visual/semantic boundary review.,Included in R02 v001 after visual/semantic boundary review.
S-265,d59dbc1080a66892828b9c334bf157bb3f2fd093,d59dbc1080,13441.357,8780.304,1273.0,222.0,R02A-cookie-core-ticketstore-refresh-signinout,R02,P02-R02-cookie-core-and-events,"L-126: handlesigninasync | L-116: signout with iticketstore | L-128: append cookie | L-115: refresh with iticketstore | L-125: readcookieticket(get the real ticket from cookieor get ticket from c, get id claimand get real ticket from store)",processed-in-r02-v001,R02,yes-for-r02-v001-boundary,no-for-r02-v001,Included in R02 v001 after visual/semantic boundary review.,Included in R02 v001 after visual/semantic boundary review.
S-266,b86b19b5c44764b0fb6f121011c95395de30a623,b86b19b5c4,13445.398,9014.148,900.0,482.0,R02A-cookie-core-ticketstore-refresh-signinout,R02,P02-R02-cookie-core-and-events,"L-126: handlesigninasync | L-128: append cookie | L-116: signout with iticketstore | L-125: readcookieticket(get the real ticket from cookieor get ticket from c, get id claimand get real ticket from store) | L-115: refresh with iticketstore",processed-in-r02-v001,R02,yes-for-r02-v001-boundary,no-for-r02-v001,Included in R02 v001 after visual/semantic boundary review.,Included in R02 v001 after visual/semantic boundary review.
S-267,68f8a449143865b72587e4bfe6487fb6180a0551,68f8a44914,13446.19,9524.471,1274.0,395.0,R02A-cookie-core-ticketstore-refresh-signinout,R02,P02-R02-cookie-core-and-events,"L-128: append cookie | L-126: handlesigninasync | L-116: signout with iticketstore | L-115: refresh with iticketstore | L-125: readcookieticket(get the real ticket from cookieor get ticket from c, get id claimand get real ticket from store)",processed-in-r02-v001,R02,yes-for-r02-v001-boundary,no-for-r02-v001,Included in R02 v001 after visual/semantic boundary review.,Included in R02 v001 after visual/semantic boundary review.
S-268,d6bd8a2c89fa00526df308b2c485b47e49ee94e0,d6bd8a2c89,13458.857,9945.304,1270.0,468.0,R02A-cookie-core-ticketstore-refresh-signinout,R02,P02-R02-cookie-core-and-events,"L-128: append cookie | L-126: handlesigninasync | L-116: signout with iticketstore | L-115: refresh with iticketstore | L-125: readcookieticket(get the real ticket from cookieor get ticket from c, get id claimand get real ticket from store)",processed-in-r02-v001,R02,yes-for-r02-v001-boundary,no-for-r02-v001,Included in R02 v001 after visual/semantic boundary review.,Included in R02 v001 after visual/semantic boundary review.
S-269,21670b23ead8a42bfa1403a19956374bae557ef8,21670b23ea,13459.563,10467.481,1186.0,482.0,R02A-cookie-core-ticketstore-refresh-signinout,R02,P02-R02-cookie-core-and-events,"L-128: append cookie | L-126: handlesigninasync | L-116: signout with iticketstore | L-115: refresh with iticketstore | L-125: readcookieticket(get the real ticket from cookieor get ticket from c, get id claimand get real ticket from store)",processed-in-r02-v001,R02,yes-for-r02-v001-boundary,no-for-r02-v001,Included in R02 v001 after visual/semantic boundary review.,Included in R02 v001 after visual/semantic boundary review.
S-270,76952bcacc3150b05506b0da85a80579c7fbfc6f,76952bcacc,17508.152,5153.805,684.0,482.0,R02A-cookie-core-ticketstore-refresh-signinout,R02,P02-R02-cookie-core-and-events,L-112: authenticatecheck who is the user | L-120: challengeneed to do something with the user that isntauthenticated | L-129: FinishResponseAsync | L-121: forbidneed to do something with the user that isntallowed | L-117: iticketstore,processed-in-r02-v001,R02,yes-for-r02-v001-boundary,no-for-r02-v001,Included in R02 v001 after visual/semantic boundary review.,Included in R02 v001 after visual/semantic boundary review.
S-271,f9e777600d6fbdbd1730b7c099ccf7fda2160101,f9e777600d,17477.175,5678.271,982.0,249.0,R02A-cookie-core-ticketstore-refresh-signinout,R02,P02-R02-cookie-core-and-events,L-129: FinishResponseAsync | L-112: authenticatecheck who is the user | L-120: challengeneed to do something with the user that isntauthenticated | L-118: sign inwe have trusted userwe need to write auth ticketto cookie or ticket  id and store authticket in iticketstore | L-121: forbidneed to do something with the user that isntallowed,processed-in-r02-v001,R02,yes-for-r02-v001-boundary,no-for-r02-v001,Included in R02 v001 after visual/semantic boundary review.,Included in R02 v001 after visual/semantic boundary review.
S-272,1605cfecbde069cb9cd5da730552c1241f9090c3,1605cfecbd,17475.417,5969.424,750.0,482.0,R02A-cookie-core-ticketstore-refresh-signinout,R02,P02-R02-cookie-core-and-events,L-129: FinishResponseAsync | L-112: authenticatecheck who is the user | L-120: challengeneed to do something with the user that isntauthenticated | L-118: sign inwe have trusted userwe need to write auth ticketto cookie or ticket  id and store authticket in iticketstore | L-114: authenticate with iticketstore,processed-in-r02-v001,R02,yes-for-r02-v001-boundary,no-for-r02-v001,Included in R02 v001 after visual/semantic boundary review.,Included in R02 v001 after visual/semantic boundary review.
S-273,04ee9033d0a33d8146aca5b4d9ace2c8fb825b7d,04ee9033d0,17475.122,6523.004,946.0,278.0,R02A-cookie-core-ticketstore-refresh-signinout,R02,P02-R02-cookie-core-and-events,L-129: FinishResponseAsync | L-118: sign inwe have trusted userwe need to write auth ticketto cookie or ticket  id and store authticket in iticketstore | L-112: authenticatecheck who is the user | L-120: challengeneed to do something with the user that isntauthenticated | L-119: sign outwe have trusted userwe need to remove auth ticketfrom cookie or ticketid and removeauthticket from iticketstore,processed-in-r02-v001,R02,yes-for-r02-v001-boundary,no-for-r02-v001,Included in R02 v001 after visual/semantic boundary review.,Included in R02 v001 after visual/semantic boundary review.
S-274,06742fcad502f9eb5454dba96676a5ca4aba30aa,06742fcad5,17432.103,6871.218,808.0,482.0,R02A-cookie-core-ticketstore-refresh-signinout,R02,P02-R02-cookie-core-and-events,L-118: sign inwe have trusted userwe need to write auth ticketto cookie or ticket  id and store authticket in iticketstore | L-129: FinishResponseAsync | L-119: sign outwe have trusted userwe need to remove auth ticketfrom cookie or ticketid and removeauthticket from iticketstore | L-112: authenticatecheck who is the user | L-115: refresh with iticketstore,processed-in-r02-v001,R02,yes-for-r02-v001-boundary,no-for-r02-v001,Included in R02 v001 after visual/semantic boundary review.,Included in R02 v001 after visual/semantic boundary review.
S-275,a35506c32f467f20826834eb17737c61bccbaa73,a35506c32f,17399.063,7404.551,740.0,482.0,R02A-cookie-core-ticketstore-refresh-signinout,R02,P02-R02-cookie-core-and-events,L-118: sign inwe have trusted userwe need to write auth ticketto cookie or ticket  id and store authticket in iticketstore | L-129: FinishResponseAsync | L-119: sign outwe have trusted userwe need to remove auth ticketfrom cookie or ticketid and removeauthticket from iticketstore | L-116: signout with iticketstore | L-115: refresh with iticketstore,processed-in-r02-v001,R02,yes-for-r02-v001-boundary,no-for-r02-v001,Included in R02 v001 after visual/semantic boundary review.,Included in R02 v001 after visual/semantic boundary review.
S-276,0ff6b02741aa35a28420bb54c44e1309e2dafe84,0ff6b02741,18779.175,5153.805,874.0,482.0,R02A-cookie-core-ticketstore-refresh-signinout,R02,P02-R02-cookie-core-and-events,L-120: challengeneed to do something with the user that isntauthenticated | L-129: FinishResponseAsync | L-121: forbidneed to do something with the user that isntallowed | L-112: authenticatecheck who is the user | L-119: sign outwe have trusted userwe need to remove auth ticketfrom cookie or ticketid and removeauthticket from iticketstore,processed-in-r02-v001,R02,yes-for-r02-v001-boundary,no-for-r02-v001,Included in R02 v001 after visual/semantic boundary review.,Included in R02 v001 after visual/semantic boundary review.
S-277,1176ffbf535ec2fc1ebc64824b2569f939818f9e,1176ffbf53,18751.674,5651.686,948.0,429.0,R02A-cookie-core-ticketstore-refresh-signinout,R02,P02-R02-cookie-core-and-events,L-129: FinishResponseAsync | L-120: challengeneed to do something with the user that isntauthenticated | L-121: forbidneed to do something with the user that isntallowed | L-112: authenticatecheck who is the user | L-119: sign outwe have trusted userwe need to remove auth ticketfrom cookie or ticketid and removeauthticket from iticketstore,processed-in-r02-v001,R02,yes-for-r02-v001-boundary,no-for-r02-v001,Included in R02 v001 after visual/semantic boundary review.,Included in R02 v001 after visual/semantic boundary review.
S-278,a904c4a9337af1cc6fce3a3416fce0ca0b8adfe7,a904c4a933,20097.285,5172.408,929.0,462.0,R02A-cookie-core-ticketstore-refresh-signinout,R02,P02-R02-cookie-core-and-events,L-121: forbidneed to do something with the user that isntallowed | L-129: FinishResponseAsync | L-120: challengeneed to do something with the user that isntauthenticated | L-119: sign outwe have trusted userwe need to remove auth ticketfrom cookie or ticketid and removeauthticket from iticketstore | L-112: authenticatecheck who is the user,processed-in-r02-v001,R02,yes-for-r02-v001-boundary,no-for-r02-v001,Included in R02 v001 after visual/semantic boundary review.,Included in R02 v001 after visual/semantic boundary review.
S-279,83639b0824fa5b75477e17dad182bf9a6d1fd259,83639b0824,20128.285,5657.908,907.0,251.0,R02A-cookie-core-ticketstore-refresh-signinout,R02,P02-R02-cookie-core-and-events,L-121: forbidneed to do something with the user that isntallowed | L-129: FinishResponseAsync | L-120: challengeneed to do something with the user that isntauthenticated | L-119: sign outwe have trusted userwe need to remove auth ticketfrom cookie or ticketid and removeauthticket from iticketstore | L-112: authenticatecheck who is the user,processed-in-r02-v001,R02,yes-for-r02-v001-boundary,no-for-r02-v001,Included in R02 v001 after visual/semantic boundary review.,Included in R02 v001 after visual/semantic boundary review.
S-280,05debfae75a41477f41e4906e51169bae32c450f,05debfae75,18049.508,8657.575,949.0,243.0,R02A-cookie-core-ticketstore-refresh-signinout,R02,P02-R02-cookie-core-and-events,L-118: sign inwe have trusted userwe need to write auth ticketto cookie or ticket  id and store authticket in iticketstore | L-119: sign outwe have trusted userwe need to remove auth ticketfrom cookie or ticketid and removeauthticket from iticketstore | L-129: FinishResponseAsync | L-116: signout with iticketstore | L-115: refresh with iticketstore,processed-in-r02-v001,R02,yes-for-r02-v001-boundary,no-for-r02-v001,Included in R02 v001 after visual/semantic boundary review.,Included in R02 v001 after visual/semantic boundary review.
S-281,5e811312c2e7045a3232d90a681314d699d3a8d0,5e811312c2,18058.288,8940.171,869.0,482.0,R02A-cookie-core-ticketstore-refresh-signinout,R02,P02-R02-cookie-core-and-events,L-118: sign inwe have trusted userwe need to write auth ticketto cookie or ticket  id and store authticket in iticketstore | L-119: sign outwe have trusted userwe need to remove auth ticketfrom cookie or ticketid and removeauthticket from iticketstore | L-129: FinishResponseAsync | L-116: signout with iticketstore | L-089: Based on real user activity,processed-in-r02-v001,R02,yes-for-r02-v001-boundary,no-for-r02-v001,Included in R02 v001 after visual/semantic boundary review.,Included in R02 v001 after visual/semantic boundary review.
S-282,cbc3416221cdfe0526e2d71408f2167f63d04227,cbc3416221,18045.307,9497.16,1036.0,411.0,R02A-cookie-core-ticketstore-refresh-signinout,R02,P02-R02-cookie-core-and-events,L-118: sign inwe have trusted userwe need to write auth ticketto cookie or ticket  id and store authticket in iticketstore | L-119: sign outwe have trusted userwe need to remove auth ticketfrom cookie or ticketid and removeauthticket from iticketstore | L-089: Based on real user activity | L-129: FinishResponseAsync | L-116: signout with iticketstore,processed-in-r02-v001,R02,yes-for-r02-v001-boundary,no-for-r02-v001,Included in R02 v001 after visual/semantic boundary review.,Included in R02 v001 after visual/semantic boundary review.
S-283,35e0184a2b0e67dee5d46bbd7797e24e0db84b4e,35e0184a2b,19843.382,8734.838,823.0,482.0,R02A-cookie-core-ticketstore-refresh-signinout,R02,P02-R02-cookie-core-and-events,L-119: sign outwe have trusted userwe need to remove auth ticketfrom cookie or ticketid and removeauthticket from iticketstore | L-089: Based on real user activity | L-118: sign inwe have trusted userwe need to write auth ticketto cookie or ticket  id and store authticket in iticketstore | L-090: based on allowrefresh | L-129: FinishResponseAsync,processed-in-r02-v001,R02,yes-for-r02-v001-boundary,no-for-r02-v001,Included in R02 v001 after visual/semantic boundary review.,Included in R02 v001 after visual/semantic boundary review.
S-284,483df7e6399a2131ffd89a031833dc66822b1245,483df7e639,15609.196,4616.613,928.0,448.0,R02A-cookie-core-ticketstore-refresh-signinout,R02,P02-R02-cookie-core-and-events,L-117: iticketstore | L-113: signin with iticketstore | L-112: authenticatecheck who is the user | L-114: authenticate with iticketstore | L-115: refresh with iticketstore,processed-in-r02-v001,R02,yes-for-r02-v001-boundary,no-for-r02-v001,Included in R02 v001 after visual/semantic boundary review.,Included in R02 v001 after visual/semantic boundary review.
S-285,58ae5dfa11c1286c43456d6dd0964b91e721ecd2,58ae5dfa11,15623.227,5299.012,759.0,482.0,R02A-cookie-core-ticketstore-refresh-signinout,R02,P02-R02-cookie-core-and-events,L-113: signin with iticketstore | L-114: authenticate with iticketstore | L-117: iticketstore | L-112: authenticatecheck who is the user | L-115: refresh with iticketstore,processed-in-r02-v001,R02,yes-for-r02-v001-boundary,no-for-r02-v001,Included in R02 v001 after visual/semantic boundary review.,Included in R02 v001 after visual/semantic boundary review.
S-286,14831ca1f572c8281039808b057cd7b0ab33f474,14831ca1f5,15609.974,5801.187,910.0,235.0,R02A-cookie-core-ticketstore-refresh-signinout,R02,P02-R02-cookie-core-and-events,L-114: authenticate with iticketstore | L-113: signin with iticketstore | L-115: refresh with iticketstore | L-117: iticketstore | L-112: authenticatecheck who is the user,processed-in-r02-v001,R02,yes-for-r02-v001-boundary,no-for-r02-v001,Included in R02 v001 after visual/semantic boundary review.,Included in R02 v001 after visual/semantic boundary review.
S-287,f1040e9ac57dffad509add29360fef4655a3ced0,f1040e9ac5,15605.079,6232.578,852.0,316.0,R02A-cookie-core-ticketstore-refresh-signinout,R02,P02-R02-cookie-core-and-events,L-114: authenticate with iticketstore | L-115: refresh with iticketstore | L-113: signin with iticketstore | L-116: signout with iticketstore | L-117: iticketstore,processed-in-r02-v001,R02,yes-for-r02-v001-boundary,no-for-r02-v001,Included in R02 v001 after visual/semantic boundary review.,Included in R02 v001 after visual/semantic boundary review.
S-288,91a1f66f1f77fde24f9a847f6c9c4990d46895c8,91a1f66f1f,15606.6,6570.235,957.0,391.0,R02A-cookie-core-ticketstore-refresh-signinout,R02,P02-R02-cookie-core-and-events,L-115: refresh with iticketstore | L-114: authenticate with iticketstore | L-116: signout with iticketstore | L-113: signin with iticketstore | L-118: sign inwe have trusted userwe need to write auth ticketto cookie or ticket  id and store authticket in iticketstore,processed-in-r02-v001,R02,yes-for-r02-v001-boundary,no-for-r02-v001,Included in R02 v001 after visual/semantic boundary review.,Included in R02 v001 after visual/semantic boundary review.
S-289,47e4752e3f408c20d755638587cb6a305e111d4e,47e4752e3f,15615.611,7147.18,947.0,449.0,R02A-cookie-core-ticketstore-refresh-signinout,R02,P02-R02-cookie-core-and-events,L-116: signout with iticketstore | L-115: refresh with iticketstore | L-114: authenticate with iticketstore | L-118: sign inwe have trusted userwe need to write auth ticketto cookie or ticket  id and store authticket in iticketstore | L-113: signin with iticketstore,processed-in-r02-v001,R02,yes-for-r02-v001-boundary,no-for-r02-v001,Included in R02 v001 after visual/semantic boundary review.,Included in R02 v001 after visual/semantic boundary review.
S-290,6f2bdcd7b5f51ddaf9395b44dfb7bae2185ba63a,6f2bdcd7b5,15616.985,7630.787,942.0,203.0,R02A-cookie-core-ticketstore-refresh-signinout,R02,P02-R02-cookie-core-and-events,L-116: signout with iticketstore | L-115: refresh with iticketstore | L-114: authenticate with iticketstore | L-118: sign inwe have trusted userwe need to write auth ticketto cookie or ticket  id and store authticket in iticketstore | L-113: signin with iticketstore,processed-in-r02-v001,R02,yes-for-r02-v001-boundary,no-for-r02-v001,Included in R02 v001 after visual/semantic boundary review.,Included in R02 v001 after visual/semantic boundary review.
S-291,219984a385ef3796b9771fce5520b1a990438f65,219984a385,15660.878,8073.785,790.0,401.0,R02A-cookie-core-ticketstore-refresh-signinout,R02,P02-R02-cookie-core-and-events,L-116: signout with iticketstore | L-115: refresh with iticketstore | L-118: sign inwe have trusted userwe need to write auth ticketto cookie or ticket  id and store authticket in iticketstore | L-114: authenticate with iticketstore | L-126: handlesigninasync,processed-in-r02-v001,R02,yes-for-r02-v001-boundary,no-for-r02-v001,Included in R02 v001 after visual/semantic boundary review.,Included in R02 v001 after visual/semantic boundary review.
S-292,b50494d3edf2303036aa619c024c2da1b3f480da,b50494d3ed,18801.016,6506.95,836.0,482.0,R02A-cookie-core-ticketstore-refresh-signinout,R02,P02-R02-cookie-core-and-events,L-129: FinishResponseAsync | L-119: sign outwe have trusted userwe need to remove auth ticketfrom cookie or ticketid and removeauthticket from iticketstore | L-118: sign inwe have trusted userwe need to write auth ticketto cookie or ticket  id and store authticket in iticketstore | L-120: challengeneed to do something with the user that isntauthenticated | L-121: forbidneed to do something with the user that isntallowed,processed-in-r02-v001,R02,yes-for-r02-v001-boundary,no-for-r02-v001,Included in R02 v001 after visual/semantic boundary review.,Included in R02 v001 after visual/semantic boundary review.
S-293,d844ecda15c26e5a7c0c919e118250e8f335af81,d844ecda15,18792.647,7006.903,959.0,440.0,R02A-cookie-core-ticketstore-refresh-signinout,R02,P02-R02-cookie-core-and-events,L-119: sign outwe have trusted userwe need to remove auth ticketfrom cookie or ticketid and removeauthticket from iticketstore | L-129: FinishResponseAsync | L-118: sign inwe have trusted userwe need to write auth ticketto cookie or ticket  id and store authticket in iticketstore | L-120: challengeneed to do something with the user that isntauthenticated | L-121: forbidneed to do something with the user that isntallowed,processed-in-r02-v001,R02,yes-for-r02-v001-boundary,no-for-r02-v001,Included in R02 v001 after visual/semantic boundary review.,Included in R02 v001 after visual/semantic boundary review.
S-294,3001d0f30f9f3edf9cf952d04fb0d77b303c2bd3,3001d0f30f,18803.647,7458.855,1017.0,448.0,R02A-cookie-core-ticketstore-refresh-signinout,R02,P02-R02-cookie-core-and-events,L-119: sign outwe have trusted userwe need to remove auth ticketfrom cookie or ticketid and removeauthticket from iticketstore | L-118: sign inwe have trusted userwe need to write auth ticketto cookie or ticket  id and store authticket in iticketstore | L-129: FinishResponseAsync | L-120: challengeneed to do something with the user that isntauthenticated | L-121: forbidneed to do something with the user that isntallowed,processed-in-r02-v001,R02,yes-for-r02-v001-boundary,no-for-r02-v001,Included in R02 v001 after visual/semantic boundary review.,Included in R02 v001 after visual/semantic boundary review.
S-295,6aec44241e4aad637d9fb59cc0a91ac7aa926743,6aec44241e,12241.565,4179.601,914.0,198.0,R02A-cookie-core-ticketstore-refresh-signinout,R02,P02-R02-cookie-core-and-events,L-132: initializehandlerasyncset event with finishresponseasync | L-122: check for refresh | L-131: (decide whether we should renew ticketif not returnbecause of the sliding expiration or some explicit callsif have some ticketstore call to renewappendresponsecookie with renewed cookie) | L-130: finishresponseAsync | L-123: handleauthenticate,processed-in-r02-v001,R02,yes-for-r02-v001-boundary,no-for-r02-v001,Included in R02 v001 after visual/semantic boundary review.,Included in R02 v001 after visual/semantic boundary review.
S-296,5af36dc2d0c9837161ffdfcc5d5931448c6b3998,5af36dc2d0,13560.16,4044.53,1013.0,231.0,R02A-cookie-core-ticketstore-refresh-signinout,R02,P02-R02-cookie-core-and-events,L-131: (decide whether we should renew ticketif not returnbecause of the sliding expiration or some explicit callsif have some ticketstore call to renewappendresponsecookie with renewed cookie) | L-130: finishresponseAsync | L-123: handleauthenticate | L-117: iticketstore | L-113: signin with iticketstore,processed-in-r02-v001,R02,yes-for-r02-v001-boundary,no-for-r02-v001,Included in R02 v001 after visual/semantic boundary review.,Included in R02 v001 after visual/semantic boundary review.
S-297,a2218a862d792b9955b3f4013044c30f3619c5b7,a2218a862d,13575.123,4306.651,948.0,482.0,R02A-cookie-core-ticketstore-refresh-signinout,R02,P02-R02-cookie-core-and-events,L-131: (decide whether we should renew ticketif not returnbecause of the sliding expiration or some explicit callsif have some ticketstore call to renewappendresponsecookie with renewed cookie) | L-123: handleauthenticate | L-130: finishresponseAsync | L-113: signin with iticketstore | L-124: ensurecookieticket(read the ticket once),processed-in-r02-v001,R02,yes-for-r02-v001-boundary,no-for-r02-v001,Included in R02 v001 after visual/semantic boundary review.,Included in R02 v001 after visual/semantic boundary review.
S-298,ac3b35e41acaebe7b075d650f0bf35067e9a5ed9,ac3b35e41a,13574.387,4797.559,1241.0,446.0,R02A-cookie-core-ticketstore-refresh-signinout,R02,P02-R02-cookie-core-and-events,L-123: handleauthenticate | L-131: (decide whether we should renew ticketif not returnbecause of the sliding expiration or some explicit callsif have some ticketstore call to renewappendresponsecookie with renewed cookie) | L-124: ensurecookieticket(read the ticket once) | L-113: signin with iticketstore | L-130: finishresponseAsync,processed-in-r02-v001,R02,yes-for-r02-v001-boundary,no-for-r02-v001,Included in R02 v001 after visual/semantic boundary review.,Included in R02 v001 after visual/semantic boundary review.
S-299,d395b86f3c549c4965588884eca687cc0233e742,d395b86f3c,5874.556,1397.671,655.0,482.0,R01A-base-middleware-auth-service-handlers,R01,P01-R01-base-auth-and-forwarding,"L-009: useAuthenticationAuthenticationMiddleware | L-011: base shit | L-037: special handlers | L-004: middleware, invoke(check) | L-016: context.AuthenticateAsync andAuthentication Service",processed-in-r01-v001,R01,yes-for-r01-v001-boundary,no-for-r01-v001,Included in R01 v001 after local visual/semantic boundary review.,Included in R01 v001 after local visual/semantic boundary review.
S-300,a82a739377f4ef4fcdce6e5aa0b59cb3ae57a24d,a82a739377,5863.726,1901.852,945.0,259.0,R01A-base-middleware-auth-service-handlers,R01,P01-R01-base-auth-and-forwarding,L-009: useAuthenticationAuthenticationMiddleware | L-037: special handlers | L-011: base shit | L-016: context.AuthenticateAsync andAuthentication Service | L-038: HandleRequestAsync,processed-in-r01-v001,R01,yes-for-r01-v001-boundary,no-for-r01-v001,Included in R01 v001 after local visual/semantic boundary review.,Included in R01 v001 after local visual/semantic boundary review.
S-301,96648c8cc9aa18b51fde3f53e453703b037985f0,96648c8cc9,15335.763,1784.308,901.0,482.0,R02A-cookie-core-ticketstore-refresh-signinout,R02,P02-R02-cookie-core-and-events,L-117: iticketstore | L-013: cookie shit | L-130: finishresponseAsync | L-131: (decide whether we should renew ticketif not returnbecause of the sliding expiration or some explicit callsif have some ticketstore call to renewappendresponsecookie with renewed cookie) | L-113: signin with iticketstore,processed-in-r02-v001,R02,yes-for-r02-v001-boundary,no-for-r02-v001,Included in R02 v001 after visual/semantic boundary review.,Included in R02 v001 after visual/semantic boundary review.
S-302,5ed7eb83fafb647505ec6ece37e4d7b2688444dd,5ed7eb83fa,15333.988,2260.496,1014.0,442.0,R02A-cookie-core-ticketstore-refresh-signinout,R02,P02-R02-cookie-core-and-events,L-117: iticketstore | L-130: finishresponseAsync | L-131: (decide whether we should renew ticketif not returnbecause of the sliding expiration or some explicit callsif have some ticketstore call to renewappendresponsecookie with renewed cookie) | L-113: signin with iticketstore | L-112: authenticatecheck who is the user,processed-in-r02-v001,R02,yes-for-r02-v001-boundary,no-for-r02-v001,Included in R02 v001 after visual/semantic boundary review.,Included in R02 v001 after visual/semantic boundary review.
S-303,7349b2c65e5b4b7681e79c95ef1937f63ff5b8ea,7349b2c65e,15345.917,2710.496,741.0,214.0,R02A-cookie-core-ticketstore-refresh-signinout,R02,P02-R02-cookie-core-and-events,L-117: iticketstore | L-130: finishresponseAsync | L-131: (decide whether we should renew ticketif not returnbecause of the sliding expiration or some explicit callsif have some ticketstore call to renewappendresponsecookie with renewed cookie) | L-113: signin with iticketstore | L-112: authenticatecheck who is the user,processed-in-r02-v001,R02,yes-for-r02-v001-boundary,no-for-r02-v001,Included in R02 v001 after visual/semantic boundary review.,Included in R02 v001 after visual/semantic boundary review.
S-304,00cab1ef2917967cd9019f2281c489cfbbb950b0,00cab1ef29,16617.773,16800.474,894.0,482.0,R02A-cookie-core-ticketstore-refresh-signinout,R02,P02-R02-cookie-core-and-events,L-014: jwt shit | L-070: OnMessageReceived | L-071: HandleAuthentiicateflow | L-069: Set token manually | L-048: HandleAuthenticatefire messagereceived to give opportunity to set token to context,checked-not-r02-candidate-r03a,R03A,yes-for-r02-exclusion-only,yes-for-r03a,"Checked during R02 boundary review; belongs to JWT bearer token lookup/handler pipeline, not cookie auth.",Checked during R02 boundary review; reserve for R03A JWT bearer handler pipeline.
S-305,d35795fd22e790cae3031dca146b949bf1eb07b4,d35795fd22,16604.839,17268.556,896.0,198.0,R02A-cookie-core-ticketstore-refresh-signinout,R02,P02-R02-cookie-core-and-events,L-070: OnMessageReceived | L-071: HandleAuthentiicateflow | L-014: jwt shit | L-069: Set token manually | L-048: HandleAuthenticatefire messagereceived to give opportunity to set token to context,checked-not-r02-candidate-r03a,R03A,yes-for-r02-exclusion-only,yes-for-r03a,"Checked during R02 boundary review; belongs to JWT bearer token lookup/handler pipeline, not cookie auth.",Checked during R02 boundary review; reserve for R03A JWT bearer handler pipeline.
S-306,7d730ca8703378fccfeb967e1d937364c2b8549f,7d730ca870,16646.342,17462.696,742.0,482.0,R02A-cookie-core-ticketstore-refresh-signinout,R02,P02-R02-cookie-core-and-events,L-070: OnMessageReceived | L-071: HandleAuthentiicateflow | L-069: Set token manually | L-014: jwt shit | L-048: HandleAuthenticatefire messagereceived to give opportunity to set token to context,checked-not-r02-candidate-r03a,R03A,yes-for-r02-exclusion-only,yes-for-r03a,"Checked during R02 boundary review; belongs to JWT bearer token lookup/handler pipeline, not cookie auth.",Checked during R02 boundary review; reserve for R03A JWT bearer handler pipeline.
S-307,cfebe9bec0104c5f5a86950aac5fe0c07da007e1,cfebe9bec0,16630.689,17943.534,781.0,357.0,R02A-cookie-core-ticketstore-refresh-signinout,R02,P02-R02-cookie-core-and-events,L-070: OnMessageReceived | L-071: HandleAuthentiicateflow | L-069: Set token manually | L-014: jwt shit | L-048: HandleAuthenticatefire messagereceived to give opportunity to set token to context,checked-not-r02-candidate-r03a,R03A,yes-for-r02-exclusion-only,yes-for-r03a,"Checked during R02 boundary review; belongs to JWT bearer token lookup/handler pipeline, not cookie auth.",Checked during R02 boundary review; reserve for R03A JWT bearer handler pipeline.
S-308,3b8e74ae021ba6a794a6d2c8250c22a70f55acb8,3b8e74ae02,16624.154,18282.594,862.0,237.0,R03A-jwt-handler-pipeline-events,R03,P03-R03A-jwt-handler-pipeline,"L-070: OnMessageReceived | L-071: HandleAuthentiicateflow | L-069: Set token manually | L-048: HandleAuthenticatefire messagereceived to give opportunity to set token to context | L-068: Stop auth early, set result",candidate-needs-boundary-review,,no,yes,Coordinate candidate only; must be visually/semantically checked before transcript.,Coordinate candidate only; must be visually/semantically checked before transcript.
S-309,0f089a024962b89fbd31e5ac1fad9d9ea1f2a246,0f089a0249,13348.572,3367.516,1572.0,89.0,R02A-cookie-core-ticketstore-refresh-signinout,R02,P02-R02-cookie-core-and-events,L-130: finishresponseAsync | L-131: (decide whether we should renew ticketif not returnbecause of the sliding expiration or some explicit callsif have some ticketstore call to renewappendresponsecookie with renewed cookie) | L-132: initializehandlerasyncset event with finishresponseasync | L-117: iticketstore | L-123: handleauthenticate,processed-in-r02-v001,R02,yes-for-r02-v001-boundary,no-for-r02-v001,Included in R02 v001 after visual/semantic boundary review.,Included in R02 v001 after visual/semantic boundary review.
S-310,2893827ffd5c3562c00f213ecb32f54ca999d1f7,2893827ffd,14387.599,19131.112,1151.0,97.0,R03A-jwt-handler-pipeline-events,R03,P03-R03A-jwt-handler-pipeline,L-048: HandleAuthenticatefire messagereceived to give opportunity to set token to context | L-047: if app didnt set token in event - parse header | L-070: OnMessageReceived | L-046: setup validation params(possible signing key fetches) | L-069: Set token manually,candidate-needs-boundary-review,,no,yes,Coordinate candidate only; must be visually/semantically checked before transcript.,Coordinate candidate only; must be visually/semantically checked before transcript.
S-311,fca9a6a5f6d72d979243acc44cc3b0bca8c9603d,fca9a6a5f6,7525.737,24570.986,928.0,482.0,R04-oidc-flow-pkce-signin-challenge,R04,P04-R03B-R04-oidc-and-outcomes-tail,"L-138: authentication failed | L-136: full flow | L-139: challenge with oidc handler | L-134: clientId, code,state | L-137: compact one",candidate-needs-boundary-review,,no,yes,Coordinate candidate only; must be visually/semantically checked before transcript.,Coordinate candidate only; must be visually/semantically checked before transcript.
S-312,6f031cd1d9b4b5e56a612d93710018d603325fcf,6f031cd1d9,7579.074,25239.141,852.0,186.0,R04-oidc-flow-pkce-signin-challenge,R04,P04-R03B-R04-oidc-and-outcomes-tail,"L-138: authentication failed | L-139: challenge with oidc handler | L-134: clientId, code,state | L-136: full flow | L-137: compact one",candidate-needs-boundary-review,,no,yes,Coordinate candidate only; must be visually/semantically checked before transcript.,Coordinate candidate only; must be visually/semantically checked before transcript.
S-313,a405713c9bc6ba6a5101c0791dbef2f2de87fd9f,a405713c9b,7588.46,25430.111,758.0,285.0,R04-oidc-flow-pkce-signin-challenge,R04,P04-R03B-R04-oidc-and-outcomes-tail,"L-138: authentication failed | L-139: challenge with oidc handler | L-134: clientId, code,state | L-136: full flow | L-140: oidc handler validates pcke stuff",candidate-needs-boundary-review,,no,yes,Coordinate candidate only; must be visually/semantically checked before transcript.,Coordinate candidate only; must be visually/semantically checked before transcript.
S-314,cda269706061f7f070f6ef561879cc03813b8541,cda2697060,7576.259,26136.982,945.0,301.0,R04-oidc-flow-pkce-signin-challenge,R04,P04-R03B-R04-oidc-and-outcomes-tail,"L-134: clientId, code,state | L-139: challenge with oidc handler | L-140: oidc handler validates pcke stuff | L-138: authentication failed | L-141: builds claimsprincipal",candidate-needs-boundary-review,,no,yes,Coordinate candidate only; must be visually/semantically checked before transcript.,Coordinate candidate only; must be visually/semantically checked before transcript.
S-315,2a1492811e31fd6345542353ebbc755c544b29bf,2a1492811e,7595.49,25759.213,845.0,275.0,R04-oidc-flow-pkce-signin-challenge,R04,P04-R03B-R04-oidc-and-outcomes-tail,"L-134: clientId, code,state | L-139: challenge with oidc handler | L-138: authentication failed | L-140: oidc handler validates pcke stuff | L-136: full flow",candidate-needs-boundary-review,,no,yes,Coordinate candidate only; must be visually/semantically checked before transcript.,Coordinate candidate only; must be visually/semantically checked before transcript.
S-316,9ba88e7ce3d7eda3d0c6d8fa04d9c9c1e3c31d37,9ba88e7ce3,7577.225,26552.26,983.0,369.0,R04-oidc-flow-pkce-signin-challenge,R04,P04-R03B-R04-oidc-and-outcomes-tail,"L-140: oidc handler validates pcke stuff | L-134: clientId, code,state | L-141: builds claimsprincipal | L-142: calls signinasync with that principal | L-139: challenge with oidc handler",candidate-needs-boundary-review,,no,yes,Coordinate candidate only; must be visually/semantically checked before transcript.,Coordinate candidate only; must be visually/semantically checked before transcript.
S-317,ee137056baeb5fb815757b67fe64f9cda6638ff5,ee137056ba,7577.836,27017.482,904.0,303.0,R04-oidc-flow-pkce-signin-challenge,R04,P04-R03B-R04-oidc-and-outcomes-tail,"L-141: builds claimsprincipal | L-140: oidc handler validates pcke stuff | L-142: calls signinasync with that principal | L-134: clientId, code,state | L-139: challenge with oidc handler",candidate-needs-boundary-review,,no,yes,Coordinate candidate only; must be visually/semantically checked before transcript.,Coordinate candidate only; must be visually/semantically checked before transcript.
S-318,68ea221f54deef1c1757de1da481391411fe58a8,68ea221f54,7597.336,27382.649,665.0,126.0,R04-oidc-flow-pkce-signin-challenge,R04,P04-R03B-R04-oidc-and-outcomes-tail,"L-141: builds claimsprincipal | L-142: calls signinasync with that principal | L-140: oidc handler validates pcke stuff | L-134: clientId, code,state | L-139: challenge with oidc handler",candidate-needs-boundary-review,,no,yes,Coordinate candidate only; must be visually/semantically checked before transcript.,Coordinate candidate only; must be visually/semantically checked before transcript.
S-319,5ae0e19ecc313e387d3ca1330c9484c9bbbffdab,5ae0e19ecc,7604.892,27620.593,901.0,319.0,R04-oidc-flow-pkce-signin-challenge,R04,P04-R03B-R04-oidc-and-outcomes-tail,"L-142: calls signinasync with that principal | L-141: builds claimsprincipal | L-140: oidc handler validates pcke stuff | L-134: clientId, code,state | L-139: challenge with oidc handler",candidate-needs-boundary-review,,no,yes,Coordinate candidate only; must be visually/semantically checked before transcript.,Coordinate candidate only; must be visually/semantically checked before transcript.
S-320,77c60da53dc181328d689ae2690174f9c738d49f,77c60da53d,6447.706,24563.381,869.0,482.0,R04-oidc-flow-pkce-signin-challenge,R04,P04-R03B-R04-oidc-and-outcomes-tail,"L-137: compact one | L-138: authentication failed | L-136: full flow | L-135: pkce confidential client, mvc,bff | L-139: challenge with oidc handler",candidate-needs-boundary-review,,no,yes,Coordinate candidate only; must be visually/semantically checked before transcript.,Coordinate candidate only; must be visually/semantically checked before transcript.
S-321,2421c99d2b5a5c389d3f131036802cfed020dcad,2421c99d2b,6483.781,25077.26,941.0,359.0,R04-oidc-flow-pkce-signin-challenge,R04,P04-R03B-R04-oidc-and-outcomes-tail,"L-138: authentication failed | L-137: compact one | L-136: full flow | L-139: challenge with oidc handler | L-134: clientId, code,state",candidate-needs-boundary-review,,no,yes,Coordinate candidate only; must be visually/semantically checked before transcript.,Coordinate candidate only; must be visually/semantically checked before transcript.
S-322,6b3abf86801302756a79414c80131cbe94a38004,6b3abf8680,5349.065,24662.197,724.0,434.0,R04-oidc-flow-pkce-signin-challenge,R04,P04-R03B-R04-oidc-and-outcomes-tail,"L-135: pkce confidential client, mvc,bff | L-137: compact one | L-012: oidc shit | L-138: authentication failed | L-136: full flow",candidate-needs-boundary-review,,no,yes,Coordinate candidate only; must be visually/semantically checked before transcript.,Coordinate candidate only; must be visually/semantically checked before transcript.
S-323,6475516128741726a62b16a4f3f16a7c465e59fa,6475516128,5329.732,25121.197,896.0,466.0,R04-oidc-flow-pkce-signin-challenge,R04,P04-R03B-R04-oidc-and-outcomes-tail,"L-135: pkce confidential client, mvc,bff | L-137: compact one | L-138: authentication failed | L-136: full flow | L-012: oidc shit",candidate-needs-boundary-review,,no,yes,Coordinate candidate only; must be visually/semantically checked before transcript.,Coordinate candidate only; must be visually/semantically checked before transcript.
S-324,8a530e7be25fddfcdf1ab9daa2c83fcc4849847c,8a530e7be2,5327.818,25594.707,563.0,482.0,R04-oidc-flow-pkce-signin-challenge,R04,P04-R03B-R04-oidc-and-outcomes-tail,"L-135: pkce confidential client, mvc,bff | L-137: compact one | L-138: authentication failed | L-136: full flow | L-012: oidc shit",candidate-needs-boundary-review,,no,yes,Coordinate candidate only; must be visually/semantically checked before transcript.,Coordinate candidate only; must be visually/semantically checked before transcript.
S-325,b741fabd397140fa50b274747955a2caad252a33,b741fabd39,5326.737,26096.374,582.0,482.0,R04-oidc-flow-pkce-signin-challenge,R04,P04-R03B-R04-oidc-and-outcomes-tail,"L-135: pkce confidential client, mvc,bff | L-137: compact one | L-138: authentication failed | L-134: clientId, code,state | L-136: full flow",candidate-needs-boundary-review,,no,yes,Coordinate candidate only; must be visually/semantically checked before transcript.,Coordinate candidate only; must be visually/semantically checked before transcript.
