source_id,image_use_id,fileId,fileId_short,x,y,x_center,y_center,width,height,nearest_labels_for_search_only,coverage_status,current_region_decision,decision_is_final,must_recheck_before_region_close,decision_basis,review_notes
S-001,IU-001,d6b1d011504b977930aa710b1ceec9038a1966b3,d6b1d01150,4836.124,498.431,5143.624,739.431,615,482,L-002: using react query + http cache with headers from server | L-003: you need to do calls with if-match yourself browser does nothing with it you are handlinkg concurrency | L-001: react query + browser cache,processed-in-r01-v002,R01,yes-for-r01-v002-boundary,no-for-r01-v002,Included in R01 v002 after visual/semantic boundary review: right column seed / practical recommendation,Included in R01 v002 after visual/semantic boundary review: right column seed / practical recommendation
S-002,IU-002,33ee5bc86fba10907bfede9f27883fc7474145e5,33ee5bc86f,3573.116,823.559,4004.116,1017.559,862,388,L-003: you need to do calls with if-match yourself browser does nothing with it you are handlinkg concurrency | L-002: using react query + http cache with headers from server | L-001: react query + browser cache,processed-in-r01-v002,R01,yes-for-r01-v002-boundary,no-for-r01-v002,Included in R01 v002 after visual/semantic boundary review: left column seed / manual ETag handling,Included in R01 v002 after visual/semantic boundary review: left column seed / manual ETag handling
S-003,IU-003,3ba9d991a7c6df51a91335c05afd9c729f63faf4,3ba9d991a7,4829.173,1008.254,5234.673,1242.254,811,468,L-002: using react query + http cache with headers from server | L-003: you need to do calls with if-match yourself browser does nothing with it you are handlinkg concurrency | L-001: react query + browser cache,processed-in-r01-v002,R01,yes-for-r01-v002-boundary,no-for-r01-v002,Included in R01 v002 after visual/semantic boundary review: right column seed / React Query does not know browser cache headers,Included in R01 v002 after visual/semantic boundary review: right column seed / React Query does not know browser cache headers
S-004,IU-004,6368f8adce83dfe65e71c0a90548198d79df4f74,6368f8adce,3590.376,1238.967,4003.376,1444.967,826,412,L-065: REMOVEQUERIES RESETQUERIES | L-074: OFFLINE FIRST CAN TRY TO GET DATA UNTIL IT NEED RETRIES RETRIES WILL BE QUEUED CAN TRY TO GET DATA FROM CACHE,processed-in-r01-v002,R01,yes-for-r01-v002-boundary,no-for-r01-v002,Included in R01 v002 after visual/semantic boundary review: left column continuation / send ETag back later,Included in R01 v002 after visual/semantic boundary review: left column continuation / send ETag back later
S-005,IU-005,cf6c2e813c38365981c1078a55308d52f1e22cd8,cf6c2e813c,4807.08,1505.559,5280.08,1578.559,946,146,L-065: REMOVEQUERIES RESETQUERIES | L-074: OFFLINE FIRST CAN TRY TO GET DATA UNTIL IT NEED RETRIES RETRIES WILL BE QUEUED CAN TRY TO GET DATA FROM CACHE,processed-in-r01-v002,R01,yes-for-r01-v002-boundary,no-for-r01-v002,Included in R01 v002 after visual/semantic boundary review: right column continuation / main idea,Included in R01 v002 after visual/semantic boundary review: right column continuation / main idea
S-006,IU-006,335ef6b606fbf060616caa8b537dbffab198fd0e,335ef6b606,4866.747,1702.004,5234.747,1939.004,736,474,L-065: REMOVEQUERIES RESETQUERIES | L-074: OFFLINE FIRST CAN TRY TO GET DATA UNTIL IT NEED RETRIES RETRIES WILL BE QUEUED CAN TRY TO GET DATA FROM CACHE,processed-in-r01-v002,R01,yes-for-r01-v002-boundary,no-for-r01-v002,Included in R01 v002 after visual/semantic boundary review: right column continuation / browser cache layer,Included in R01 v002 after visual/semantic boundary review: right column continuation / browser cache layer
S-007,IU-007,a9a9655e930f113f1ced5cc49e899518e32fb3ce,a9a9655e93,3613.321,1713.44,3906.321,1954.44,586,482,L-065: REMOVEQUERIES RESETQUERIES | L-074: OFFLINE FIRST CAN TRY TO GET DATA UNTIL IT NEED RETRIES RETRIES WILL BE QUEUED CAN TRY TO GET DATA FROM CACHE,processed-in-r01-v002,R01,yes-for-r01-v002-boundary,no-for-r01-v002,Included in R01 v002 after visual/semantic boundary review: left column continuation / HTTP cache revalidation,Included in R01 v002 after visual/semantic boundary review: left column continuation / HTTP cache revalidation
S-008,IU-008,77eaf12c681b2c9e72960a48300bb49cc8d99c32,77eaf12c68,10073.886,2016.562,10428.886,2257.562,710,482,L-004: statuses | L-005: examples | L-008: Isloading and when there is no data and no fetching,processed-in-r02a-v002,R02A,yes-for-r02a-v002-boundary,no-for-r02a-v002,Included in R02A v002 after local boundary correction; core useQuery state/status/error/cache.,Included in R02A v002 after local boundary correction; core useQuery state/status/error/cache.
S-009,IU-009,a7f13d6d3d3b3473b6e0dbf877368f6e85c5a570,a7f13d6d3d,4915.349,2209.848,5162.849,2450.848,495,482,L-065: REMOVEQUERIES RESETQUERIES | L-074: OFFLINE FIRST CAN TRY TO GET DATA UNTIL IT NEED RETRIES RETRIES WILL BE QUEUED CAN TRY TO GET DATA FROM CACHE,processed-in-r01-v002,R01,yes-for-r01-v002-boundary,no-for-r01-v002,Included in R01 v002 after visual/semantic boundary review: right column continuation / React Query cache layer,Included in R01 v002 after visual/semantic boundary review: right column continuation / React Query cache layer
S-010,IU-010,b62d140856841e43c376a93d721c5d68cf2b833d,b62d140856,3601.579,2258.707,4007.079,2465.707,811,414,L-065: REMOVEQUERIES RESETQUERIES | L-074: OFFLINE FIRST CAN TRY TO GET DATA UNTIL IT NEED RETRIES RETRIES WILL BE QUEUED CAN TRY TO GET DATA FROM CACHE,processed-in-r01-v002,R01,yes-for-r01-v002-boundary,no-for-r01-v002,Included in R01 v002 after visual/semantic boundary review: left column continuation / API requests treated as don't use cache,Included in R01 v002 after visual/semantic boundary review: left column continuation / API requests treated as don't use cache
S-011,IU-011,1d512b6a911de2d60b2f44dc7d7a53b85fe11fec,1d512b6a91,8847.853,2316.043,9259.853,2557.043,824,482,L-006: fund | L-004: statuses | L-011: throwing/swallowing errors,processed-in-r02a-v002,R02A,yes-for-r02a-v002-boundary,no-for-r02a-v002,Included in R02A v002 after local boundary correction; core useQuery state/status/error/cache.,Included in R02A v002 after local boundary correction; core useQuery state/status/error/cache.
S-012,IU-012,6114875a76f18137f4125d29b01d54e52acc2a1d,6114875a76,10050.812,2521.481,10504.312,2758.981,907,475,L-008: Isloading and when there is no data and no fetching | L-004: statuses | L-005: examples,processed-in-r02a-v002,R02A,yes-for-r02a-v002-boundary,no-for-r02a-v002,Included in R02A v002 after local boundary correction; core useQuery state/status/error/cache.,Included in R02A v002 after local boundary correction; core useQuery state/status/error/cache.
S-013,IU-013,768ded59fc596722cf1ec90a353854338e3bac61,768ded59fc,11169.08,2528.826,11658.58,2741.326,979,425,L-005: examples | L-008: Isloading and when there is no data and no fetching | L-007: enabled,processed-in-r02a-v002,R02A,yes-for-r02a-v002-boundary,no-for-r02a-v002,Moved from R02B candidate to R02A v002; status/isPending/isFetching mental model.,Moved from R02B candidate to R02A v002; status/isPending/isFetching mental model.
S-014,IU-014,95f917ba2d6b81519c207673b01b4a0262a4b945,95f917ba2d,3651.116,2706.207,3964.116,2905.707,626,399,L-065: REMOVEQUERIES RESETQUERIES | L-074: OFFLINE FIRST CAN TRY TO GET DATA UNTIL IT NEED RETRIES RETRIES WILL BE QUEUED CAN TRY TO GET DATA FROM CACHE,processed-in-r01-v002,R01,yes-for-r01-v002-boundary,no-for-r01-v002,Included in R01 v002 after visual/semantic boundary review: left column continuation / If-Match concurrency,Included in R01 v002 after visual/semantic boundary review: left column continuation / If-Match concurrency
S-015,IU-015,ad441bf8f82fd6998e264e868f3799c832ac70f5,ad441bf8f8,4898.669,2711.181,5312.169,2952.181,827,482,L-065: REMOVEQUERIES RESETQUERIES | L-074: OFFLINE FIRST CAN TRY TO GET DATA UNTIL IT NEED RETRIES RETRIES WILL BE QUEUED CAN TRY TO GET DATA FROM CACHE,processed-in-r01-v002,R01,yes-for-r01-v002-boundary,no-for-r01-v002,Included in R01 v002 after visual/semantic boundary review: right column continuation / practice and mental model,Included in R01 v002 after visual/semantic boundary review: right column continuation / practice and mental model
S-016,IU-016,114f1fa612e74ac30ea89289127e19ce8dbe8a31,114f1fa612,8879.686,2795.2,9346.686,2977.2,934,364,L-006: fund | L-011: throwing/swallowing errors | L-004: statuses,processed-in-r02a-v002,R02A,yes-for-r02a-v002-boundary,no-for-r02a-v002,Included in R02A v002 after local boundary correction; core useQuery state/status/error/cache.,Included in R02A v002 after local boundary correction; core useQuery state/status/error/cache.
S-017,IU-017,d913b802428182c63530ca550d438503a7fd7239,d913b80242,8055.686,2935.144,8398.686,3123.644,686,377,L-006: fund | L-012: keys | L-015: so when returning usequey we get like a query but dor our specific resource,processed-in-r02a-v002,R02A,yes-for-r02a-v002-boundary,no-for-r02a-v002,Included in R02A v002 after local boundary correction; core useQuery state/status/error/cache.,Included in R02A v002 after local boundary correction; core useQuery state/status/error/cache.
S-018,IU-018,a3d61eaf9c73c53c24b686ed7b221f3611981ce8,a3d61eaf9c,10076.484,3050.051,10351.484,3226.051,550,352,L-011: throwing/swallowing errors | L-008: Isloading and when there is no data and no fetching | L-005: examples,processed-in-r02a-v002,R02A,yes-for-r02a-v002-boundary,no-for-r02a-v002,Included in R02A v002 after local boundary correction; core useQuery state/status/error/cache.,Included in R02A v002 after local boundary correction; core useQuery state/status/error/cache.
S-019,IU-019,ac0d680857d39686d9a980ad6791213700819cca,ac0d680857,4917.08,3195.337,5288.08,3416.337,742,442,L-065: REMOVEQUERIES RESETQUERIES | L-074: OFFLINE FIRST CAN TRY TO GET DATA UNTIL IT NEED RETRIES RETRIES WILL BE QUEUED CAN TRY TO GET DATA FROM CACHE,processed-in-r01-v002,R01,yes-for-r01-v002-boundary,no-for-r01-v002,Included in R01 v002 after visual/semantic boundary review: right column continuation / backend pattern A,Included in R01 v002 after visual/semantic boundary review: right column continuation / backend pattern A
S-020,IU-020,bbc587153e6f7725d99204f6d5c0f2059d26975e,bbc587153e,8948.464,3200.089,9224.464,3322.089,552,244,L-006: fund | L-011: throwing/swallowing errors | L-015: so when returning usequey we get like a query but dor our specific resource,processed-in-r02a-v002,R02A,yes-for-r02a-v002-boundary,no-for-r02a-v002,Included in R02A v002 after local boundary correction; core useQuery state/status/error/cache.,Included in R02A v002 after local boundary correction; core useQuery state/status/error/cache.
S-021,IU-021,61ff65ee41ac378e3f012492dec2a641fdee5782,61ff65ee41,8056.686,3344.478,8370.686,3420.978,628,153,L-006: fund | L-012: keys | L-015: so when returning usequey we get like a query but dor our specific resource,processed-in-r02a-v002,R02A,yes-for-r02a-v002-boundary,no-for-r02a-v002,Included in R02A v002 after local boundary correction; core useQuery state/status/error/cache.,Included in R02A v002 after local boundary correction; core useQuery state/status/error/cache.
S-022,IU-022,2899e0756c6801960c531f981604cc4de779560f,2899e0756c,11398.414,3365.882,11742.914,3450.382,689,169,L-008: Isloading and when there is no data and no fetching | L-005: examples | L-009: conditional queries,processed-in-r02a-v002,R02A,yes-for-r02a-v002-boundary,no-for-r02a-v002,Included in R02A v002 after local boundary correction; core useQuery state/status/error/cache.,Included in R02A v002 after local boundary correction; core useQuery state/status/error/cache.
S-023,IU-023,03697f7b6d9df924a993630f8885a198d0c6f59f,03697f7b6d,10037.796,3421.303,10497.296,3645.803,919,449,L-011: throwing/swallowing errors | L-008: Isloading and when there is no data and no fetching | L-005: examples,processed-in-r02a-v002,R02A,yes-for-r02a-v002-boundary,no-for-r02a-v002,Included in R02A v002 after local boundary correction; core useQuery state/status/error/cache.,Included in R02A v002 after local boundary correction; core useQuery state/status/error/cache.
S-024,IU-024,fe5b1db522c85def761855949bd1f24652c05715,fe5b1db522,8907.741,3492.978,9288.241,3724.978,761,464,L-011: throwing/swallowing errors | L-015: so when returning usequey we get like a query but dor our specific resource | L-006: fund,processed-in-r02a-v002,R02A,yes-for-r02a-v002-boundary,no-for-r02a-v002,Included in R02A v002 after local boundary correction; core useQuery state/status/error/cache.,Included in R02A v002 after local boundary correction; core useQuery state/status/error/cache.
S-025,IU-025,c8b43511a05f9342905b62748c4c8d3427171e11,c8b43511a0,8021.257,3535.451,8388.757,3776.451,735,482,L-015: so when returning usequey we get like a query but dor our specific resource | L-006: fund | L-012: keys,processed-in-r02a-v002,R02A,yes-for-r02a-v002-boundary,no-for-r02a-v002,Included in R02A v002 after local boundary correction; core useQuery state/status/error/cache.,Included in R02A v002 after local boundary correction; core useQuery state/status/error/cache.
S-026,IU-026,29e9da2f37a8c47583c5245d57de2548a2aea548,29e9da2f37,11388.103,3578.114,11820.603,3819.114,865,482,L-008: Isloading and when there is no data and no fetching | L-013: dont try to interpret disabled quey state in ui | L-009: conditional queries,processed-in-r02b-v001,R02B,yes-for-r02b-v001-boundary,no-for-r02b-v001,Included in R02B v001 after local boundary review: enabled/disabled/conditional UI.,Included in R02B v001 after local boundary review: enabled/disabled/conditional UI.
S-027,IU-027,048f7ed433b900a4ac331c47346eb91c20c96440,048f7ed433,12946.685,3647.79,13407.685,3861.29,922,427,"L-009: conditional queries | L-016: move disabled quey to a separate component and mount it only when the condition for queryu is met,  so you wont mount... | L-007: enabled",processed-in-r02b-v001,R02B,yes-for-r02b-v001-boundary,no-for-r02b-v001,Included in R02B v001 after local boundary review: enabled/disabled/conditional UI.,Included in R02B v001 after local boundary review: enabled/disabled/conditional UI.
S-028,IU-028,46476e445e61e688a673517df6cbf41eec35ed1d,46476e445e,4942.747,3652.837,5186.747,3840.337,488,375,L-065: REMOVEQUERIES RESETQUERIES | L-074: OFFLINE FIRST CAN TRY TO GET DATA UNTIL IT NEED RETRIES RETRIES WILL BE QUEUED CAN TRY TO GET DATA FROM CACHE,processed-in-r01-v002,R01,yes-for-r01-v002-boundary,no-for-r01-v002,Included in R01 v002 after visual/semantic boundary review: right column continuation / pattern A implications,Included in R01 v002 after visual/semantic boundary review: right column continuation / pattern A implications
S-029,IU-029,905bfe2c8bb8ac58950d96f151e70c4b9856aed0,905bfe2c8b,1993.91,3861.354,2384.91,4039.854,782,357,L-010: notifyonchangeprops | L-014: notifyonchangeproops vs select vs structural sharing | L-018: when notifyonchanges is useful,r03-notify-select-structural-sharing-candidate,R03,no-r03-r04-boundary-review-only,yes-for-r03,R03 boundary candidate: notifyOnChangeProps/select/structural sharing.,R03 boundary candidate: notifyOnChangeProps/select/structural sharing.
S-030,IU-030,39e62ae511efa47ffbce53be931d4fde2f068004,39e62ae511,10071.709,3881.176,10275.709,3981.676,408,201,L-011: throwing/swallowing errors | L-008: Isloading and when there is no data and no fetching | L-015: so when returning usequey we get like a query but dor our specific resource,processed-in-r02a-v002,R02A,yes-for-r02a-v002-boundary,no-for-r02a-v002,Included in R02A v002 after local boundary correction; core useQuery state/status/error/cache.,Included in R02A v002 after local boundary correction; core useQuery state/status/error/cache.
S-031,IU-031,859a4e5afc980de786193d1c1351494af0825423,859a4e5afc,4936.08,4030.504,5264.08,4243.004,656,425,L-065: REMOVEQUERIES RESETQUERIES | L-074: OFFLINE FIRST CAN TRY TO GET DATA UNTIL IT NEED RETRIES RETRIES WILL BE QUEUED CAN TRY TO GET DATA FROM CACHE,processed-in-r01-v002,R01,yes-for-r01-v002-boundary,no-for-r01-v002,Included in R01 v002 after visual/semantic boundary review: right column continuation / pattern B short-lived freshness,Included in R01 v002 after visual/semantic boundary review: right column continuation / pattern B short-lived freshness
S-032,IU-032,d812eda41421b4d9b1bfda1801ceb57099a4f4c8,d812eda414,11404.581,4076.771,11869.581,4219.271,930,285,"L-013: dont try to interpret disabled quey state in ui | L-016: move disabled quey to a separate component and mount it only when the condition for queryu is met,  so you wont mount... | L-008: Isloading and when there is no data and no fetching",processed-in-r02b-v001,R02B,yes-for-r02b-v001-boundary,no-for-r02b-v001,Included in R02B v001 after local boundary review: enabled/disabled/conditional UI.,Included in R02B v001 after local boundary review: enabled/disabled/conditional UI.
S-033,IU-033,796e9f55f754465961324204f3c12d99842119d6,796e9f55f7,12937.352,4102.105,13394.352,4276.105,914,348,"L-016: move disabled quey to a separate component and mount it only when the condition for queryu is met,  so you wont mount... | L-013: dont try to interpret disabled quey state in ui | L-009: conditional queries",processed-in-r02b-v001,R02B,yes-for-r02b-v001-boundary,no-for-r02b-v001,Included in R02B v001 after local boundary review: enabled/disabled/conditional UI.,Included in R02B v001 after local boundary review: enabled/disabled/conditional UI.
S-034,IU-034,14368dd8ca8b56fd8cea3497173054f007ab31ab,14368dd8ca,8857.464,4118.385,9319.464,4349.385,924,462,L-015: so when returning usequey we get like a query but dor our specific resource | L-011: throwing/swallowing errors | L-017: manual refetch and using state to make new queries on that state change for a new key,processed-in-r02a-v002,R02A,yes-for-r02a-v002-boundary,no-for-r02a-v002,Included in R02A v002 after local boundary correction; core useQuery state/status/error/cache.,Included in R02A v002 after local boundary correction; core useQuery state/status/error/cache.
S-035,IU-035,b7b12231ee3d7d3c79bca2a907a75547993feca2,b7b12231ee,1992.355,4249.743,2409.355,4398.743,834,298,L-014: notifyonchangeproops vs select vs structural sharing | L-010: notifyonchangeprops | L-018: when notifyonchanges is useful,r03-notify-select-structural-sharing-candidate,R03,no-r03-r04-boundary-review-only,yes-for-r03,R03 boundary candidate: notifyOnChangeProps/select/structural sharing.,R03 boundary candidate: notifyOnChangeProps/select/structural sharing.
S-036,IU-036,4d72a0bb65754bd8c3fe8aae4e05adfb3a4a307c,4d72a0bb65,9977.504,4348.553,10410.004,4589.553,865,482,L-011: throwing/swallowing errors | L-015: so when returning usequey we get like a query but dor our specific resource | L-008: Isloading and when there is no data and no fetching,processed-in-r02a-v002,R02A,yes-for-r02a-v002-boundary,no-for-r02a-v002,Included in R02A v002 after local boundary correction; core useQuery state/status/error/cache.,Included in R02A v002 after local boundary correction; core useQuery state/status/error/cache.
S-037,IU-037,202c0dd89543f810b7b2e65f41980ace2985e720,202c0dd895,11399.914,4385.771,11862.914,4539.271,926,307,"L-013: dont try to interpret disabled quey state in ui | L-016: move disabled quey to a separate component and mount it only when the condition for queryu is met,  so you wont mount... | L-008: Isloading and when there is no data and no fetching",processed-in-r02b-v001,R02B,yes-for-r02b-v001-boundary,no-for-r02b-v001,Included in R02B v001 after local boundary review: enabled/disabled/conditional UI.,Included in R02B v001 after local boundary review: enabled/disabled/conditional UI.
S-038,IU-038,c764d1651ab32f148001a51ae73704d691d3509f,c764d1651a,4940.413,4442.171,5277.413,4653.671,674,423,L-065: REMOVEQUERIES RESETQUERIES | L-074: OFFLINE FIRST CAN TRY TO GET DATA UNTIL IT NEED RETRIES RETRIES WILL BE QUEUED CAN TRY TO GET DATA FROM CACHE,processed-in-r01-v002,R01,yes-for-r01-v002-boundary,no-for-r01-v002,Included in R01 v002 after visual/semantic boundary review: right column continuation / pattern C static assets,Included in R01 v002 after visual/semantic boundary review: right column continuation / pattern C static assets
S-039,IU-039,913cfdb055106eea2b43835c6e33946fbeb6e2ff,913cfdb055,7421.21,4514.011,7865.21,4746.011,888,464,L-012: keys | L-015: so when returning usequey we get like a query but dor our specific resource | L-017: manual refetch and using state to make new queries on that state change for a new key,processed-in-r02c-v001,R02C,yes-for-r02c-v001-boundary,no-for-r02c-v001,Included in R02C v001 after local boundary review: query keys/manual refetch/declarative dependencies.,Included in R02C v001 after local boundary review: query keys/manual refetch/declarative dependencies.
S-040,IU-040,5b76d4c5fc5238cd557c5ebc2dde110aae1d4a38,5b76d4c5fc,8834.13,4619.552,9306.13,4786.052,944,333,L-015: so when returning usequey we get like a query but dor our specific resource | L-017: manual refetch and using state to make new queries on that state change for a new key | L-011: throwing/swallowing errors,processed-in-r02c-v001,R02C,yes-for-r02c-v001-boundary,no-for-r02c-v001,Included in R02C v001 after local boundary review: query keys/manual refetch/declarative dependencies.,Included in R02C v001 after local boundary review: query keys/manual refetch/declarative dependencies.
S-041,IU-041,ca846784a5dd59a9cc6945601b1e1a05739d87e1,ca846784a5,1955.011,4650.92,2380.511,4891.92,851,482,L-014: notifyonchangeproops vs select vs structural sharing | L-018: when notifyonchanges is useful | L-010: notifyonchangeprops,r03-notify-select-structural-sharing-candidate,R03,no-r03-r04-boundary-review-only,yes-for-r03,R03 boundary candidate: notifyOnChangeProps/select/structural sharing.,R03 boundary candidate: notifyOnChangeProps/select/structural sharing.
S-042,IU-042,0035fc7737b6a1f909a1e426930bf58e704295ee,0035fc7737,13046.472,4768.372,13287.972,5009.372,483,482,"L-016: move disabled quey to a separate component and mount it only when the condition for queryu is met,  so you wont mount... | L-013: dont try to interpret disabled quey state in ui | L-020: RETRY",processed-in-r02b-v001,R02B,yes-for-r02b-v001-boundary,no-for-r02b-v001,Included in R02B v001 after local boundary review: enabled/disabled/conditional UI.,Included in R02B v001 after local boundary review: enabled/disabled/conditional UI.
S-043,IU-043,7c40b916d5905718532b1c03918af4fc115eebd8,7c40b916d5,9963.782,4832.876,10391.782,4962.376,856,259,L-011: throwing/swallowing errors | L-017: manual refetch and using state to make new queries on that state change for a new key | L-021: with static it can be stale but it wont be refetched automatically on some refetch trigger,processed-in-r02c-v001,R02C,yes-for-r02c-v001-boundary,no-for-r02c-v001,Included in R02C v001 after local boundary review: query keys/manual refetch/declarative dependencies.,Included in R02C v001 after local boundary review: query keys/manual refetch/declarative dependencies.
S-044,IU-044,b00992d67d9eba4e10ac26a8a591f2cf1fac2b47,b00992d67d,4947.765,4877.218,5318.265,5104.718,741,455,L-065: REMOVEQUERIES RESETQUERIES | L-074: OFFLINE FIRST CAN TRY TO GET DATA UNTIL IT NEED RETRIES RETRIES WILL BE QUEUED CAN TRY TO GET DATA FROM CACHE,processed-in-r01-v002,R01,yes-for-r01-v002-boundary,no-for-r01-v002,Included in R01 v002 after visual/semantic boundary review: right column continuation / React Query settings frequently changing data,Included in R01 v002 after visual/semantic boundary review: right column continuation / React Query settings frequently changing data
S-045,IU-045,7aca1a90bfb51a2b13b2eb55af68f7b0dde31d8b,7aca1a90bf,7426.21,4993.678,7885.21,5152.678,918,318,L-017: manual refetch and using state to make new queries on that state change for a new key | L-015: so when returning usequey we get like a query but dor our specific resource | L-012: keys,processed-in-r02c-v001,R02C,yes-for-r02c-v001-boundary,no-for-r02c-v001,Included in R02C v001 after local boundary review: query keys/manual refetch/declarative dependencies.,Included in R02C v001 after local boundary review: query keys/manual refetch/declarative dependencies.
S-046,IU-046,cfea23af3aa9cd8608b379f98e24fb06d4d7ba56,cfea23af3a,1940.799,5166.465,2373.799,5380.965,866,429,L-018: when notifyonchanges is useful | L-014: notifyonchangeproops vs select vs structural sharing | L-019: why not qc.prefetchquery ?,r03-notify-select-structural-sharing-candidate,R03,no-r03-r04-boundary-review-only,yes-for-r03,R03 boundary candidate: notifyOnChangeProps/select/structural sharing.,R03 boundary candidate: notifyOnChangeProps/select/structural sharing.
S-047,IU-047,441233c7df30c0f0165937076d6d247821ce1f7c,441233c7df,13047.488,5284.372,13423.988,5525.372,753,482,"L-020: RETRY | L-016: move disabled quey to a separate component and mount it only when the condition for queryu is met,  so you wont mount... | L-013: dont try to interpret disabled quey state in ui",processed-in-r02b-v001,R02B,yes-for-r02b-v001-boundary,no-for-r02b-v001,Included in R02B v001 after local boundary review: enabled/disabled/conditional UI.,Included in R02B v001 after local boundary review: enabled/disabled/conditional UI.
S-048,IU-048,bafb8949f195de4ceede9746dff39289ebdf5e21,bafb8949f1,7436.655,5316.011,7889.655,5439.011,906,246,L-017: manual refetch and using state to make new queries on that state change for a new key | L-015: so when returning usequey we get like a query but dor our specific resource | L-012: keys,processed-in-r02c-v001,R02C,yes-for-r02c-v001-boundary,no-for-r02c-v001,Included in R02C v001 after local boundary review: query keys/manual refetch/declarative dependencies.,Included in R02C v001 after local boundary review: query keys/manual refetch/declarative dependencies.
S-049,IU-049,3442b4b77e311cf7c8b193aa2aff0feaf139c767,3442b4b77e,4953.598,5353.218,5311.598,5536.718,716,367,L-065: REMOVEQUERIES RESETQUERIES | L-074: OFFLINE FIRST CAN TRY TO GET DATA UNTIL IT NEED RETRIES RETRIES WILL BE QUEUED CAN TRY TO GET DATA FROM CACHE,processed-in-r01-v002,R01,yes-for-r01-v002-boundary,no-for-r01-v002,Included in R01 v002 after visual/semantic boundary review: right column continuation / rarely changing data,Included in R01 v002 after visual/semantic boundary review: right column continuation / rarely changing data
S-050,IU-050,33f7c75961b8d49ed8731af6eacb3ae8574c54ad,33f7c75961,8812.004,5388.344,9269.504,5575.844,915,375,L-017: manual refetch and using state to make new queries on that state change for a new key | L-015: so when returning usequey we get like a query but dor our specific resource | L-011: throwing/swallowing errors,processed-in-r02c-v001,R02C,yes-for-r02c-v001-boundary,no-for-r02c-v001,Included in R02C v001 after local boundary review: query keys/manual refetch/declarative dependencies.,Included in R02C v001 after local boundary review: query keys/manual refetch/declarative dependencies.
S-051,IU-051,0e0d2b04876a1b4f102bc2526ed51d0e8c8271a2,0e0d2b0487,10543.588,5450.059,11006.088,5691.059,925,482,L-021: with static it can be stale but it wont be refetched automatically on some refetch trigger | L-011: throwing/swallowing errors | L-020: RETRY,processed-in-r02c-v001,R02C,yes-for-r02c-v001-boundary,no-for-r02c-v001,Included in R02C v001 after local boundary review: query keys/manual refetch/declarative dependencies.,Included in R02C v001 after local boundary review: query keys/manual refetch/declarative dependencies.
S-052,IU-052,26863f1800602747d8fa1b4e059d78541b14bd79,26863f1800,7395.821,5605.622,7879.321,5749.122,967,287,L-017: manual refetch and using state to make new queries on that state change for a new key | L-015: so when returning usequey we get like a query but dor our specific resource | L-012: keys,processed-in-r02c-v001,R02C,yes-for-r02c-v001-boundary,no-for-r02c-v001,Included in R02C v001 after local boundary review: query keys/manual refetch/declarative dependencies.,Included in R02C v001 after local boundary review: query keys/manual refetch/declarative dependencies.
S-053,IU-053,a1969014c757d190589845c831114e0cce0241ac,a1969014c7,4951.093,5727.562,5417.093,5968.562,932,482,L-065: REMOVEQUERIES RESETQUERIES | L-074: OFFLINE FIRST CAN TRY TO GET DATA UNTIL IT NEED RETRIES RETRIES WILL BE QUEUED CAN TRY TO GET DATA FROM CACHE,processed-in-r01-v002,R01,yes-for-r01-v002-boundary,no-for-r01-v002,Included in R01 v002 after visual/semantic boundary review: right column continuation / server-push realtime apps,Included in R01 v002 after visual/semantic boundary review: right column continuation / server-push realtime apps
S-054,IU-054,2cdf7b8634a1d9ee08af6df6b05eb95529fa68fb,2cdf7b8634,8820.337,5754.344,9287.837,5920.844,935,333,L-017: manual refetch and using state to make new queries on that state change for a new key | L-015: so when returning usequey we get like a query but dor our specific resource | L-011: throwing/swallowing errors,processed-in-r02c-v001,R02C,yes-for-r02c-v001-boundary,no-for-r02c-v001,Included in R02C v001 after local boundary review: query keys/manual refetch/declarative dependencies.,Included in R02C v001 after local boundary review: query keys/manual refetch/declarative dependencies.
S-055,IU-055,224e1a8e1a07ae087a86f806b532d5de85aeb37f,224e1a8e1a,1961.91,5762.465,2374.91,5930.965,826,337,L-018: when notifyonchanges is useful | L-019: why not qc.prefetchquery ? | L-014: notifyonchangeproops vs select vs structural sharing,r03-notify-select-structural-sharing-candidate,R03,no-r03-r04-boundary-review-only,yes-for-r03,R03 boundary candidate: notifyOnChangeProps/select/structural sharing.,R03 boundary candidate: notifyOnChangeProps/select/structural sharing.
S-056,IU-056,7e756912a079ab11573272fb538699f5e6961352,7e756912a0,13075.066,5784.695,13456.066,5980.195,762,391,"L-020: RETRY | L-016: move disabled quey to a separate component and mount it only when the condition for queryu is met,  so you wont mount... | L-013: dont try to interpret disabled quey state in ui",processed-in-r02b-v001,R02B,yes-for-r02b-v001-boundary,no-for-r02b-v001,Included in R02B v001 after local boundary review: enabled/disabled/conditional UI.,Included in R02B v001 after local boundary review: enabled/disabled/conditional UI.
S-057,IU-057,2fc52e535e118a49bc141177d4ecc9f0c525f989,2fc52e535e,10547.744,5944.271,10997.244,6126.771,899,365,L-021: with static it can be stale but it wont be refetched automatically on some refetch trigger | L-020: RETRY | L-011: throwing/swallowing errors,processed-in-r02c-v001,R02C,yes-for-r02c-v001-boundary,no-for-r02c-v001,Included in R02C v001 after local boundary review: query keys/manual refetch/declarative dependencies.,Included in R02C v001 after local boundary review: query keys/manual refetch/declarative dependencies.
S-058,IU-058,25af0ad09e3f8d4fa9ece76140bed0303c4cfc43,25af0ad09e,1961.91,6159.854,2410.91,6372.354,898,425,L-018: when notifyonchanges is useful | L-019: why not qc.prefetchquery ? | L-014: notifyonchangeproops vs select vs structural sharing,r03-notify-select-structural-sharing-candidate,R03,no-r03-r04-boundary-review-only,yes-for-r03,R03 boundary candidate: notifyOnChangeProps/select/structural sharing.,R03 boundary candidate: notifyOnChangeProps/select/structural sharing.
S-059,IU-059,d1b9ca270ef2a157f8158aa9a4e7d5888fc32a86,d1b9ca270e,3305.796,6226.12,3735.796,6465.62,860,479,L-019: why not qc.prefetchquery ? | L-018: when notifyonchanges is useful | L-014: notifyonchangeproops vs select vs structural sharing,r03-notify-select-structural-sharing-candidate,R03,no-r03-r04-boundary-review-only,yes-for-r03,R03 boundary candidate: notifyOnChangeProps/select/structural sharing.,R03 boundary candidate: notifyOnChangeProps/select/structural sharing.
S-060,IU-060,74e165828c7768c8c3e68fe3bda23b35f7d21705,74e165828c,4951.432,6236.885,5392.932,6415.385,883,357,L-065: REMOVEQUERIES RESETQUERIES | L-074: OFFLINE FIRST CAN TRY TO GET DATA UNTIL IT NEED RETRIES RETRIES WILL BE QUEUED CAN TRY TO GET DATA FROM CACHE,processed-in-r01-v002,R01,yes-for-r01-v002-boundary,no-for-r01-v002,Included in R01 v002 after visual/semantic boundary review: right column continuation / plain fetch,Included in R01 v002 after visual/semantic boundary review: right column continuation / plain fetch
S-061,IU-061,3ec1269c3ed1b271e07dabd83cd757bf61ab3729,3ec1269c3e,10587.244,6325.159,10817.244,6475.659,460,301,L-021: with static it can be stale but it wont be refetched automatically on some refetch trigger | L-020: RETRY | L-011: throwing/swallowing errors,processed-in-r02c-v001,R02C,yes-for-r02c-v001-boundary,no-for-r02c-v001,Included in R02C v001 after local boundary review: query keys/manual refetch/declarative dependencies.,Included in R02C v001 after local boundary review: query keys/manual refetch/declarative dependencies.
S-062,IU-062,976499b4dc564d7e3188ea4a999e3a58c4f4b96a,976499b4dc,11656.738,6469.663,12094.738,6624.663,876,310,"L-021: with static it can be stale but it wont be refetched automatically on some refetch trigger | L-020: RETRY | L-016: move disabled quey to a separate component and mount it only when the condition for queryu is met,  so you wont mount...",r04a-staleness-static-refetch-retry-candidate,R04A,no-r03-r04-boundary-review-only,yes-for-r04a,R04A boundary candidate: staleness/static/refetch/retry; includes S-062 inbound from R02.,R04A boundary candidate: staleness/static/refetch/retry; includes S-062 inbound from R02.
S-063,IU-063,603893e98b26cb72c2f8263d8c479a8ded8c3a10,603893e98b,12806.796,6513.796,13252.796,6676.796,892,326,L-029: so no error thrown bu without auto retry on mount | L-033: when refetch can happen with STATIC refetchontrigger: always vs staletime:static | L-026: when a query can become stale stale time vs invalidat queires staletime STATIC,r04a-staleness-static-refetch-retry-candidate,R04A,no-r03-r04-boundary-review-only,yes-for-r04a,R04A boundary candidate: staleness/static/refetch/retry; includes S-062 inbound from R02.,R04A boundary candidate: staleness/static/refetch/retry; includes S-062 inbound from R02.
S-064,IU-064,662677caa93a52c48e9092465bf8abe5cc992407,662677caa9,4961.432,6630.218,5424.932,6800.718,927,341,L-065: REMOVEQUERIES RESETQUERIES | L-074: OFFLINE FIRST CAN TRY TO GET DATA UNTIL IT NEED RETRIES RETRIES WILL BE QUEUED CAN TRY TO GET DATA FROM CACHE,processed-in-r01-v002,R01,yes-for-r01-v002-boundary,no-for-r01-v002,Included in R01 v002 after visual/semantic boundary review: right column continuation / no-store warning,Included in R01 v002 after visual/semantic boundary review: right column continuation / no-store warning
S-065,IU-065,1a557e01c29c32282c5c6405f95eeb85839053f5,1a557e01c2,1994.132,6636.076,2407.132,6802.076,826,332,L-074: OFFLINE FIRST CAN TRY TO GET DATA UNTIL IT NEED RETRIES RETRIES WILL BE QUEUED CAN TRY TO GET DATA FROM CACHE | L-065: REMOVEQUERIES RESETQUERIES,unreviewed-needs-visual-boundary-review,,no,yes,Coordinates retained only. Must be reviewed visually/semantically before region assignment.,Coordinates retained only. Must be reviewed visually/semantically before region assignment.
S-066,IU-066,3b93be29928bdf734785fb55391ee9133e2622c7,3b93be2992,3297.684,6731.287,3714.684,6912.287,834,362,L-065: REMOVEQUERIES RESETQUERIES | L-074: OFFLINE FIRST CAN TRY TO GET DATA UNTIL IT NEED RETRIES RETRIES WILL BE QUEUED CAN TRY TO GET DATA FROM CACHE,unreviewed-needs-visual-boundary-review,,no,yes,Coordinates retained only. Must be reviewed visually/semantically before region assignment.,Coordinates retained only. Must be reviewed visually/semantically before region assignment.
S-067,IU-067,ecd69b961abc31aa2dd00e387bed9b49837300ac,ecd69b961a,11649.648,6802.554,12051.148,7043.554,803,482,L-033: when refetch can happen with STATIC refetchontrigger: always vs staletime:static | L-026: when a query can become stale stale time vs invalidat queires staletime STATIC | L-029: so no error thrown bu without auto retry on mount,r04a-staleness-static-refetch-retry-candidate,R04A,no-r03-r04-boundary-review-only,yes-for-r04a,R04A boundary candidate: staleness/static/refetch/retry; includes S-062 inbound from R02.,R04A boundary candidate: staleness/static/refetch/retry; includes S-062 inbound from R02.
S-068,IU-068,3d947e5f861c0b7d7065fa68269518352fd848ed,3d947e5f86,12797.64,6873.558,13118.14,7079.558,641,412,L-029: so no error thrown bu without auto retry on mount | L-033: when refetch can happen with STATIC refetchontrigger: always vs staletime:static | L-026: when a query can become stale stale time vs invalidat queires staletime STATIC,r04a-staleness-static-refetch-retry-candidate,R04A,no-r03-r04-boundary-review-only,yes-for-r04a,R04A boundary candidate: staleness/static/refetch/retry; includes S-062 inbound from R02.,R04A boundary candidate: staleness/static/refetch/retry; includes S-062 inbound from R02.
S-069,IU-069,33b49582eeb922e8029f8209f713df475f03c4aa,33b49582ee,8072.924,7051.151,8401.924,7186.151,658,270,L-025: Refetch triggers | L-023: Staleness when refetch occurs | L-027: so if staletime has passed or if we marked as stale with invalidate queries or if we didnt set staletime - by default...,r04a-staleness-static-refetch-retry-candidate,R04A,no-r03-r04-boundary-review-only,yes-for-r04a,R04A boundary candidate: staleness/static/refetch/retry; includes S-062 inbound from R02.,R04A boundary candidate: staleness/static/refetch/retry; includes S-062 inbound from R02.
S-070,IU-070,8d3fd0a7f7fb8f6e97adce1a274a1ccf5dc1a6e1,8d3fd0a7f7,11627.833,7292.091,12052.833,7476.091,850,368,L-033: when refetch can happen with STATIC refetchontrigger: always vs staletime:static | L-026: when a query can become stale stale time vs invalidat queires staletime STATIC | L-029: so no error thrown bu without auto retry on mount,r04a-staleness-static-refetch-retry-candidate,R04A,no-r03-r04-boundary-review-only,yes-for-r04a,R04A boundary candidate: staleness/static/refetch/retry; includes S-062 inbound from R02.,R04A boundary candidate: staleness/static/refetch/retry; includes S-062 inbound from R02.
S-071,IU-071,9eb932564a1d59f6ab3c0c15d08be2b73f6b8f59,9eb932564a,12788.64,7346.725,13258.14,7576.225,939,459,L-029: so no error thrown bu without auto retry on mount | L-033: when refetch can happen with STATIC refetchontrigger: always vs staletime:static | L-026: when a query can become stale stale time vs invalidat queires staletime STATIC,r04a-staleness-static-refetch-retry-candidate,R04A,no-r03-r04-boundary-review-only,yes-for-r04a,R04A boundary candidate: staleness/static/refetch/retry; includes S-062 inbound from R02.,R04A boundary candidate: staleness/static/refetch/retry; includes S-062 inbound from R02.
S-072,IU-072,852ba9b00335dc42fb2af88311929fedb4cd45a5,852ba9b003,6423.509,7455.492,6869.009,7637.492,891,364,"L-024: if after some manipulations the data that is used by so,e component from query has changed - then observer notifies r... | L-022: rereders | L-032: removing cache that is not being used not active queries gctime",r04b-observer-cache-gctime-refetchinterval-candidate,R04B,no-r03-r04-boundary-review-only,yes-for-r04b,R04B boundary candidate: observer/rerenders/structural sharing/gcTime/refetchInterval.,R04B boundary candidate: observer/rerenders/structural sharing/gcTime/refetchInterval.
S-073,IU-073,bba33258c246532c144a0029af83a110dce4375d,bba33258c2,8008.537,7636.812,8447.537,7877.812,878,482,L-025: Refetch triggers | L-032: removing cache that is not being used not active queries gctime | L-027: so if staletime has passed or if we marked as stale with invalidate queries or if we didnt set staletime - by default...,r04a-staleness-static-refetch-retry-candidate,R04A,no-r03-r04-boundary-review-only,yes-for-r04a,R04A boundary candidate: staleness/static/refetch/retry; includes S-062 inbound from R02.,R04A boundary candidate: staleness/static/refetch/retry; includes S-062 inbound from R02.
S-074,IU-074,577412eb23980dbee3187dee1639f9f08917dd20,577412eb23,11622.619,7670.325,11918.119,7911.325,591,482,L-033: when refetch can happen with STATIC refetchontrigger: always vs staletime:static | L-026: when a query can become stale stale time vs invalidat queires staletime STATIC | L-029: so no error thrown bu without auto retry on mount,r04a-staleness-static-refetch-retry-candidate,R04A,no-r03-r04-boundary-review-only,yes-for-r04a,R04A boundary candidate: staleness/static/refetch/retry; includes S-062 inbound from R02.,R04A boundary candidate: staleness/static/refetch/retry; includes S-062 inbound from R02.
S-075,IU-075,62d845b921dcff7218ad0ff8183537e1df2be128,62d845b921,14124.839,7804.902,14567.339,7963.902,885,318,L-029: so no error thrown bu without auto retry on mount | L-033: when refetch can happen with STATIC refetchontrigger: always vs staletime:static | L-026: when a query can become stale stale time vs invalidat queires staletime STATIC,r04a-staleness-static-refetch-retry-candidate,R04A,no-r03-r04-boundary-review-only,yes-for-r04a,R04A boundary candidate: staleness/static/refetch/retry; includes S-062 inbound from R02.,R04A boundary candidate: staleness/static/refetch/retry; includes S-062 inbound from R02.
S-076,IU-076,4e4df28c03d7ad27f4e9dd67e4c564d9ff8ac9a0,4e4df28c03,12786.861,7817.402,13224.861,8058.402,876,482,L-029: so no error thrown bu without auto retry on mount | L-033: when refetch can happen with STATIC refetchontrigger: always vs staletime:static | L-026: when a query can become stale stale time vs invalidat queires staletime STATIC,r04a-staleness-static-refetch-retry-candidate,R04A,no-r03-r04-boundary-review-only,yes-for-r04a,R04A boundary candidate: staleness/static/refetch/retry; includes S-062 inbound from R02.,R04A boundary candidate: staleness/static/refetch/retry; includes S-062 inbound from R02.
S-077,IU-077,2e326e9966f786317730ccf5f4cfc8e04f48593f,2e326e9966,10088.538,7818.982,10542.038,7939.482,907,241,L-026: when a query can become stale stale time vs invalidat queires staletime STATIC | L-033: when refetch can happen with STATIC refetchontrigger: always vs staletime:static | L-027: so if staletime has passed or if we marked as stale with invalidate queries or if we didnt set staletime - by default...,r04a-staleness-static-refetch-retry-candidate,R04A,no-r03-r04-boundary-review-only,yes-for-r04a,R04A boundary candidate: staleness/static/refetch/retry; includes S-062 inbound from R02.,R04A boundary candidate: staleness/static/refetch/retry; includes S-062 inbound from R02.
S-078,IU-078,6185671034b6dcb865a437b68d0a3ebc59f9e27a,6185671034,6413.732,7838.547,6857.232,8025.047,887,373,"L-024: if after some manipulations the data that is used by so,e component from query has changed - then observer notifies r... | L-022: rereders | L-032: removing cache that is not being used not active queries gctime",r04b-observer-cache-gctime-refetchinterval-candidate,R04B,no-r03-r04-boundary-review-only,yes-for-r04b,R04B boundary candidate: observer/rerenders/structural sharing/gcTime/refetchInterval.,R04B boundary candidate: observer/rerenders/structural sharing/gcTime/refetchInterval.
S-079,IU-079,ac6478b2047dddee642ddc2e5e8e8f457504c317,ac6478b204,8953.342,7838.745,9412.342,8034.245,918,391,L-027: so if staletime has passed or if we marked as stale with invalidate queries or if we didnt set staletime - by default... | L-026: when a query can become stale stale time vs invalidat queires staletime STATIC | L-023: Staleness when refetch occurs,r04a-staleness-static-refetch-retry-candidate,R04A,no-r03-r04-boundary-review-only,yes-for-r04a,R04A boundary candidate: staleness/static/refetch/retry; includes S-062 inbound from R02.,R04A boundary candidate: staleness/static/refetch/retry; includes S-062 inbound from R02.
S-080,IU-080,0871bd898b44b199905292db7c4ac13473c88920,0871bd898b,3098.674,7942.159,3464.674,8030.659,732,177,L-028: PAGINATION | L-036: INFINITEQUERY | L-034: INFINITESCROLL OPTIONS  WHAT DOES USEINFINITEQUERY RETURNS  HOW GETNEXTPAGEPARAM WORKS  HOW DOES IT COMPUTES HASNEXTPAGE,processed-in-r05-v002,R05,yes-for-r05-v002-boundary,no-for-r05-v002,Confirmed in R05 v002 boundary audit.,"Confirmed in R05 v002 boundary audit. | R03/R04 boundary side-check: neighboring pagination/infinite-query area already R05, not R04."
S-081,IU-081,508013e6b983a2cf0717ffff43b2f85353293b9a,508013e6b9,5137.502,7981.224,5604.002,8222.224,933,482,"L-030: structural  sharing, use from query only the data that will cause rerender on change  acts just like a store | L-024: if after some manipulations the data that is used by so,e component from query has changed - then observer notifies r... | L-022: rereders",r04b-observer-cache-gctime-refetchinterval-candidate,R04B,no-r03-r04-boundary-review-only,yes-for-r04b,R04B boundary candidate: observer/rerenders/structural sharing/gcTime/refetchInterval.,R04B boundary candidate: observer/rerenders/structural sharing/gcTime/refetchInterval.
S-082,IU-082,a75c02ceb1ef910b17b0d7e2d1fb5780177b9553,a75c02ceb1,10117.945,8064.818,10568.445,8266.818,901,404,L-026: when a query can become stale stale time vs invalidat queires staletime STATIC | L-033: when refetch can happen with STATIC refetchontrigger: always vs staletime:static | L-027: so if staletime has passed or if we marked as stale with invalidate queries or if we didnt set staletime - by default...,r04a-staleness-static-refetch-retry-candidate,R04A,no-r03-r04-boundary-review-only,yes-for-r04a,R04A boundary candidate: staleness/static/refetch/retry; includes S-062 inbound from R02.,R04A boundary candidate: staleness/static/refetch/retry; includes S-062 inbound from R02.
S-083,IU-083,e3c0a532d3e1512c6309d289faad719d8b27adf7,e3c0a532d3,3093.516,8134.809,3550.516,8364.309,914,459,L-028: PAGINATION | L-036: INFINITEQUERY | L-034: INFINITESCROLL OPTIONS  WHAT DOES USEINFINITEQUERY RETURNS  HOW GETNEXTPAGEPARAM WORKS  HOW DOES IT COMPUTES HASNEXTPAGE,processed-in-r05-v002,R05,yes-for-r05-v002-boundary,no-for-r05-v002,Confirmed in R05 v002 boundary audit.,"Confirmed in R05 v002 boundary audit. | R03/R04 boundary side-check: neighboring pagination/infinite-query area already R05, not R04."
S-084,IU-084,68a664c2d542d7cecaf1b35b75c6b56ccd43e1fc,68a664c2d5,14138.173,8167.421,14580.673,8362.421,885,390,L-029: so no error thrown bu without auto retry on mount | L-033: when refetch can happen with STATIC refetchontrigger: always vs staletime:static | L-026: when a query can become stale stale time vs invalidat queires staletime STATIC,r04a-staleness-static-refetch-retry-candidate,R04A,no-r03-r04-boundary-review-only,yes-for-r04a,R04A boundary candidate: staleness/static/refetch/retry; includes S-062 inbound from R02.,R04A boundary candidate: staleness/static/refetch/retry; includes S-062 inbound from R02.
S-085,IU-085,bc3e0aa237ca77c270ac533ca22ce793bfd3692d,bc3e0aa237,125.709,8188.525,550.209,8342.525,849,308,L-031: usetransition vs placeholderdata:keeppreviousdata | L-037: !!! | L-034: INFINITESCROLL OPTIONS  WHAT DOES USEINFINITEQUERY RETURNS  HOW GETNEXTPAGEPARAM WORKS  HOW DOES IT COMPUTES HASNEXTPAGE,processed-in-r05-v002,R05,yes-for-r05-v002-boundary,no-for-r05-v002,Confirmed in R05 v002 boundary audit.,"Confirmed in R05 v002 boundary audit. | R03/R04 boundary side-check: neighboring pagination/infinite-query area already R05, not R04."
S-086,IU-086,3f38cd3ee4c0989c451adc3deab326e5eed536c0,3f38cd3ee4,6419.761,8223.891,6838.761,8464.891,838,482,"L-035: refetch interval | L-032: removing cache that is not being used not active queries gctime | L-024: if after some manipulations the data that is used by so,e component from query has changed - then observer notifies r...",r04b-observer-cache-gctime-refetchinterval-candidate,R04B,no-r03-r04-boundary-review-only,yes-for-r04b,R04B boundary candidate: observer/rerenders/structural sharing/gcTime/refetchInterval.,R04B boundary candidate: observer/rerenders/structural sharing/gcTime/refetchInterval.
S-087,IU-087,6674e4d2e9a0a104f7135ea61116bddd47c00b54,6674e4d2e9,8960.414,8241.65,9400.914,8476.15,881,469,L-027: so if staletime has passed or if we marked as stale with invalidate queries or if we didnt set staletime - by default... | L-026: when a query can become stale stale time vs invalidat queires staletime STATIC | L-032: removing cache that is not being used not active queries gctime,r04a-staleness-static-refetch-retry-candidate,R04A,no-r03-r04-boundary-review-only,yes-for-r04a,R04A boundary candidate: staleness/static/refetch/retry; includes S-062 inbound from R02.,R04A boundary candidate: staleness/static/refetch/retry; includes S-062 inbound from R02.
S-088,IU-088,e48ab344959936117f92df38fe8fb97801b143c7,e48ab34495,12765.247,8301.218,13260.247,8520.718,990,439,L-029: so no error thrown bu without auto retry on mount | L-033: when refetch can happen with STATIC refetchontrigger: always vs staletime:static | L-026: when a query can become stale stale time vs invalidat queires staletime STATIC,r04a-staleness-static-refetch-retry-candidate,R04A,no-r03-r04-boundary-review-only,yes-for-r04a,R04A boundary candidate: staleness/static/refetch/retry; includes S-062 inbound from R02.,R04A boundary candidate: staleness/static/refetch/retry; includes S-062 inbound from R02.
S-089,IU-089,ee98c678db7c27d9e9d65b57efbea8de44e4de3c,ee98c678db,8056.461,8336.379,8360.961,8577.379,609,482,L-032: removing cache that is not being used not active queries gctime | L-035: refetch interval | L-025: Refetch triggers,r04b-observer-cache-gctime-refetchinterval-candidate,R04B,no-r03-r04-boundary-review-only,yes-for-r04b,R04B boundary candidate: observer/rerenders/structural sharing/gcTime/refetchInterval.,R04B boundary candidate: observer/rerenders/structural sharing/gcTime/refetchInterval.
S-090,IU-090,ba574a80244925d065d32f9fb8ec089cad49d3bb,ba574a8024,10110.612,8449.818,10555.112,8562.818,889,226,L-033: when refetch can happen with STATIC refetchontrigger: always vs staletime:static | L-026: when a query can become stale stale time vs invalidat queires staletime STATIC | L-027: so if staletime has passed or if we marked as stale with invalidate queries or if we didnt set staletime - by default...,r04a-staleness-static-refetch-retry-candidate,R04A,no-r03-r04-boundary-review-only,yes-for-r04a,R04A boundary candidate: staleness/static/refetch/retry; includes S-062 inbound from R02.,R04A boundary candidate: staleness/static/refetch/retry; includes S-062 inbound from R02.
S-091,IU-091,1c6a61c9e417958cbcbd0c69bf987d48f76ad88f,1c6a61c9e4,11378.854,8458.716,11830.854,8618.716,904,320,L-033: when refetch can happen with STATIC refetchontrigger: always vs staletime:static | L-026: when a query can become stale stale time vs invalidat queires staletime STATIC | L-029: so no error thrown bu without auto retry on mount,r04a-staleness-static-refetch-retry-candidate,R04A,no-r03-r04-boundary-review-only,yes-for-r04a,R04A boundary candidate: staleness/static/refetch/retry; includes S-062 inbound from R02.,R04A boundary candidate: staleness/static/refetch/retry; includes S-062 inbound from R02.
S-092,IU-092,db432e01782d5a7ce593405eb2da0d83f7f1c732,db432e0178,5145.398,8490.047,5603.898,8641.047,917,302,"L-030: structural  sharing, use from query only the data that will cause rerender on change  acts just like a store | L-024: if after some manipulations the data that is used by so,e component from query has changed - then observer notifies r... | L-022: rereders",r04b-observer-cache-gctime-refetchinterval-candidate,R04B,no-r03-r04-boundary-review-only,yes-for-r04b,R04B boundary candidate: observer/rerenders/structural sharing/gcTime/refetchInterval.,R04B boundary candidate: observer/rerenders/structural sharing/gcTime/refetchInterval.
S-093,IU-093,c8cc88b3af1d3a963ff8b1ee37696787027531ea,c8cc88b3af,149.376,8550.359,556.876,8767.859,815,435,L-037: !!! | L-031: usetransition vs placeholderdata:keeppreviousdata | L-034: INFINITESCROLL OPTIONS  WHAT DOES USEINFINITEQUERY RETURNS  HOW GETNEXTPAGEPARAM WORKS  HOW DOES IT COMPUTES HASNEXTPAGE,processed-in-r05-v002,R05,yes-for-r05-v002-boundary,no-for-r05-v002,Confirmed in R05 v002 boundary audit.,"Confirmed in R05 v002 boundary audit. | R03/R04 boundary side-check: neighboring pagination/infinite-query area already R05, not R04."
S-094,IU-094,975b593423bd143ab9c88230b2f21dadcf601b9e,975b593423,3080.103,8605.0,3556.103,8840.5,952,471,L-036: INFINITEQUERY | L-028: PAGINATION | L-034: INFINITESCROLL OPTIONS  WHAT DOES USEINFINITEQUERY RETURNS  HOW GETNEXTPAGEPARAM WORKS  HOW DOES IT COMPUTES HASNEXTPAGE,processed-in-r05-v002,R05,yes-for-r05-v002-boundary,no-for-r05-v002,Confirmed in R05 v002 boundary audit.,"Confirmed in R05 v002 boundary audit. | R03/R04 boundary side-check: neighboring pagination/infinite-query area already R05, not R04."
S-095,IU-095,ff5a3dac411771a20d7fbbc1004d41fe030a5570,ff5a3dac41,10096.445,8694.152,10576.445,8920.152,960,452,L-033: when refetch can happen with STATIC refetchontrigger: always vs staletime:static | L-026: when a query can become stale stale time vs invalidat queires staletime STATIC | L-027: so if staletime has passed or if we marked as stale with invalidate queries or if we didnt set staletime - by default...,r04a-staleness-static-refetch-retry-candidate,R04A,no-r03-r04-boundary-review-only,yes-for-r04a,R04A boundary candidate: staleness/static/refetch/retry; includes S-062 inbound from R02.,R04A boundary candidate: staleness/static/refetch/retry; includes S-062 inbound from R02.
S-096,IU-096,d076db1a352cd26b3090c2887164f75161d27a56,d076db1a35,6419.065,8720.547,6886.565,8849.047,935,257,"L-035: refetch interval | L-032: removing cache that is not being used not active queries gctime | L-024: if after some manipulations the data that is used by so,e component from query has changed - then observer notifies r...",r04b-observer-cache-gctime-refetchinterval-candidate,R04B,no-r03-r04-boundary-review-only,yes-for-r04b,R04B boundary candidate: observer/rerenders/structural sharing/gcTime/refetchInterval.,R04B boundary candidate: observer/rerenders/structural sharing/gcTime/refetchInterval.
S-097,IU-097,4e38da6f7c269f1e0013e047722c55363e4b0ea8,4e38da6f7c,8957.105,8732.412,9397.105,8900.912,880,337,L-027: so if staletime has passed or if we marked as stale with invalidate queries or if we didnt set staletime - by default... | L-026: when a query can become stale stale time vs invalidat queires staletime STATIC | L-032: removing cache that is not being used not active queries gctime,r04a-staleness-static-refetch-retry-candidate,R04A,no-r03-r04-boundary-review-only,yes-for-r04a,R04A boundary candidate: staleness/static/refetch/retry; includes S-062 inbound from R02.,R04A boundary candidate: staleness/static/refetch/retry; includes S-062 inbound from R02.
S-098,IU-098,27679ed8ee7192319bbd30f857bf9294efcbc6ea,27679ed8ee,11391.884,8793.625,11853.884,8989.625,924,392,L-033: when refetch can happen with STATIC refetchontrigger: always vs staletime:static | L-026: when a query can become stale stale time vs invalidat queires staletime STATIC | L-029: so no error thrown bu without auto retry on mount,r04a-staleness-static-refetch-retry-candidate,R04A,no-r03-r04-boundary-review-only,yes-for-r04a,R04A boundary candidate: staleness/static/refetch/retry; includes S-062 inbound from R02.,R04A boundary candidate: staleness/static/refetch/retry; includes S-062 inbound from R02.
S-099,IU-099,1314fac1937cd7e24d159cfb1349e1fa25c81e4c,1314fac193,12759.969,8796.385,13222.469,9007.385,925,422,L-029: so no error thrown bu without auto retry on mount | L-033: when refetch can happen with STATIC refetchontrigger: always vs staletime:static | L-026: when a query can become stale stale time vs invalidat queires staletime STATIC,r04a-staleness-static-refetch-retry-candidate,R04A,no-r03-r04-boundary-review-only,yes-for-r04a,R04A boundary candidate: staleness/static/refetch/retry; includes S-062 inbound from R02.,R04A boundary candidate: staleness/static/refetch/retry; includes S-062 inbound from R02.
S-100,IU-100,873cf4d11f5fb9cd206558f6e6fd5a3f2d699e41,873cf4d11f,5131.232,8799.547,5561.232,9005.047,860,411,"L-030: structural  sharing, use from query only the data that will cause rerender on change  acts just like a store | L-024: if after some manipulations the data that is used by so,e component from query has changed - then observer notifies r... | L-035: refetch interval",r04b-observer-cache-gctime-refetchinterval-candidate,R04B,no-r03-r04-boundary-review-only,yes-for-r04b,R04B boundary candidate: observer/rerenders/structural sharing/gcTime/refetchInterval.,R04B boundary candidate: observer/rerenders/structural sharing/gcTime/refetchInterval.
S-101,IU-101,4c44fb1d2aa09fdff1f57e8a5cd47d7a9649bb19,4c44fb1d2a,128.209,8994.525,550.209,9204.525,844,420,L-037: !!! | L-034: INFINITESCROLL OPTIONS  WHAT DOES USEINFINITEQUERY RETURNS  HOW GETNEXTPAGEPARAM WORKS  HOW DOES IT COMPUTES HASNEXTPAGE | L-031: usetransition vs placeholderdata:keeppreviousdata,processed-in-r05-v002,R05,yes-for-r05-v002-boundary,no-for-r05-v002,Confirmed in R05 v002 boundary audit.,"Confirmed in R05 v002 boundary audit. | R03/R04 boundary side-check: neighboring pagination/infinite-query area already R05, not R04."
S-102,IU-102,03697f7b6d9df924a993630f8885a198d0c6f59f,03697f7b6d,8999.614,9120.859,9459.114,9345.359,919,449,L-027: so if staletime has passed or if we marked as stale with invalidate queries or if we didnt set staletime - by default... | L-035: refetch interval | L-032: removing cache that is not being used not active queries gctime,r04b-observer-cache-gctime-refetchinterval-candidate,R04B,no-r03-r04-boundary-review-only,yes-for-r04b,R04B boundary candidate: observer/rerenders/structural sharing/gcTime/refetchInterval.,R04B boundary candidate: observer/rerenders/structural sharing/gcTime/refetchInterval.
S-103,IU-103,4e59a80541ebcb31b6cdd367894655b463887d04,4e59a80541,11374.339,9202.64,11839.339,9421.14,930,437,L-033: when refetch can happen with STATIC refetchontrigger: always vs staletime:static | L-026: when a query can become stale stale time vs invalidat queires staletime STATIC | L-029: so no error thrown bu without auto retry on mount,r04a-staleness-static-refetch-retry-candidate,R04A,no-r03-r04-boundary-review-only,yes-for-r04a,R04A boundary candidate: staleness/static/refetch/retry; includes S-062 inbound from R02.,R04A boundary candidate: staleness/static/refetch/retry; includes S-062 inbound from R02.
S-104,IU-104,50eadf70dfbe892da6b9f6790fac1d87500a5a51,50eadf70df,12777.96,9232.895,13122.46,9473.895,689,482,L-033: when refetch can happen with STATIC refetchontrigger: always vs staletime:static | L-029: so no error thrown bu without auto retry on mount | L-026: when a query can become stale stale time vs invalidat queires staletime STATIC,r04a-staleness-static-refetch-retry-candidate,R04A,no-r03-r04-boundary-review-only,yes-for-r04a,R04A boundary candidate: staleness/static/refetch/retry; includes S-062 inbound from R02.,R04A boundary candidate: staleness/static/refetch/retry; includes S-062 inbound from R02.
S-105,IU-105,dc0361e5335279269e83c947761041f175b74bd7,dc0361e533,5136.732,9236.381,5593.232,9350.381,913,228,"L-030: structural  sharing, use from query only the data that will cause rerender on change  acts just like a store | L-035: refetch interval | L-024: if after some manipulations the data that is used by so,e component from query has changed - then observer notifies r...",r04b-observer-cache-gctime-refetchinterval-candidate,R04B,no-r03-r04-boundary-review-only,yes-for-r04b,R04B boundary candidate: observer/rerenders/structural sharing/gcTime/refetchInterval.,R04B boundary candidate: observer/rerenders/structural sharing/gcTime/refetchInterval.
S-106,IU-106,fc61dcb8e634d87341a07d92980e63b5ce8407ac,fc61dcb8e6,3042.126,9384.198,3505.626,9533.198,927,298,L-036: INFINITEQUERY | L-028: PAGINATION | L-034: INFINITESCROLL OPTIONS  WHAT DOES USEINFINITEQUERY RETURNS  HOW GETNEXTPAGEPARAM WORKS  HOW DOES IT COMPUTES HASNEXTPAGE,processed-in-r05-v002,R05,yes-for-r05-v002-boundary,no-for-r05-v002,Confirmed in R05 v002 boundary audit.,"Confirmed in R05 v002 boundary audit. | R03/R04 boundary side-check: neighboring pagination/infinite-query area already R05, not R04."
S-107,IU-107,180be1e245c61db85a4cb14a789da9fce4aaa0a1,180be1e245,7489.485,9417.343,7944.485,9612.343,910,390,L-035: refetch interval | L-032: removing cache that is not being used not active queries gctime | L-025: Refetch triggers,r04b-observer-cache-gctime-refetchinterval-candidate,R04B,no-r03-r04-boundary-review-only,yes-for-r04b,R04B boundary candidate: observer/rerenders/structural sharing/gcTime/refetchInterval.,R04B boundary candidate: observer/rerenders/structural sharing/gcTime/refetchInterval.
S-108,IU-108,728900c57352441348a30ead3d6933a7e3457822,728900c573,137.875,9420.949,566.875,9626.949,858,412,L-037: !!! | L-034: INFINITESCROLL OPTIONS  WHAT DOES USEINFINITEQUERY RETURNS  HOW GETNEXTPAGEPARAM WORKS  HOW DOES IT COMPUTES HASNEXTPAGE | L-031: usetransition vs placeholderdata:keeppreviousdata,processed-in-r05-v002,R05,yes-for-r05-v002-boundary,no-for-r05-v002,Confirmed in R05 v002 boundary audit.,"Confirmed in R05 v002 boundary audit. | R03/R04 boundary side-check: neighboring pagination/infinite-query area already R05, not R04."
S-109,IU-109,39e62ae511efa47ffbce53be931d4fde2f068004,39e62ae511,9033.527,9580.732,9237.527,9681.232,408,201,L-065: REMOVEQUERIES RESETQUERIES | L-074: OFFLINE FIRST CAN TRY TO GET DATA UNTIL IT NEED RETRIES RETRIES WILL BE QUEUED CAN TRY TO GET DATA FROM CACHE,unreviewed-needs-visual-boundary-review,,no,yes,Coordinates retained only. Must be reviewed visually/semantically before region assignment.,Coordinates retained only. Must be reviewed visually/semantically before region assignment.
S-110,IU-110,96bd41a4854238b5dfdbc214a99f187a94b2de31,96bd41a485,11373.687,9617.883,11844.187,9805.383,941,375,L-065: REMOVEQUERIES RESETQUERIES | L-074: OFFLINE FIRST CAN TRY TO GET DATA UNTIL IT NEED RETRIES RETRIES WILL BE QUEUED CAN TRY TO GET DATA FROM CACHE,unreviewed-needs-visual-boundary-review,,no,yes,Coordinates retained only. Must be reviewed visually/semantically before region assignment.,Coordinates retained only. Must be reviewed visually/semantically before region assignment.
S-111,IU-111,b643ae1bee759a5d7a5ce82de29b059fc564ba00,b643ae1bee,1479.96,9650.016,1860.96,9805.516,762,311,L-034: INFINITESCROLL OPTIONS  WHAT DOES USEINFINITEQUERY RETURNS  HOW GETNEXTPAGEPARAM WORKS  HOW DOES IT COMPUTES HASNEXTPAGE | L-036: INFINITEQUERY | L-037: !!!,processed-in-r05-v002,R05,yes-for-r05-v002-boundary,no-for-r05-v002,Confirmed in R05 v002 boundary audit.,"Confirmed in R05 v002 boundary audit. | R03/R04 boundary side-check: neighboring pagination/infinite-query area already R05, not R04."
S-112,IU-112,41cc77d4c328de94133c00f92b8cf617bf3dc8ac,41cc77d4c3,3069.992,9707.597,3489.992,9948.597,840,482,L-036: INFINITEQUERY | L-034: INFINITESCROLL OPTIONS  WHAT DOES USEINFINITEQUERY RETURNS  HOW GETNEXTPAGEPARAM WORKS  HOW DOES IT COMPUTES HASNEXTPAGE | L-028: PAGINATION,processed-in-r05-v002,R05,yes-for-r05-v002-boundary,no-for-r05-v002,Confirmed in R05 v002 boundary audit.,"Confirmed in R05 v002 boundary audit. | R03/R04 boundary side-check: neighboring pagination/infinite-query area already R05, not R04."
S-113,IU-113,2bc6c3c45878e7462b8a01153fb78c96f670394f,2bc6c3c458,7487.485,9843.954,7964.485,10083.454,954,479,L-065: REMOVEQUERIES RESETQUERIES | L-074: OFFLINE FIRST CAN TRY TO GET DATA UNTIL IT NEED RETRIES RETRIES WILL BE QUEUED CAN TRY TO GET DATA FROM CACHE,unreviewed-needs-visual-boundary-review,,no,yes,Coordinates retained only. Must be reviewed visually/semantically before region assignment.,Coordinates retained only. Must be reviewed visually/semantically before region assignment.
S-114,IU-114,38adfee5552c65bb099bf1088cd87a6e0bd6eb80,38adfee555,1455.055,10032.206,1923.055,10181.706,936,299,L-074: OFFLINE FIRST CAN TRY TO GET DATA UNTIL IT NEED RETRIES RETRIES WILL BE QUEUED CAN TRY TO GET DATA FROM CACHE | L-065: REMOVEQUERIES RESETQUERIES,processed-in-r05-v002,R05,yes-for-r05-v002-boundary,no-for-r05-v002,Included in R05 v002 after boundary audit; missing infinite-query continuation.,Included in R05 v002 after boundary audit; missing infinite-query continuation.
S-115,IU-115,1f0e98522eef50495c27ab667ea57244a51097f3,1f0e98522e,3068.404,10263.365,3519.404,10427.865,902,329,L-074: OFFLINE FIRST CAN TRY TO GET DATA UNTIL IT NEED RETRIES RETRIES WILL BE QUEUED CAN TRY TO GET DATA FROM CACHE | L-065: REMOVEQUERIES RESETQUERIES,processed-in-r05-v002,R05,yes-for-r05-v002-boundary,no-for-r05-v002,Included in R05 v002 after boundary audit; missing infinite-query continuation.,Included in R05 v002 after boundary audit; missing infinite-query continuation.
S-116,IU-116,69bfa97f82e20f5bb984dfd9035d3b44ec64960e,69bfa97f82,1422.769,10366.397,1888.769,10577.897,932,423,L-074: OFFLINE FIRST CAN TRY TO GET DATA UNTIL IT NEED RETRIES RETRIES WILL BE QUEUED CAN TRY TO GET DATA FROM CACHE | L-065: REMOVEQUERIES RESETQUERIES,processed-in-r05-v002,R05,yes-for-r05-v002-boundary,no-for-r05-v002,Included in R05 v002 after boundary audit; missing infinite-query continuation.,Included in R05 v002 after boundary audit; missing infinite-query continuation.
S-117,IU-117,8160273b4d08df708bd978e863a8449b3ccbaaaa,8160273b4d,9433.331,10598.507,9888.831,10749.007,911,301,"L-051: init data caveats | L-038: PREFETCHING/ INITIALDATA /PLACEHOLDRDATA, USEQUERYCLIENT | L-048: PREFETCH STALETIME AND REFETCHING ON MOUNT ISSUE EVEN WITH PREFETCH QUERY",processed-in-r07-v004,R07,yes-for-r07-v004-boundary,no-for-r07-v004,Confirmed in R07 v004 boundary correction.,Confirmed in R07 v004 boundary correction.
S-118,IU-118,5230e3ed40dfc62b44191e77a332b91fa484eaea,5230e3ed40,3059.904,10604.865,3519.404,10807.865,919,406,L-074: OFFLINE FIRST CAN TRY TO GET DATA UNTIL IT NEED RETRIES RETRIES WILL BE QUEUED CAN TRY TO GET DATA FROM CACHE | L-065: REMOVEQUERIES RESETQUERIES,unreviewed-needs-visual-boundary-review,,no,yes,Coordinates retained only. Must be reviewed visually/semantically before region assignment.,Coordinates retained only. Must be reviewed visually/semantically before region assignment.
S-119,IU-119,2ced60a702324c4a7d28a57a39a77cd9ff29737f,2ced60a702,1414.865,10877.397,1766.865,10937.897,704,121,L-074: OFFLINE FIRST CAN TRY TO GET DATA UNTIL IT NEED RETRIES RETRIES WILL BE QUEUED CAN TRY TO GET DATA FROM CACHE | L-065: REMOVEQUERIES RESETQUERIES,unreviewed-needs-visual-boundary-review,,no,yes,Coordinates retained only. Must be reviewed visually/semantically before region assignment.,Coordinates retained only. Must be reviewed visually/semantically before region assignment.
S-120,IU-120,77905ae043ec69700fc3b16f6a5b4ec492e7e300,77905ae043,9445.497,10938.856,9850.997,11140.856,811,404,"L-051: init data caveats | L-048: PREFETCH STALETIME AND REFETCHING ON MOUNT ISSUE EVEN WITH PREFETCH QUERY | L-038: PREFETCHING/ INITIALDATA /PLACEHOLDRDATA, USEQUERYCLIENT",processed-in-r07-v004,R07,yes-for-r07-v004-boundary,no-for-r07-v004,Confirmed in R07 v004 boundary correction.,Confirmed in R07 v004 boundary correction.
S-121,IU-121,70259fd00dac47caaf1dee15cda4acf36a905e87,70259fd00d,3127.73,11026.709,3503.73,11267.709,752,482,L-074: OFFLINE FIRST CAN TRY TO GET DATA UNTIL IT NEED RETRIES RETRIES WILL BE QUEUED CAN TRY TO GET DATA FROM CACHE | L-065: REMOVEQUERIES RESETQUERIES,unreviewed-needs-visual-boundary-review,,no,yes,Coordinates retained only. Must be reviewed visually/semantically before region assignment.,Coordinates retained only. Must be reviewed visually/semantically before region assignment.
S-122,IU-122,c74a0b5ca9807854bf772a5f5b4a8989039e4680,c74a0b5ca9,1395.502,11047.217,1810.502,11288.217,830,482,L-074: OFFLINE FIRST CAN TRY TO GET DATA UNTIL IT NEED RETRIES RETRIES WILL BE QUEUED CAN TRY TO GET DATA FROM CACHE | L-065: REMOVEQUERIES RESETQUERIES,unreviewed-needs-visual-boundary-review,,no,yes,Coordinates retained only. Must be reviewed visually/semantically before region assignment.,Coordinates retained only. Must be reviewed visually/semantically before region assignment.
S-123,IU-123,89aca4f37a278a813e0eb7686b564e8ae54550a2,89aca4f37a,11718.502,11147.546,12048.002,11362.046,659,429,L-043: QUERY FILTERS | L-044: METHODS OF QC | L-041: QUERYCLIENT,processed-in-r08a-v001,R08A,yes-for-r08a-v001-boundary,no-for-r08a-v001,Included in R08A v001 after local boundary review: QueryClient / QueryFilters / core methods.,Included in R08A v001 after local boundary review: QueryClient / QueryFilters / core methods.
S-124,IU-124,4f1b873c4979ca54503a086b4046ba261ef50225,4f1b873c49,10541.653,11173.512,11031.653,11366.512,980,386,L-041: QUERYCLIENT | L-043: QUERY FILTERS | L-044: METHODS OF QC,processed-in-r08a-v001,R08A,yes-for-r08a-v001-boundary,no-for-r08a-v001,Included in R08A v001 after local boundary review: QueryClient / QueryFilters / core methods.,Included in R08A v001 after local boundary review: QueryClient / QueryFilters / core methods.
S-125,IU-125,730d9b1236636fa508be450b3c1019b5e8eee74c,730d9b1236,12525.751,11211.192,12960.751,11308.692,870,195,L-044: METHODS OF QC | L-046: get queries | L-043: QUERY FILTERS,processed-in-r08a-v001,R08A,yes-for-r08a-v001-boundary,no-for-r08a-v001,Included in R08A v001 after local boundary review: QueryClient / QueryFilters / core methods.,Included in R08A v001 after local boundary review: QueryClient / QueryFilters / core methods.
S-126,IU-126,68f33d5ec1c54be39e79037ff436bb7ef2b00708,68f33d5ec1,4644.592,11213.333,5110.092,11417.333,931,408,"L-045: COMBINE | L-039: use queries dependant queries | L-049: SERIAL EXECUTION, GETTING DATA FOR ONE QUERY THEN FOR ANOTHER",processed-in-r06-v002,R06,yes-for-r06-v002-boundary,no-for-r06-v002,Confirmed in R06 v002 boundary correction.,Confirmed in R06 v002 boundary correction.
S-127,IU-127,78a5bec30e53c01bb96164eb9e0f0db396469148,78a5bec30e,15928.037,11216.646,16375.537,11435.146,895,437,L-042: QC OUTSIDE REACT | L-040: setqueriesdata olddatashape | L-050: may try to design some abstractions that will ensure that some keys have some specific form,processed-in-r08c-v001,R08C,yes-for-r08c-v001-boundary,no-for-r08c-v001,Included in R08C v001 after local boundary review: QueryClient outside React / setQueriesData shape discipline.,Included in R08C v001 after local boundary review: QueryClient outside React / setQueriesData shape discipline.
S-128,IU-128,664984d1b2c79866c5225a3ff0a4f1ecb1cc2de3,664984d1b2,6002.83,11264.057,6346.83,11505.057,688,482,"L-049: SERIAL EXECUTION, GETTING DATA FOR ONE QUERY THEN FOR ANOTHER | L-047: NOT PARALLEL | L-039: use queries dependant queries",processed-in-r06-v002,R06,yes-for-r06-v002-boundary,no-for-r06-v002,Confirmed in R06 v002 boundary correction.,Confirmed in R06 v002 boundary correction.
S-129,IU-129,fc2d174df67e1b579d29fa9243bc9f89ecdc3b25,fc2d174df6,13887.652,11356.605,14315.652,11565.105,856,417,L-046: get queries | L-053: refetch type VS filters type of invalidate queries | L-042: QC OUTSIDE REACT,processed-in-r08b-v001,R08B,yes-for-r08b-v001-boundary,no-for-r08b-v001,Included in R08B v001 after local boundary review: refetch / cancel options / cache helpers.,Included in R08B v001 after local boundary review: refetch / cancel options / cache helpers.
S-130,IU-130,d4b221fae1a1d6947f91e8b790375c4f718266bf,d4b221fae1,7023.862,11381.835,7455.862,11622.835,864,482,"L-049: SERIAL EXECUTION, GETTING DATA FOR ONE QUERY THEN FOR ANOTHER | L-047: NOT PARALLEL | L-054: PROMISE.ALL, SHARE LIFECTCLE FETCHING , REFETCHING AND ERRORING",processed-in-r06-v002,R06,yes-for-r06-v002-boundary,no-for-r06-v002,Confirmed in R06 v002 boundary correction.,Confirmed in R06 v002 boundary correction.
S-131,IU-131,436c717cfb34564f8161400b86c6cd70df948e55,436c717cfb,9451.257,11399.925,9814.257,11640.925,726,482,L-051: init data caveats | L-048: PREFETCH STALETIME AND REFETCHING ON MOUNT ISSUE EVEN WITH PREFETCH QUERY | L-055: !!! can prefetch and then fetch again because of default stale time,processed-in-r07-v004,R07,yes-for-r07-v004-boundary,no-for-r07-v004,Confirmed in R07 v004 boundary correction.,Confirmed in R07 v004 boundary correction.
S-132,IU-132,3d2af35386f5a1702b6e11ea1683581f82b05961,3d2af35386,8200.893,11404.628,8677.893,11625.628,954,442,L-048: PREFETCH STALETIME AND REFETCHING ON MOUNT ISSUE EVEN WITH PREFETCH QUERY | L-051: init data caveats | L-052: DOES PREFETCH STALETIME BELONGS TO BOTH PREFETCH AND NORMAL QUEY?,processed-in-r07-v004,R07,yes-for-r07-v004-boundary,no-for-r07-v004,Already R07 prefetch/fetchQuery road; explicitly checked and excluded from R06.,Already R07 prefetch/fetchQuery road; explicitly checked and excluded from R06.
S-133,IU-133,0a41cac8a593c33ae6b78778a1f71f604fa2e754,0a41cac8a5,18670.584,11427.712,19143.084,11650.212,945,445,L-050: may try to design some abstractions that will ensure that some keys have some specific form | L-040: setqueriesdata olddatashape | L-042: QC OUTSIDE REACT,processed-in-r08c-v001,R08C,yes-for-r08c-v001-boundary,no-for-r08c-v001,Included in R08C v001 after local boundary review: QueryClient outside React / setQueriesData shape discipline.,Included in R08C v001 after local boundary review: QueryClient outside React / setQueriesData shape discipline.
S-134,IU-134,30bdec469536a1c510c677d2182c6f9661def337,30bdec4695,12517.628,11435.105,12983.628,11667.105,932,464,L-044: METHODS OF QC | L-046: get queries | L-053: refetch type VS filters type of invalidate queries,processed-in-r08b-v001,R08B,yes-for-r08b-v001-boundary,no-for-r08b-v001,Included in R08B v001 after local boundary review: refetch / cancel options / cache helpers.,Included in R08B v001 after local boundary review: refetch / cancel options / cache helpers.
S-135,IU-135,471c964d3b7c3d8ea35d5cc96d9bf177d00e3148,471c964d3b,17930.932,11464.957,18261.932,11696.457,662,463,L-050: may try to design some abstractions that will ensure that some keys have some specific form | L-040: setqueriesdata olddatashape | L-042: QC OUTSIDE REACT,processed-in-r08c-v001,R08C,yes-for-r08c-v001-boundary,no-for-r08c-v001,Included in R08C v001 after local boundary review: QueryClient outside React / setQueriesData shape discipline.,Included in R08C v001 after local boundary review: QueryClient outside React / setQueriesData shape discipline.
S-136,IU-136,90f673f1e852e151765e4686ac1250ca82fbb7cb,90f673f1e8,1372.484,11483.302,1814.484,11699.802,884,433,L-074: OFFLINE FIRST CAN TRY TO GET DATA UNTIL IT NEED RETRIES RETRIES WILL BE QUEUED CAN TRY TO GET DATA FROM CACHE | L-065: REMOVEQUERIES RESETQUERIES,unreviewed-needs-visual-boundary-review,,no,yes,Coordinates retained only. Must be reviewed visually/semantically before region assignment.,Coordinates retained only. Must be reviewed visually/semantically before region assignment.
S-137,IU-137,cf6de009a383a3e090c6d53917a88f728123285c,cf6de009a3,3147.849,11541.365,3543.849,11727.865,792,373,L-074: OFFLINE FIRST CAN TRY TO GET DATA UNTIL IT NEED RETRIES RETRIES WILL BE QUEUED CAN TRY TO GET DATA FROM CACHE | L-065: REMOVEQUERIES RESETQUERIES,unreviewed-needs-visual-boundary-review,,no,yes,Coordinates retained only. Must be reviewed visually/semantically before region assignment.,Coordinates retained only. Must be reviewed visually/semantically before region assignment.
S-138,IU-138,01111ee2eb6983f9c642f1dabc37362759a76a4a,01111ee2eb,10535.335,11581.588,10969.835,11684.088,869,205,L-041: QUERYCLIENT | L-043: QUERY FILTERS | L-044: METHODS OF QC,processed-in-r08a-v001,R08A,yes-for-r08a-v001-boundary,no-for-r08a-v001,Included in R08A v001 after local boundary review: QueryClient / QueryFilters / core methods.,Included in R08A v001 after local boundary review: QueryClient / QueryFilters / core methods.
S-139,IU-139,c3f45a9f792f10ca1d8a925a917dd5c7d259f5f9,c3f45a9f79,11644.558,11591.343,12043.558,11818.343,798,454,L-043: QUERY FILTERS | L-044: METHODS OF QC | L-041: QUERYCLIENT,processed-in-r08a-v001,R08A,yes-for-r08a-v001-boundary,no-for-r08a-v001,Included in R08A v001 after local boundary review: QueryClient / QueryFilters / core methods.,Included in R08A v001 after local boundary review: QueryClient / QueryFilters / core methods.
S-140,IU-140,52ce7625acb50ad6840d6a9b2f41595f00a46554,52ce7625ac,4717.282,11646.951,5106.282,11784.951,778,276,"L-045: COMBINE | L-039: use queries dependant queries | L-049: SERIAL EXECUTION, GETTING DATA FOR ONE QUERY THEN FOR ANOTHER",processed-in-r06-v002,R06,yes-for-r06-v002-boundary,no-for-r06-v002,Confirmed in R06 v002 boundary correction.,Confirmed in R06 v002 boundary correction.
S-141,IU-141,d9130874341bb277d6adf65e5d6066f76b62ff81,d913087434,15940.512,11685.769,16307.512,11926.769,734,482,L-042: QC OUTSIDE REACT | L-050: may try to design some abstractions that will ensure that some keys have some specific form | L-040: setqueriesdata olddatashape,processed-in-r08c-v001,R08C,yes-for-r08c-v001-boundary,no-for-r08c-v001,Included in R08C v001 after local boundary review: QueryClient outside React / setQueriesData shape discipline.,Included in R08C v001 after local boundary review: QueryClient outside React / setQueriesData shape discipline.
S-142,IU-142,6c191bae1e413859073e73e8089098e4c32bbce0,6c191bae1e,5998.287,11750.872,6395.287,11991.872,794,482,"L-049: SERIAL EXECUTION, GETTING DATA FOR ONE QUERY THEN FOR ANOTHER | L-047: NOT PARALLEL | L-054: PROMISE.ALL, SHARE LIFECTCLE FETCHING , REFETCHING AND ERRORING",processed-in-r06-v002,R06,yes-for-r06-v002-boundary,no-for-r06-v002,Confirmed in R06 v002 boundary correction.,Confirmed in R06 v002 boundary correction.
S-143,IU-143,81cc0883baca9123aefb45c4cb1deff7c94b8f3f,81cc0883ba,13895.652,11804.938,14315.652,11946.438,840,283,L-053: refetch type VS filters type of invalidate queries | L-046: get queries | L-042: QC OUTSIDE REACT,processed-in-r08b-v001,R08B,yes-for-r08b-v001-boundary,no-for-r08b-v001,Included in R08B v001 after local boundary review: refetch / cancel options / cache helpers.,Included in R08B v001 after local boundary review: refetch / cancel options / cache helpers.
S-144,IU-144,a6832a1bc1a498b8a99d68ff735027388e2ed063,a6832a1bc1,10541.486,11811.118,11004.986,11987.118,927,352,L-041: QUERYCLIENT | L-043: QUERY FILTERS | L-044: METHODS OF QC,processed-in-r08a-v001,R08A,yes-for-r08a-v001-boundary,no-for-r08a-v001,Included in R08A v001 after local boundary review: QueryClient / QueryFilters / core methods.,Included in R08A v001 after local boundary review: QueryClient / QueryFilters / core methods.
S-145,IU-145,bfef41b217b695abef8abf400f15d935d4a71874,bfef41b217,7024.954,11878.324,7411.954,12020.324,774,284,"L-049: SERIAL EXECUTION, GETTING DATA FOR ONE QUERY THEN FOR ANOTHER | L-047: NOT PARALLEL | L-054: PROMISE.ALL, SHARE LIFECTCLE FETCHING , REFETCHING AND ERRORING",processed-in-r06-v002,R06,yes-for-r06-v002-boundary,no-for-r06-v002,Confirmed in R06 v002 boundary correction.,Confirmed in R06 v002 boundary correction.
S-146,IU-146,5ee57573106cb4ddaf5d43e12b943cfb0982dee2,5ee5757310,8190.965,11887.63,8671.965,11989.63,962,204,L-052: DOES PREFETCH STALETIME BELONGS TO BOTH PREFETCH AND NORMAL QUEY? | L-051: init data caveats | L-048: PREFETCH STALETIME AND REFETCHING ON MOUNT ISSUE EVEN WITH PREFETCH QUERY,processed-in-r07-v004,R07,yes-for-r07-v004-boundary,no-for-r07-v004,Already R07 prefetch/fetchQuery road; explicitly checked and excluded from R06.,Already R07 prefetch/fetchQuery road; explicitly checked and excluded from R06.
S-147,IU-147,8578a757ff7f438004efb1bf27b02bdc9a15bd5f,8578a757ff,12515.539,11908.917,12960.539,12149.917,890,482,L-053: refetch type VS filters type of invalidate queries | L-044: METHODS OF QC | L-046: get queries,processed-in-r08b-v001,R08B,yes-for-r08b-v001-boundary,no-for-r08b-v001,Included in R08B v001 after local boundary review: refetch / cancel options / cache helpers.,Included in R08B v001 after local boundary review: refetch / cancel options / cache helpers.
S-148,IU-148,ade73b8922709b3bfcd2f5ce0f49ff8f3a2ab1e0,ade73b8922,1367.103,11952.04,1782.103,12075.04,830,246,L-074: OFFLINE FIRST CAN TRY TO GET DATA UNTIL IT NEED RETRIES RETRIES WILL BE QUEUED CAN TRY TO GET DATA FROM CACHE | L-065: REMOVEQUERIES RESETQUERIES,unreviewed-needs-visual-boundary-review,,no,yes,Coordinates retained only. Must be reviewed visually/semantically before region assignment.,Coordinates retained only. Must be reviewed visually/semantically before region assignment.
S-149,IU-149,8c5f325354d41e4998f90b1b93ed59179f3b0312,8c5f325354,17949.093,11959.316,18217.093,12190.816,536,463,L-050: may try to design some abstractions that will ensure that some keys have some specific form | L-040: setqueriesdata olddatashape | L-042: QC OUTSIDE REACT,processed-in-r08c-v001,R08C,yes-for-r08c-v001-boundary,no-for-r08c-v001,Included in R08C v001 after local boundary review: QueryClient outside React / setQueriesData shape discipline.,Included in R08C v001 after local boundary review: QueryClient outside React / setQueriesData shape discipline.
S-150,IU-150,3071e8a02cc04934de4b77ca2a0bf98d8f57cf94,3071e8a02c,4712.545,11966.652,5127.045,12207.652,829,482,"L-045: COMBINE | L-039: use queries dependant queries | L-054: PROMISE.ALL, SHARE LIFECTCLE FETCHING , REFETCHING AND ERRORING",processed-in-r06-v002,R06,yes-for-r06-v002-boundary,no-for-r06-v002,Confirmed in R06 v002 boundary correction.,Confirmed in R06 v002 boundary correction.
S-151,IU-151,3b50c6200c393709ce4a1fe6fb2b68a6b5280bb7,3b50c6200c,11624.18,12055.705,12006.68,12296.705,765,482,L-043: QUERY FILTERS | L-044: METHODS OF QC | L-053: refetch type VS filters type of invalidate queries,processed-in-r08a-v001,R08A,yes-for-r08a-v001-boundary,no-for-r08a-v001,Included in R08A v001 after local boundary review: QueryClient / QueryFilters / core methods.,Included in R08A v001 after local boundary review: QueryClient / QueryFilters / core methods.
S-152,IU-152,b67831fde6547da53dc9ec4b894607f6db24c9ce,b67831fde6,9446.917,12092.188,9866.417,12305.188,839,426,L-051: init data caveats | L-055: !!! can prefetch and then fetch again because of default stale time | L-056: fetchquery ensurequerydata,processed-in-r07-v004,R07,yes-for-r07-v004-boundary,no-for-r07-v004,Confirmed in R07 v004 boundary correction.,Confirmed in R07 v004 boundary correction.
S-153,IU-153,b9490025be1b8ce5b9a83f1694bb57a961c0d982,b9490025be,13878.286,12111.949,14248.786,12352.949,741,482,L-053: refetch type VS filters type of invalidate queries | L-046: get queries | L-057: CANCELQUERIES IN OPTIMISTIC UPDATES PATTERN,processed-in-r08b-v001,R08B,yes-for-r08b-v001-boundary,no-for-r08b-v001,Included in R08B v001 after local boundary review: refetch / cancel options / cache helpers.,Included in R08B v001 after local boundary review: refetch / cancel options / cache helpers.
S-154,IU-154,32c48060b899984deade83d96a6b61ae6b805ee2,32c48060b8,10534.517,12168.527,10988.017,12398.027,907,459,L-041: QUERYCLIENT | L-043: QUERY FILTERS | L-044: METHODS OF QC,processed-in-r08a-v001,R08A,yes-for-r08a-v001-boundary,no-for-r08a-v001,Included in R08A v001 after local boundary review: QueryClient / QueryFilters / core methods.,Included in R08A v001 after local boundary review: QueryClient / QueryFilters / core methods.
S-155,IU-155,7580b14f8cd07d35d9cad283aa0a24148fee84e1,7580b14f8c,15926.153,12176.61,16372.653,12408.61,893,464,L-042: QC OUTSIDE REACT | L-050: may try to design some abstractions that will ensure that some keys have some specific form | L-040: setqueriesdata olddatashape,processed-in-r08c-v001,R08C,yes-for-r08c-v001-boundary,no-for-r08c-v001,Included in R08C v001 after local boundary review: QueryClient outside React / setQueriesData shape discipline.,Included in R08C v001 after local boundary review: QueryClient outside React / setQueriesData shape discipline.
S-156,IU-156,8f1063ec18d5640fe8c562cdb06912034d706890,8f1063ec18,1365.522,12209.121,1725.022,12450.121,719,482,L-074: OFFLINE FIRST CAN TRY TO GET DATA UNTIL IT NEED RETRIES RETRIES WILL BE QUEUED CAN TRY TO GET DATA FROM CACHE | L-065: REMOVEQUERIES RESETQUERIES,unreviewed-needs-visual-boundary-review,,no,yes,Coordinates retained only. Must be reviewed visually/semantically before region assignment.,Coordinates retained only. Must be reviewed visually/semantically before region assignment.
S-157,IU-157,7897e4ffa916eaecdba32af9ca264279e5b3ece9,7897e4ffa9,7048.454,12266.991,7515.954,12482.991,935,432,"L-054: PROMISE.ALL, SHARE LIFECTCLE FETCHING , REFETCHING AND ERRORING | L-049: SERIAL EXECUTION, GETTING DATA FOR ONE QUERY THEN FOR ANOTHER | L-047: NOT PARALLEL",processed-in-r06-v002,R06,yes-for-r06-v002-boundary,no-for-r06-v002,Confirmed in R06 v002 boundary correction.,Confirmed in R06 v002 boundary correction.
S-158,IU-158,d4dd4f4a1eee29834162e04dcd7865db04c2121d,d4dd4f4a1e,12480.873,12408.745,12937.873,12584.745,914,352,L-053: refetch type VS filters type of invalidate queries | L-058: CANCELOPTIONS | L-044: METHODS OF QC,processed-in-r08a-v001,R08A,yes-for-r08a-v001-boundary,no-for-r08a-v001,Included in R08A v001 after local boundary review: QueryClient / QueryFilters / core methods.,Included in R08A v001 after local boundary review: QueryClient / QueryFilters / core methods.
S-159,IU-159,36f2dd3bd7b35340bc3977aa219643a0a276bb35,36f2dd3bd7,4717.568,12420.332,5140.568,12617.332,846,394,"L-045: COMBINE | L-054: PROMISE.ALL, SHARE LIFECTCLE FETCHING , REFETCHING AND ERRORING | L-039: use queries dependant queries",processed-in-r06-v002,R06,yes-for-r06-v002-boundary,no-for-r06-v002,Confirmed in R06 v002 boundary correction.,Confirmed in R06 v002 boundary correction.
S-160,IU-160,57e5d6a5304085082db78780025d60fb0a2d18f1,57e5d6a530,17913.838,12447.521,18265.338,12679.021,703,463,L-050: may try to design some abstractions that will ensure that some keys have some specific form | L-040: setqueriesdata olddatashape | L-042: QC OUTSIDE REACT,processed-in-r08c-v001,R08C,yes-for-r08c-v001-boundary,no-for-r08c-v001,Included in R08C v001 after local boundary review: QueryClient outside React / setQueriesData shape discipline.,Included in R08C v001 after local boundary review: QueryClient outside React / setQueriesData shape discipline.
S-161,IU-161,53f93b6919ebfd508639918d202ea0cd45c7f1fc,53f93b6919,11623.094,12532.713,12009.594,12658.713,773,252,L-043: QUERY FILTERS | L-044: METHODS OF QC | L-053: refetch type VS filters type of invalidate queries,processed-in-r08a-v001,R08A,yes-for-r08a-v001-boundary,no-for-r08a-v001,Included in R08A v001 after local boundary review: QueryClient / QueryFilters / core methods.,Included in R08A v001 after local boundary review: QueryClient / QueryFilters / core methods.
S-162,IU-162,7ad643e9477079f1ab69fc034fc26521c89b85e2,7ad643e947,8207.877,12549.893,8674.877,12747.393,934,395,L-055: !!! can prefetch and then fetch again because of default stale time | L-052: DOES PREFETCH STALETIME BELONGS TO BOTH PREFETCH AND NORMAL QUEY? | L-056: fetchquery ensurequerydata,processed-in-r07-v004,R07,yes-for-r07-v004-boundary,no-for-r07-v004,Already R07 prefetch/fetchQuery road; explicitly checked and excluded from R06.,Already R07 prefetch/fetchQuery road; explicitly checked and excluded from R06.
S-163,IU-163,df3c1dacf60abb6757f8ade1b3eed1a047a06738,df3c1dacf6,9455.155,12591.934,9881.655,12716.934,853,250,L-051: init data caveats | L-056: fetchquery ensurequerydata | L-055: !!! can prefetch and then fetch again because of default stale time,processed-in-r07-v004,R07,yes-for-r07-v004-boundary,no-for-r07-v004,Confirmed in R07 v004 boundary correction.,Confirmed in R07 v004 boundary correction.
S-164,IU-164,f514209027bfcbd52229038cc8eeb98f2c5b54f1,f514209027,10523.619,12647.224,11001.619,12887.724,956,481,L-041: QUERYCLIENT | L-043: QUERY FILTERS | L-044: METHODS OF QC,processed-in-r08a-v001,R08A,yes-for-r08a-v001-boundary,no-for-r08a-v001,Included in R08A v001 after local boundary review: QueryClient / QueryFilters / core methods.,Included in R08A v001 after local boundary review: QueryClient / QueryFilters / core methods.
S-165,IU-165,58affaa7df3b32bcb0cb8c32c26cd89d53fb81ec,58affaa7df,7040.287,12716.658,7477.287,12845.658,874,258,"L-054: PROMISE.ALL, SHARE LIFECTCLE FETCHING , REFETCHING AND ERRORING | L-049: SERIAL EXECUTION, GETTING DATA FOR ONE QUERY THEN FOR ANOTHER | L-047: NOT PARALLEL",processed-in-r06-v002,R06,yes-for-r06-v002-boundary,no-for-r06-v002,Confirmed in R06 v002 boundary correction.,Confirmed in R06 v002 boundary correction.
S-166,IU-166,9b8c6d0493f1395a6c4c782219e394372cf263ec,9b8c6d0493,1338.746,12720.278,1799.246,12930.278,921,420,L-074: OFFLINE FIRST CAN TRY TO GET DATA UNTIL IT NEED RETRIES RETRIES WILL BE QUEUED CAN TRY TO GET DATA FROM CACHE | L-065: REMOVEQUERIES RESETQUERIES,unreviewed-needs-visual-boundary-review,,no,yes,Coordinates retained only. Must be reviewed visually/semantically before region assignment.,Coordinates retained only. Must be reviewed visually/semantically before region assignment.
S-167,IU-167,4fc2178dcab23866de774968ceb7a49f11fc7c8d,4fc2178dca,12503.705,12749.741,12927.705,12936.741,848,374,L-053: refetch type VS filters type of invalidate queries | L-058: CANCELOPTIONS | L-061: JUST SET SILENT ABD REVERT TRUE ALWAYS,processed-in-r08b-v001,R08B,yes-for-r08b-v001-boundary,no-for-r08b-v001,Included in R08B v001 after local boundary review: refetch / cancel options / cache helpers.,Included in R08B v001 after local boundary review: refetch / cancel options / cache helpers.
S-168,IU-168,2702832cda871ceecbc4a503bdaff8a90501496d,2702832cda,11609.743,12815.509,11973.243,12997.009,727,363,L-053: refetch type VS filters type of invalidate queries | L-043: QUERY FILTERS | L-058: CANCELOPTIONS,processed-in-r08a-v001,R08A,yes-for-r08a-v001-boundary,no-for-r08a-v001,Included in R08A v001 after local boundary review: QueryClient / QueryFilters / core methods.,Included in R08A v001 after local boundary review: QueryClient / QueryFilters / core methods.
S-169,IU-169,4a083521f34e4026319c6c792ff7c061311acff8,4a083521f3,13834.559,12852.76,14213.559,13093.76,758,482,L-053: refetch type VS filters type of invalidate queries | L-057: CANCELQUERIES IN OPTIMISTIC UPDATES PATTERN | L-058: CANCELOPTIONS,processed-in-r08b-v001,R08B,yes-for-r08b-v001-boundary,no-for-r08b-v001,Included in R08B v001 after local boundary review: refetch / cancel options / cache helpers.,Included in R08B v001 after local boundary review: refetch / cancel options / cache helpers.
S-170,IU-170,eb754a7f2d791caf87107a113f28c1d52107e01d,eb754a7f2d,17833.842,12931.662,18249.842,13123.162,832,383,L-050: may try to design some abstractions that will ensure that some keys have some specific form | L-040: setqueriesdata olddatashape | L-042: QC OUTSIDE REACT,processed-in-r08c-v001,R08C,yes-for-r08c-v001-boundary,no-for-r08c-v001,Included in R08C v001 after local boundary review: QueryClient outside React / setQueriesData shape discipline.,Included in R08C v001 after local boundary review: QueryClient outside React / setQueriesData shape discipline.
S-171,IU-171,54c1e18a5f6656e5ea310132a2f26206a12effae,54c1e18a5f,8207.927,12967.165,8663.927,13168.165,912,402,L-055: !!! can prefetch and then fetch again because of default stale time | L-056: fetchquery ensurequerydata | L-052: DOES PREFETCH STALETIME BELONGS TO BOTH PREFETCH AND NORMAL QUEY?,processed-in-r07-v004,R07,yes-for-r07-v004-boundary,no-for-r07-v004,Already R07 prefetch/fetchQuery road; explicitly checked and excluded from R06.,Already R07 prefetch/fetchQuery road; explicitly checked and excluded from R06.
S-172,IU-172,4014246e26977a9a3e070c78a6ec96050a023fec,4014246e26,9386.146,12978.824,9813.646,13219.824,855,482,L-056: fetchquery ensurequerydata | L-055: !!! can prefetch and then fetch again because of default stale time | L-051: init data caveats,processed-in-r07-v004,R07,yes-for-r07-v004-boundary,no-for-r07-v004,Confirmed in R07 v004 boundary correction.,Confirmed in R07 v004 boundary correction.
S-173,IU-173,8840240941d4a6daf52ee77f1487ebee261bb661,8840240941,10528.271,13142.572,10950.771,13383.572,845,482,L-067: RESUMEPAUSED MUTATIONS | L-041: QUERYCLIENT | L-043: QUERY FILTERS,processed-in-r08a-v001,R08A,yes-for-r08a-v001-boundary,no-for-r08a-v001,Included in R08A v001 after local boundary review: QueryClient / QueryFilters / core methods.,Included in R08A v001 after local boundary review: QueryClient / QueryFilters / core methods.
S-174,IU-174,cc89bc8d714872bf50bbf8f15b24446bab02cc1a,cc89bc8d71,1326.269,13143.659,1672.769,13270.659,693,254,L-074: OFFLINE FIRST CAN TRY TO GET DATA UNTIL IT NEED RETRIES RETRIES WILL BE QUEUED CAN TRY TO GET DATA FROM CACHE | L-065: REMOVEQUERIES RESETQUERIES,unreviewed-needs-visual-boundary-review,,no,yes,Coordinates retained only. Must be reviewed visually/semantically before region assignment.,Coordinates retained only. Must be reviewed visually/semantically before region assignment.
S-175,IU-175,71e000a8c4950c8cd015b6d4501b337e4f6c31f2,71e000a8c4,12488.038,13188.659,12917.538,13337.159,859,297,L-058: CANCELOPTIONS | L-053: refetch type VS filters type of invalidate queries | L-061: JUST SET SILENT ABD REVERT TRUE ALWAYS,processed-in-r08b-v001,R08B,yes-for-r08b-v001-boundary,no-for-r08b-v001,Included in R08B v001 after local boundary review: refetch / cancel options / cache helpers.,Included in R08B v001 after local boundary review: refetch / cancel options / cache helpers.
S-176,IU-176,f7fe899443759e8117d9900daa8a1e62c397bc0e,f7fe899443,7071.399,13210.528,7397.399,13418.028,652,415,L-065: REMOVEQUERIES RESETQUERIES | L-074: OFFLINE FIRST CAN TRY TO GET DATA UNTIL IT NEED RETRIES RETRIES WILL BE QUEUED CAN TRY TO GET DATA FROM CACHE,processed-in-r06-v002,R06,yes-for-r06-v002-boundary,no-for-r06-v002,Included in R06 v002 after combined correction; Promise.all query composition continuation.,Included in R06 v002 after combined correction; Promise.all query composition continuation.
S-177,IU-177,3c56741074dec36f3852013e21dc57742322c9ba,3c56741074,11584.298,13216.213,11999.798,13365.713,831,299,L-058: CANCELOPTIONS | L-053: refetch type VS filters type of invalidate queries | L-061: JUST SET SILENT ABD REVERT TRUE ALWAYS,processed-in-r08a-v001,R08A,yes-for-r08a-v001-boundary,no-for-r08a-v001,Included in R08A v001 after local boundary review: QueryClient / QueryFilters / core methods.,Included in R08A v001 after local boundary review: QueryClient / QueryFilters / core methods.
S-178,IU-178,511b7bdef1dce16950cb4ed5b306dbe2bf21a802,511b7bdef1,13832.142,13336.776,14229.642,13577.776,795,482,L-057: CANCELQUERIES IN OPTIMISTIC UPDATES PATTERN | L-058: CANCELOPTIONS | L-061: JUST SET SILENT ABD REVERT TRUE ALWAYS,processed-in-r08b-v001,R08B,yes-for-r08b-v001-boundary,no-for-r08b-v001,Included in R08B v001 after local boundary review: refetch / cancel options / cache helpers.,Included in R08B v001 after local boundary review: refetch / cancel options / cache helpers.
S-179,IU-179,d8da9f8d84331987d18dcbe85592be502c0c4af8,d8da9f8d84,17848.935,13337.778,18256.935,13569.278,816,463,L-050: may try to design some abstractions that will ensure that some keys have some specific form | L-040: setqueriesdata olddatashape | L-042: QC OUTSIDE REACT,processed-in-r08c-v001,R08C,yes-for-r08c-v001-boundary,no-for-r08c-v001,Included in R08C v001 after local boundary review: QueryClient outside React / setQueriesData shape discipline.,Included in R08C v001 after local boundary review: QueryClient outside React / setQueriesData shape discipline.
S-180,IU-180,8930b327c7e2b0945a130b23206191b2caafdd43,8930b327c7,8215.233,13389.007,8650.733,13630.007,871,482,L-055: !!! can prefetch and then fetch again because of default stale time | L-056: fetchquery ensurequerydata | L-052: DOES PREFETCH STALETIME BELONGS TO BOTH PREFETCH AND NORMAL QUEY?,processed-in-r07-v004,R07,yes-for-r07-v004-boundary,no-for-r07-v004,Already R07 prefetch/fetchQuery road; explicitly checked and excluded from R06.,Already R07 prefetch/fetchQuery road; explicitly checked and excluded from R06.
S-181,IU-181,37105501d1a0b40c17e993af923e42c08824804c,37105501d1,1345.936,13390.325,1787.436,13621.325,883,462,L-074: OFFLINE FIRST CAN TRY TO GET DATA UNTIL IT NEED RETRIES RETRIES WILL BE QUEUED CAN TRY TO GET DATA FROM CACHE | L-065: REMOVEQUERIES RESETQUERIES,unreviewed-needs-visual-boundary-review,,no,yes,Coordinates retained only. Must be reviewed visually/semantically before region assignment.,Coordinates retained only. Must be reviewed visually/semantically before region assignment.
S-182,IU-182,1b495c7744d1b8602549f1ff0f227bd304844933,1b495c7744,12499.282,13495.356,12819.782,13706.856,641,423,L-058: CANCELOPTIONS | L-061: JUST SET SILENT ABD REVERT TRUE ALWAYS | L-053: refetch type VS filters type of invalidate queries,processed-in-r08b-v001,R08B,yes-for-r08b-v001-boundary,no-for-r08b-v001,Included in R08B v001 after local boundary review: refetch / cancel options / cache helpers.,Included in R08B v001 after local boundary review: refetch / cancel options / cache helpers.
S-183,IU-183,27e50ec60ea743289a23dc0ff710fc407fa95890,27e50ec60e,11583.743,13531.676,11910.243,13595.176,653,127,L-067: RESUMEPAUSED MUTATIONS | L-058: CANCELOPTIONS | L-061: JUST SET SILENT ABD REVERT TRUE ALWAYS,processed-in-r08a-v001,R08A,yes-for-r08a-v001-boundary,no-for-r08a-v001,Included in R08A v001 after local boundary review: QueryClient / QueryFilters / core methods.,Included in R08A v001 after local boundary review: QueryClient / QueryFilters / core methods.
S-184,IU-184,39529d4e6dae98cc2cfa2d97f3ec812f8fffebab,39529d4e6d,10533.13,13652.668,10930.63,13893.668,795,482,L-067: RESUMEPAUSED MUTATIONS | L-058: CANCELOPTIONS | L-061: JUST SET SILENT ABD REVERT TRUE ALWAYS,processed-in-r07-v004,R07,yes-for-r07-v004-boundary,no-for-r07-v004,Included in R07 v004 after combined correction; imperative fetchQuery/ensureQueryData continuation.,"Included in R07 v004 after combined correction; imperative fetchQuery/ensureQueryData continuation. | R08 boundary review note: coordinate overlap checked; not included in R08 because already R07. | R08A exclusion: already processed in R07 v004, not R08A. | R08B exclusion: already processed in R07 v004, not R08B. | R08C exclusion: already processed in R07 v004, not R08C."
S-185,IU-185,625ee2c8c429f5365d1029e7b5a94e089c54cf14,625ee2c8c4,11548.018,13692.742,11946.018,13933.742,796,482,L-067: RESUMEPAUSED MUTATIONS | L-058: CANCELOPTIONS | L-061: JUST SET SILENT ABD REVERT TRUE ALWAYS,processed-in-r08a-v001,R08A,yes-for-r08a-v001-boundary,no-for-r08a-v001,Included in R08A v001 after local boundary review: QueryClient / QueryFilters / core methods.,Included in R08A v001 after local boundary review: QueryClient / QueryFilters / core methods.
S-186,IU-186,30ab614e5c17821db29b14bccb0a2f6691173b4a,30ab614e5c,9341.938,13707.557,9788.938,13948.557,894,482,L-065: REMOVEQUERIES RESETQUERIES | L-074: OFFLINE FIRST CAN TRY TO GET DATA UNTIL IT NEED RETRIES RETRIES WILL BE QUEUED CAN TRY TO GET DATA FROM CACHE,processed-in-r07-v004,R07,yes-for-r07-v004-boundary,no-for-r07-v004,Included in R07 v004 after combined correction; fetchQuery vs ensureQueryData core difference.,"Included in R07 v004 after combined correction; fetchQuery vs ensureQueryData core difference. | R08A exclusion: already processed in R07 v004, not R08A. | R08B exclusion: already processed in R07 v004, not R08B. | R08C exclusion: already processed in R07 v004, not R08C."
S-187,IU-187,5e6930a90dc268c6a0a49ec247dc5ab078a291ea,5e6930a90d,17779.419,13817.996,18172.919,13976.496,787,317,L-050: may try to design some abstractions that will ensure that some keys have some specific form | L-040: setqueriesdata olddatashape | L-057: CANCELQUERIES IN OPTIMISTIC UPDATES PATTERN,processed-in-r08c-v001,R08C,yes-for-r08c-v001-boundary,no-for-r08c-v001,Included in R08C v001 after local boundary review: QueryClient outside React / setQueriesData shape discipline.,Included in R08C v001 after local boundary review: QueryClient outside React / setQueriesData shape discipline.
S-188,IU-188,a0d3c076345ead0a3c9ac623f2918b45229101c0,a0d3c07634,1347.103,13870.825,1754.103,13933.325,814,125,L-074: OFFLINE FIRST CAN TRY TO GET DATA UNTIL IT NEED RETRIES RETRIES WILL BE QUEUED CAN TRY TO GET DATA FROM CACHE | L-065: REMOVEQUERIES RESETQUERIES,unreviewed-needs-visual-boundary-review,,no,yes,Coordinates retained only. Must be reviewed visually/semantically before region assignment.,Coordinates retained only. Must be reviewed visually/semantically before region assignment.
S-189,IU-189,a4fc92617d4e30401900e5fb0579457473f568ce,a4fc92617d,8217.64,13886.989,8675.64,14024.489,916,275,L-065: REMOVEQUERIES RESETQUERIES | L-074: OFFLINE FIRST CAN TRY TO GET DATA UNTIL IT NEED RETRIES RETRIES WILL BE QUEUED CAN TRY TO GET DATA FROM CACHE,unreviewed-needs-visual-boundary-review,,no,yes,Coordinates retained only. Must be reviewed visually/semantically before region assignment.,Coordinates retained only. Must be reviewed visually/semantically before region assignment.
S-190,IU-190,11e2c7d93f51d6eec710d7c80e399b80f454ccf6,11e2c7d93f,12486.784,13913.738,12848.784,14125.238,724,423,L-058: CANCELOPTIONS | L-061: JUST SET SILENT ABD REVERT TRUE ALWAYS | L-066: GETQUERYCACHE GET MUTATIONCACHE,processed-in-r08b-v001,R08B,yes-for-r08b-v001-boundary,no-for-r08b-v001,Included in R08B v001 after local boundary review: refetch / cancel options / cache helpers.,Included in R08B v001 after local boundary review: refetch / cancel options / cache helpers.
S-191,IU-191,5bec075fe3a00d87161356e7a274af579f00ec7d,5bec075fe3,14592.169,13983.241,14957.169,14198.241,730,430,L-057: CANCELQUERIES IN OPTIMISTIC UPDATES PATTERN | L-061: JUST SET SILENT ABD REVERT TRUE ALWAYS | L-058: CANCELOPTIONS,processed-in-r08b-v001,R08B,yes-for-r08b-v001-boundary,no-for-r08b-v001,Included in R08B v001 after local boundary review: refetch / cancel options / cache helpers.,Included in R08B v001 after local boundary review: refetch / cancel options / cache helpers.
S-192,IU-192,fc6e30d16496ad1b16681b1414e08fe4126293cf,fc6e30d164,1338.686,14021.502,1779.186,14262.502,881,482,L-074: OFFLINE FIRST CAN TRY TO GET DATA UNTIL IT NEED RETRIES RETRIES WILL BE QUEUED CAN TRY TO GET DATA FROM CACHE | L-065: REMOVEQUERIES RESETQUERIES,unreviewed-needs-visual-boundary-review,,no,yes,Coordinates retained only. Must be reviewed visually/semantically before region assignment.,Coordinates retained only. Must be reviewed visually/semantically before region assignment.
S-193,IU-193,9625ff3c1f1ded3b190a2fb7ad35adabb789c350,9625ff3c1f,13437.574,14051.747,13972.574,14292.747,1070,482,L-061: JUST SET SILENT ABD REVERT TRUE ALWAYS | L-058: CANCELOPTIONS | L-057: CANCELQUERIES IN OPTIMISTIC UPDATES PATTERN,processed-in-r08b-v001,R08B,yes-for-r08b-v001-boundary,no-for-r08b-v001,Included in R08B v001 after local boundary review: refetch / cancel options / cache helpers.,Included in R08B v001 after local boundary review: refetch / cancel options / cache helpers.
S-194,IU-194,6401d2ad9e9ccd6d161f3b1fc08327bf55a5348e,6401d2ad9e,10550.424,14157.811,10986.924,14398.811,873,482,L-067: RESUMEPAUSED MUTATIONS | L-066: GETQUERYCACHE GET MUTATIONCACHE | L-058: CANCELOPTIONS,processed-in-r08b-v001,R08B,yes-for-r08b-v001-boundary,no-for-r08b-v001,Included in R08B v001 after local boundary review: refetch / cancel options / cache helpers.,Included in R08B v001 after local boundary review: refetch / cancel options / cache helpers.
S-195,IU-195,4330f070b7f3f2001ba799b61c63fe8718fb8cdc,4330f070b7,9348.943,14194.964,9742.943,14435.964,788,482,L-065: REMOVEQUERIES RESETQUERIES | L-074: OFFLINE FIRST CAN TRY TO GET DATA UNTIL IT NEED RETRIES RETRIES WILL BE QUEUED CAN TRY TO GET DATA FROM CACHE,unreviewed-needs-visual-boundary-review,,no,yes,Coordinates retained only. Must be reviewed visually/semantically before region assignment.,Coordinates retained only. Must be reviewed visually/semantically before region assignment.
S-196,IU-196,5e844a74b1eb03de0fbecb9fb80211766b375070,5e844a74b1,5044.942,14234.133,5522.942,14340.633,956,213,L-064: fetchstatus paused | L-059: OFFLINE network mode | L-060: mutations network mode resumepausedmutations,unreviewed-needs-visual-boundary-review,,no,yes,Coordinates retained only. Must be reviewed visually/semantically before region assignment.,Coordinates retained only. Must be reviewed visually/semantically before region assignment.
S-197,IU-197,75a0c9e06fe12df09de38c70408c2468c4f62e87,75a0c9e06f,12468.563,14353.707,12892.063,14480.707,847,254,L-066: GETQUERYCACHE GET MUTATIONCACHE | L-061: JUST SET SILENT ABD REVERT TRUE ALWAYS | L-058: CANCELOPTIONS,processed-in-r08b-v001,R08B,yes-for-r08b-v001-boundary,no-for-r08b-v001,Included in R08B v001 after local boundary review: refetch / cancel options / cache helpers.,Included in R08B v001 after local boundary review: refetch / cancel options / cache helpers.
S-198,IU-198,f128bccab609bf76456a2477f30f835e7c60be09,f128bccab6,14597.725,14424.241,14967.725,14578.241,740,308,L-057: CANCELQUERIES IN OPTIMISTIC UPDATES PATTERN | L-061: JUST SET SILENT ABD REVERT TRUE ALWAYS | L-066: GETQUERYCACHE GET MUTATIONCACHE,processed-in-r08b-v001,R08B,yes-for-r08b-v001-boundary,no-for-r08b-v001,Included in R08B v001 after local boundary review: refetch / cancel options / cache helpers.,Included in R08B v001 after local boundary review: refetch / cancel options / cache helpers.
S-199,IU-199,bf62b2d61c3d92d0e45830c02569ef0f875bf353,bf62b2d61c,6369.062,14445.418,6825.562,14629.918,913,369,L-063: VALIDATION WITH ZOD | L-060: mutations network mode resumepausedmutations | L-068: !!!,unreviewed-needs-visual-boundary-review,,no,yes,Coordinates retained only. Must be reviewed visually/semantically before region assignment.,Coordinates retained only. Must be reviewed visually/semantically before region assignment.
S-200,IU-200,6ce7aeccdc7eaa977749246594e468e804b1a037,6ce7aeccdc,13441.259,14563.355,13919.259,14768.855,956,411,L-066: GETQUERYCACHE GET MUTATIONCACHE | L-061: JUST SET SILENT ABD REVERT TRUE ALWAYS | L-058: CANCELOPTIONS,processed-in-r08b-v001,R08B,yes-for-r08b-v001-boundary,no-for-r08b-v001,Included in R08B v001 after local boundary review: refetch / cancel options / cache helpers.,Included in R08B v001 after local boundary review: refetch / cancel options / cache helpers.
S-201,IU-201,c9417e839ce7980fc63b1b513605b11df9abdb84,c9417e839c,7760.062,14565.586,8022.562,14680.586,525,230,L-063: VALIDATION WITH ZOD | L-060: mutations network mode resumepausedmutations | L-068: !!!,unreviewed-needs-visual-boundary-review,,no,yes,Coordinates retained only. Must be reviewed visually/semantically before region assignment.,Coordinates retained only. Must be reviewed visually/semantically before region assignment.
S-202,IU-202,c078f2032fbcc3d9808319c296e52d46c81d47a1,c078f2032f,3926.361,14602.921,4366.861,14675.921,881,146,L-064: fetchstatus paused | L-062: network modes | L-059: OFFLINE network mode,unreviewed-needs-visual-boundary-review,,no,yes,Coordinates retained only. Must be reviewed visually/semantically before region assignment.,Coordinates retained only. Must be reviewed visually/semantically before region assignment.
S-203,IU-203,17f9a3bf928c49a7a3b85204e2a47422bdbca4c2,17f9a3bf92,2934.838,14616.237,3390.338,14857.237,911,482,L-074: OFFLINE FIRST CAN TRY TO GET DATA UNTIL IT NEED RETRIES RETRIES WILL BE QUEUED CAN TRY TO GET DATA FROM CACHE | L-065: REMOVEQUERIES RESETQUERIES,unreviewed-needs-visual-boundary-review,,no,yes,Coordinates retained only. Must be reviewed visually/semantically before region assignment.,Coordinates retained only. Must be reviewed visually/semantically before region assignment.
S-204,IU-204,a00c2c49ffb66ed287d021742b2b38121af0c544,a00c2c49ff,12459.893,14618.53,12774.893,14830.03,630,423,L-066: GETQUERYCACHE GET MUTATIONCACHE | L-061: JUST SET SILENT ABD REVERT TRUE ALWAYS | L-067: RESUMEPAUSED MUTATIONS,processed-in-r08b-v001,R08B,yes-for-r08b-v001-boundary,no-for-r08b-v001,Included in R08B v001 after local boundary review: refetch / cancel options / cache helpers.,Included in R08B v001 after local boundary review: refetch / cancel options / cache helpers.
S-205,IU-205,c6a05bb126be4ebc513e581cc3c0c89822565e87,c6a05bb126,5155.09,14631.429,5521.09,14866.929,732,471,L-064: fetchstatus paused | L-068: !!! | L-059: OFFLINE network mode,unreviewed-needs-visual-boundary-review,,no,yes,Coordinates retained only. Must be reviewed visually/semantically before region assignment.,Coordinates retained only. Must be reviewed visually/semantically before region assignment.
S-206,IU-206,8ef8d853c6dbfefa2c5e4e9acc553da504839c09,8ef8d853c6,10552.235,14647.467,10898.735,14790.967,693,287,L-067: RESUMEPAUSED MUTATIONS | L-066: GETQUERYCACHE GET MUTATIONCACHE | L-058: CANCELOPTIONS,processed-in-r08a-v001,R08A,yes-for-r08a-v001-boundary,no-for-r08a-v001,Included in R08A v001 after local boundary review: QueryClient / QueryFilters / core methods.,Included in R08A v001 after local boundary review: QueryClient / QueryFilters / core methods.
S-207,IU-207,55a51e51f437dec3ab46facc5bf4c15fa89fb739,55a51e51f4,14587.95,14757.527,14917.45,14972.527,659,430,L-057: CANCELQUERIES IN OPTIMISTIC UPDATES PATTERN | L-066: GETQUERYCACHE GET MUTATIONCACHE | L-061: JUST SET SILENT ABD REVERT TRUE ALWAYS,processed-in-r08b-v001,R08B,yes-for-r08b-v001-boundary,no-for-r08b-v001,Included in R08B v001 after local boundary review: refetch / cancel options / cache helpers.,Included in R08B v001 after local boundary review: refetch / cancel options / cache helpers.
S-208,IU-208,635b0dd4d8ed1eb3b1caa4e858163f4746ba1a82,635b0dd4d8,3915.666,14771.908,4309.666,15012.908,788,482,L-064: fetchstatus paused | L-062: network modes | L-059: OFFLINE network mode,unreviewed-needs-visual-boundary-review,,no,yes,Coordinates retained only. Must be reviewed visually/semantically before region assignment.,Coordinates retained only. Must be reviewed visually/semantically before region assignment.
S-209,IU-209,1c40ea87458f7210e3250fe996147a838bd33870,1c40ea8745,7739.34,14831.086,8154.34,15052.586,830,443,L-063: VALIDATION WITH ZOD | L-069: SHOULD I USE RESUMEPAUSEDMUT WITH OFFLINEFIRST? | L-068: !!!,unreviewed-needs-visual-boundary-review,,no,yes,Coordinates retained only. Must be reviewed visually/semantically before region assignment.,Coordinates retained only. Must be reviewed visually/semantically before region assignment.
S-210,IU-210,dfc5091fca11c387a287830ca57e898181fa358d,dfc5091fca,6344.811,14841.582,6803.811,15035.082,918,387,L-068: !!! | L-069: SHOULD I USE RESUMEPAUSEDMUT WITH OFFLINEFIRST? | L-063: VALIDATION WITH ZOD,unreviewed-needs-visual-boundary-review,,no,yes,Coordinates retained only. Must be reviewed visually/semantically before region assignment.,Coordinates retained only. Must be reviewed visually/semantically before region assignment.
S-211,IU-211,ed216f6b30e619fbc7efac54c2d243e7f2e106d2,ed216f6b30,9302.852,14990.627,9745.352,15039.127,885,97,L-065: REMOVEQUERIES RESETQUERIES | L-074: OFFLINE FIRST CAN TRY TO GET DATA UNTIL IT NEED RETRIES RETRIES WILL BE QUEUED CAN TRY TO GET DATA FROM CACHE,unreviewed-needs-visual-boundary-review,,no,yes,Coordinates retained only. Must be reviewed visually/semantically before region assignment.,Coordinates retained only. Must be reviewed visually/semantically before region assignment.
S-212,IU-212,13b08c1aea3d8f81cf61fbd0a71d383a8bcbb051,13b08c1aea,12460.42,15057.887,12864.92,15216.387,809,317,L-066: GETQUERYCACHE GET MUTATIONCACHE | L-067: RESUMEPAUSED MUTATIONS | L-061: JUST SET SILENT ABD REVERT TRUE ALWAYS,processed-in-r08b-v001,R08B,yes-for-r08b-v001-boundary,no-for-r08b-v001,Included in R08B v001 after local boundary review: refetch / cancel options / cache helpers.,Included in R08B v001 after local boundary review: refetch / cancel options / cache helpers.
S-213,IU-213,66a439f157f2a105c8da420f2c00f5e8abc76b69,66a439f157,9301.67,15111.051,9767.17,15321.551,931,421,L-065: REMOVEQUERIES RESETQUERIES | L-074: OFFLINE FIRST CAN TRY TO GET DATA UNTIL IT NEED RETRIES RETRIES WILL BE QUEUED CAN TRY TO GET DATA FROM CACHE,unreviewed-needs-visual-boundary-review,,no,yes,Coordinates retained only. Must be reviewed visually/semantically before region assignment.,Coordinates retained only. Must be reviewed visually/semantically before region assignment.
S-214,IU-214,d894c9608c370205e60280e79ae86c3ae4165d28,d894c9608c,5170.79,15119.847,5467.79,15360.847,594,482,L-068: !!! | L-064: fetchstatus paused | L-069: SHOULD I USE RESUMEPAUSEDMUT WITH OFFLINEFIRST?,unreviewed-needs-visual-boundary-review,,no,yes,Coordinates retained only. Must be reviewed visually/semantically before region assignment.,Coordinates retained only. Must be reviewed visually/semantically before region assignment.
S-215,IU-215,810e074c35d6e27553a0b385f8d2d962c94108b3,810e074c35,6375.811,15253.249,6823.811,15321.749,896,137,L-068: !!! | L-069: SHOULD I USE RESUMEPAUSEDMUT WITH OFFLINEFIRST? | L-063: VALIDATION WITH ZOD,unreviewed-needs-visual-boundary-review,,no,yes,Coordinates retained only. Must be reviewed visually/semantically before region assignment.,Coordinates retained only. Must be reviewed visually/semantically before region assignment.
S-216,IU-216,97e37315a639fa7241a16310a6ecd9a685bcb96e,97e37315a6,13507.599,15259.311,13910.099,15454.811,805,391,L-066: GETQUERYCACHE GET MUTATIONCACHE | L-061: JUST SET SILENT ABD REVERT TRUE ALWAYS | L-058: CANCELOPTIONS,processed-in-r08b-v001,R08B,yes-for-r08b-v001-boundary,no-for-r08b-v001,Included in R08B v001 after local boundary review: refetch / cancel options / cache helpers.,Included in R08B v001 after local boundary review: refetch / cancel options / cache helpers.
S-217,IU-217,73d84c25d2954d3a94ebdc76be847159f8fbb2d1,73d84c25d2,3893.481,15280.479,4267.981,15521.479,749,482,L-064: fetchstatus paused | L-062: network modes | L-059: OFFLINE network mode,unreviewed-needs-visual-boundary-review,,no,yes,Coordinates retained only. Must be reviewed visually/semantically before region assignment.,Coordinates retained only. Must be reviewed visually/semantically before region assignment.
S-218,IU-218,213fe9db030ee580e485723e3c4d95dfea26a8ff,213fe9db03,7747.229,15286.641,8083.229,15428.141,672,283,L-063: VALIDATION WITH ZOD | L-069: SHOULD I USE RESUMEPAUSEDMUT WITH OFFLINEFIRST? | L-068: !!!,unreviewed-needs-visual-boundary-review,,no,yes,Coordinates retained only. Must be reviewed visually/semantically before region assignment.,Coordinates retained only. Must be reviewed visually/semantically before region assignment.
S-219,IU-219,850109ec0ce563f2015d94bebaa2b7b09c66fc5d,850109ec0c,14604.497,15302.046,15074.497,15490.046,940,376,L-066: GETQUERYCACHE GET MUTATIONCACHE | L-057: CANCELQUERIES IN OPTIMISTIC UPDATES PATTERN | L-061: JUST SET SILENT ABD REVERT TRUE ALWAYS,processed-in-r08b-v001,R08B,yes-for-r08b-v001-boundary,no-for-r08b-v001,Included in R08B v001 after local boundary review: refetch / cancel options / cache helpers.,Included in R08B v001 after local boundary review: refetch / cancel options / cache helpers.
S-220,IU-220,819762c97437d3fec4e8bbdd25c6b9bba12b9f0f,819762c974,6367.478,15404.471,6830.478,15563.971,926,319,L-069: SHOULD I USE RESUMEPAUSEDMUT WITH OFFLINEFIRST? | L-068: !!! | L-063: VALIDATION WITH ZOD,unreviewed-needs-visual-boundary-review,,no,yes,Coordinates retained only. Must be reviewed visually/semantically before region assignment.,Coordinates retained only. Must be reviewed visually/semantically before region assignment.
S-221,IU-221,e79f52ad2295b7bc5ecdb27759367281ac5b31fe,e79f52ad22,11484.46,15438.655,11891.96,15679.655,815,482,L-067: RESUMEPAUSED MUTATIONS | L-066: GETQUERYCACHE GET MUTATIONCACHE | L-061: JUST SET SILENT ABD REVERT TRUE ALWAYS,processed-in-r08b-v001,R08B,yes-for-r08b-v001-boundary,no-for-r08b-v001,Included in R08B v001 after local boundary review: refetch / cancel options / cache helpers.,Included in R08B v001 after local boundary review: refetch / cancel options / cache helpers.
S-222,IU-222,805253d94bd6caa28ede19ea25d0d573a5a80e9d,805253d94b,5147.954,15628.91,5606.454,15845.91,917,434,L-068: !!! | L-069: SHOULD I USE RESUMEPAUSEDMUT WITH OFFLINEFIRST? | L-064: fetchstatus paused,unreviewed-needs-visual-boundary-review,,no,yes,Coordinates retained only. Must be reviewed visually/semantically before region assignment.,Coordinates retained only. Must be reviewed visually/semantically before region assignment.
S-223,IU-223,4f209f372836f00feecd221b609e2fabc0f132ec,4f209f3728,13491.324,15650.322,13956.824,15891.322,931,482,L-065: REMOVEQUERIES RESETQUERIES | L-074: OFFLINE FIRST CAN TRY TO GET DATA UNTIL IT NEED RETRIES RETRIES WILL BE QUEUED CAN TRY TO GET DATA FROM CACHE,unreviewed-needs-visual-boundary-review,,no,yes,Coordinates retained only. Must be reviewed visually/semantically before region assignment.,Coordinates retained only. Must be reviewed visually/semantically before region assignment.
S-224,IU-224,37ac0e6a45c069165843492d622f0fb91fb5875b,37ac0e6a45,14628.831,15696.379,15023.831,15847.379,790,302,L-065: REMOVEQUERIES RESETQUERIES | L-074: OFFLINE FIRST CAN TRY TO GET DATA UNTIL IT NEED RETRIES RETRIES WILL BE QUEUED CAN TRY TO GET DATA FROM CACHE,unreviewed-needs-visual-boundary-review,,no,yes,Coordinates retained only. Must be reviewed visually/semantically before region assignment.,Coordinates retained only. Must be reviewed visually/semantically before region assignment.
S-225,IU-225,af413353f266b8cadf38e405b3a5e28ffd11d28f,af413353f2,3854.861,15765.492,4326.861,15984.492,944,438,L-064: fetchstatus paused | L-062: network modes | L-068: !!!,unreviewed-needs-visual-boundary-review,,no,yes,Coordinates retained only. Must be reviewed visually/semantically before region assignment.,Coordinates retained only. Must be reviewed visually/semantically before region assignment.
S-226,IU-226,2d9e66f8f96f83466c99f817a61a505f533cab98,2d9e66f8f9,11484.099,15948.978,11955.099,16151.478,942,405,L-065: REMOVEQUERIES RESETQUERIES | L-074: OFFLINE FIRST CAN TRY TO GET DATA UNTIL IT NEED RETRIES RETRIES WILL BE QUEUED CAN TRY TO GET DATA FROM CACHE,unreviewed-needs-visual-boundary-review,,no,yes,Coordinates retained only. Must be reviewed visually/semantically before region assignment.,Coordinates retained only. Must be reviewed visually/semantically before region assignment.
S-227,IU-227,79a4777b2f37d0fe49e1713961fcca8182321392,79a4777b2f,6351.106,15995.099,6815.606,16169.099,929,348,L-069: SHOULD I USE RESUMEPAUSEDMUT WITH OFFLINEFIRST? | L-068: !!! | L-063: VALIDATION WITH ZOD,unreviewed-needs-visual-boundary-review,,no,yes,Coordinates retained only. Must be reviewed visually/semantically before region assignment.,Coordinates retained only. Must be reviewed visually/semantically before region assignment.
S-228,IU-228,33ec33e3f63de1e34a259963357789fb8f1d7102,33ec33e3f6,5150.621,16088.743,5569.121,16259.243,837,341,L-074: OFFLINE FIRST CAN TRY TO GET DATA UNTIL IT NEED RETRIES RETRIES WILL BE QUEUED CAN TRY TO GET DATA FROM CACHE | L-065: REMOVEQUERIES RESETQUERIES,unreviewed-needs-visual-boundary-review,,no,yes,Coordinates retained only. Must be reviewed visually/semantically before region assignment.,Coordinates retained only. Must be reviewed visually/semantically before region assignment.
S-229,IU-229,20e12516b13c99be949ce3d79f644a6390e9e375,20e12516b1,13497.432,16165.645,13943.432,16363.145,892,395,L-065: REMOVEQUERIES RESETQUERIES | L-074: OFFLINE FIRST CAN TRY TO GET DATA UNTIL IT NEED RETRIES RETRIES WILL BE QUEUED CAN TRY TO GET DATA FROM CACHE,unreviewed-needs-visual-boundary-review,,no,yes,Coordinates retained only. Must be reviewed visually/semantically before region assignment.,Coordinates retained only. Must be reviewed visually/semantically before region assignment.
S-230,IU-230,80e917c63d9b23f1841f138508aecd92134f58fc,80e917c63d,3847.79,16219.731,4298.29,16359.731,901,280,L-074: OFFLINE FIRST CAN TRY TO GET DATA UNTIL IT NEED RETRIES RETRIES WILL BE QUEUED CAN TRY TO GET DATA FROM CACHE | L-065: REMOVEQUERIES RESETQUERIES,unreviewed-needs-visual-boundary-review,,no,yes,Coordinates retained only. Must be reviewed visually/semantically before region assignment.,Coordinates retained only. Must be reviewed visually/semantically before region assignment.
S-231,IU-231,ad15f92387c0fd5c37cc62b21ae26200578a164e,ad15f92387,3094.395,16238.332,3438.895,16451.332,689,426,L-074: OFFLINE FIRST CAN TRY TO GET DATA UNTIL IT NEED RETRIES RETRIES WILL BE QUEUED CAN TRY TO GET DATA FROM CACHE | L-065: REMOVEQUERIES RESETQUERIES,unreviewed-needs-visual-boundary-review,,no,yes,Coordinates retained only. Must be reviewed visually/semantically before region assignment.,Coordinates retained only. Must be reviewed visually/semantically before region assignment.
S-232,IU-232,921a92e2c63ff66e10fb3ed863558abd73cea6d2,921a92e2c6,3852.337,16520.326,4237.337,16677.826,770,315,L-074: OFFLINE FIRST CAN TRY TO GET DATA UNTIL IT NEED RETRIES RETRIES WILL BE QUEUED CAN TRY TO GET DATA FROM CACHE | L-065: REMOVEQUERIES RESETQUERIES,unreviewed-needs-visual-boundary-review,,no,yes,Coordinates retained only. Must be reviewed visually/semantically before region assignment.,Coordinates retained only. Must be reviewed visually/semantically before region assignment.
S-233,IU-233,7ace83dc395aeb7ebd39431c1bcb4bbbd8c01923,7ace83dc39,13494.307,16600.322,13893.307,16841.322,798,482,L-065: REMOVEQUERIES RESETQUERIES | L-074: OFFLINE FIRST CAN TRY TO GET DATA UNTIL IT NEED RETRIES RETRIES WILL BE QUEUED CAN TRY TO GET DATA FROM CACHE,unreviewed-needs-visual-boundary-review,,no,yes,Coordinates retained only. Must be reviewed visually/semantically before region assignment.,Coordinates retained only. Must be reviewed visually/semantically before region assignment.
S-234,IU-234,8fb60bf0f8807155901dae6e76fae8105e71c684,8fb60bf0f8,3833.67,16845.635,4290.67,17001.635,914,312,L-074: OFFLINE FIRST CAN TRY TO GET DATA UNTIL IT NEED RETRIES RETRIES WILL BE QUEUED CAN TRY TO GET DATA FROM CACHE | L-065: REMOVEQUERIES RESETQUERIES,unreviewed-needs-visual-boundary-review,,no,yes,Coordinates retained only. Must be reviewed visually/semantically before region assignment.,Coordinates retained only. Must be reviewed visually/semantically before region assignment.
S-235,IU-235,40b7d5950d3994d6ab9479b8c152fd7be583c2b6,40b7d5950d,2815.395,16862.802,3318.895,17028.302,1007,331,L-074: OFFLINE FIRST CAN TRY TO GET DATA UNTIL IT NEED RETRIES RETRIES WILL BE QUEUED CAN TRY TO GET DATA FROM CACHE | L-065: REMOVEQUERIES RESETQUERIES,unreviewed-needs-visual-boundary-review,,no,yes,Coordinates retained only. Must be reviewed visually/semantically before region assignment.,Coordinates retained only. Must be reviewed visually/semantically before region assignment.
S-236,IU-236,488e3dbdf9a6cb4c4e1fc7b19f59f3f0f2d0d9d1,488e3dbdf9,8854.086,16878.508,9313.586,17071.008,919,385,L-075: SETQUERYDATA RETURN FULL OBJECT LIKE PUT | L-070: MUTATIONS | L-073: MUTATE VS MUTATEASYNC,unreviewed-needs-visual-boundary-review,,no,yes,Coordinates retained only. Must be reviewed visually/semantically before region assignment.,Coordinates retained only. Must be reviewed visually/semantically before region assignment.
S-237,IU-237,55a51e51f437dec3ab46facc5bf4c15fa89fb739,55a51e51f4,7986.616,16935.841,8316.116,17150.841,659,430,"L-075: SETQUERYDATA RETURN FULL OBJECT LIKE PUT | L-076: CALLBACKS AND ARGS | L-071: STRUCTURE, CALLBACKS INVALIDATION IN ONSETTLED",duplicate-use-recorded-in-r10-v006,R10,yes-coverage-only,no-for-r10-v006,Duplicate image use recorded with its matching pair; content already transcribed.,Duplicate image use recorded with its matching pair; content already transcribed.
S-238,IU-238,5bec075fe3a00d87161356e7a274af579f00ec7d,5bec075fe3,6916.566,16946.732,7281.566,17161.732,730,430,"L-071: STRUCTURE, CALLBACKS INVALIDATION IN ONSETTLED | L-076: CALLBACKS AND ARGS | L-072: CANCELQUERIES IN OPTIMISTIC UPDATES PATTERN",unreviewed-needs-visual-boundary-review,,no,yes,Coordinates retained only. Must be reviewed visually/semantically before region assignment.,Coordinates retained only. Must be reviewed visually/semantically before region assignment.
S-239,IU-239,73b5e8fd6633fa9ba78bafbcccd16fe04b9bbff9,73b5e8fd66,10593.164,17012.916,11040.664,17237.416,895,449,L-073: MUTATE VS MUTATEASYNC | L-080: KEEPING MUTATION IN PENDING STATE UNTIL REVALIDATION + REFETCH | L-075: SETQUERYDATA RETURN FULL OBJECT LIKE PUT,unreviewed-needs-visual-boundary-review,,no,yes,Coordinates retained only. Must be reviewed visually/semantically before region assignment.,Coordinates retained only. Must be reviewed visually/semantically before region assignment.
S-240,IU-240,d5efd6d4699ef3ce21a5836029d26590842b9277,d5efd6d469,13496.409,17145.322,13939.909,17386.322,887,482,L-065: REMOVEQUERIES RESETQUERIES | L-074: OFFLINE FIRST CAN TRY TO GET DATA UNTIL IT NEED RETRIES RETRIES WILL BE QUEUED CAN TRY TO GET DATA FROM CACHE,processed-in-r10-v006,R10,yes-for-r10-v006-boundary,no-for-r10-v006,Included in R10 v006 after combined correction; mutation cache advanced use cases.,Included in R10 v006 after combined correction; mutation cache advanced use cases.
S-241,IU-241,8fdcc18b67f59a74a7b6877ee5852c8176ad9ef9,8fdcc18b67,2820.698,17218.302,3269.198,17348.302,897,260,L-074: OFFLINE FIRST CAN TRY TO GET DATA UNTIL IT NEED RETRIES RETRIES WILL BE QUEUED CAN TRY TO GET DATA FROM CACHE | L-065: REMOVEQUERIES RESETQUERIES,processed-in-r10-v006,R10,yes-for-r10-v006-boundary,no-for-r10-v006,Included in R10 v006 after combined correction; offlineFirst mental model.,Included in R10 v006 after combined correction; offlineFirst mental model.
S-242,IU-242,f128bccab609bf76456a2477f30f835e7c60be09,f128bccab6,6910.122,17378.398,7280.122,17532.398,740,308,"L-076: CALLBACKS AND ARGS | L-071: STRUCTURE, CALLBACKS INVALIDATION IN ONSETTLED | L-072: CANCELQUERIES IN OPTIMISTIC UPDATES PATTERN",unreviewed-needs-visual-boundary-review,,no,yes,Coordinates retained only. Must be reviewed visually/semantically before region assignment.,Coordinates retained only. Must be reviewed visually/semantically before region assignment.
S-243,IU-243,7de4e030ee7931b275819747d155a5b5e1961264,7de4e030ee,7933.861,17379.455,8346.861,17549.955,826,341,"L-076: CALLBACKS AND ARGS | L-075: SETQUERYDATA RETURN FULL OBJECT LIKE PUT | L-071: STRUCTURE, CALLBACKS INVALIDATION IN ONSETTLED",unreviewed-needs-visual-boundary-review,,no,yes,Coordinates retained only. Must be reviewed visually/semantically before region assignment.,Coordinates retained only. Must be reviewed visually/semantically before region assignment.
S-244,IU-244,a7ac382dd02a306fb445523ca92904a1b2f9e6db,a7ac382dd0,10585.538,17476.157,11034.538,17653.157,898,354,L-073: MUTATE VS MUTATEASYNC | L-080: KEEPING MUTATION IN PENDING STATE UNTIL REVALIDATION + REFETCH | L-077: INVALIDATION ONSETTLED,unreviewed-needs-visual-boundary-review,,no,yes,Coordinates retained only. Must be reviewed visually/semantically before region assignment.,Coordinates retained only. Must be reviewed visually/semantically before region assignment.
S-245,IU-245,8641ca8bc2b715e8fdb5f2b7714d1d00fff5a680,8641ca8bc2,9089.586,17497.987,9586.586,17783.987,994,572,L-075: SETQUERYDATA RETURN FULL OBJECT LIKE PUT | L-077: INVALIDATION ONSETTLED | L-078: SO UPDATING STATE NO MATTER WHAT AND GETTING THE FINAL RESULT AS THE TRUE SERVER STATE NO MATTER WHAT,unreviewed-needs-visual-boundary-review,,no,yes,Coordinates retained only. Must be reviewed visually/semantically before region assignment.,Coordinates retained only. Must be reviewed visually/semantically before region assignment.
S-246,IU-246,55a51e51f437dec3ab46facc5bf4c15fa89fb739,55a51e51f4,6900.347,17711.684,7229.847,17926.684,659,430,"L-076: CALLBACKS AND ARGS | L-071: STRUCTURE, CALLBACKS INVALIDATION IN ONSETTLED | L-072: CANCELQUERIES IN OPTIMISTIC UPDATES PATTERN",duplicate-use-recorded-in-r10-v006,R10,yes-coverage-only,no-for-r10-v006,Duplicate image use recorded with its matching pair; content already transcribed.,Duplicate image use recorded with its matching pair; content already transcribed.
S-247,IU-247,e7fe1b2b605cb9ef250315cf99077da63100fc4c,e7fe1b2b60,10603.075,17839.138,10911.575,17934.638,617,191,L-080: KEEPING MUTATION IN PENDING STATE UNTIL REVALIDATION + REFETCH | L-073: MUTATE VS MUTATEASYNC | L-077: INVALIDATION ONSETTLED,unreviewed-needs-visual-boundary-review,,no,yes,Coordinates retained only. Must be reviewed visually/semantically before region assignment.,Coordinates retained only. Must be reviewed visually/semantically before region assignment.
S-248,IU-248,7ec1a778b82a222a4b5a879656a7e1db95de67da,7ec1a778b8,10596.148,18036.694,11065.648,18210.194,939,347,L-080: KEEPING MUTATION IN PENDING STATE UNTIL REVALIDATION + REFETCH | L-073: MUTATE VS MUTATEASYNC | L-077: INVALIDATION ONSETTLED,unreviewed-needs-visual-boundary-review,,no,yes,Coordinates retained only. Must be reviewed visually/semantically before region assignment.,Coordinates retained only. Must be reviewed visually/semantically before region assignment.
S-249,IU-249,69bab5a10b41a429c4d05912a32d719dddae5607,69bab5a10b,7938.99,18092.675,8307.49,18197.675,737,210,L-076: CALLBACKS AND ARGS | L-077: INVALIDATION ONSETTLED | L-078: SO UPDATING STATE NO MATTER WHAT AND GETTING THE FINAL RESULT AS THE TRUE SERVER STATE NO MATTER WHAT,unreviewed-needs-visual-boundary-review,,no,yes,Coordinates retained only. Must be reviewed visually/semantically before region assignment.,Coordinates retained only. Must be reviewed visually/semantically before region assignment.
S-250,IU-250,c11c8e7392a16dfe9650c4859d74978f346283fc,c11c8e7392,9157.006,18123.072,9577.506,18310.572,841,375,L-077: INVALIDATION ONSETTLED | L-078: SO UPDATING STATE NO MATTER WHAT AND GETTING THE FINAL RESULT AS THE TRUE SERVER STATE NO MATTER WHAT | L-079: AND NEED TO REMEMBER THAT YOU ARE MANUALLY SETTING CACHE IN BOTH SUCCESS AND ERROR OUTCOMES SO ITS LOGICALLY CORRECT ...,unreviewed-needs-visual-boundary-review,,no,yes,Coordinates retained only. Must be reviewed visually/semantically before region assignment.,Coordinates retained only. Must be reviewed visually/semantically before region assignment.
S-251,IU-251,850109ec0ce563f2015d94bebaa2b7b09c66fc5d,850109ec0c,6916.894,18256.203,7386.894,18444.203,940,376,L-076: CALLBACKS AND ARGS | L-078: SO UPDATING STATE NO MATTER WHAT AND GETTING THE FINAL RESULT AS THE TRUE SERVER STATE NO MATTER WHAT | L-079: AND NEED TO REMEMBER THAT YOU ARE MANUALLY SETTING CACHE IN BOTH SUCCESS AND ERROR OUTCOMES SO ITS LOGICALLY CORRECT ...,unreviewed-needs-visual-boundary-review,,no,yes,Coordinates retained only. Must be reviewed visually/semantically before region assignment.,Coordinates retained only. Must be reviewed visually/semantically before region assignment.
S-252,IU-252,4b9ba54f9363123130b43988de90f457a8b0501a,4b9ba54f93,10581.315,18401.175,11052.315,18611.675,942,421,L-080: KEEPING MUTATION IN PENDING STATE UNTIL REVALIDATION + REFETCH | L-077: INVALIDATION ONSETTLED | L-078: SO UPDATING STATE NO MATTER WHAT AND GETTING THE FINAL RESULT AS THE TRUE SERVER STATE NO MATTER WHAT,unreviewed-needs-visual-boundary-review,,no,yes,Coordinates retained only. Must be reviewed visually/semantically before region assignment.,Coordinates retained only. Must be reviewed visually/semantically before region assignment.
S-253,IU-253,9373bdbda331e44dbf1e1dd03ab677490344bf1b,9373bdbda3,7946.049,18422.67,8367.549,18663.67,843,482,L-078: SO UPDATING STATE NO MATTER WHAT AND GETTING THE FINAL RESULT AS THE TRUE SERVER STATE NO MATTER WHAT | L-079: AND NEED TO REMEMBER THAT YOU ARE MANUALLY SETTING CACHE IN BOTH SUCCESS AND ERROR OUTCOMES SO ITS LOGICALLY CORRECT ... | L-077: INVALIDATION ONSETTLED,unreviewed-needs-visual-boundary-review,,no,yes,Coordinates retained only. Must be reviewed visually/semantically before region assignment.,Coordinates retained only. Must be reviewed visually/semantically before region assignment.
S-254,IU-254,37ac0e6a45c069165843492d622f0fb91fb5875b,37ac0e6a45,6941.227,18650.536,7336.227,18801.536,790,302,L-076: CALLBACKS AND ARGS | L-079: AND NEED TO REMEMBER THAT YOU ARE MANUALLY SETTING CACHE IN BOTH SUCCESS AND ERROR OUTCOMES SO ITS LOGICALLY CORRECT ... | L-078: SO UPDATING STATE NO MATTER WHAT AND GETTING THE FINAL RESULT AS THE TRUE SERVER STATE NO MATTER WHAT,unreviewed-needs-visual-boundary-review,,no,yes,Coordinates retained only. Must be reviewed visually/semantically before region assignment.,Coordinates retained only. Must be reviewed visually/semantically before region assignment.
S-255,IU-255,6759acc16ac9d1c9e9643f165f293b982d356572,6759acc16a,7936.025,18909.003,8438.025,19077.003,1004,336,L-079: AND NEED TO REMEMBER THAT YOU ARE MANUALLY SETTING CACHE IN BOTH SUCCESS AND ERROR OUTCOMES SO ITS LOGICALLY CORRECT ... | L-078: SO UPDATING STATE NO MATTER WHAT AND GETTING THE FINAL RESULT AS THE TRUE SERVER STATE NO MATTER WHAT | L-077: INVALIDATION ONSETTLED,unreviewed-needs-visual-boundary-review,,no,yes,Coordinates retained only. Must be reviewed visually/semantically before region assignment.,Coordinates retained only. Must be reviewed visually/semantically before region assignment.
S-256,IU-256,a6d0648cd669343f1a06607df83a8407b38adfac,a6d0648cd6,9133.504,18910.2,9597.004,19134.2,927,448,L-079: AND NEED TO REMEMBER THAT YOU ARE MANUALLY SETTING CACHE IN BOTH SUCCESS AND ERROR OUTCOMES SO ITS LOGICALLY CORRECT ... | L-078: SO UPDATING STATE NO MATTER WHAT AND GETTING THE FINAL RESULT AS THE TRUE SERVER STATE NO MATTER WHAT | L-077: INVALIDATION ONSETTLED,unreviewed-needs-visual-boundary-review,,no,yes,Coordinates retained only. Must be reviewed visually/semantically before region assignment.,Coordinates retained only. Must be reviewed visually/semantically before region assignment.
S-257,IU-257,ae6ed651d2fafd20851ddc27d65471f4b1f69294,ae6ed651d2,7945.454,19276.265,8409.454,19501.765,928,451,L-079: AND NEED TO REMEMBER THAT YOU ARE MANUALLY SETTING CACHE IN BOTH SUCCESS AND ERROR OUTCOMES SO ITS LOGICALLY CORRECT ... | L-078: SO UPDATING STATE NO MATTER WHAT AND GETTING THE FINAL RESULT AS THE TRUE SERVER STATE NO MATTER WHAT | L-077: INVALIDATION ONSETTLED,unreviewed-needs-visual-boundary-review,,no,yes,Coordinates retained only. Must be reviewed visually/semantically before region assignment.,Coordinates retained only. Must be reviewed visually/semantically before region assignment.
S-258,IU-258,db2d4aae55318da2f061cb924b2e5bf1d91a8967,db2d4aae55,10596.204,19288.768,11061.204,19364.268,930,151,L-080: KEEPING MUTATION IN PENDING STATE UNTIL REVALIDATION + REFETCH | L-079: AND NEED TO REMEMBER THAT YOU ARE MANUALLY SETTING CACHE IN BOTH SUCCESS AND ERROR OUTCOMES SO ITS LOGICALLY CORRECT ... | L-078: SO UPDATING STATE NO MATTER WHAT AND GETTING THE FINAL RESULT AS THE TRUE SERVER STATE NO MATTER WHAT,unreviewed-needs-visual-boundary-review,,no,yes,Coordinates retained only. Must be reviewed visually/semantically before region assignment.,Coordinates retained only. Must be reviewed visually/semantically before region assignment.
S-259,IU-259,e2bb07761c02d9b03025b9670d1e3a4c723eb7b9,e2bb07761c,10602.583,19465.334,10988.583,19706.334,772,482,L-080: KEEPING MUTATION IN PENDING STATE UNTIL REVALIDATION + REFETCH | L-079: AND NEED TO REMEMBER THAT YOU ARE MANUALLY SETTING CACHE IN BOTH SUCCESS AND ERROR OUTCOMES SO ITS LOGICALLY CORRECT ... | L-078: SO UPDATING STATE NO MATTER WHAT AND GETTING THE FINAL RESULT AS THE TRUE SERVER STATE NO MATTER WHAT,unreviewed-needs-visual-boundary-review,,no,yes,Coordinates retained only. Must be reviewed visually/semantically before region assignment.,Coordinates retained only. Must be reviewed visually/semantically before region assignment.
S-260,IU-260,507dbfa56965f0e98942e4b42575034d21ee4d44,507dbfa569,7953.608,19741.96,8382.108,19973.46,857,463,L-065: REMOVEQUERIES RESETQUERIES | L-074: OFFLINE FIRST CAN TRY TO GET DATA UNTIL IT NEED RETRIES RETRIES WILL BE QUEUED CAN TRY TO GET DATA FROM CACHE,unreviewed-needs-visual-boundary-review,,no,yes,Coordinates retained only. Must be reviewed visually/semantically before region assignment.,Coordinates retained only. Must be reviewed visually/semantically before region assignment.
S-261,IU-261,35935e7b35cd81bb3047e857ac816caa55558d60,35935e7b35,10614.537,19965.379,11034.537,20075.379,840,220,L-065: REMOVEQUERIES RESETQUERIES | L-074: OFFLINE FIRST CAN TRY TO GET DATA UNTIL IT NEED RETRIES RETRIES WILL BE QUEUED CAN TRY TO GET DATA FROM CACHE,unreviewed-needs-visual-boundary-review,,no,yes,Coordinates retained only. Must be reviewed visually/semantically before region assignment.,Coordinates retained only. Must be reviewed visually/semantically before region assignment.
S-262,IU-262,c8aefd2cea781b6a36ab404248956983e8d799d7,c8aefd2cea,10596.334,20190.916,11050.834,20392.416,909,403,L-065: REMOVEQUERIES RESETQUERIES | L-074: OFFLINE FIRST CAN TRY TO GET DATA UNTIL IT NEED RETRIES RETRIES WILL BE QUEUED CAN TRY TO GET DATA FROM CACHE,unreviewed-needs-visual-boundary-review,,no,yes,Coordinates retained only. Must be reviewed visually/semantically before region assignment.,Coordinates retained only. Must be reviewed visually/semantically before region assignment.
S-263,IU-263,5f990bee015201e3a8e4b35463383773c26a580c,5f990bee01,7952.967,20209.77,8429.967,20395.77,954,372,L-065: REMOVEQUERIES RESETQUERIES | L-074: OFFLINE FIRST CAN TRY TO GET DATA UNTIL IT NEED RETRIES RETRIES WILL BE QUEUED CAN TRY TO GET DATA FROM CACHE,unreviewed-needs-visual-boundary-review,,no,yes,Coordinates retained only. Must be reviewed visually/semantically before region assignment.,Coordinates retained only. Must be reviewed visually/semantically before region assignment.
S-264,IU-264,ed4ef609cc83f60820980d312bc38051e67e680a,ed4ef609cc,7950.824,20621.937,8412.824,20822.437,924,401,L-065: REMOVEQUERIES RESETQUERIES | L-074: OFFLINE FIRST CAN TRY TO GET DATA UNTIL IT NEED RETRIES RETRIES WILL BE QUEUED CAN TRY TO GET DATA FROM CACHE,unreviewed-needs-visual-boundary-review,,no,yes,Coordinates retained only. Must be reviewed visually/semantically before region assignment.,Coordinates retained only. Must be reviewed visually/semantically before region assignment.
S-265,IU-265,9d4d2d9cfa24ca8b14168654cccf289bc9e3143d,9d4d2d9cfa,10585.519,20626.62,11076.019,20736.12,981,219,L-065: REMOVEQUERIES RESETQUERIES | L-074: OFFLINE FIRST CAN TRY TO GET DATA UNTIL IT NEED RETRIES RETRIES WILL BE QUEUED CAN TRY TO GET DATA FROM CACHE,unreviewed-needs-visual-boundary-review,,no,yes,Coordinates retained only. Must be reviewed visually/semantically before region assignment.,Coordinates retained only. Must be reviewed visually/semantically before region assignment.
S-266,IU-266,57a7aa95eda70dfee4f83a61e7ba7f2cab767d88,57a7aa95ed,7980.919,21043.532,8450.919,21220.532,940,354,L-065: REMOVEQUERIES RESETQUERIES | L-074: OFFLINE FIRST CAN TRY TO GET DATA UNTIL IT NEED RETRIES RETRIES WILL BE QUEUED CAN TRY TO GET DATA FROM CACHE,unreviewed-needs-visual-boundary-review,,no,yes,Coordinates retained only. Must be reviewed visually/semantically before region assignment.,Coordinates retained only. Must be reviewed visually/semantically before region assignment.
S-267,IU-267,27b93b199a39a29cd5245df63f4f1de7ce8b08b8,27b93b199a,7983.475,21406.042,8410.975,21647.042,855,482,L-065: REMOVEQUERIES RESETQUERIES | L-074: OFFLINE FIRST CAN TRY TO GET DATA UNTIL IT NEED RETRIES RETRIES WILL BE QUEUED CAN TRY TO GET DATA FROM CACHE,unreviewed-needs-visual-boundary-review,,no,yes,Coordinates retained only. Must be reviewed visually/semantically before region assignment.,Coordinates retained only. Must be reviewed visually/semantically before region assignment.
S-268,IU-268,c35292d43ded1e4e324197d93d3605f6464e9b06,c35292d43d,7986.038,21900.889,8418.538,22043.389,865,285,L-065: REMOVEQUERIES RESETQUERIES | L-074: OFFLINE FIRST CAN TRY TO GET DATA UNTIL IT NEED RETRIES RETRIES WILL BE QUEUED CAN TRY TO GET DATA FROM CACHE,unreviewed-needs-visual-boundary-review,,no,yes,Coordinates retained only. Must be reviewed visually/semantically before region assignment.,Coordinates retained only. Must be reviewed visually/semantically before region assignment.
S-269,IU-269,56c5c8888e1b5ef1ef447f9143f4ebb1757dda9d,56c5c8888e,7997.869,22236.519,8340.369,22477.519,685,482,L-065: REMOVEQUERIES RESETQUERIES | L-074: OFFLINE FIRST CAN TRY TO GET DATA UNTIL IT NEED RETRIES RETRIES WILL BE QUEUED CAN TRY TO GET DATA FROM CACHE,unreviewed-needs-visual-boundary-review,,no,yes,Coordinates retained only. Must be reviewed visually/semantically before region assignment.,Coordinates retained only. Must be reviewed visually/semantically before region assignment.
S-270,IU-270,82af270795bea0a0e46be35a8566ca9ba7e9d2b0,82af270795,7951.701,22745.09,8369.201,22986.09,835,482,L-065: REMOVEQUERIES RESETQUERIES | L-074: OFFLINE FIRST CAN TRY TO GET DATA UNTIL IT NEED RETRIES RETRIES WILL BE QUEUED CAN TRY TO GET DATA FROM CACHE,unreviewed-needs-visual-boundary-review,,no,yes,Coordinates retained only. Must be reviewed visually/semantically before region assignment.,Coordinates retained only. Must be reviewed visually/semantically before region assignment.
S-271,IU-271,c7dccde3bca171f94c0b3ee14c9e73b36cbf56a4,c7dccde3bc,7941.3,23240.328,8304.3,23481.328,726,482,L-074: OFFLINE FIRST CAN TRY TO GET DATA UNTIL IT NEED RETRIES RETRIES WILL BE QUEUED CAN TRY TO GET DATA FROM CACHE | L-065: REMOVEQUERIES RESETQUERIES,unreviewed-needs-visual-boundary-review,,no,yes,Coordinates retained only. Must be reviewed visually/semantically before region assignment.,Coordinates retained only. Must be reviewed visually/semantically before region assignment.
S-272,IU-272,1cb0706b7f7881f428df532769350fa83c6880d8,1cb0706b7f,7960.355,23737.471,8306.355,23978.471,692,482,L-074: OFFLINE FIRST CAN TRY TO GET DATA UNTIL IT NEED RETRIES RETRIES WILL BE QUEUED CAN TRY TO GET DATA FROM CACHE | L-065: REMOVEQUERIES RESETQUERIES,unreviewed-needs-visual-boundary-review,,no,yes,Coordinates retained only. Must be reviewed visually/semantically before region assignment.,Coordinates retained only. Must be reviewed visually/semantically before region assignment.
S-273,IU-273,af1044b3cf04b62dfed615aa0b91888dada5e06f,af1044b3cf,7941.491,24242.233,8304.491,24483.233,726,482,L-074: OFFLINE FIRST CAN TRY TO GET DATA UNTIL IT NEED RETRIES RETRIES WILL BE QUEUED CAN TRY TO GET DATA FROM CACHE | L-065: REMOVEQUERIES RESETQUERIES,unreviewed-needs-visual-boundary-review,,no,yes,Coordinates retained only. Must be reviewed visually/semantically before region assignment.,Coordinates retained only. Must be reviewed visually/semantically before region assignment.
S-274,IU-274,93a0d0d3e41b7fad3220699fb88be949d2da18fa,93a0d0d3e4,4612.057,25233.438,5049.057,25448.938,874,431,L-081: when suspence is being shown | L-084: suspence | L-082: websockets,unreviewed-needs-visual-boundary-review,,no,yes,Coordinates retained only. Must be reviewed visually/semantically before region assignment.,Coordinates retained only. Must be reviewed visually/semantically before region assignment.
S-275,IU-275,5e844a74b1eb03de0fbecb9fb80211766b375070,5e844a74b1,10318.274,25547.467,10796.274,25653.967,956,213,L-087: fetchstatus paused | L-083: OFFLINE network mode | L-085: mutations network mode resumepausedmutations,unreviewed-needs-visual-boundary-review,,no,yes,Coordinates retained only. Must be reviewed visually/semantically before region assignment.,Coordinates retained only. Must be reviewed visually/semantically before region assignment.
S-276,IU-276,4f53d979bc0327f0092cf0b3159e7af2056e309b,4f53d979bc,2711.88,25576.182,3084.88,25772.682,746,393,L-082: websockets | L-081: when suspence is being shown | L-084: suspence,unreviewed-needs-visual-boundary-review,,no,yes,Coordinates retained only. Must be reviewed visually/semantically before region assignment.,Coordinates retained only. Must be reviewed visually/semantically before region assignment.
S-277,IU-277,c56ec7fd551940c71e978c7856cc4d6a9e0b0ac5,c56ec7fd55,5818.61,25613.551,6282.61,25787.551,928,348,L-084: suspence | L-081: when suspence is being shown | L-082: websockets,unreviewed-needs-visual-boundary-review,,no,yes,Coordinates retained only. Must be reviewed visually/semantically before region assignment.,Coordinates retained only. Must be reviewed visually/semantically before region assignment.
S-278,IU-278,a865458f888876c57d6adef1d95c9280f881b098,a865458f88,4616.52,25675.883,5052.02,25893.383,871,435,L-081: when suspence is being shown | L-084: suspence | L-082: websockets,unreviewed-needs-visual-boundary-review,,no,yes,Coordinates retained only. Must be reviewed visually/semantically before region assignment.,Coordinates retained only. Must be reviewed visually/semantically before region assignment.
S-279,IU-279,6ea27df25b4c44483b5067e55bdf45bc82ff7e1a,6ea27df25b,6998.546,25792.348,7467.546,25951.348,938,318,L-074: OFFLINE FIRST CAN TRY TO GET DATA UNTIL IT NEED RETRIES RETRIES WILL BE QUEUED CAN TRY TO GET DATA FROM CACHE | L-065: REMOVEQUERIES RESETQUERIES,unreviewed-needs-visual-boundary-review,,no,yes,Coordinates retained only. Must be reviewed visually/semantically before region assignment.,Coordinates retained only. Must be reviewed visually/semantically before region assignment.
S-280,IU-280,c078f2032fbcc3d9808319c296e52d46c81d47a1,c078f2032f,9199.694,25916.254,9640.194,25989.254,881,146,L-087: fetchstatus paused | L-086: network modes | L-083: OFFLINE network mode,unreviewed-needs-visual-boundary-review,,no,yes,Coordinates retained only. Must be reviewed visually/semantically before region assignment.,Coordinates retained only. Must be reviewed visually/semantically before region assignment.
S-281,IU-281,17f9a3bf928c49a7a3b85204e2a47422bdbca4c2,17f9a3bf92,8208.171,25929.57,8663.671,26170.57,911,482,L-086: network modes | L-087: fetchstatus paused | L-095: OFFLINE FIRST CAN TRY TO GET DATA UNTIL IT NEED RETRIES RETRIES WILL BE QUEUED CAN TRY TO GET DATA FROM CACHE,unreviewed-needs-visual-boundary-review,,no,yes,Coordinates retained only. Must be reviewed visually/semantically before region assignment.,Coordinates retained only. Must be reviewed visually/semantically before region assignment.
S-282,IU-282,c6a05bb126be4ebc513e581cc3c0c89822565e87,c6a05bb126,10428.423,25944.763,10794.423,26180.263,732,471,L-087: fetchstatus paused | L-083: OFFLINE network mode | L-085: mutations network mode resumepausedmutations,unreviewed-needs-visual-boundary-review,,no,yes,Coordinates retained only. Must be reviewed visually/semantically before region assignment.,Coordinates retained only. Must be reviewed visually/semantically before region assignment.
S-283,IU-283,b8fa03d9e293cb28c818bff38e68709513bdfab0,b8fa03d9e2,5828.517,25957.823,6069.517,26198.823,482,482,L-084: suspence | L-081: when suspence is being shown | L-082: websockets,unreviewed-needs-visual-boundary-review,,no,yes,Coordinates retained only. Must be reviewed visually/semantically before region assignment.,Coordinates retained only. Must be reviewed visually/semantically before region assignment.
S-284,IU-284,bf62b2d61c3d92d0e45830c02569ef0f875bf353,bf62b2d61c,11869.062,25992.085,12325.562,26176.585,913,369,L-088: persistance + resumepausedmutations | L-085: mutations network mode resumepausedmutations | L-091: !!!,unreviewed-needs-visual-boundary-review,,no,yes,Coordinates retained only. Must be reviewed visually/semantically before region assignment.,Coordinates retained only. Must be reviewed visually/semantically before region assignment.
S-285,IU-285,789db879bc0b78162a69302d96ff1388880861cb,789db879bc,2681.713,26046.516,3138.213,26282.016,913,471,L-082: websockets | L-081: when suspence is being shown | L-084: suspence,unreviewed-needs-visual-boundary-review,,no,yes,Coordinates retained only. Must be reviewed visually/semantically before region assignment.,Coordinates retained only. Must be reviewed visually/semantically before region assignment.
S-286,IU-286,635b0dd4d8ed1eb3b1caa4e858163f4746ba1a82,635b0dd4d8,9188.999,26085.241,9582.999,26326.241,788,482,L-087: fetchstatus paused | L-086: network modes | L-083: OFFLINE network mode,unreviewed-needs-visual-boundary-review,,no,yes,Coordinates retained only. Must be reviewed visually/semantically before region assignment.,Coordinates retained only. Must be reviewed visually/semantically before region assignment.
S-287,IU-287,4f7fbb99573df5941c53ea5dc13225c44fb7f00b,4f7fbb9957,4633.076,26133.512,5047.576,26283.012,829,299,L-081: when suspence is being shown | L-084: suspence | L-082: websockets,unreviewed-needs-visual-boundary-review,,no,yes,Coordinates retained only. Must be reviewed visually/semantically before region assignment.,Coordinates retained only. Must be reviewed visually/semantically before region assignment.
S-288,IU-288,a08d07bb82ae1f19ca406fd68ee2d8ca517c6dca,a08d07bb82,6953.183,26152.859,7387.683,26393.859,869,482,L-074: OFFLINE FIRST CAN TRY TO GET DATA UNTIL IT NEED RETRIES RETRIES WILL BE QUEUED CAN TRY TO GET DATA FROM CACHE | L-065: REMOVEQUERIES RESETQUERIES,unreviewed-needs-visual-boundary-review,,no,yes,Coordinates retained only. Must be reviewed visually/semantically before region assignment.,Coordinates retained only. Must be reviewed visually/semantically before region assignment.
S-289,IU-289,c4797efb7269095c9bac1bccbcb61230e676ec18,c4797efb72,13144.063,26357.977,13591.063,26531.477,894,347,"L-088: persistance + resumepausedmutations | L-092: persistqueryclientsave,subscribe,restore | L-093: SHOULD I USE RESUMEPAUSEDMUT WITH OFFLINEFIRST?",unreviewed-needs-visual-boundary-review,,no,yes,Coordinates retained only. Must be reviewed visually/semantically before region assignment.,Coordinates retained only. Must be reviewed visually/semantically before region assignment.
S-290,IU-290,dfc5091fca11c387a287830ca57e898181fa358d,dfc5091fca,11844.81,26388.249,12303.81,26581.749,918,387,L-091: !!! | L-093: SHOULD I USE RESUMEPAUSEDMUT WITH OFFLINEFIRST? | L-088: persistance + resumepausedmutations,unreviewed-needs-visual-boundary-review,,no,yes,Coordinates retained only. Must be reviewed visually/semantically before region assignment.,Coordinates retained only. Must be reviewed visually/semantically before region assignment.
S-291,IU-291,d894c9608c370205e60280e79ae86c3ae4165d28,d894c9608c,10444.123,26433.181,10741.123,26674.181,594,482,L-087: fetchstatus paused | L-091: !!! | L-093: SHOULD I USE RESUMEPAUSEDMUT WITH OFFLINEFIRST?,unreviewed-needs-visual-boundary-review,,no,yes,Coordinates retained only. Must be reviewed visually/semantically before region assignment.,Coordinates retained only. Must be reviewed visually/semantically before region assignment.
S-292,IU-292,676060fc010e4332dad70d67014136eefbc837f0,676060fc01,5808.728,26484.289,6090.228,26642.789,563,317,L-084: suspence | L-081: when suspence is being shown | L-082: websockets,unreviewed-needs-visual-boundary-review,,no,yes,Coordinates retained only. Must be reviewed visually/semantically before region assignment.,Coordinates retained only. Must be reviewed visually/semantically before region assignment.
S-293,IU-293,d4e1e182d3217683b81bed7a58b5b97d84483c34,d4e1e182d3,2704.713,26517.849,3162.213,26703.349,915,371,L-082: websockets | L-081: when suspence is being shown | L-084: suspence,unreviewed-needs-visual-boundary-review,,no,yes,Coordinates retained only. Must be reviewed visually/semantically before region assignment.,Coordinates retained only. Must be reviewed visually/semantically before region assignment.
S-294,IU-294,73d84c25d2954d3a94ebdc76be847159f8fbb2d1,73d84c25d2,9166.814,26593.812,9541.314,26834.812,749,482,L-087: fetchstatus paused | L-086: network modes | L-096: meta for dehydraton filtering to avoid overpopulaton of the store + acessing metha in queryfn,unreviewed-needs-visual-boundary-review,,no,yes,Coordinates retained only. Must be reviewed visually/semantically before region assignment.,Coordinates retained only. Must be reviewed visually/semantically before region assignment.
S-295,IU-295,4052f751bbbb74ffedb94b95c8c65ca1d1e17fbf,4052f751bb,6934.046,26682.848,7387.546,26775.348,907,185,L-074: OFFLINE FIRST CAN TRY TO GET DATA UNTIL IT NEED RETRIES RETRIES WILL BE QUEUED CAN TRY TO GET DATA FROM CACHE | L-065: REMOVEQUERIES RESETQUERIES,unreviewed-needs-visual-boundary-review,,no,yes,Coordinates retained only. Must be reviewed visually/semantically before region assignment.,Coordinates retained only. Must be reviewed visually/semantically before region assignment.
S-296,IU-296,810e074c35d6e27553a0b385f8d2d962c94108b3,810e074c35,11875.81,26799.915,12323.81,26868.415,896,137,L-091: !!! | L-093: SHOULD I USE RESUMEPAUSEDMUT WITH OFFLINEFIRST? | L-088: persistance + resumepausedmutations,unreviewed-needs-visual-boundary-review,,no,yes,Coordinates retained only. Must be reviewed visually/semantically before region assignment.,Coordinates retained only. Must be reviewed visually/semantically before region assignment.
S-297,IU-297,6a8d99b81ad0e8064b03605aa6a9a0e78628abd3,6a8d99b81a,13165.062,26820.31,13621.062,27009.81,912,379,"L-092: persistqueryclientsave,subscribe,restore | L-088: persistance + resumepausedmutations | L-093: SHOULD I USE RESUMEPAUSEDMUT WITH OFFLINEFIRST?",unreviewed-needs-visual-boundary-review,,no,yes,Coordinates retained only. Must be reviewed visually/semantically before region assignment.,Coordinates retained only. Must be reviewed visually/semantically before region assignment.
S-298,IU-298,094d84e79b2c9e8fd65a32896c74c90706c396a1,094d84e79b,5822.833,26828.299,6063.333,27069.299,481,482,"L-084: suspence | L-081: when suspence is being shown | L-098: enabled, what to do",unreviewed-needs-visual-boundary-review,,no,yes,Coordinates retained only. Must be reviewed visually/semantically before region assignment.,Coordinates retained only. Must be reviewed visually/semantically before region assignment.
S-299,IU-299,50585b9627657f44c32abd7b75319bd13b20fc15,50585b9627,2717.977,26894.193,3143.477,27135.193,851,482,L-082: websockets | L-081: when suspence is being shown | L-084: suspence,unreviewed-needs-visual-boundary-review,,no,yes,Coordinates retained only. Must be reviewed visually/semantically before region assignment.,Coordinates retained only. Must be reviewed visually/semantically before region assignment.
S-300,IU-300,8f000918798d1753238580704120a1b38aff6481,8f00091879,6939.046,26896.182,7411.546,27084.682,945,377,L-074: OFFLINE FIRST CAN TRY TO GET DATA UNTIL IT NEED RETRIES RETRIES WILL BE QUEUED CAN TRY TO GET DATA FROM CACHE | L-065: REMOVEQUERIES RESETQUERIES,unreviewed-needs-visual-boundary-review,,no,yes,Coordinates retained only. Must be reviewed visually/semantically before region assignment.,Coordinates retained only. Must be reviewed visually/semantically before region assignment.
S-301,IU-301,805253d94bd6caa28ede19ea25d0d573a5a80e9d,805253d94b,10421.287,26942.243,10879.787,27159.243,917,434,L-091: !!! | L-093: SHOULD I USE RESUMEPAUSEDMUT WITH OFFLINEFIRST? | L-094: hydrate/dehydrate options buster,unreviewed-needs-visual-boundary-review,,no,yes,Coordinates retained only. Must be reviewed visually/semantically before region assignment.,Coordinates retained only. Must be reviewed visually/semantically before region assignment.
S-302,IU-302,819762c97437d3fec4e8bbdd25c6b9bba12b9f0f,819762c974,11867.477,26951.137,12330.477,27110.637,926,319,L-093: SHOULD I USE RESUMEPAUSEDMUT WITH OFFLINEFIRST? | L-091: !!! | L-094: hydrate/dehydrate options buster,unreviewed-needs-visual-boundary-review,,no,yes,Coordinates retained only. Must be reviewed visually/semantically before region assignment.,Coordinates retained only. Must be reviewed visually/semantically before region assignment.
S-303,IU-303,af413353f266b8cadf38e405b3a5e28ffd11d28f,af413353f2,9128.194,27078.826,9600.194,27297.826,944,438,L-096: meta for dehydraton filtering to avoid overpopulaton of the store + acessing metha in queryfn | L-087: fetchstatus paused | L-095: OFFLINE FIRST CAN TRY TO GET DATA UNTIL IT NEED RETRIES RETRIES WILL BE QUEUED CAN TRY TO GET DATA FROM CACHE,unreviewed-needs-visual-boundary-review,,no,yes,Coordinates retained only. Must be reviewed visually/semantically before region assignment.,Coordinates retained only. Must be reviewed visually/semantically before region assignment.
S-304,IU-304,0c3b1184a0436d89330a9ca99d3801a1d7f7c1b7,0c3b1184a0,15541.774,27160.189,16056.274,27356.689,1029,393,"L-090: persist query client | L-089: persistqucl vs provider flows | L-092: persistqueryclientsave,subscribe,restore",unreviewed-needs-visual-boundary-review,,no,yes,Coordinates retained only. Must be reviewed visually/semantically before region assignment.,Coordinates retained only. Must be reviewed visually/semantically before region assignment.
S-305,IU-305,8f675d5a4b40a1cb8500dad394322c0d3b2f3845,8f675d5a4b,16839.572,27185.503,17225.572,27426.503,772,482,"L-089: persistqucl vs provider flows | L-090: persist query client | L-092: persistqueryclientsave,subscribe,restore",unreviewed-needs-visual-boundary-review,,no,yes,Coordinates retained only. Must be reviewed visually/semantically before region assignment.,Coordinates retained only. Must be reviewed visually/semantically before region assignment.
S-306,IU-306,5d27ffc66e3521b85aa79dd4dfa0f7bf69a4cec3,5d27ffc66e,13149.229,27219.811,13612.729,27369.811,927,300,"L-092: persistqueryclientsave,subscribe,restore | L-088: persistance + resumepausedmutations | L-093: SHOULD I USE RESUMEPAUSEDMUT WITH OFFLINEFIRST?",unreviewed-needs-visual-boundary-review,,no,yes,Coordinates retained only. Must be reviewed visually/semantically before region assignment.,Coordinates retained only. Must be reviewed visually/semantically before region assignment.
S-307,IU-307,2ec84b4c142ab66af72a1db41f2bb7380d9eb9a9,2ec84b4c14,14517.401,27238.654,14922.901,27479.654,811,482,"L-092: persistqueryclientsave,subscribe,restore | L-090: persist query client | L-089: persistqucl vs provider flows",unreviewed-needs-visual-boundary-review,,no,yes,Coordinates retained only. Must be reviewed visually/semantically before region assignment.,Coordinates retained only. Must be reviewed visually/semantically before region assignment.
S-308,IU-308,3076481cd77bc204b73762eddb6a99f6db77d37d,3076481cd7,5800.562,27335.027,6103.562,27538.027,606,406,"L-084: suspence | L-081: when suspence is being shown | L-098: enabled, what to do",unreviewed-needs-visual-boundary-review,,no,yes,Coordinates retained only. Must be reviewed visually/semantically before region assignment.,Coordinates retained only. Must be reviewed visually/semantically before region assignment.
S-309,IU-309,33ec33e3f63de1e34a259963357789fb8f1d7102,33ec33e3f6,10423.953,27402.076,10842.453,27572.576,837,341,L-091: !!! | L-096: meta for dehydraton filtering to avoid overpopulaton of the store + acessing metha in queryfn | L-093: SHOULD I USE RESUMEPAUSEDMUT WITH OFFLINEFIRST?,unreviewed-needs-visual-boundary-review,,no,yes,Coordinates retained only. Must be reviewed visually/semantically before region assignment.,Coordinates retained only. Must be reviewed visually/semantically before region assignment.
S-310,IU-310,72bf95274c482815082812bfb69b0d56b59d1fd7,72bf95274c,13169.729,27530.311,13622.729,27659.811,906,259,"L-092: persistqueryclientsave,subscribe,restore | L-093: SHOULD I USE RESUMEPAUSEDMUT WITH OFFLINEFIRST? | L-094: hydrate/dehydrate options buster",unreviewed-needs-visual-boundary-review,,no,yes,Coordinates retained only. Must be reviewed visually/semantically before region assignment.,Coordinates retained only. Must be reviewed visually/semantically before region assignment.
S-311,IU-311,80e917c63d9b23f1841f138508aecd92134f58fc,80e917c63d,9121.122,27533.064,9571.622,27673.064,901,280,L-096: meta for dehydraton filtering to avoid overpopulaton of the store + acessing metha in queryfn | L-095: OFFLINE FIRST CAN TRY TO GET DATA UNTIL IT NEED RETRIES RETRIES WILL BE QUEUED CAN TRY TO GET DATA FROM CACHE | L-087: fetchstatus paused,unreviewed-needs-visual-boundary-review,,no,yes,Coordinates retained only. Must be reviewed visually/semantically before region assignment.,Coordinates retained only. Must be reviewed visually/semantically before region assignment.
S-312,IU-312,79a4777b2f37d0fe49e1713961fcca8182321392,79a4777b2f,11851.105,27541.766,12315.605,27715.766,929,348,L-093: SHOULD I USE RESUMEPAUSEDMUT WITH OFFLINEFIRST? | L-094: hydrate/dehydrate options buster | L-091: !!!,unreviewed-needs-visual-boundary-review,,no,yes,Coordinates retained only. Must be reviewed visually/semantically before region assignment.,Coordinates retained only. Must be reviewed visually/semantically before region assignment.
S-313,IU-313,38abff4a0ef7bc68fc994a880735d13885de8178,38abff4a0e,2771.046,27551.016,3036.546,27733.016,531,364,"L-082: websockets | L-081: when suspence is being shown | L-098: enabled, what to do",unreviewed-needs-visual-boundary-review,,no,yes,Coordinates retained only. Must be reviewed visually/semantically before region assignment.,Coordinates retained only. Must be reviewed visually/semantically before region assignment.
S-314,IU-314,ad15f92387c0fd5c37cc62b21ae26200578a164e,ad15f92387,8367.728,27551.666,8712.228,27764.666,689,426,L-095: OFFLINE FIRST CAN TRY TO GET DATA UNTIL IT NEED RETRIES RETRIES WILL BE QUEUED CAN TRY TO GET DATA FROM CACHE | L-096: meta for dehydraton filtering to avoid overpopulaton of the store + acessing metha in queryfn | L-086: network modes,unreviewed-needs-visual-boundary-review,,no,yes,Coordinates retained only. Must be reviewed visually/semantically before region assignment.,Coordinates retained only. Must be reviewed visually/semantically before region assignment.
S-315,IU-315,46562dcbf35c16a7ad3efeaba3d0c3b64d4d1982,46562dcbf3,15553.86,27573.866,15991.36,27814.866,875,482,"L-090: persist query client | L-089: persistqucl vs provider flows | L-092: persistqueryclientsave,subscribe,restore",unreviewed-needs-visual-boundary-review,,no,yes,Coordinates retained only. Must be reviewed visually/semantically before region assignment.,Coordinates retained only. Must be reviewed visually/semantically before region assignment.
S-316,IU-316,0d63534428aaded3409e212f9d5b24e156de761e,0d63534428,16847.769,27687.058,17309.769,27865.558,924,357,"L-089: persistqucl vs provider flows | L-090: persist query client | L-092: persistqueryclientsave,subscribe,restore",unreviewed-needs-visual-boundary-review,,no,yes,Coordinates retained only. Must be reviewed visually/semantically before region assignment.,Coordinates retained only. Must be reviewed visually/semantically before region assignment.
S-317,IU-317,96dab1df5e08f6f39c747e62cc7fcb870824b2f0,96dab1df5e,14525.299,27726.988,14924.299,27967.988,798,482,"L-092: persistqueryclientsave,subscribe,restore | L-090: persist query client | L-089: persistqucl vs provider flows",unreviewed-needs-visual-boundary-review,,no,yes,Coordinates retained only. Must be reviewed visually/semantically before region assignment.,Coordinates retained only. Must be reviewed visually/semantically before region assignment.
S-318,IU-318,57fab47856e35492a63b7bb02b6b08b9e5ef7df6,57fab47856,5781.371,27748.408,6227.371,27930.408,892,364,"L-084: suspence | L-098: enabled, what to do | L-081: when suspence is being shown",unreviewed-needs-visual-boundary-review,,no,yes,Coordinates retained only. Must be reviewed visually/semantically before region assignment.,Coordinates retained only. Must be reviewed visually/semantically before region assignment.
S-319,IU-319,3dfb2e84740124172e651c3f2eb2b8be9da15952,3dfb2e8474,13163.062,27793.644,13601.062,27933.144,876,279,"L-092: persistqueryclientsave,subscribe,restore | L-094: hydrate/dehydrate options buster | L-093: SHOULD I USE RESUMEPAUSEDMUT WITH OFFLINEFIRST?",unreviewed-needs-visual-boundary-review,,no,yes,Coordinates retained only. Must be reviewed visually/semantically before region assignment.,Coordinates retained only. Must be reviewed visually/semantically before region assignment.
S-320,IU-320,921a92e2c63ff66e10fb3ed863558abd73cea6d2,921a92e2c6,9125.67,27833.659,9510.67,27991.159,770,315,L-096: meta for dehydraton filtering to avoid overpopulaton of the store + acessing metha in queryfn | L-095: OFFLINE FIRST CAN TRY TO GET DATA UNTIL IT NEED RETRIES RETRIES WILL BE QUEUED CAN TRY TO GET DATA FROM CACHE | L-097: pruning,unreviewed-needs-visual-boundary-review,,no,yes,Coordinates retained only. Must be reviewed visually/semantically before region assignment.,Coordinates retained only. Must be reviewed visually/semantically before region assignment.
S-321,IU-321,05e742e80806dac47685e7192fa7cae040ec101a,05e742e808,2767.213,27915.016,3053.213,28043.016,572,256,"L-082: websockets | L-081: when suspence is being shown | L-098: enabled, what to do",unreviewed-needs-visual-boundary-review,,no,yes,Coordinates retained only. Must be reviewed visually/semantically before region assignment.,Coordinates retained only. Must be reviewed visually/semantically before region assignment.
S-322,IU-322,764ec95080eb9f47edf484be01e4e91bddc7c024,764ec95080,16867.437,28059.402,17239.937,28300.402,745,482,"L-089: persistqucl vs provider flows | L-090: persist query client | L-092: persistqueryclientsave,subscribe,restore",unreviewed-needs-visual-boundary-review,,no,yes,Coordinates retained only. Must be reviewed visually/semantically before region assignment.,Coordinates retained only. Must be reviewed visually/semantically before region assignment.
S-323,IU-323,d360a7d007afd71aee593e96a2cb92b4e25cd118,d360a7d007,15651.941,28073.023,15967.941,28105.023,632,64,"L-090: persist query client | L-089: persistqucl vs provider flows | L-092: persistqueryclientsave,subscribe,restore",unreviewed-needs-visual-boundary-review,,no,yes,Coordinates retained only. Must be reviewed visually/semantically before region assignment.,Coordinates retained only. Must be reviewed visually/semantically before region assignment.
S-324,IU-324,1fd1c39efcd86c10e2260f1aada350ab07331c34,1fd1c39efc,13173.229,28105.977,13622.729,28206.477,899,201,"L-092: persistqueryclientsave,subscribe,restore | L-094: hydrate/dehydrate options buster | L-093: SHOULD I USE RESUMEPAUSEDMUT WITH OFFLINEFIRST?",unreviewed-needs-visual-boundary-review,,no,yes,Coordinates retained only. Must be reviewed visually/semantically before region assignment.,Coordinates retained only. Must be reviewed visually/semantically before region assignment.
S-325,IU-325,733425f1daaee1c69c957d13d5e40910569dcab9,733425f1da,15662.751,28141.978,16095.751,28382.978,866,482,"L-090: persist query client | L-089: persistqucl vs provider flows | L-092: persistqueryclientsave,subscribe,restore",unreviewed-needs-visual-boundary-review,,no,yes,Coordinates retained only. Must be reviewed visually/semantically before region assignment.,Coordinates retained only. Must be reviewed visually/semantically before region assignment.
S-326,IU-326,8fb60bf0f8807155901dae6e76fae8105e71c684,8fb60bf0f8,9107.003,28158.969,9564.003,28314.969,914,312,L-096: meta for dehydraton filtering to avoid overpopulaton of the store + acessing metha in queryfn | L-095: OFFLINE FIRST CAN TRY TO GET DATA UNTIL IT NEED RETRIES RETRIES WILL BE QUEUED CAN TRY TO GET DATA FROM CACHE | L-097: pruning,unreviewed-needs-visual-boundary-review,,no,yes,Coordinates retained only. Must be reviewed visually/semantically before region assignment.,Coordinates retained only. Must be reviewed visually/semantically before region assignment.
S-327,IU-327,40b7d5950d3994d6ab9479b8c152fd7be583c2b6,40b7d5950d,8088.728,28176.135,8592.228,28341.635,1007,331,L-095: OFFLINE FIRST CAN TRY TO GET DATA UNTIL IT NEED RETRIES RETRIES WILL BE QUEUED CAN TRY TO GET DATA FROM CACHE | L-096: meta for dehydraton filtering to avoid overpopulaton of the store + acessing metha in queryfn | L-097: pruning,unreviewed-needs-visual-boundary-review,,no,yes,Coordinates retained only. Must be reviewed visually/semantically before region assignment.,Coordinates retained only. Must be reviewed visually/semantically before region assignment.
S-328,IU-328,f6f7e865e57f4d4a5a4dd2e004ffc5427c166766,f6f7e865e5,2784.88,28204.682,3049.88,28329.682,530,250,"L-082: websockets | L-098: enabled, what to do | L-081: when suspence is being shown",unreviewed-needs-visual-boundary-review,,no,yes,Coordinates retained only. Must be reviewed visually/semantically before region assignment.,Coordinates retained only. Must be reviewed visually/semantically before region assignment.
S-329,IU-329,74ba77c71124c87e7609fbbfa36c1eaae87396d2,74ba77c711,5778.657,28210.932,6221.657,28419.932,886,418,"L-098: enabled, what to do | L-084: suspence | L-081: when suspence is being shown",unreviewed-needs-visual-boundary-review,,no,yes,Coordinates retained only. Must be reviewed visually/semantically before region assignment.,Coordinates retained only. Must be reviewed visually/semantically before region assignment.
S-330,IU-330,cfb7f31c32b94f93c8114a7ae6ae9f2b09e36ac0,cfb7f31c32,14539.292,28215.321,14931.292,28456.321,784,482,"L-092: persistqueryclientsave,subscribe,restore | L-090: persist query client | L-089: persistqucl vs provider flows",unreviewed-needs-visual-boundary-review,,no,yes,Coordinates retained only. Must be reviewed visually/semantically before region assignment.,Coordinates retained only. Must be reviewed visually/semantically before region assignment.
S-331,IU-331,679e04b8999dde921cb83ed8a1639f320c870a73,679e04b899,11958.535,28230.321,12354.535,28471.321,792,482,L-094: hydrate/dehydrate options buster | L-093: SHOULD I USE RESUMEPAUSEDMUT WITH OFFLINEFIRST? | L-091: !!!,unreviewed-needs-visual-boundary-review,,no,yes,Coordinates retained only. Must be reviewed visually/semantically before region assignment.,Coordinates retained only. Must be reviewed visually/semantically before region assignment.
S-332,IU-332,690055da26dcee4aee30305b9b7bb739b8723b07,690055da26,13172.729,28311.477,13642.729,28456.477,940,290,"L-092: persistqueryclientsave,subscribe,restore | L-094: hydrate/dehydrate options buster | L-093: SHOULD I USE RESUMEPAUSEDMUT WITH OFFLINEFIRST?",unreviewed-needs-visual-boundary-review,,no,yes,Coordinates retained only. Must be reviewed visually/semantically before region assignment.,Coordinates retained only. Must be reviewed visually/semantically before region assignment.
S-333,IU-333,98945a566a37853b037b2ec7055602722ca86c29,98945a566a,2774.88,28486.682,3124.88,28634.682,700,296,"L-098: enabled, what to do | L-082: websockets | L-081: when suspence is being shown",unreviewed-needs-visual-boundary-review,,no,yes,Coordinates retained only. Must be reviewed visually/semantically before region assignment.,Coordinates retained only. Must be reviewed visually/semantically before region assignment.
S-334,IU-334,8fdcc18b67f59a74a7b6877ee5852c8176ad9ef9,8fdcc18b67,8094.031,28531.635,8542.531,28661.635,897,260,L-095: OFFLINE FIRST CAN TRY TO GET DATA UNTIL IT NEED RETRIES RETRIES WILL BE QUEUED CAN TRY TO GET DATA FROM CACHE | L-096: meta for dehydraton filtering to avoid overpopulaton of the store + acessing metha in queryfn | L-097: pruning,unreviewed-needs-visual-boundary-review,,no,yes,Coordinates retained only. Must be reviewed visually/semantically before region assignment.,Coordinates retained only. Must be reviewed visually/semantically before region assignment.
S-335,IU-335,702382414de3eb4cddf35729b1a330a64ce982de,702382414d,16855.102,28589.391,17303.102,28743.891,896,309,"L-089: persistqucl vs provider flows | L-090: persist query client | L-092: persistqueryclientsave,subscribe,restore",unreviewed-needs-visual-boundary-review,,no,yes,Coordinates retained only. Must be reviewed visually/semantically before region assignment.,Coordinates retained only. Must be reviewed visually/semantically before region assignment.
S-336,IU-336,3089a183596b9802b2e678bff606c7b18e598010,3089a18359,13175.118,28610.088,13630.618,28756.588,911,293,"L-092: persistqueryclientsave,subscribe,restore | L-094: hydrate/dehydrate options buster | L-093: SHOULD I USE RESUMEPAUSEDMUT WITH OFFLINEFIRST?",unreviewed-needs-visual-boundary-review,,no,yes,Coordinates retained only. Must be reviewed visually/semantically before region assignment.,Coordinates retained only. Must be reviewed visually/semantically before region assignment.
S-337,IU-337,ea74e9dd7284aff882a41d9841cc1c18df891b42,ea74e9dd72,10577.102,28679.959,11040.102,28842.459,926,325,L-096: meta for dehydraton filtering to avoid overpopulaton of the store + acessing metha in queryfn | L-097: pruning | L-094: hydrate/dehydrate options buster,unreviewed-needs-visual-boundary-review,,no,yes,Coordinates retained only. Must be reviewed visually/semantically before region assignment.,Coordinates retained only. Must be reviewed visually/semantically before region assignment.
S-338,IU-338,9061540009d95c92032573a7ddf10c571dfac0ae,9061540009,15666.629,28693.867,16023.129,28934.867,713,482,"L-090: persist query client | L-089: persistqucl vs provider flows | L-092: persistqueryclientsave,subscribe,restore",unreviewed-needs-visual-boundary-review,,no,yes,Coordinates retained only. Must be reviewed visually/semantically before region assignment.,Coordinates retained only. Must be reviewed visually/semantically before region assignment.
S-339,IU-339,a23fad7b1ea767168741ed6f089c7102a0599461,a23fad7b1e,14542.329,28703.654,14945.829,28944.654,807,482,"L-092: persistqueryclientsave,subscribe,restore | L-090: persist query client | L-089: persistqucl vs provider flows",unreviewed-needs-visual-boundary-review,,no,yes,Coordinates retained only. Must be reviewed visually/semantically before region assignment.,Coordinates retained only. Must be reviewed visually/semantically before region assignment.
S-340,IU-340,752c806f657d92b9845ff9ef7771a5a459031a81,752c806f65,5766.062,28723.194,6223.562,28924.694,915,403,"L-098: enabled, what to do | L-084: suspence | L-101: serial suspence not showing nested",unreviewed-needs-visual-boundary-review,,no,yes,Coordinates retained only. Must be reviewed visually/semantically before region assignment.,Coordinates retained only. Must be reviewed visually/semantically before region assignment.
S-341,IU-341,86f6c97ef9f9e9e6947d09346872c0bae0a97d60,86f6c97ef9,11887.563,28725.31,12346.063,28879.81,917,309,L-094: hydrate/dehydrate options buster | L-093: SHOULD I USE RESUMEPAUSEDMUT WITH OFFLINEFIRST? | L-097: pruning,unreviewed-needs-visual-boundary-review,,no,yes,Coordinates retained only. Must be reviewed visually/semantically before region assignment.,Coordinates retained only. Must be reviewed visually/semantically before region assignment.
S-342,IU-342,2256dc1fa326c613d18d137e3074edc0d7d95f27,2256dc1fa3,13211.951,28962.421,13659.951,29137.921,896,351,"L-094: hydrate/dehydrate options buster | L-092: persistqueryclientsave,subscribe,restore | L-093: SHOULD I USE RESUMEPAUSEDMUT WITH OFFLINEFIRST?",unreviewed-needs-visual-boundary-review,,no,yes,Coordinates retained only. Must be reviewed visually/semantically before region assignment.,Coordinates retained only. Must be reviewed visually/semantically before region assignment.
S-343,IU-343,1bd326b2cab84f4a4fdc1ed52b3e248ec20d4449,1bd326b2ca,10596.436,29011.959,11005.436,29210.459,818,397,L-097: pruning | L-096: meta for dehydraton filtering to avoid overpopulaton of the store + acessing metha in queryfn | L-094: hydrate/dehydrate options buster,unreviewed-needs-visual-boundary-review,,no,yes,Coordinates retained only. Must be reviewed visually/semantically before region assignment.,Coordinates retained only. Must be reviewed visually/semantically before region assignment.
S-344,IU-344,d3a05c5900d3d6b8eb8b6a1f49b097c58703903d,d3a05c5900,11881.729,29061.977,12372.729,29256.477,982,389,L-094: hydrate/dehydrate options buster | L-097: pruning | L-093: SHOULD I USE RESUMEPAUSEDMUT WITH OFFLINEFIRST?,unreviewed-needs-visual-boundary-review,,no,yes,Coordinates retained only. Must be reviewed visually/semantically before region assignment.,Coordinates retained only. Must be reviewed visually/semantically before region assignment.
S-345,IU-345,180dcf4b32bc026f10202d404b9245fe81220415,180dcf4b32,5765.729,29144.051,6130.229,29307.551,729,327,"L-098: enabled, what to do | L-101: serial suspence not showing nested | L-084: suspence",unreviewed-needs-visual-boundary-review,,no,yes,Coordinates retained only. Must be reviewed visually/semantically before region assignment.,Coordinates retained only. Must be reviewed visually/semantically before region assignment.
S-346,IU-346,9ebc794e08dfe6b8716c10219e0af7c3d4740a73,9ebc794e08,14532.729,29190.477,15017.729,29401.477,970,422,"L-092: persistqueryclientsave,subscribe,restore | L-090: persist query client | L-089: persistqucl vs provider flows",unreviewed-needs-visual-boundary-review,,no,yes,Coordinates retained only. Must be reviewed visually/semantically before region assignment.,Coordinates retained only. Must be reviewed visually/semantically before region assignment.
S-347,IU-347,90d6081ffbce9623910c40e8321055a69848ec65,90d6081ffb,13215.451,29338.469,13643.951,29560.969,857,445,"L-094: hydrate/dehydrate options buster | L-092: persistqueryclientsave,subscribe,restore | L-093: SHOULD I USE RESUMEPAUSEDMUT WITH OFFLINEFIRST?",unreviewed-needs-visual-boundary-review,,no,yes,Coordinates retained only. Must be reviewed visually/semantically before region assignment.,Coordinates retained only. Must be reviewed visually/semantically before region assignment.
S-348,IU-348,fadc3b95063bcfab2516bc74c3e28431f69b3198,fadc3b9506,10581.936,29420.626,11053.436,29605.126,943,369,L-097: pruning | L-096: meta for dehydraton filtering to avoid overpopulaton of the store + acessing metha in queryfn | L-094: hydrate/dehydrate options buster,unreviewed-needs-visual-boundary-review,,no,yes,Coordinates retained only. Must be reviewed visually/semantically before region assignment.,Coordinates retained only. Must be reviewed visually/semantically before region assignment.
S-349,IU-349,8d02dc146245cd281a605ad52eab8d758a9fd70c,8d02dc1462,11888.396,29445.311,12244.396,29609.811,712,329,L-097: pruning | L-094: hydrate/dehydrate options buster | L-093: SHOULD I USE RESUMEPAUSEDMUT WITH OFFLINEFIRST?,unreviewed-needs-visual-boundary-review,,no,yes,Coordinates retained only. Must be reviewed visually/semantically before region assignment.,Coordinates retained only. Must be reviewed visually/semantically before region assignment.
S-350,IU-350,c68e2a8d43dd237074d00fd4bc6b8ee49594e4c7,c68e2a8d43,5757.324,29488.217,6168.324,29654.217,822,332,"L-098: enabled, what to do | L-101: serial suspence not showing nested | L-084: suspence",unreviewed-needs-visual-boundary-review,,no,yes,Coordinates retained only. Must be reviewed visually/semantically before region assignment.,Coordinates retained only. Must be reviewed visually/semantically before region assignment.
S-351,IU-351,68590cce0cbebd14df54067e55caabf6b2129421,68590cce0c,14521.896,29618.477,14999.396,29756.477,955,276,"L-092: persistqueryclientsave,subscribe,restore | L-090: persist query client | L-089: persistqucl vs provider flows",unreviewed-needs-visual-boundary-review,,no,yes,Coordinates retained only. Must be reviewed visually/semantically before region assignment.,Coordinates retained only. Must be reviewed visually/semantically before region assignment.
S-352,IU-352,9421dfc6507a79e4ac84cf732d249cacd139f595,9421dfc650,11861.562,29781.144,12311.062,29888.144,899,214,L-097: pruning | L-094: hydrate/dehydrate options buster | L-099: query.state,unreviewed-needs-visual-boundary-review,,no,yes,Coordinates retained only. Must be reviewed visually/semantically before region assignment.,Coordinates retained only. Must be reviewed visually/semantically before region assignment.
S-353,IU-353,bfdd0bf48edc4041dabfaf97778f28ebb3046995,bfdd0bf48e,13227.951,29795.421,13659.951,30033.921,864,477,"L-094: hydrate/dehydrate options buster | L-097: pruning | L-092: persistqueryclientsave,subscribe,restore",unreviewed-needs-visual-boundary-review,,no,yes,Coordinates retained only. Must be reviewed visually/semantically before region assignment.,Coordinates retained only. Must be reviewed visually/semantically before region assignment.
S-354,IU-354,0a82c038b6d411f9143aca0a965976c0354b90d4,0a82c038b6,5761.162,29832.109,6143.662,30073.109,765,482,"L-098: enabled, what to do | L-101: serial suspence not showing nested | L-084: suspence",unreviewed-needs-visual-boundary-review,,no,yes,Coordinates retained only. Must be reviewed visually/semantically before region assignment.,Coordinates retained only. Must be reviewed visually/semantically before region assignment.
S-355,IU-355,263a9816d7ec57c2e77df932143b21459a8b57c0,263a9816d7,11859.618,29994.477,12333.618,30186.477,948,384,L-097: pruning | L-094: hydrate/dehydrate options buster | L-099: query.state,unreviewed-needs-visual-boundary-review,,no,yes,Coordinates retained only. Must be reviewed visually/semantically before region assignment.,Coordinates retained only. Must be reviewed visually/semantically before region assignment.
S-356,IU-356,fbc855013884b79fcc4a33634ba5c8dec7835360,fbc8550138,10494.323,30036.414,10937.323,30277.414,886,482,L-097: pruning | L-099: query.state | L-096: meta for dehydraton filtering to avoid overpopulaton of the store + acessing metha in queryfn,unreviewed-needs-visual-boundary-review,,no,yes,Coordinates retained only. Must be reviewed visually/semantically before region assignment.,Coordinates retained only. Must be reviewed visually/semantically before region assignment.
S-357,IU-357,95626c5870a85028a43b0cfb4f482b91265301e3,95626c5870,13256.118,30307.255,13726.618,30407.255,941,200,L-094: hydrate/dehydrate options buster | L-097: pruning | L-099: query.state,unreviewed-needs-visual-boundary-review,,no,yes,Coordinates retained only. Must be reviewed visually/semantically before region assignment.,Coordinates retained only. Must be reviewed visually/semantically before region assignment.
S-358,IU-358,e1ac560b26f8417fb08842d23aa1c3f900b211c6,e1ac560b26,5745.252,30338.765,6139.752,30513.265,789,349,"L-098: enabled, what to do | L-101: serial suspence not showing nested | L-084: suspence",unreviewed-needs-visual-boundary-review,,no,yes,Coordinates retained only. Must be reviewed visually/semantically before region assignment.,Coordinates retained only. Must be reviewed visually/semantically before region assignment.
S-359,IU-359,56684bf11564f999d149adf587ff4b51aa4d42c4,56684bf115,11843.896,30388.644,12284.396,30618.144,881,459,L-097: pruning | L-099: query.state | L-094: hydrate/dehydrate options buster,unreviewed-needs-visual-boundary-review,,no,yes,Coordinates retained only. Must be reviewed visually/semantically before region assignment.,Coordinates retained only. Must be reviewed visually/semantically before region assignment.
S-360,IU-360,7c337054a4a7eabbf5661f156ec8bccf087f4e35,7c337054a4,10461.084,30528.414,10888.084,30769.414,854,482,L-097: pruning | L-099: query.state | L-096: meta for dehydraton filtering to avoid overpopulaton of the store + acessing metha in queryfn,unreviewed-needs-visual-boundary-review,,no,yes,Coordinates retained only. Must be reviewed visually/semantically before region assignment.,Coordinates retained only. Must be reviewed visually/semantically before region assignment.
S-361,IU-361,3071354b39fee7d7aa50289a1962b1c018f691d5,3071354b39,11845.858,30850.321,12240.858,31091.321,790,482,L-099: query.state | L-097: pruning | L-094: hydrate/dehydrate options buster,unreviewed-needs-visual-boundary-review,,no,yes,Coordinates retained only. Must be reviewed visually/semantically before region assignment.,Coordinates retained only. Must be reviewed visually/semantically before region assignment.
S-362,IU-362,e22d38f4707497d7b0685419f4f5b09920190a51,e22d38f470,13291.533,30862.665,13701.533,31028.165,820,331,L-099: query.state | L-097: pruning | L-094: hydrate/dehydrate options buster,unreviewed-needs-visual-boundary-review,,no,yes,Coordinates retained only. Must be reviewed visually/semantically before region assignment.,Coordinates retained only. Must be reviewed visually/semantically before region assignment.
S-363,IU-363,283c1bb2a3d7afa1c4e1e6cc860688b258752bd6,283c1bb2a3,5700.705,30897.884,6160.705,31080.884,920,366,"L-098: enabled, what to do | L-101: serial suspence not showing nested | L-084: suspence",unreviewed-needs-visual-boundary-review,,no,yes,Coordinates retained only. Must be reviewed visually/semantically before region assignment.,Coordinates retained only. Must be reviewed visually/semantically before region assignment.
S-364,IU-364,bca292ecfa608479ed7ee044ef7a2823ce230a49,bca292ecfa,10432.213,31018.422,10899.213,31221.422,934,406,L-099: query.state | L-097: pruning | L-096: meta for dehydraton filtering to avoid overpopulaton of the store + acessing metha in queryfn,unreviewed-needs-visual-boundary-review,,no,yes,Coordinates retained only. Must be reviewed visually/semantically before region assignment.,Coordinates retained only. Must be reviewed visually/semantically before region assignment.
S-365,IU-365,e6b95e6f80e9f8c05d82aec626d4b3e7ad6b0714,e6b95e6f80,13271.396,31196.665,13697.896,31348.165,853,303,L-099: query.state | L-097: pruning | L-094: hydrate/dehydrate options buster,unreviewed-needs-visual-boundary-review,,no,yes,Coordinates retained only. Must be reviewed visually/semantically before region assignment.,Coordinates retained only. Must be reviewed visually/semantically before region assignment.
S-366,IU-366,c74ee8553b15998c2da0cc020da6baf0057d55fe,c74ee8553b,5713.776,31273.551,6149.276,31427.551,871,308,"L-098: enabled, what to do | L-101: serial suspence not showing nested | L-084: suspence",unreviewed-needs-visual-boundary-review,,no,yes,Coordinates retained only. Must be reviewed visually/semantically before region assignment.,Coordinates retained only. Must be reviewed visually/semantically before region assignment.
S-367,IU-367,ac35ac2f4966cda433cd3ee4ea18a5fe65b1a1a5,ac35ac2f49,11804.468,31403.811,12265.968,31634.811,923,462,L-099: query.state | L-097: pruning | L-094: hydrate/dehydrate options buster,unreviewed-needs-visual-boundary-review,,no,yes,Coordinates retained only. Must be reviewed visually/semantically before region assignment.,Coordinates retained only. Must be reviewed visually/semantically before region assignment.
S-368,IU-368,1ce1907fd2f0bbf27a0611a64740eea317a05fbc,1ce1907fd2,10406.602,31440.682,10868.102,31600.682,923,320,L-099: query.state | L-097: pruning | L-096: meta for dehydraton filtering to avoid overpopulaton of the store + acessing metha in queryfn,unreviewed-needs-visual-boundary-review,,no,yes,Coordinates retained only. Must be reviewed visually/semantically before region assignment.,Coordinates retained only. Must be reviewed visually/semantically before region assignment.
S-369,IU-369,ea0f7aeaeab65708d1b9d778286e0d7bb6cf0ca0,ea0f7aeaea,13313.967,31534.685,13580.967,31718.185,534,367,L-099: query.state | L-097: pruning | L-094: hydrate/dehydrate options buster,unreviewed-needs-visual-boundary-review,,no,yes,Coordinates retained only. Must be reviewed visually/semantically before region assignment.,Coordinates retained only. Must be reviewed visually/semantically before region assignment.
S-370,IU-370,d3572dccdb7b03bacfff2e910e823e8a55e879a9,d3572dccdb,5712.581,31594.839,6167.081,31835.839,909,482,"L-101: serial suspence not showing nested | L-098: enabled, what to do | L-084: suspence",unreviewed-needs-visual-boundary-review,,no,yes,Coordinates retained only. Must be reviewed visually/semantically before region assignment.,Coordinates retained only. Must be reviewed visually/semantically before region assignment.
S-371,IU-371,66852e288e18ac231c376fc44bd2df2e35a57847,66852e288e,10381.491,31887.46,10876.991,32098.46,991,422,L-099: query.state | L-097: pruning | L-096: meta for dehydraton filtering to avoid overpopulaton of the store + acessing metha in queryfn,unreviewed-needs-visual-boundary-review,,no,yes,Coordinates retained only. Must be reviewed visually/semantically before region assignment.,Coordinates retained only. Must be reviewed visually/semantically before region assignment.
S-372,IU-372,9593d49fdad4c5236633c221f0383aa5fb969b41,9593d49fda,11758.559,31889.098,12215.059,32073.598,913,369,L-099: query.state | L-097: pruning | L-094: hydrate/dehydrate options buster,unreviewed-needs-visual-boundary-review,,no,yes,Coordinates retained only. Must be reviewed visually/semantically before region assignment.,Coordinates retained only. Must be reviewed visually/semantically before region assignment.
S-373,IU-373,7f5fd03cdae1f3aee571d569359aadc79cc0e17f,7f5fd03cda,5724.197,32090.233,6180.197,32251.233,912,322,"L-101: serial suspence not showing nested | L-098: enabled, what to do | L-084: suspence",unreviewed-needs-visual-boundary-review,,no,yes,Coordinates retained only. Must be reviewed visually/semantically before region assignment.,Coordinates retained only. Must be reviewed visually/semantically before region assignment.
S-374,IU-374,5cdaec07b59a055905bf821117648b3b7865b541,5cdaec07b5,10377.88,32319.626,10865.88,32545.126,976,451,L-074: OFFLINE FIRST CAN TRY TO GET DATA UNTIL IT NEED RETRIES RETRIES WILL BE QUEUED CAN TRY TO GET DATA FROM CACHE | L-065: REMOVEQUERIES RESETQUERIES,unreviewed-needs-visual-boundary-review,,no,yes,Coordinates retained only. Must be reviewed visually/semantically before region assignment.,Coordinates retained only. Must be reviewed visually/semantically before region assignment.
S-375,IU-375,a5b18d2c3bb275066bb1a14e3c6ee5f0a70eaa18,a5b18d2c3b,5717.459,32437.448,6084.959,32616.948,735,359,"L-101: serial suspence not showing nested | L-098: enabled, what to do | L-084: suspence",unreviewed-needs-visual-boundary-review,,no,yes,Coordinates retained only. Must be reviewed visually/semantically before region assignment.,Coordinates retained only. Must be reviewed visually/semantically before region assignment.
S-376,IU-376,2e53933f4dabba1b436e8e032dfbacbfb8b986cb,2e53933f4d,7224.843,33102.811,7617.343,33336.311,785,467,L-100: cancelling queries | L-102: Request cancellation | L-104: or better excplicitly cancel queries when you need cancellation on some aciton,unreviewed-needs-visual-boundary-review,,no,yes,Coordinates retained only. Must be reviewed visually/semantically before region assignment.,Coordinates retained only. Must be reviewed visually/semantically before region assignment.
S-377,IU-377,5f7ffd16a18668fad3915462b16acb3d2bffd4ce,5f7ffd16a1,5771.971,33208.172,6080.971,33523.672,618,631,L-074: OFFLINE FIRST CAN TRY TO GET DATA UNTIL IT NEED RETRIES RETRIES WILL BE QUEUED CAN TRY TO GET DATA FROM CACHE | L-065: REMOVEQUERIES RESETQUERIES,unreviewed-needs-visual-boundary-review,,no,yes,Coordinates retained only. Must be reviewed visually/semantically before region assignment.,Coordinates retained only. Must be reviewed visually/semantically before region assignment.
S-378,IU-378,ff1f13ba3a256d5cef189ddb08aaec213308c614,ff1f13ba3a,7232.418,33552.135,7566.418,33793.135,668,482,L-100: cancelling queries | L-102: Request cancellation | L-104: or better excplicitly cancel queries when you need cancellation on some aciton,unreviewed-needs-visual-boundary-review,,no,yes,Coordinates retained only. Must be reviewed visually/semantically before region assignment.,Coordinates retained only. Must be reviewed visually/semantically before region assignment.
S-379,IU-379,3183b42852b4d93389693f6b069cde3e98476ec3,3183b42852,9648.744,33744.998,10064.244,33985.998,831,482,L-104: or better excplicitly cancel queries when you need cancellation on some aciton | L-102: Request cancellation | L-105: Error handling error boundary,unreviewed-needs-visual-boundary-review,,no,yes,Coordinates retained only. Must be reviewed visually/semantically before region assignment.,Coordinates retained only. Must be reviewed visually/semantically before region assignment.
S-380,IU-380,11664458c2f84f65a023b5552d5081bd00074094,11664458c2,5745.324,33847.281,6044.324,34070.281,598,446,L-074: OFFLINE FIRST CAN TRY TO GET DATA UNTIL IT NEED RETRIES RETRIES WILL BE QUEUED CAN TRY TO GET DATA FROM CACHE | L-065: REMOVEQUERIES RESETQUERIES,unreviewed-needs-visual-boundary-review,,no,yes,Coordinates retained only. Must be reviewed visually/semantically before region assignment.,Coordinates retained only. Must be reviewed visually/semantically before region assignment.
S-381,IU-381,a0ea9f6a342980180c14bc7c40d17e4e615216f4,a0ea9f6a34,7209.055,34050.711,7546.055,34291.711,674,482,L-100: cancelling queries | L-105: Error handling error boundary | L-104: or better excplicitly cancel queries when you need cancellation on some aciton,unreviewed-needs-visual-boundary-review,,no,yes,Coordinates retained only. Must be reviewed visually/semantically before region assignment.,Coordinates retained only. Must be reviewed visually/semantically before region assignment.
S-382,IU-382,9b1e04f8ba43db74facaa8776eaff119dc353d9b,9b1e04f8ba,5743.038,34307.352,6010.038,34538.852,534,463,L-074: OFFLINE FIRST CAN TRY TO GET DATA UNTIL IT NEED RETRIES RETRIES WILL BE QUEUED CAN TRY TO GET DATA FROM CACHE | L-065: REMOVEQUERIES RESETQUERIES,unreviewed-needs-visual-boundary-review,,no,yes,Coordinates retained only. Must be reviewed visually/semantically before region assignment.,Coordinates retained only. Must be reviewed visually/semantically before region assignment.
S-383,IU-383,a0ea9f6a342980180c14bc7c40d17e4e615216f4,a0ea9f6a34,9762.833,34455.334,10099.833,34696.334,674,482,L-104: or better excplicitly cancel queries when you need cancellation on some aciton | L-105: Error handling error boundary | L-106: throw on error,unreviewed-needs-visual-boundary-review,,no,yes,Coordinates retained only. Must be reviewed visually/semantically before region assignment.,Coordinates retained only. Must be reviewed visually/semantically before region assignment.
S-384,IU-384,bbfaf9d5029d250e84ae00cadd63a016737a8042,bbfaf9d502,7206.015,34544.044,7526.015,34785.044,640,482,L-105: Error handling error boundary | L-111: will it retry with throwonerror? | L-100: cancelling queries,unreviewed-needs-visual-boundary-review,,no,yes,Coordinates retained only. Must be reviewed visually/semantically before region assignment.,Coordinates retained only. Must be reviewed visually/semantically before region assignment.
S-385,IU-385,5fc37cd9db10d58516c37ca558f66b91498b8ffe,5fc37cd9db,12043.273,34751.187,12207.773,34789.187,329,76,L-103: global/default config | L-107: Query key factories | L-115: performance structural sharing observers SELECT,unreviewed-needs-visual-boundary-review,,no,yes,Coordinates retained only. Must be reviewed visually/semantically before region assignment.,Coordinates retained only. Must be reviewed visually/semantically before region assignment.
S-386,IU-386,6ff5da2ed3645528f93de539fd6fb6b818d43d1b,6ff5da2ed3,5755.552,34787.22,6113.052,35028.22,715,482,L-074: OFFLINE FIRST CAN TRY TO GET DATA UNTIL IT NEED RETRIES RETRIES WILL BE QUEUED CAN TRY TO GET DATA FROM CACHE | L-065: REMOVEQUERIES RESETQUERIES,unreviewed-needs-visual-boundary-review,,no,yes,Coordinates retained only. Must be reviewed visually/semantically before region assignment.,Coordinates retained only. Must be reviewed visually/semantically before region assignment.
S-387,IU-387,d8786219223db0481f090e8e790023613565a4f0,d878621922,11954.791,34888.031,12349.791,35129.031,790,482,L-107: Query key factories | L-103: global/default config | L-115: performance structural sharing observers SELECT,unreviewed-needs-visual-boundary-review,,no,yes,Coordinates retained only. Must be reviewed visually/semantically before region assignment.,Coordinates retained only. Must be reviewed visually/semantically before region assignment.
S-388,IU-388,26a09fc19d1e00a89fa3686a80f85da1325f7366,26a09fc19d,7205.877,35041.822,7561.877,35282.822,712,482,L-111: will it retry with throwonerror? | L-112: flow with catching error in booundary and trying rerender with refetching the query instead of rerendering with error... | L-105: Error handling error boundary,unreviewed-needs-visual-boundary-review,,no,yes,Coordinates retained only. Must be reviewed visually/semantically before region assignment.,Coordinates retained only. Must be reviewed visually/semantically before region assignment.
S-389,IU-389,b6379df3171a8419c664708a744fb2328883f4e3,b6379df317,5748.895,35275.852,6192.895,35418.852,888,286,L-074: OFFLINE FIRST CAN TRY TO GET DATA UNTIL IT NEED RETRIES RETRIES WILL BE QUEUED CAN TRY TO GET DATA FROM CACHE | L-065: REMOVEQUERIES RESETQUERIES,unreviewed-needs-visual-boundary-review,,no,yes,Coordinates retained only. Must be reviewed visually/semantically before region assignment.,Coordinates retained only. Must be reviewed visually/semantically before region assignment.
S-390,IU-390,47947570b603fd3d2c098a5840202c3361585f09,47947570b6,9750.805,35348.996,10172.805,35541.996,844,386,L-106: throw on error | L-105: Error handling error boundary | L-104: or better excplicitly cancel queries when you need cancellation on some aciton,unreviewed-needs-visual-boundary-review,,no,yes,Coordinates retained only. Must be reviewed visually/semantically before region assignment.,Coordinates retained only. Must be reviewed visually/semantically before region assignment.
S-391,IU-391,8c70db856679858e8c4724db8a11f8103b660042,8c70db8566,11932.662,35385.631,12396.662,35533.631,928,296,L-107: Query key factories | L-103: global/default config | L-115: performance structural sharing observers SELECT,unreviewed-needs-visual-boundary-review,,no,yes,Coordinates retained only. Must be reviewed visually/semantically before region assignment.,Coordinates retained only. Must be reviewed visually/semantically before region assignment.
S-392,IU-392,bd24fb8749137a387eac52801d7e3f0a0378aef4,bd24fb8749,7127.509,35547.145,7584.009,35709.645,913,325,L-111: will it retry with throwonerror? | L-112: flow with catching error in booundary and trying rerender with refetching the query instead of rerendering with error... | L-105: Error handling error boundary,unreviewed-needs-visual-boundary-review,,no,yes,Coordinates retained only. Must be reviewed visually/semantically before region assignment.,Coordinates retained only. Must be reviewed visually/semantically before region assignment.
S-393,IU-393,e91d3c5a4656c8cbb0ed4c74b701e0fd63a94b11,e91d3c5a46,5749.343,35600.553,6143.343,35841.553,788,482,L-074: OFFLINE FIRST CAN TRY TO GET DATA UNTIL IT NEED RETRIES RETRIES WILL BE QUEUED CAN TRY TO GET DATA FROM CACHE | L-065: REMOVEQUERIES RESETQUERIES,unreviewed-needs-visual-boundary-review,,no,yes,Coordinates retained only. Must be reviewed visually/semantically before region assignment.,Coordinates retained only. Must be reviewed visually/semantically before region assignment.
S-394,IU-394,b3351d14fda5de171acc79c43cf2008b0b970825,b3351d14fd,9730.9,35923.068,10190.9,36135.568,920,425,L-106: throw on error | L-113: queryerrorresetboundary | L-105: Error handling error boundary,unreviewed-needs-visual-boundary-review,,no,yes,Coordinates retained only. Must be reviewed visually/semantically before region assignment.,Coordinates retained only. Must be reviewed visually/semantically before region assignment.
S-395,IU-395,79093152e5e743d8eb8cd385255cf9532bae2bc3,79093152e5,7156.454,35934.478,7548.454,36142.978,784,417,L-111: will it retry with throwonerror? | L-112: flow with catching error in booundary and trying rerender with refetching the query instead of rerendering with error... | L-105: Error handling error boundary,unreviewed-needs-visual-boundary-review,,no,yes,Coordinates retained only. Must be reviewed visually/semantically before region assignment.,Coordinates retained only. Must be reviewed visually/semantically before region assignment.
S-396,IU-396,ab518b8fb798903a572bfa1c773e018070bed2f2,ab518b8fb7,5751.252,36103.329,6095.752,36329.329,689,452,L-074: OFFLINE FIRST CAN TRY TO GET DATA UNTIL IT NEED RETRIES RETRIES WILL BE QUEUED CAN TRY TO GET DATA FROM CACHE | L-065: REMOVEQUERIES RESETQUERIES,unreviewed-needs-visual-boundary-review,,no,yes,Coordinates retained only. Must be reviewed visually/semantically before region assignment.,Coordinates retained only. Must be reviewed visually/semantically before region assignment.
S-397,IU-397,155177db8bd58f59ebdd07f54df80355258dd36c,155177db8b,11932.218,36147.631,12372.218,36313.631,880,332,L-107: Query key factories | L-115: performance structural sharing observers SELECT | L-103: global/default config,unreviewed-needs-visual-boundary-review,,no,yes,Coordinates retained only. Must be reviewed visually/semantically before region assignment.,Coordinates retained only. Must be reviewed visually/semantically before region assignment.
S-398,IU-398,bfb1da800787c5f37d36e42bac6ac845d8c5e892,bfb1da8007,9694.4,36379.068,10175.9,36600.568,963,443,L-113: queryerrorresetboundary | L-114: need retryonmount  true (default) | L-106: throw on error,unreviewed-needs-visual-boundary-review,,no,yes,Coordinates retained only. Must be reviewed visually/semantically before region assignment.,Coordinates retained only. Must be reviewed visually/semantically before region assignment.
S-399,IU-399,77f3392f8595f818c17755a4d320d69a1c222431,77f3392f85,4281.693,36451.673,4556.693,36692.673,550,482,L-109: usetransition | L-110: react marksstate updates and rerenders that they cause as urgent and non urgent so we can have urgent updates while w... | L-108: urgent/non urgent updates/rerenders,unreviewed-needs-visual-boundary-review,,no,yes,Coordinates retained only. Must be reviewed visually/semantically before region assignment.,Coordinates retained only. Must be reviewed visually/semantically before region assignment.
S-400,IU-400,78143a8e93c50ed772fb026dcfe35fb92043b898,78143a8e93,11913.159,36488.031,12192.159,36729.031,558,482,L-107: Query key factories | L-115: performance structural sharing observers SELECT | L-103: global/default config,unreviewed-needs-visual-boundary-review,,no,yes,Coordinates retained only. Must be reviewed visually/semantically before region assignment.,Coordinates retained only. Must be reviewed visually/semantically before region assignment.
S-401,IU-401,ed1ff3c24e62a6ef547afe46729468a3c6179108,ed1ff3c24e,5759.514,36545.519,6200.514,36725.519,882,360,L-074: OFFLINE FIRST CAN TRY TO GET DATA UNTIL IT NEED RETRIES RETRIES WILL BE QUEUED CAN TRY TO GET DATA FROM CACHE | L-065: REMOVEQUERIES RESETQUERIES,unreviewed-needs-visual-boundary-review,,no,yes,Coordinates retained only. Must be reviewed visually/semantically before region assignment.,Coordinates retained only. Must be reviewed visually/semantically before region assignment.
S-402,IU-402,ae1e6f231c4aefee45c95ddb48fc54903ae8a7e6,ae1e6f231c,2869.756,36589.489,3290.756,36830.489,842,482,L-110: react marksstate updates and rerenders that they cause as urgent and non urgent so we can have urgent updates while w... | L-109: usetransition | L-108: urgent/non urgent updates/rerenders,unreviewed-needs-visual-boundary-review,,no,yes,Coordinates retained only. Must be reviewed visually/semantically before region assignment.,Coordinates retained only. Must be reviewed visually/semantically before region assignment.
S-403,IU-403,4d034f9fe0fb48c7828474978a938b6febb3e149,4d034f9fe0,5735.99,36908.376,6110.99,37148.376,750,480,L-074: OFFLINE FIRST CAN TRY TO GET DATA UNTIL IT NEED RETRIES RETRIES WILL BE QUEUED CAN TRY TO GET DATA FROM CACHE | L-065: REMOVEQUERIES RESETQUERIES,unreviewed-needs-visual-boundary-review,,no,yes,Coordinates retained only. Must be reviewed visually/semantically before region assignment.,Coordinates retained only. Must be reviewed visually/semantically before region assignment.
S-404,IU-404,8e0c01179387c26ca79c81a15b55058bffc4478b,8e0c011793,4273.749,36954.996,4545.249,37149.496,543,389,L-109: usetransition | L-110: react marksstate updates and rerenders that they cause as urgent and non urgent so we can have urgent updates while w... | L-116: use to show that new page is loading while the old page is still on the screen,unreviewed-needs-visual-boundary-review,,no,yes,Coordinates retained only. Must be reviewed visually/semantically before region assignment.,Coordinates retained only. Must be reviewed visually/semantically before region assignment.
S-405,IU-405,913168d66eec99aba9c2345b0cc119b5a67c140a,913168d66e,9689.567,36980.568,10073.567,37116.568,768,272,L-113: queryerrorresetboundary | L-114: need retryonmount  true (default) | L-106: throw on error,unreviewed-needs-visual-boundary-review,,no,yes,Coordinates retained only. Must be reviewed visually/semantically before region assignment.,Coordinates retained only. Must be reviewed visually/semantically before region assignment.
S-406,IU-406,246e85f82cd5f0badf57f9adf15e2628fd9cc659,246e85f82c,11893.413,36985.808,12327.913,37226.808,869,482,L-115: performance structural sharing observers SELECT | L-107: Query key factories | L-121: msw,unreviewed-needs-visual-boundary-review,,no,yes,Coordinates retained only. Must be reviewed visually/semantically before region assignment.,Coordinates retained only. Must be reviewed visually/semantically before region assignment.
S-407,IU-407,750efbd479e99dd7fcfb4f459089e023419a3b95,750efbd479,7349.117,36985.978,7800.617,37075.978,903,180,L-111: will it retry with throwonerror? | L-112: flow with catching error in booundary and trying rerender with refetching the query instead of rerendering with error... | L-114: need retryonmount  true (default),unreviewed-needs-visual-boundary-review,,no,yes,Coordinates retained only. Must be reviewed visually/semantically before region assignment.,Coordinates retained only. Must be reviewed visually/semantically before region assignment.
S-408,IU-408,b3e6794ae95385388c3c4013eb46b9300006d8e1,b3e6794ae9,8541.944,36993.188,8810.444,37042.188,537,98,L-112: flow with catching error in booundary and trying rerender with refetching the query instead of rerendering with error... | L-114: need retryonmount  true (default) | L-113: queryerrorresetboundary,unreviewed-needs-visual-boundary-review,,no,yes,Coordinates retained only. Must be reviewed visually/semantically before region assignment.,Coordinates retained only. Must be reviewed visually/semantically before region assignment.
S-409,IU-409,80a0e0aac14586449c2f4068248a44f31f178c79,80a0e0aac1,8535.933,37100.425,8881.933,37341.425,692,482,L-114: need retryonmount  true (default) | L-112: flow with catching error in booundary and trying rerender with refetching the query instead of rerendering with error... | L-113: queryerrorresetboundary,unreviewed-needs-visual-boundary-review,,no,yes,Coordinates retained only. Must be reviewed visually/semantically before region assignment.,Coordinates retained only. Must be reviewed visually/semantically before region assignment.
S-410,IU-410,c8f2acd49756cad6ed1a608dc99b19bf44784196,c8f2acd497,2869.581,37109.423,3313.081,37348.423,887,478,L-110: react marksstate updates and rerenders that they cause as urgent and non urgent so we can have urgent updates while w... | L-116: use to show that new page is loading while the old page is still on the screen | L-109: usetransition,unreviewed-needs-visual-boundary-review,,no,yes,Coordinates retained only. Must be reviewed visually/semantically before region assignment.,Coordinates retained only. Must be reviewed visually/semantically before region assignment.
S-411,IU-411,e55cc5a5e648d2a24a1b5222afec6d5737fb5102,e55cc5a5e6,7358.617,37173.83,7800.617,37327.83,884,308,L-111: will it retry with throwonerror? | L-112: flow with catching error in booundary and trying rerender with refetching the query instead of rerendering with error... | L-114: need retryonmount  true (default),unreviewed-needs-visual-boundary-review,,no,yes,Coordinates retained only. Must be reviewed visually/semantically before region assignment.,Coordinates retained only. Must be reviewed visually/semantically before region assignment.
S-412,IU-412,c1bdab56fbf114e0db90b9da8e739a32402be74a,c1bdab56fb,9702.472,37272.078,10100.972,37513.078,797,482,L-114: need retryonmount  true (default) | L-113: queryerrorresetboundary | L-112: flow with catching error in booundary and trying rerender with refetching the query instead of rerendering with error...,unreviewed-needs-visual-boundary-review,,no,yes,Coordinates retained only. Must be reviewed visually/semantically before region assignment.,Coordinates retained only. Must be reviewed visually/semantically before region assignment.
S-413,IU-413,5e8f804ee442161aab2412c69b89706035e0cfcd,5e8f804ee4,4282.582,37339.163,4548.582,37526.163,532,374,L-109: usetransition | L-110: react marksstate updates and rerenders that they cause as urgent and non urgent so we can have urgent updates while w... | L-116: use to show that new page is loading while the old page is still on the screen,unreviewed-needs-visual-boundary-review,,no,yes,Coordinates retained only. Must be reviewed visually/semantically before region assignment.,Coordinates retained only. Must be reviewed visually/semantically before region assignment.
S-414,IU-414,86c00bd7de71587b4ede21658567949d95473cc1,86c00bd7de,5696.943,37393.805,6171.943,37599.805,950,412,L-074: OFFLINE FIRST CAN TRY TO GET DATA UNTIL IT NEED RETRIES RETRIES WILL BE QUEUED CAN TRY TO GET DATA FROM CACHE | L-065: REMOVEQUERIES RESETQUERIES,unreviewed-needs-visual-boundary-review,,no,yes,Coordinates retained only. Must be reviewed visually/semantically before region assignment.,Coordinates retained only. Must be reviewed visually/semantically before region assignment.
S-415,IU-415,7f54e43053e31378756d2a045ed9d006fe851887,7f54e43053,11901.94,37453.965,12354.44,37666.965,905,426,L-115: performance structural sharing observers SELECT | L-107: Query key factories | L-121: msw,unreviewed-needs-visual-boundary-review,,no,yes,Coordinates retained only. Must be reviewed visually/semantically before region assignment.,Coordinates retained only. Must be reviewed visually/semantically before region assignment.
S-416,IU-416,3a4b17c0bde0b5208598fb5785d7bc5d93a81954,3a4b17c0bd,8521.459,37590.218,8881.959,37825.218,721,470,L-074: OFFLINE FIRST CAN TRY TO GET DATA UNTIL IT NEED RETRIES RETRIES WILL BE QUEUED CAN TRY TO GET DATA FROM CACHE | L-065: REMOVEQUERIES RESETQUERIES,unreviewed-needs-visual-boundary-review,,no,yes,Coordinates retained only. Must be reviewed visually/semantically before region assignment.,Coordinates retained only. Must be reviewed visually/semantically before region assignment.
S-417,IU-417,0aad523474b0ccc3eae0ee7a0ab8e71feb0762b6,0aad523474,2991.526,37615.534,3357.526,37719.534,732,208,L-116: use to show that new page is loading while the old page is still on the screen | L-110: react marksstate updates and rerenders that they cause as urgent and non urgent so we can have urgent updates while w... | L-109: usetransition,unreviewed-needs-visual-boundary-review,,no,yes,Coordinates retained only. Must be reviewed visually/semantically before region assignment.,Coordinates retained only. Must be reviewed visually/semantically before region assignment.
S-418,IU-418,3bdb1b257ac1f8c5dd5b6065fc50581a3c34ee89,3bdb1b257a,4208.822,37728.664,4664.822,37968.164,912,479,L-109: usetransition | L-110: react marksstate updates and rerenders that they cause as urgent and non urgent so we can have urgent updates while w... | L-116: use to show that new page is loading while the old page is still on the screen,unreviewed-needs-visual-boundary-review,,no,yes,Coordinates retained only. Must be reviewed visually/semantically before region assignment.,Coordinates retained only. Must be reviewed visually/semantically before region assignment.
S-419,IU-419,2736adf8b045b426ab28082e15c6acdee922cd65,2736adf8b0,9687.7,37775.412,10103.7,38016.412,832,482,L-118: Testing | L-121: msw | L-115: performance structural sharing observers SELECT,unreviewed-needs-visual-boundary-review,,no,yes,Coordinates retained only. Must be reviewed visually/semantically before region assignment.,Coordinates retained only. Must be reviewed visually/semantically before region assignment.
S-420,IU-420,95c0e9bb43ee2b8ea457e93f53c155cf8506143b,95c0e9bb43,5710.829,37813.887,6036.829,38054.887,652,482,L-074: OFFLINE FIRST CAN TRY TO GET DATA UNTIL IT NEED RETRIES RETRIES WILL BE QUEUED CAN TRY TO GET DATA FROM CACHE | L-065: REMOVEQUERIES RESETQUERIES,unreviewed-needs-visual-boundary-review,,no,yes,Coordinates retained only. Must be reviewed visually/semantically before region assignment.,Coordinates retained only. Must be reviewed visually/semantically before region assignment.
S-421,IU-421,84844e7d4bfd13591c2cb198c46f85224a9175d3,84844e7d4b,2993.583,37864.423,3346.083,38025.923,705,323,L-116: use to show that new page is loading while the old page is still on the screen | L-110: react marksstate updates and rerenders that they cause as urgent and non urgent so we can have urgent updates while w... | L-109: usetransition,unreviewed-needs-visual-boundary-review,,no,yes,Coordinates retained only. Must be reviewed visually/semantically before region assignment.,Coordinates retained only. Must be reviewed visually/semantically before region assignment.
S-422,IU-422,551b3e703915489868a24fe5eda8678133ba555c,551b3e7039,8496.338,38071.4,8909.838,38283.4,827,424,L-074: OFFLINE FIRST CAN TRY TO GET DATA UNTIL IT NEED RETRIES RETRIES WILL BE QUEUED CAN TRY TO GET DATA FROM CACHE | L-065: REMOVEQUERIES RESETQUERIES,unreviewed-needs-visual-boundary-review,,no,yes,Coordinates retained only. Must be reviewed visually/semantically before region assignment.,Coordinates retained only. Must be reviewed visually/semantically before region assignment.
S-423,IU-423,5d5a0ccf6e360c9c05c441bfe0e72fc5e36ba8f7,5d5a0ccf6e,4195.171,38167.008,4579.671,38408.008,769,482,L-074: OFFLINE FIRST CAN TRY TO GET DATA UNTIL IT NEED RETRIES RETRIES WILL BE QUEUED CAN TRY TO GET DATA FROM CACHE | L-065: REMOVEQUERIES RESETQUERIES,unreviewed-needs-visual-boundary-review,,no,yes,Coordinates retained only. Must be reviewed visually/semantically before region assignment.,Coordinates retained only. Must be reviewed visually/semantically before region assignment.
S-424,IU-424,3be0fe39970d650266ad1843641ce981af4fdfa1,3be0fe3997,2975.583,38190.09,3431.083,38372.59,911,365,L-074: OFFLINE FIRST CAN TRY TO GET DATA UNTIL IT NEED RETRIES RETRIES WILL BE QUEUED CAN TRY TO GET DATA FROM CACHE | L-065: REMOVEQUERIES RESETQUERIES,unreviewed-needs-visual-boundary-review,,no,yes,Coordinates retained only. Must be reviewed visually/semantically before region assignment.,Coordinates retained only. Must be reviewed visually/semantically before region assignment.
S-425,IU-425,04afe6e8fc9ba86c57c00e47a10071a98f4df4ae,04afe6e8fc,5681.49,38301.506,5994.99,38542.506,627,482,L-074: OFFLINE FIRST CAN TRY TO GET DATA UNTIL IT NEED RETRIES RETRIES WILL BE QUEUED CAN TRY TO GET DATA FROM CACHE | L-065: REMOVEQUERIES RESETQUERIES,unreviewed-needs-visual-boundary-review,,no,yes,Coordinates retained only. Must be reviewed visually/semantically before region assignment.,Coordinates retained only. Must be reviewed visually/semantically before region assignment.
S-426,IU-426,0798cdbadb39a978acff77fd1c170d8c35675419,0798cdbadb,11941.329,38324.409,12363.329,38511.409,844,374,L-115: performance structural sharing observers SELECT | L-121: msw | L-118: Testing,unreviewed-needs-visual-boundary-review,,no,yes,Coordinates retained only. Must be reviewed visually/semantically before region assignment.,Coordinates retained only. Must be reviewed visually/semantically before region assignment.
S-427,IU-427,f300d1e3f87dc2b2d5f63497b80cedd9088ac61e,f300d1e3f8,13453.747,38496.805,13704.247,38632.805,501,272,L-117: select | L-119: rerendering with/without select | L-120: select usage examples,unreviewed-needs-visual-boundary-review,,no,yes,Coordinates retained only. Must be reviewed visually/semantically before region assignment.,Coordinates retained only. Must be reviewed visually/semantically before region assignment.
S-428,IU-428,57b6c5e673eb79451a19c894bbe0f33e9b2d46a8,57b6c5e673,8478.036,38509.949,8837.036,38750.949,718,482,L-074: OFFLINE FIRST CAN TRY TO GET DATA UNTIL IT NEED RETRIES RETRIES WILL BE QUEUED CAN TRY TO GET DATA FROM CACHE | L-065: REMOVEQUERIES RESETQUERIES,unreviewed-needs-visual-boundary-review,,no,yes,Coordinates retained only. Must be reviewed visually/semantically before region assignment.,Coordinates retained only. Must be reviewed visually/semantically before region assignment.
S-429,IU-429,64ae29536de7a10006ac9cbb2943081c50efeb0c,64ae29536d,4199.989,38668.831,4386.489,38829.831,373,322,L-074: OFFLINE FIRST CAN TRY TO GET DATA UNTIL IT NEED RETRIES RETRIES WILL BE QUEUED CAN TRY TO GET DATA FROM CACHE | L-065: REMOVEQUERIES RESETQUERIES,unreviewed-needs-visual-boundary-review,,no,yes,Coordinates retained only. Must be reviewed visually/semantically before region assignment.,Coordinates retained only. Must be reviewed visually/semantically before region assignment.
S-430,IU-430,05b749830972c61d5e3f8ed10079493f92aa602f,05b7498309,9654.395,38688.745,10116.895,38929.745,925,482,L-118: Testing | L-121: msw | L-115: performance structural sharing observers SELECT,unreviewed-needs-visual-boundary-review,,no,yes,Coordinates retained only. Must be reviewed visually/semantically before region assignment.,Coordinates retained only. Must be reviewed visually/semantically before region assignment.
S-431,IU-431,c327c603e858f3eea25a60e2ff86d5cd0872762c,c327c603e8,11947.834,38716.92,12314.334,38957.92,733,482,L-115: performance structural sharing observers SELECT | L-121: msw | L-118: Testing,unreviewed-needs-visual-boundary-review,,no,yes,Coordinates retained only. Must be reviewed visually/semantically before region assignment.,Coordinates retained only. Must be reviewed visually/semantically before region assignment.
S-432,IU-432,f9d115e85c4eb936f8abd37f086adef7b1d2878a,f9d115e85c,13442.502,38796.741,13749.002,38976.741,613,360,L-119: rerendering with/without select | L-117: select | L-120: select usage examples,unreviewed-needs-visual-boundary-review,,no,yes,Coordinates retained only. Must be reviewed visually/semantically before region assignment.,Coordinates retained only. Must be reviewed visually/semantically before region assignment.
S-433,IU-433,0ff4794c70b64a628a816540f897dbbbdb2b3f8b,0ff4794c70,5692.848,38806.138,5973.848,38933.138,562,254,L-074: OFFLINE FIRST CAN TRY TO GET DATA UNTIL IT NEED RETRIES RETRIES WILL BE QUEUED CAN TRY TO GET DATA FROM CACHE | L-065: REMOVEQUERIES RESETQUERIES,unreviewed-needs-visual-boundary-review,,no,yes,Coordinates retained only. Must be reviewed visually/semantically before region assignment.,Coordinates retained only. Must be reviewed visually/semantically before region assignment.
S-434,IU-434,7af8af0e27145c7af17c2226660babc9c5d8686e,7af8af0e27,14519.703,38808.023,14723.703,38988.023,408,360,L-119: rerendering with/without select | L-120: select usage examples | L-117: select,unreviewed-needs-visual-boundary-review,,no,yes,Coordinates retained only. Must be reviewed visually/semantically before region assignment.,Coordinates retained only. Must be reviewed visually/semantically before region assignment.
S-435,IU-435,2ff8c1ed2c016c993aad3331e606ad8c6067b710,2ff8c1ed2c,15834.033,38820.726,16299.533,38983.226,931,325,L-120: select usage examples | L-123: !!! | L-119: rerendering with/without select,unreviewed-needs-visual-boundary-review,,no,yes,Coordinates retained only. Must be reviewed visually/semantically before region assignment.,Coordinates retained only. Must be reviewed visually/semantically before region assignment.
S-436,IU-436,5b31422c3668f292715c3c8257c9150efd0d0153,5b31422c36,4181.655,38990.331,4443.155,39224.831,523,469,L-074: OFFLINE FIRST CAN TRY TO GET DATA UNTIL IT NEED RETRIES RETRIES WILL BE QUEUED CAN TRY TO GET DATA FROM CACHE | L-065: REMOVEQUERIES RESETQUERIES,unreviewed-needs-visual-boundary-review,,no,yes,Coordinates retained only. Must be reviewed visually/semantically before region assignment.,Coordinates retained only. Must be reviewed visually/semantically before region assignment.
S-437,IU-437,05397c5c1b4316825edafe04f61187d87a624b3b,05397c5c1b,8457.879,38995.201,8795.379,39189.201,675,388,L-074: OFFLINE FIRST CAN TRY TO GET DATA UNTIL IT NEED RETRIES RETRIES WILL BE QUEUED CAN TRY TO GET DATA FROM CACHE | L-065: REMOVEQUERIES RESETQUERIES,unreviewed-needs-visual-boundary-review,,no,yes,Coordinates retained only. Must be reviewed visually/semantically before region assignment.,Coordinates retained only. Must be reviewed visually/semantically before region assignment.
S-438,IU-438,8298e740e1a91b544082fa4499b679ef799faed3,8298e740e1,5663.657,39105.781,6097.657,39310.281,868,409,L-074: OFFLINE FIRST CAN TRY TO GET DATA UNTIL IT NEED RETRIES RETRIES WILL BE QUEUED CAN TRY TO GET DATA FROM CACHE | L-065: REMOVEQUERIES RESETQUERIES,unreviewed-needs-visual-boundary-review,,no,yes,Coordinates retained only. Must be reviewed visually/semantically before region assignment.,Coordinates retained only. Must be reviewed visually/semantically before region assignment.
S-439,IU-439,f85216609d06e21ee683ab344bac156e18135354,f85216609d,15835.2,39155.366,16286.2,39390.866,902,471,L-120: select usage examples | L-123: !!! | L-119: rerendering with/without select,unreviewed-needs-visual-boundary-review,,no,yes,Coordinates retained only. Must be reviewed visually/semantically before region assignment.,Coordinates retained only. Must be reviewed visually/semantically before region assignment.
S-440,IU-440,f45203256b39574a40c1e940415025b65688be4e,f45203256b,13447.424,39162.638,13897.924,39394.138,901,463,L-119: rerendering with/without select | L-117: select | L-124: memoizing selectors to avoid recomputation of select on every rerender,unreviewed-needs-visual-boundary-review,,no,yes,Coordinates retained only. Must be reviewed visually/semantically before region assignment.,Coordinates retained only. Must be reviewed visually/semantically before region assignment.
S-441,IU-441,d086ba0a5e848fac015887d2583cbd651f03677a,d086ba0a5e,9662.067,39176.568,10033.567,39296.568,743,240,L-121: msw | L-118: Testing | L-115: performance structural sharing observers SELECT,unreviewed-needs-visual-boundary-review,,no,yes,Coordinates retained only. Must be reviewed visually/semantically before region assignment.,Coordinates retained only. Must be reviewed visually/semantically before region assignment.
S-442,IU-442,9d94722eb463f47a7feba807b5fac07334402924,9d94722eb4,14521.562,39184.489,14821.562,39366.489,600,364,L-119: rerendering with/without select | L-120: select usage examples | L-117: select,unreviewed-needs-visual-boundary-review,,no,yes,Coordinates retained only. Must be reviewed visually/semantically before region assignment.,Coordinates retained only. Must be reviewed visually/semantically before region assignment.
S-443,IU-443,0e6acb8429c40f5702832aaf828539dea378ce5e,0e6acb8429,11952.17,39225.808,12392.17,39466.808,880,482,L-121: msw | L-115: performance structural sharing observers SELECT | L-118: Testing,unreviewed-needs-visual-boundary-review,,no,yes,Coordinates retained only. Must be reviewed visually/semantically before region assignment.,Coordinates retained only. Must be reviewed visually/semantically before region assignment.
S-444,IU-444,183e59182f0e2ffda1ff08822f8fc22c83fdbba7,183e59182f,8442.551,39405.187,8776.551,39646.187,668,482,L-074: OFFLINE FIRST CAN TRY TO GET DATA UNTIL IT NEED RETRIES RETRIES WILL BE QUEUED CAN TRY TO GET DATA FROM CACHE | L-065: REMOVEQUERIES RESETQUERIES,unreviewed-needs-visual-boundary-review,,no,yes,Coordinates retained only. Must be reviewed visually/semantically before region assignment.,Coordinates retained only. Must be reviewed visually/semantically before region assignment.
S-445,IU-445,a3a53e14efeaf7af25ee60a71058c1713a796b19,a3a53e14ef,9627.4,39443.068,10036.9,39571.568,819,257,L-121: msw | L-118: Testing | L-115: performance structural sharing observers SELECT,unreviewed-needs-visual-boundary-review,,no,yes,Coordinates retained only. Must be reviewed visually/semantically before region assignment.,Coordinates retained only. Must be reviewed visually/semantically before region assignment.
S-446,IU-446,69014824395d4e8c1bccfe770c9b5554ae911167,6901482439,4124.655,39506.164,4588.155,39638.164,927,264,L-074: OFFLINE FIRST CAN TRY TO GET DATA UNTIL IT NEED RETRIES RETRIES WILL BE QUEUED CAN TRY TO GET DATA FROM CACHE | L-065: REMOVEQUERIES RESETQUERIES,unreviewed-needs-visual-boundary-review,,no,yes,Coordinates retained only. Must be reviewed visually/semantically before region assignment.,Coordinates retained only. Must be reviewed visually/semantically before region assignment.
S-447,IU-447,561c21b24d0fa8f22bf3aa2d96ba02381ed3f2ff,561c21b24d,5683.818,39518.553,5948.818,39759.553,530,482,L-074: OFFLINE FIRST CAN TRY TO GET DATA UNTIL IT NEED RETRIES RETRIES WILL BE QUEUED CAN TRY TO GET DATA FROM CACHE | L-065: REMOVEQUERIES RESETQUERIES,unreviewed-needs-visual-boundary-review,,no,yes,Coordinates retained only. Must be reviewed visually/semantically before region assignment.,Coordinates retained only. Must be reviewed visually/semantically before region assignment.
S-448,IU-448,97fc0cac7ac89f2dfc8cf519af3b9753019e4c2e,97fc0cac7a,10862.504,39543.547,11289.004,39758.547,853,430,L-074: OFFLINE FIRST CAN TRY TO GET DATA UNTIL IT NEED RETRIES RETRIES WILL BE QUEUED CAN TRY TO GET DATA FROM CACHE | L-065: REMOVEQUERIES RESETQUERIES,unreviewed-needs-visual-boundary-review,,no,yes,Coordinates retained only. Must be reviewed visually/semantically before region assignment.,Coordinates retained only. Must be reviewed visually/semantically before region assignment.
S-449,IU-449,c34c30d1ff999efb4c6764035dbd5845eca43bc9,c34c30d1ff,13452.348,39627.882,13662.848,39802.382,421,349,L-119: rerendering with/without select | L-124: memoizing selectors to avoid recomputation of select on every rerender | L-117: select,unreviewed-needs-visual-boundary-review,,no,yes,Coordinates retained only. Must be reviewed visually/semantically before region assignment.,Coordinates retained only. Must be reviewed visually/semantically before region assignment.
S-450,IU-450,354cfa90ecf9a430aa38d53fdf3a5b4ecf9536e6,354cfa90ec,14533.048,39662.125,14796.548,39893.625,527,463,"L-119: rerendering with/without select | L-120: select usage examples | L-125: so we dont memooize result with usecallback, we memoize the reference of the function, we can memoize result with use...",unreviewed-needs-visual-boundary-review,,no,yes,Coordinates retained only. Must be reviewed visually/semantically before region assignment.,Coordinates retained only. Must be reviewed visually/semantically before region assignment.
S-451,IU-451,118de21a71ec47bdd6b287720bc423f3908d2b75,118de21a71,15813.271,39678.842,16274.771,39901.342,923,445,"L-123: !!! | L-120: select usage examples | L-125: so we dont memooize result with usecallback, we memoize the reference of the function, we can memoize result with use...",unreviewed-needs-visual-boundary-review,,no,yes,Coordinates retained only. Must be reviewed visually/semantically before region assignment.,Coordinates retained only. Must be reviewed visually/semantically before region assignment.
S-452,IU-452,c0d79a464d6c218bc4648321b7a841252b03ca41,c0d79a464d,9620.29,39707.078,9975.29,39948.078,710,482,L-074: OFFLINE FIRST CAN TRY TO GET DATA UNTIL IT NEED RETRIES RETRIES WILL BE QUEUED CAN TRY TO GET DATA FROM CACHE | L-065: REMOVEQUERIES RESETQUERIES,unreviewed-needs-visual-boundary-review,,no,yes,Coordinates retained only. Must be reviewed visually/semantically before region assignment.,Coordinates retained only. Must be reviewed visually/semantically before region assignment.
S-453,IU-453,69361022f895a4cfb7e57eb59cac1448209a5157,69361022f8,11932.94,39714.798,12394.44,39940.298,923,451,L-124: memoizing selectors to avoid recomputation of select on every rerender | L-117: select | L-126: pure selectors,unreviewed-needs-visual-boundary-review,,no,yes,Coordinates retained only. Must be reviewed visually/semantically before region assignment.,Coordinates retained only. Must be reviewed visually/semantically before region assignment.
S-454,IU-454,b5e8b40ff48963193812fe783142fdbe7d9e006f,b5e8b40ff4,8321.498,39887.82,8762.998,39996.82,883,218,L-074: OFFLINE FIRST CAN TRY TO GET DATA UNTIL IT NEED RETRIES RETRIES WILL BE QUEUED CAN TRY TO GET DATA FROM CACHE | L-065: REMOVEQUERIES RESETQUERIES,unreviewed-needs-visual-boundary-review,,no,yes,Coordinates retained only. Must be reviewed visually/semantically before region assignment.,Coordinates retained only. Must be reviewed visually/semantically before region assignment.
S-455,IU-455,9f0168a4d51aa761b51578d201f5c00d1ce53c65,9f0168a4d5,10863.597,39981.084,11201.597,40211.584,676,461,L-074: OFFLINE FIRST CAN TRY TO GET DATA UNTIL IT NEED RETRIES RETRIES WILL BE QUEUED CAN TRY TO GET DATA FROM CACHE | L-065: REMOVEQUERIES RESETQUERIES,unreviewed-needs-visual-boundary-review,,no,yes,Coordinates retained only. Must be reviewed visually/semantically before region assignment.,Coordinates retained only. Must be reviewed visually/semantically before region assignment.
S-456,IU-456,8c2777d94ef21a5101d2cba349b6ca9eb1261f0d,8c2777d94e,13443.399,39992.702,13904.899,40195.202,923,405,L-124: memoizing selectors to avoid recomputation of select on every rerender | L-119: rerendering with/without select | L-126: pure selectors,unreviewed-needs-visual-boundary-review,,no,yes,Coordinates retained only. Must be reviewed visually/semantically before region assignment.,Coordinates retained only. Must be reviewed visually/semantically before region assignment.
S-457,IU-457,a7257b2fb891168ab235386a9fb4b793a5e9fcb1,a7257b2fb8,8331.141,40114.32,8780.141,40316.82,898,405,L-074: OFFLINE FIRST CAN TRY TO GET DATA UNTIL IT NEED RETRIES RETRIES WILL BE QUEUED CAN TRY TO GET DATA FROM CACHE | L-065: REMOVEQUERIES RESETQUERIES,unreviewed-needs-visual-boundary-review,,no,yes,Coordinates retained only. Must be reviewed visually/semantically before region assignment.,Coordinates retained only. Must be reviewed visually/semantically before region assignment.
S-458,IU-458,6417d8eeec2bd51cf2c74e7c1be39c82f74bed65,6417d8eeec,4120.903,40131.452,4429.403,40372.452,617,482,L-122: step by step comparison | L-127: best practises summmary key points,unreviewed-needs-visual-boundary-review,,no,yes,Coordinates retained only. Must be reviewed visually/semantically before region assignment.,Coordinates retained only. Must be reviewed visually/semantically before region assignment.
S-459,IU-459,ec416766ce075dbd87715a1e41237103c817094d,ec416766ce,14529.605,40138.908,14979.105,40370.408,899,463,"L-125: so we dont memooize result with usecallback, we memoize the reference of the function, we can memoize result with use... | L-123: !!! | L-124: memoizing selectors to avoid recomputation of select on every rerender",unreviewed-needs-visual-boundary-review,,no,yes,Coordinates retained only. Must be reviewed visually/semantically before region assignment.,Coordinates retained only. Must be reviewed visually/semantically before region assignment.
S-460,IU-460,d773e1a9cebd670c85a31c0422d62c1d317ffee7,d773e1a9ce,15827.49,40142.091,16089.99,40383.091,525,482,"L-123: !!! | L-120: select usage examples | L-125: so we dont memooize result with usecallback, we memoize the reference of the function, we can memoize result with use...",unreviewed-needs-visual-boundary-review,,no,yes,Coordinates retained only. Must be reviewed visually/semantically before region assignment.,Coordinates retained only. Must be reviewed visually/semantically before region assignment.
S-461,IU-461,43d3cbe5923d4aabf728ae571ed52a17440591fb,43d3cbe592,9607.305,40235.782,10073.805,40417.282,933,363,L-074: OFFLINE FIRST CAN TRY TO GET DATA UNTIL IT NEED RETRIES RETRIES WILL BE QUEUED CAN TRY TO GET DATA FROM CACHE | L-065: REMOVEQUERIES RESETQUERIES,unreviewed-needs-visual-boundary-review,,no,yes,Coordinates retained only. Must be reviewed visually/semantically before region assignment.,Coordinates retained only. Must be reviewed visually/semantically before region assignment.
S-462,IU-462,18fbb6e056661cb1eda94b12ec4af5ccf50d42bb,18fbb6e056,13458.822,40401.535,13741.822,40568.535,566,334,"L-124: memoizing selectors to avoid recomputation of select on every rerender | L-126: pure selectors | L-125: so we dont memooize result with usecallback, we memoize the reference of the function, we can memoize result with use...",unreviewed-needs-visual-boundary-review,,no,yes,Coordinates retained only. Must be reviewed visually/semantically before region assignment.,Coordinates retained only. Must be reviewed visually/semantically before region assignment.
S-463,IU-463,90c5d6a45a2cee244efcde367d0af049be829cf3,90c5d6a45a,10980.321,40490.724,11186.821,40731.724,413,482,L-074: OFFLINE FIRST CAN TRY TO GET DATA UNTIL IT NEED RETRIES RETRIES WILL BE QUEUED CAN TRY TO GET DATA FROM CACHE | L-065: REMOVEQUERIES RESETQUERIES,unreviewed-needs-visual-boundary-review,,no,yes,Coordinates retained only. Must be reviewed visually/semantically before region assignment.,Coordinates retained only. Must be reviewed visually/semantically before region assignment.
S-464,IU-464,60fc4df97eca9ddab2542b8f6e57f0368b84f74f,60fc4df97e,8319.689,40552.32,8799.189,40756.82,959,409,L-074: OFFLINE FIRST CAN TRY TO GET DATA UNTIL IT NEED RETRIES RETRIES WILL BE QUEUED CAN TRY TO GET DATA FROM CACHE | L-065: REMOVEQUERIES RESETQUERIES,unreviewed-needs-visual-boundary-review,,no,yes,Coordinates retained only. Must be reviewed visually/semantically before region assignment.,Coordinates retained only. Must be reviewed visually/semantically before region assignment.
S-465,IU-465,5500f634764321d73bbcd2e77458d23ecd7d5c9d,5500f63476,4101.774,40578.14,4510.774,40798.64,818,441,L-122: step by step comparison | L-127: best practises summmary key points,unreviewed-needs-visual-boundary-review,,no,yes,Coordinates retained only. Must be reviewed visually/semantically before region assignment.,Coordinates retained only. Must be reviewed visually/semantically before region assignment.
S-466,IU-466,dca612dbc2b8247b507a0365a76ee350c4cb770b,dca612dbc2,15845.319,40589.485,16093.819,40718.485,497,258,"L-123: !!! | L-125: so we dont memooize result with usecallback, we memoize the reference of the function, we can memoize result with use... | L-120: select usage examples",unreviewed-needs-visual-boundary-review,,no,yes,Coordinates retained only. Must be reviewed visually/semantically before region assignment.,Coordinates retained only. Must be reviewed visually/semantically before region assignment.
S-467,IU-467,3eb24d26ddcc7e5d3bf8999b8ca19a631fc77e5b,3eb24d26dd,9588.305,40603.115,10033.805,40750.615,891,295,L-074: OFFLINE FIRST CAN TRY TO GET DATA UNTIL IT NEED RETRIES RETRIES WILL BE QUEUED CAN TRY TO GET DATA FROM CACHE | L-065: REMOVEQUERIES RESETQUERIES,unreviewed-needs-visual-boundary-review,,no,yes,Coordinates retained only. Must be reviewed visually/semantically before region assignment.,Coordinates retained only. Must be reviewed visually/semantically before region assignment.
S-468,IU-468,572bca185e082e38de31d1b92191e72a879aa6f6,572bca185e,13491.528,40722.638,13834.028,40954.138,685,463,"L-124: memoizing selectors to avoid recomputation of select on every rerender | L-126: pure selectors | L-125: so we dont memooize result with usecallback, we memoize the reference of the function, we can memoize result with use...",unreviewed-needs-visual-boundary-review,,no,yes,Coordinates retained only. Must be reviewed visually/semantically before region assignment.,Coordinates retained only. Must be reviewed visually/semantically before region assignment.
S-469,IU-469,bf76afefe1d859ecc2d404872fb85cd701255b05,bf76afefe1,8296.495,40970.378,8637.495,41211.378,682,482,L-074: OFFLINE FIRST CAN TRY TO GET DATA UNTIL IT NEED RETRIES RETRIES WILL BE QUEUED CAN TRY TO GET DATA FROM CACHE | L-065: REMOVEQUERIES RESETQUERIES,unreviewed-needs-visual-boundary-review,,no,yes,Coordinates retained only. Must be reviewed visually/semantically before region assignment.,Coordinates retained only. Must be reviewed visually/semantically before region assignment.
S-470,IU-470,17b1958ff64656145c26cb10520fd1b4e00cebb1,17b1958ff6,10987.467,40985.304,11251.967,41220.304,529,470,L-074: OFFLINE FIRST CAN TRY TO GET DATA UNTIL IT NEED RETRIES RETRIES WILL BE QUEUED CAN TRY TO GET DATA FROM CACHE | L-065: REMOVEQUERIES RESETQUERIES,unreviewed-needs-visual-boundary-review,,no,yes,Coordinates retained only. Must be reviewed visually/semantically before region assignment.,Coordinates retained only. Must be reviewed visually/semantically before region assignment.
S-471,IU-471,db04f355024ee55c37faa7f7bb7db31505224b41,db04f35502,4104.655,41012.831,4433.155,41214.831,657,404,L-122: step by step comparison | L-127: best practises summmary key points,unreviewed-needs-visual-boundary-review,,no,yes,Coordinates retained only. Must be reviewed visually/semantically before region assignment.,Coordinates retained only. Must be reviewed visually/semantically before region assignment.
S-472,IU-472,6dfbaf85774231eff86b0b42dec14e158d6379d7,6dfbaf8577,4077.61,41440.341,4446.61,41681.341,738,482,L-122: step by step comparison | L-127: best practises summmary key points,unreviewed-needs-visual-boundary-review,,no,yes,Coordinates retained only. Must be reviewed visually/semantically before region assignment.,Coordinates retained only. Must be reviewed visually/semantically before region assignment.
S-473,IU-473,7af4c6f67bcd3324b89eccfb6f78757b44a2193c,7af4c6f67b,10997.994,41469.814,11229.994,41710.814,464,482,L-074: OFFLINE FIRST CAN TRY TO GET DATA UNTIL IT NEED RETRIES RETRIES WILL BE QUEUED CAN TRY TO GET DATA FROM CACHE | L-065: REMOVEQUERIES RESETQUERIES,unreviewed-needs-visual-boundary-review,,no,yes,Coordinates retained only. Must be reviewed visually/semantically before region assignment.,Coordinates retained only. Must be reviewed visually/semantically before region assignment.
S-474,IU-474,78182e8040c0cd7224282f9b1c6e552beabc92b5,78182e8040,14896.713,41851.593,15291.213,42092.593,789,482,"L-125: so we dont memooize result with usecallback, we memoize the reference of the function, we can memoize result with use... | L-126: pure selectors | L-124: memoizing selectors to avoid recomputation of select on every rerender",unreviewed-needs-visual-boundary-review,,no,yes,Coordinates retained only. Must be reviewed visually/semantically before region assignment.,Coordinates retained only. Must be reviewed visually/semantically before region assignment.
S-475,IU-475,6f877c26512ae5200e421587d803978e5acee95b,6f877c2651,4087.822,41925.164,4384.822,42163.164,594,476,L-122: step by step comparison | L-127: best practises summmary key points,unreviewed-needs-visual-boundary-review,,no,yes,Coordinates retained only. Must be reviewed visually/semantically before region assignment.,Coordinates retained only. Must be reviewed visually/semantically before region assignment.
S-476,IU-476,26768fa11db9448c41ead1e70e984c7b0e0a63bf,26768fa11d,11014.227,41956.481,11283.227,42197.481,538,482,L-074: OFFLINE FIRST CAN TRY TO GET DATA UNTIL IT NEED RETRIES RETRIES WILL BE QUEUED CAN TRY TO GET DATA FROM CACHE | L-065: REMOVEQUERIES RESETQUERIES,unreviewed-needs-visual-boundary-review,,no,yes,Coordinates retained only. Must be reviewed visually/semantically before region assignment.,Coordinates retained only. Must be reviewed visually/semantically before region assignment.
S-477,IU-477,fa55186e8dfc7729af840cdedbc0981ba89f1eed,fa55186e8d,13552.843,42122.997,13967.843,42363.997,830,482,L-074: OFFLINE FIRST CAN TRY TO GET DATA UNTIL IT NEED RETRIES RETRIES WILL BE QUEUED CAN TRY TO GET DATA FROM CACHE | L-065: REMOVEQUERIES RESETQUERIES,unreviewed-needs-visual-boundary-review,,no,yes,Coordinates retained only. Must be reviewed visually/semantically before region assignment.,Coordinates retained only. Must be reviewed visually/semantically before region assignment.
S-478,IU-478,4ffdc9f2a6dc9443f925ea9d125977c0871c946c,4ffdc9f2a6,14888.622,42347.249,15338.122,42580.749,899,467,L-065: REMOVEQUERIES RESETQUERIES | L-074: OFFLINE FIRST CAN TRY TO GET DATA UNTIL IT NEED RETRIES RETRIES WILL BE QUEUED CAN TRY TO GET DATA FROM CACHE,unreviewed-needs-visual-boundary-review,,no,yes,Coordinates retained only. Must be reviewed visually/semantically before region assignment.,Coordinates retained only. Must be reviewed visually/semantically before region assignment.
S-479,IU-479,8e9a7a7ae4880c6b4376174f200358c84ec124ed,8e9a7a7ae4,4025.798,42422.545,4327.298,42558.545,603,272,L-122: step by step comparison | L-127: best practises summmary key points,unreviewed-needs-visual-boundary-review,,no,yes,Coordinates retained only. Must be reviewed visually/semantically before region assignment.,Coordinates retained only. Must be reviewed visually/semantically before region assignment.
S-480,IU-480,57ccecac25ab1336ae8d47778302ba05805f1e8e,57ccecac25,11005.244,42466.971,11305.744,42674.971,601,416,L-074: OFFLINE FIRST CAN TRY TO GET DATA UNTIL IT NEED RETRIES RETRIES WILL BE QUEUED CAN TRY TO GET DATA FROM CACHE | L-065: REMOVEQUERIES RESETQUERIES,unreviewed-needs-visual-boundary-review,,no,yes,Coordinates retained only. Must be reviewed visually/semantically before region assignment.,Coordinates retained only. Must be reviewed visually/semantically before region assignment.
S-481,IU-481,206b5fe9bc590f857283ddfc355944483fa3505f,206b5fe9bc,13543.835,42594.664,14026.335,42835.664,965,482,L-074: OFFLINE FIRST CAN TRY TO GET DATA UNTIL IT NEED RETRIES RETRIES WILL BE QUEUED CAN TRY TO GET DATA FROM CACHE | L-065: REMOVEQUERIES RESETQUERIES,unreviewed-needs-visual-boundary-review,,no,yes,Coordinates retained only. Must be reviewed visually/semantically before region assignment.,Coordinates retained only. Must be reviewed visually/semantically before region assignment.
S-482,IU-482,f6e6efb55fb040bef4b2b4ebba3a063d65d85f6e,f6e6efb55f,4032.229,42676.77,4377.729,42917.77,691,482,L-127: best practises summmary key points | L-122: step by step comparison,unreviewed-needs-visual-boundary-review,,no,yes,Coordinates retained only. Must be reviewed visually/semantically before region assignment.,Coordinates retained only. Must be reviewed visually/semantically before region assignment.
S-483,IU-483,b4fb47dabbb14ee27b7cf1d4419f7bbc4f7744a0,b4fb47dabb,14892.622,42836.749,15334.122,43040.749,883,408,L-065: REMOVEQUERIES RESETQUERIES | L-074: OFFLINE FIRST CAN TRY TO GET DATA UNTIL IT NEED RETRIES RETRIES WILL BE QUEUED CAN TRY TO GET DATA FROM CACHE,unreviewed-needs-visual-boundary-review,,no,yes,Coordinates retained only. Must be reviewed visually/semantically before region assignment.,Coordinates retained only. Must be reviewed visually/semantically before region assignment.
S-484,IU-484,9908e75ea87a5be46ae13f2587c141a655dbed15,9908e75ea8,11018.078,42892.481,11291.078,43133.481,546,482,L-074: OFFLINE FIRST CAN TRY TO GET DATA UNTIL IT NEED RETRIES RETRIES WILL BE QUEUED CAN TRY TO GET DATA FROM CACHE | L-065: REMOVEQUERIES RESETQUERIES,unreviewed-needs-visual-boundary-review,,no,yes,Coordinates retained only. Must be reviewed visually/semantically before region assignment.,Coordinates retained only. Must be reviewed visually/semantically before region assignment.
S-485,IU-485,8551008f16b35083a2b143c41d27a8df57c02bdc,8551008f16,7481.567,43016.687,7838.567,43239.187,714,445,L-074: OFFLINE FIRST CAN TRY TO GET DATA UNTIL IT NEED RETRIES RETRIES WILL BE QUEUED CAN TRY TO GET DATA FROM CACHE | L-065: REMOVEQUERIES RESETQUERIES,unreviewed-needs-visual-boundary-review,,no,yes,Coordinates retained only. Must be reviewed visually/semantically before region assignment.,Coordinates retained only. Must be reviewed visually/semantically before region assignment.
S-486,IU-486,1925501b08ddfb5f2c65b5ebd9777c2c0fdfc654,1925501b08,4026.322,43170.878,4394.822,43353.878,737,366,L-074: OFFLINE FIRST CAN TRY TO GET DATA UNTIL IT NEED RETRIES RETRIES WILL BE QUEUED CAN TRY TO GET DATA FROM CACHE | L-065: REMOVEQUERIES RESETQUERIES,unreviewed-needs-visual-boundary-review,,no,yes,Coordinates retained only. Must be reviewed visually/semantically before region assignment.,Coordinates retained only. Must be reviewed visually/semantically before region assignment.
S-487,IU-487,22b0387b6b90dd379969ec407f858474033ed1b7,22b0387b6b,14888.616,43244.926,15292.616,43485.926,808,482,L-065: REMOVEQUERIES RESETQUERIES | L-074: OFFLINE FIRST CAN TRY TO GET DATA UNTIL IT NEED RETRIES RETRIES WILL BE QUEUED CAN TRY TO GET DATA FROM CACHE,unreviewed-needs-visual-boundary-review,,no,yes,Coordinates retained only. Must be reviewed visually/semantically before region assignment.,Coordinates retained only. Must be reviewed visually/semantically before region assignment.
S-488,IU-488,4c176eaa618481818498b0cccc15b87ca620b168,4c176eaa61,11019.766,43397.814,11385.766,43638.814,732,482,L-074: OFFLINE FIRST CAN TRY TO GET DATA UNTIL IT NEED RETRIES RETRIES WILL BE QUEUED CAN TRY TO GET DATA FROM CACHE | L-065: REMOVEQUERIES RESETQUERIES,unreviewed-needs-visual-boundary-review,,no,yes,Coordinates retained only. Must be reviewed visually/semantically before region assignment.,Coordinates retained only. Must be reviewed visually/semantically before region assignment.
S-489,IU-489,2a8a82cfffd1d66e0841927c56dff321dbf585e8,2a8a82cfff,7485.686,43454.354,7806.186,43665.854,641,423,L-074: OFFLINE FIRST CAN TRY TO GET DATA UNTIL IT NEED RETRIES RETRIES WILL BE QUEUED CAN TRY TO GET DATA FROM CACHE | L-065: REMOVEQUERIES RESETQUERIES,unreviewed-needs-visual-boundary-review,,no,yes,Coordinates retained only. Must be reviewed visually/semantically before region assignment.,Coordinates retained only. Must be reviewed visually/semantically before region assignment.
S-490,IU-490,8a899870393fea4d6c4d435dbb4b6a73e8003315,8a89987039,4024.216,43519.151,4382.716,43760.151,717,482,L-074: OFFLINE FIRST CAN TRY TO GET DATA UNTIL IT NEED RETRIES RETRIES WILL BE QUEUED CAN TRY TO GET DATA FROM CACHE | L-065: REMOVEQUERIES RESETQUERIES,unreviewed-needs-visual-boundary-review,,no,yes,Coordinates retained only. Must be reviewed visually/semantically before region assignment.,Coordinates retained only. Must be reviewed visually/semantically before region assignment.
S-491,IU-491,d39fb9c20bb8236bd98960875967e8c675eae32e,d39fb9c20b,14887.259,43728.926,15308.759,43969.926,843,482,L-065: REMOVEQUERIES RESETQUERIES | L-074: OFFLINE FIRST CAN TRY TO GET DATA UNTIL IT NEED RETRIES RETRIES WILL BE QUEUED CAN TRY TO GET DATA FROM CACHE,unreviewed-needs-visual-boundary-review,,no,yes,Coordinates retained only. Must be reviewed visually/semantically before region assignment.,Coordinates retained only. Must be reviewed visually/semantically before region assignment.
S-492,IU-492,9e681381b1b6118182a787986ff19227544766c2,9e681381b1,11018.614,43873.814,11333.614,44114.814,630,482,L-074: OFFLINE FIRST CAN TRY TO GET DATA UNTIL IT NEED RETRIES RETRIES WILL BE QUEUED CAN TRY TO GET DATA FROM CACHE | L-065: REMOVEQUERIES RESETQUERIES,unreviewed-needs-visual-boundary-review,,no,yes,Coordinates retained only. Must be reviewed visually/semantically before region assignment.,Coordinates retained only. Must be reviewed visually/semantically before region assignment.
S-493,IU-493,e94b5eb363995970c9d05985112420fbdadba56f,e94b5eb363,4017.601,44004.151,4406.101,44245.151,777,482,L-074: OFFLINE FIRST CAN TRY TO GET DATA UNTIL IT NEED RETRIES RETRIES WILL BE QUEUED CAN TRY TO GET DATA FROM CACHE | L-065: REMOVEQUERIES RESETQUERIES,unreviewed-needs-visual-boundary-review,,no,yes,Coordinates retained only. Must be reviewed visually/semantically before region assignment.,Coordinates retained only. Must be reviewed visually/semantically before region assignment.
S-494,IU-494,9b8b4fe78d871b730dd8746f496548e57a6b0af6,9b8b4fe78d,14871.121,44193.749,15246.121,44408.749,750,430,L-065: REMOVEQUERIES RESETQUERIES | L-074: OFFLINE FIRST CAN TRY TO GET DATA UNTIL IT NEED RETRIES RETRIES WILL BE QUEUED CAN TRY TO GET DATA FROM CACHE,unreviewed-needs-visual-boundary-review,,no,yes,Coordinates retained only. Must be reviewed visually/semantically before region assignment.,Coordinates retained only. Must be reviewed visually/semantically before region assignment.
S-495,IU-495,49f8026ec0e8cc2ba54f3900612ab3af08ab2684,49f8026ec0,11018.911,44365.304,11368.411,44576.304,699,422,L-074: OFFLINE FIRST CAN TRY TO GET DATA UNTIL IT NEED RETRIES RETRIES WILL BE QUEUED CAN TRY TO GET DATA FROM CACHE | L-065: REMOVEQUERIES RESETQUERIES,unreviewed-needs-visual-boundary-review,,no,yes,Coordinates retained only. Must be reviewed visually/semantically before region assignment.,Coordinates retained only. Must be reviewed visually/semantically before region assignment.
S-496,IU-496,643f602633586f3ade189a2a83f16777bea0e9c4,643f602633,4004.013,44507.307,4341.013,44670.307,674,326,L-074: OFFLINE FIRST CAN TRY TO GET DATA UNTIL IT NEED RETRIES RETRIES WILL BE QUEUED CAN TRY TO GET DATA FROM CACHE | L-065: REMOVEQUERIES RESETQUERIES,unreviewed-needs-visual-boundary-review,,no,yes,Coordinates retained only. Must be reviewed visually/semantically before region assignment.,Coordinates retained only. Must be reviewed visually/semantically before region assignment.
S-497,IU-497,541ce1e1921598736f4d79fd2af305e0c12cf2c9,541ce1e192,11029.411,44796.137,11332.411,45025.637,606,459,L-074: OFFLINE FIRST CAN TRY TO GET DATA UNTIL IT NEED RETRIES RETRIES WILL BE QUEUED CAN TRY TO GET DATA FROM CACHE | L-065: REMOVEQUERIES RESETQUERIES,unreviewed-needs-visual-boundary-review,,no,yes,Coordinates retained only. Must be reviewed visually/semantically before region assignment.,Coordinates retained only. Must be reviewed visually/semantically before region assignment.
S-498,IU-498,796a1b979ec66b787588c2a1fdb4e68c7b060e8f,796a1b979e,3991.846,44862.807,4364.346,45005.307,745,285,L-074: OFFLINE FIRST CAN TRY TO GET DATA UNTIL IT NEED RETRIES RETRIES WILL BE QUEUED CAN TRY TO GET DATA FROM CACHE | L-065: REMOVEQUERIES RESETQUERIES,unreviewed-needs-visual-boundary-review,,no,yes,Coordinates retained only. Must be reviewed visually/semantically before region assignment.,Coordinates retained only. Must be reviewed visually/semantically before region assignment.
S-499,IU-499,f004c25ab31a38e32135c115013a22cc7c8ffb3d,f004c25ab3,3967.846,45151.807,4379.346,45295.307,823,287,L-074: OFFLINE FIRST CAN TRY TO GET DATA UNTIL IT NEED RETRIES RETRIES WILL BE QUEUED CAN TRY TO GET DATA FROM CACHE | L-065: REMOVEQUERIES RESETQUERIES,unreviewed-needs-visual-boundary-review,,no,yes,Coordinates retained only. Must be reviewed visually/semantically before region assignment.,Coordinates retained only. Must be reviewed visually/semantically before region assignment.
S-500,IU-500,f5131ef58afca096104efe585cacc907cd540867,f5131ef58a,11007.22,45268.481,11449.72,45509.481,885,482,L-074: OFFLINE FIRST CAN TRY TO GET DATA UNTIL IT NEED RETRIES RETRIES WILL BE QUEUED CAN TRY TO GET DATA FROM CACHE | L-065: REMOVEQUERIES RESETQUERIES,unreviewed-needs-visual-boundary-review,,no,yes,Coordinates retained only. Must be reviewed visually/semantically before region assignment.,Coordinates retained only. Must be reviewed visually/semantically before region assignment.
S-501,IU-501,c4d203ec2e5372bfdf45fcf2b8fa4274f471f9c9,c4d203ec2e,3964.679,45499.64,4417.679,45723.64,906,448,L-074: OFFLINE FIRST CAN TRY TO GET DATA UNTIL IT NEED RETRIES RETRIES WILL BE QUEUED CAN TRY TO GET DATA FROM CACHE | L-065: REMOVEQUERIES RESETQUERIES,unreviewed-needs-visual-boundary-review,,no,yes,Coordinates retained only. Must be reviewed visually/semantically before region assignment.,Coordinates retained only. Must be reviewed visually/semantically before region assignment.
S-502,IU-502,33dba8ec9f14ed9ee6ad1bf0b302a425e7f49dee,33dba8ec9f,11001.578,45760.804,11275.078,45972.304,547,423,L-074: OFFLINE FIRST CAN TRY TO GET DATA UNTIL IT NEED RETRIES RETRIES WILL BE QUEUED CAN TRY TO GET DATA FROM CACHE | L-065: REMOVEQUERIES RESETQUERIES,unreviewed-needs-visual-boundary-review,,no,yes,Coordinates retained only. Must be reviewed visually/semantically before region assignment.,Coordinates retained only. Must be reviewed visually/semantically before region assignment.
S-503,IU-503,e6431cdcfbea24070156bc9e3ab90bec84791c6e,e6431cdcfb,6929.795,46098.141,7091.295,46339.141,323,482,L-074: OFFLINE FIRST CAN TRY TO GET DATA UNTIL IT NEED RETRIES RETRIES WILL BE QUEUED CAN TRY TO GET DATA FROM CACHE | L-065: REMOVEQUERIES RESETQUERIES,unreviewed-needs-visual-boundary-review,,no,yes,Coordinates retained only. Must be reviewed visually/semantically before region assignment.,Coordinates retained only. Must be reviewed visually/semantically before region assignment.
S-504,IU-504,8f84323643960b358f45db1b0d9b6d47ccd16ea1,8f84323643,5886.273,46116.087,6120.773,46357.087,469,482,L-074: OFFLINE FIRST CAN TRY TO GET DATA UNTIL IT NEED RETRIES RETRIES WILL BE QUEUED CAN TRY TO GET DATA FROM CACHE | L-065: REMOVEQUERIES RESETQUERIES,unreviewed-needs-visual-boundary-review,,no,yes,Coordinates retained only. Must be reviewed visually/semantically before region assignment.,Coordinates retained only. Must be reviewed visually/semantically before region assignment.
S-505,IU-505,4501984f59357785160b1edba5a81da48cb1e3b0,4501984f59,7345.615,46118.882,7554.615,46359.882,418,482,L-074: OFFLINE FIRST CAN TRY TO GET DATA UNTIL IT NEED RETRIES RETRIES WILL BE QUEUED CAN TRY TO GET DATA FROM CACHE | L-065: REMOVEQUERIES RESETQUERIES,unreviewed-needs-visual-boundary-review,,no,yes,Coordinates retained only. Must be reviewed visually/semantically before region assignment.,Coordinates retained only. Must be reviewed visually/semantically before region assignment.
S-506,IU-506,aff7a63b67664ab5eef504eaaf2301f0bc14c2b2,aff7a63b67,6430.094,46124.37,6638.594,46365.37,417,482,L-074: OFFLINE FIRST CAN TRY TO GET DATA UNTIL IT NEED RETRIES RETRIES WILL BE QUEUED CAN TRY TO GET DATA FROM CACHE | L-065: REMOVEQUERIES RESETQUERIES,unreviewed-needs-visual-boundary-review,,no,yes,Coordinates retained only. Must be reviewed visually/semantically before region assignment.,Coordinates retained only. Must be reviewed visually/semantically before region assignment.
S-507,IU-507,e4cef97c4aa517334a9b81ac0a078f89456250c9,e4cef97c4a,8253.162,46124.437,8453.662,46365.437,401,482,L-074: OFFLINE FIRST CAN TRY TO GET DATA UNTIL IT NEED RETRIES RETRIES WILL BE QUEUED CAN TRY TO GET DATA FROM CACHE | L-065: REMOVEQUERIES RESETQUERIES,unreviewed-needs-visual-boundary-review,,no,yes,Coordinates retained only. Must be reviewed visually/semantically before region assignment.,Coordinates retained only. Must be reviewed visually/semantically before region assignment.
S-508,IU-508,a8033950fd9ce3d5a066e920d619cceae0bd20c4,a8033950fd,7765.097,46132.215,8003.597,46373.215,477,482,L-074: OFFLINE FIRST CAN TRY TO GET DATA UNTIL IT NEED RETRIES RETRIES WILL BE QUEUED CAN TRY TO GET DATA FROM CACHE | L-065: REMOVEQUERIES RESETQUERIES,unreviewed-needs-visual-boundary-review,,no,yes,Coordinates retained only. Must be reviewed visually/semantically before region assignment.,Coordinates retained only. Must be reviewed visually/semantically before region assignment.
S-509,IU-509,18e061539b081cef731b6dbf7f2529b4aebe7633,18e061539b,5373.113,46133.735,5571.113,46374.735,396,482,L-074: OFFLINE FIRST CAN TRY TO GET DATA UNTIL IT NEED RETRIES RETRIES WILL BE QUEUED CAN TRY TO GET DATA FROM CACHE | L-065: REMOVEQUERIES RESETQUERIES,unreviewed-needs-visual-boundary-review,,no,yes,Coordinates retained only. Must be reviewed visually/semantically before region assignment.,Coordinates retained only. Must be reviewed visually/semantically before region assignment.
S-510,IU-510,cbf6a625d3672843ebde422a60a4f2ead245e7ba,cbf6a625d3,8733.098,46139.37,8974.598,46380.37,483,482,L-074: OFFLINE FIRST CAN TRY TO GET DATA UNTIL IT NEED RETRIES RETRIES WILL BE QUEUED CAN TRY TO GET DATA FROM CACHE | L-065: REMOVEQUERIES RESETQUERIES,unreviewed-needs-visual-boundary-review,,no,yes,Coordinates retained only. Must be reviewed visually/semantically before region assignment.,Coordinates retained only. Must be reviewed visually/semantically before region assignment.
S-511,IU-511,ebb15590fa5cfa41529b0c51c242eec62bc6f9a1,ebb15590fa,4545.625,46159.391,4941.125,46339.891,791,361,L-074: OFFLINE FIRST CAN TRY TO GET DATA UNTIL IT NEED RETRIES RETRIES WILL BE QUEUED CAN TRY TO GET DATA FROM CACHE | L-065: REMOVEQUERIES RESETQUERIES,unreviewed-needs-visual-boundary-review,,no,yes,Coordinates retained only. Must be reviewed visually/semantically before region assignment.,Coordinates retained only. Must be reviewed visually/semantically before region assignment.
S-512,IU-512,38e6e187bc0f12f8c9859c504529b0b42d3c28a3,38e6e187bc,10961.411,46190.137,11328.411,46401.637,734,423,L-074: OFFLINE FIRST CAN TRY TO GET DATA UNTIL IT NEED RETRIES RETRIES WILL BE QUEUED CAN TRY TO GET DATA FROM CACHE | L-065: REMOVEQUERIES RESETQUERIES,unreviewed-needs-visual-boundary-review,,no,yes,Coordinates retained only. Must be reviewed visually/semantically before region assignment.,Coordinates retained only. Must be reviewed visually/semantically before region assignment.
S-513,IU-513,a01d3c2b86a85cf76785b394f361965c9a3b685f,a01d3c2b86,9229.199,46278.36,9470.199,46453.86,482,351,L-074: OFFLINE FIRST CAN TRY TO GET DATA UNTIL IT NEED RETRIES RETRIES WILL BE QUEUED CAN TRY TO GET DATA FROM CACHE | L-065: REMOVEQUERIES RESETQUERIES,unreviewed-needs-visual-boundary-review,,no,yes,Coordinates retained only. Must be reviewed visually/semantically before region assignment.,Coordinates retained only. Must be reviewed visually/semantically before region assignment.
S-514,IU-514,410db3d5df236045e0a29e7d8a1f285359bc20a0,410db3d5df,9787.699,46392.971,10070.199,46624.971,565,464,L-074: OFFLINE FIRST CAN TRY TO GET DATA UNTIL IT NEED RETRIES RETRIES WILL BE QUEUED CAN TRY TO GET DATA FROM CACHE | L-065: REMOVEQUERIES RESETQUERIES,unreviewed-needs-visual-boundary-review,,no,yes,Coordinates retained only. Must be reviewed visually/semantically before region assignment.,Coordinates retained only. Must be reviewed visually/semantically before region assignment.
S-515,IU-515,064a1ad368c203a3a9840811d101741f0e0eb406,064a1ad368,4682.458,46580.058,4949.458,46811.558,534,463,L-074: OFFLINE FIRST CAN TRY TO GET DATA UNTIL IT NEED RETRIES RETRIES WILL BE QUEUED CAN TRY TO GET DATA FROM CACHE | L-065: REMOVEQUERIES RESETQUERIES,unreviewed-needs-visual-boundary-review,,no,yes,Coordinates retained only. Must be reviewed visually/semantically before region assignment.,Coordinates retained only. Must be reviewed visually/semantically before region assignment.
S-516,IU-516,2ceec70ba64393d93ad3ad9bbf794382e5f1c7cd,2ceec70ba6,10967.078,46610.971,11235.078,46810.971,536,400,L-074: OFFLINE FIRST CAN TRY TO GET DATA UNTIL IT NEED RETRIES RETRIES WILL BE QUEUED CAN TRY TO GET DATA FROM CACHE | L-065: REMOVEQUERIES RESETQUERIES,unreviewed-needs-visual-boundary-review,,no,yes,Coordinates retained only. Must be reviewed visually/semantically before region assignment.,Coordinates retained only. Must be reviewed visually/semantically before region assignment.
S-517,IU-517,a1b7bbb50ba69ed2d8b16b1799dd646233f05b72,a1b7bbb50b,6892.712,46624.067,7083.712,46865.067,382,482,L-074: OFFLINE FIRST CAN TRY TO GET DATA UNTIL IT NEED RETRIES RETRIES WILL BE QUEUED CAN TRY TO GET DATA FROM CACHE | L-065: REMOVEQUERIES RESETQUERIES,unreviewed-needs-visual-boundary-review,,no,yes,Coordinates retained only. Must be reviewed visually/semantically before region assignment.,Coordinates retained only. Must be reviewed visually/semantically before region assignment.
S-518,IU-518,22618c5d8b6ddfa9daefe0d4040e57c50e6b0661,22618c5d8b,8284.276,46626.66,8447.776,46867.66,327,482,L-074: OFFLINE FIRST CAN TRY TO GET DATA UNTIL IT NEED RETRIES RETRIES WILL BE QUEUED CAN TRY TO GET DATA FROM CACHE | L-065: REMOVEQUERIES RESETQUERIES,unreviewed-needs-visual-boundary-review,,no,yes,Coordinates retained only. Must be reviewed visually/semantically before region assignment.,Coordinates retained only. Must be reviewed visually/semantically before region assignment.
S-519,IU-519,dd54fb38a95108f654ba4471a43fdcae97ac2a0f,dd54fb38a9,5864.169,46633.769,6121.169,46869.769,514,472,L-074: OFFLINE FIRST CAN TRY TO GET DATA UNTIL IT NEED RETRIES RETRIES WILL BE QUEUED CAN TRY TO GET DATA FROM CACHE | L-065: REMOVEQUERIES RESETQUERIES,unreviewed-needs-visual-boundary-review,,no,yes,Coordinates retained only. Must be reviewed visually/semantically before region assignment.,Coordinates retained only. Must be reviewed visually/semantically before region assignment.
S-520,IU-520,c85b8a0c7c836c5e11417f5ea2a55ac9f255b4e4,c85b8a0c7c,7845.142,46635.919,8040.642,46876.919,391,482,L-074: OFFLINE FIRST CAN TRY TO GET DATA UNTIL IT NEED RETRIES RETRIES WILL BE QUEUED CAN TRY TO GET DATA FROM CACHE | L-065: REMOVEQUERIES RESETQUERIES,unreviewed-needs-visual-boundary-review,,no,yes,Coordinates retained only. Must be reviewed visually/semantically before region assignment.,Coordinates retained only. Must be reviewed visually/semantically before region assignment.
S-521,IU-521,27be4eaafb68ef463ce8b216b008c9c796cf1fc4,27be4eaafb,6452.326,46639.522,6628.826,46880.522,353,482,L-074: OFFLINE FIRST CAN TRY TO GET DATA UNTIL IT NEED RETRIES RETRIES WILL BE QUEUED CAN TRY TO GET DATA FROM CACHE | L-065: REMOVEQUERIES RESETQUERIES,unreviewed-needs-visual-boundary-review,,no,yes,Coordinates retained only. Must be reviewed visually/semantically before region assignment.,Coordinates retained only. Must be reviewed visually/semantically before region assignment.
S-522,IU-522,6a97b2c3f6227deea782bb8f4c99ff4c7d2e7bdc,6a97b2c3f6,8790.43,46643.815,8996.93,46884.815,413,482,L-074: OFFLINE FIRST CAN TRY TO GET DATA UNTIL IT NEED RETRIES RETRIES WILL BE QUEUED CAN TRY TO GET DATA FROM CACHE | L-065: REMOVEQUERIES RESETQUERIES,unreviewed-needs-visual-boundary-review,,no,yes,Coordinates retained only. Must be reviewed visually/semantically before region assignment.,Coordinates retained only. Must be reviewed visually/semantically before region assignment.
S-523,IU-523,dc849d0bfb3f271134b11dc4c8211623b1a51a8b,dc849d0bfb,7427.612,46650.734,7586.112,46891.734,317,482,L-074: OFFLINE FIRST CAN TRY TO GET DATA UNTIL IT NEED RETRIES RETRIES WILL BE QUEUED CAN TRY TO GET DATA FROM CACHE | L-065: REMOVEQUERIES RESETQUERIES,unreviewed-needs-visual-boundary-review,,no,yes,Coordinates retained only. Must be reviewed visually/semantically before region assignment.,Coordinates retained only. Must be reviewed visually/semantically before region assignment.
S-524,IU-524,38a80c88685044cbac111dac83fd8d32b0b66944,38a80c8868,9273.08,46657.148,9463.58,46898.148,381,482,L-074: OFFLINE FIRST CAN TRY TO GET DATA UNTIL IT NEED RETRIES RETRIES WILL BE QUEUED CAN TRY TO GET DATA FROM CACHE | L-065: REMOVEQUERIES RESETQUERIES,unreviewed-needs-visual-boundary-review,,no,yes,Coordinates retained only. Must be reviewed visually/semantically before region assignment.,Coordinates retained only. Must be reviewed visually/semantically before region assignment.
S-525,IU-525,50c2040d0f54ecf772a82fe46af5c6e18da351da,50c2040d0f,5311.124,46696.725,5586.124,46883.225,550,373,L-074: OFFLINE FIRST CAN TRY TO GET DATA UNTIL IT NEED RETRIES RETRIES WILL BE QUEUED CAN TRY TO GET DATA FROM CACHE | L-065: REMOVEQUERIES RESETQUERIES,unreviewed-needs-visual-boundary-review,,no,yes,Coordinates retained only. Must be reviewed visually/semantically before region assignment.,Coordinates retained only. Must be reviewed visually/semantically before region assignment.
S-526,IU-526,59c3bada8640693a69be71163a2d9b10b6c162cb,59c3bada86,9784.199,46897.638,10030.199,47071.638,492,348,L-074: OFFLINE FIRST CAN TRY TO GET DATA UNTIL IT NEED RETRIES RETRIES WILL BE QUEUED CAN TRY TO GET DATA FROM CACHE | L-065: REMOVEQUERIES RESETQUERIES,unreviewed-needs-visual-boundary-review,,no,yes,Coordinates retained only. Must be reviewed visually/semantically before region assignment.,Coordinates retained only. Must be reviewed visually/semantically before region assignment.
S-527,IU-527,c97e56b4c780a29d85a83ca03f46b76a55c7c20f,c97e56b4c7,4687.625,47101.725,4946.125,47208.225,517,213,L-074: OFFLINE FIRST CAN TRY TO GET DATA UNTIL IT NEED RETRIES RETRIES WILL BE QUEUED CAN TRY TO GET DATA FROM CACHE | L-065: REMOVEQUERIES RESETQUERIES,unreviewed-needs-visual-boundary-review,,no,yes,Coordinates retained only. Must be reviewed visually/semantically before region assignment.,Coordinates retained only. Must be reviewed visually/semantically before region assignment.
S-528,IU-528,40bed35fffa0d841329f99c9e39b793dd1fef8fc,40bed35fff,7818.057,47145.178,8026.057,47386.178,416,482,L-074: OFFLINE FIRST CAN TRY TO GET DATA UNTIL IT NEED RETRIES RETRIES WILL BE QUEUED CAN TRY TO GET DATA FROM CACHE | L-065: REMOVEQUERIES RESETQUERIES,unreviewed-needs-visual-boundary-review,,no,yes,Coordinates retained only. Must be reviewed visually/semantically before region assignment.,Coordinates retained only. Must be reviewed visually/semantically before region assignment.
S-529,IU-529,1ab0020f75cec6f95acc4e52ad848dc01949591c,1ab0020f75,8273.249,47147.48,8470.749,47388.48,395,482,L-074: OFFLINE FIRST CAN TRY TO GET DATA UNTIL IT NEED RETRIES RETRIES WILL BE QUEUED CAN TRY TO GET DATA FROM CACHE | L-065: REMOVEQUERIES RESETQUERIES,unreviewed-needs-visual-boundary-review,,no,yes,Coordinates retained only. Must be reviewed visually/semantically before region assignment.,Coordinates retained only. Must be reviewed visually/semantically before region assignment.
S-530,IU-530,5632bffbe4668dc266ca39918dfb25f64e0a2efc,5632bffbe4,6457.572,47155.885,6638.572,47396.885,362,482,L-074: OFFLINE FIRST CAN TRY TO GET DATA UNTIL IT NEED RETRIES RETRIES WILL BE QUEUED CAN TRY TO GET DATA FROM CACHE | L-065: REMOVEQUERIES RESETQUERIES,unreviewed-needs-visual-boundary-review,,no,yes,Coordinates retained only. Must be reviewed visually/semantically before region assignment.,Coordinates retained only. Must be reviewed visually/semantically before region assignment.
S-531,IU-531,7952ebff78f5154a5f85924bc433da4ab37c6eb1,7952ebff78,7401.841,47155.919,7593.341,47396.919,383,482,L-074: OFFLINE FIRST CAN TRY TO GET DATA UNTIL IT NEED RETRIES RETRIES WILL BE QUEUED CAN TRY TO GET DATA FROM CACHE | L-065: REMOVEQUERIES RESETQUERIES,unreviewed-needs-visual-boundary-review,,no,yes,Coordinates retained only. Must be reviewed visually/semantically before region assignment.,Coordinates retained only. Must be reviewed visually/semantically before region assignment.
S-532,IU-532,796c21f00639ac35ea68db95759795e9f692d6db,796c21f006,5920.346,47157.097,6152.846,47398.097,465,482,L-074: OFFLINE FIRST CAN TRY TO GET DATA UNTIL IT NEED RETRIES RETRIES WILL BE QUEUED CAN TRY TO GET DATA FROM CACHE | L-065: REMOVEQUERIES RESETQUERIES,unreviewed-needs-visual-boundary-review,,no,yes,Coordinates retained only. Must be reviewed visually/semantically before region assignment.,Coordinates retained only. Must be reviewed visually/semantically before region assignment.
S-533,IU-533,d36e67e4216a5f9772247267210afc90be5657b6,d36e67e421,8769.943,47163.815,8978.943,47404.815,418,482,L-074: OFFLINE FIRST CAN TRY TO GET DATA UNTIL IT NEED RETRIES RETRIES WILL BE QUEUED CAN TRY TO GET DATA FROM CACHE | L-065: REMOVEQUERIES RESETQUERIES,unreviewed-needs-visual-boundary-review,,no,yes,Coordinates retained only. Must be reviewed visually/semantically before region assignment.,Coordinates retained only. Must be reviewed visually/semantically before region assignment.
S-534,IU-534,7ad65554343c593c9fd41498c422ece09a4f50af,7ad6555434,6895.429,47172.215,7116.429,47413.215,442,482,L-074: OFFLINE FIRST CAN TRY TO GET DATA UNTIL IT NEED RETRIES RETRIES WILL BE QUEUED CAN TRY TO GET DATA FROM CACHE | L-065: REMOVEQUERIES RESETQUERIES,unreviewed-needs-visual-boundary-review,,no,yes,Coordinates retained only. Must be reviewed visually/semantically before region assignment.,Coordinates retained only. Must be reviewed visually/semantically before region assignment.
S-535,IU-535,41a015d3af82434b0d8fa3c778e128911f83b1c3,41a015d3af,9240.992,47172.703,9498.992,47413.703,516,482,L-074: OFFLINE FIRST CAN TRY TO GET DATA UNTIL IT NEED RETRIES RETRIES WILL BE QUEUED CAN TRY TO GET DATA FROM CACHE | L-065: REMOVEQUERIES RESETQUERIES,unreviewed-needs-visual-boundary-review,,no,yes,Coordinates retained only. Must be reviewed visually/semantically before region assignment.,Coordinates retained only. Must be reviewed visually/semantically before region assignment.
S-536,IU-536,bf8890fd1432d1b48ca079af125ce9c0ad2c521c,bf8890fd14,5340.791,47182.058,5577.791,47391.558,474,419,L-074: OFFLINE FIRST CAN TRY TO GET DATA UNTIL IT NEED RETRIES RETRIES WILL BE QUEUED CAN TRY TO GET DATA FROM CACHE | L-065: REMOVEQUERIES RESETQUERIES,unreviewed-needs-visual-boundary-review,,no,yes,Coordinates retained only. Must be reviewed visually/semantically before region assignment.,Coordinates retained only. Must be reviewed visually/semantically before region assignment.
S-537,IU-537,704b3107956b505528430504aa95880b31391fa5,704b310795,9780.865,47257.471,10056.865,47444.971,552,375,L-074: OFFLINE FIRST CAN TRY TO GET DATA UNTIL IT NEED RETRIES RETRIES WILL BE QUEUED CAN TRY TO GET DATA FROM CACHE | L-065: REMOVEQUERIES RESETQUERIES,unreviewed-needs-visual-boundary-review,,no,yes,Coordinates retained only. Must be reviewed visually/semantically before region assignment.,Coordinates retained only. Must be reviewed visually/semantically before region assignment.
