source_id,image_use_id,region_id,region_name,fileId,fileId_short,x,y,x_pct,y_pct,width,height,rotation,nearest_label_ids,nearest_labels,transcription_status,opened_read,confidence,suggested_region_file
S-001,IU-001,R01,React Query + browser/HTTP cache,d6b1d011504b977930aa710b1ceec9038a1966b3,d6b1d01150,4836.123599551272,498.43104093036527,24.64,1.05,615.0,482.0,0.0,"L-002,L-003,L-001",L-002: using react query + http cache with headers from server | L-003: you need to do calls with if-match yourself browser does nothing with it you are handlinkg concurrency | L-001: react query + browser cache,not-transcribed,no,high,regions/R01-react-query-+-browser-http-cache.md
S-002,IU-002,R01,React Query + browser/HTTP cache,33ee5bc86fba10907bfede9f27883fc7474145e5,33ee5bc86f,3573.11610422391,823.5592020734621,18.21,1.73,862.0,388.0,0.0,"L-003,L-002,L-001",L-003: you need to do calls with if-match yourself browser does nothing with it you are handlinkg concurrency | L-002: using react query + http cache with headers from server | L-001: react query + browser cache,not-transcribed,no,high,regions/R01-react-query-+-browser-http-cache.md
S-003,IU-003,R01,React Query + browser/HTTP cache,3ba9d991a7c6df51a91335c05afd9c729f63faf4,3ba9d991a7,4829.173401383326,1008.2538965618731,24.61,2.12,811.0,468.0,0.0,"L-002,L-003,L-001",L-002: using react query + http cache with headers from server | L-003: you need to do calls with if-match yourself browser does nothing with it you are handlinkg concurrency | L-001: react query + browser cache,not-transcribed,no,high,regions/R01-react-query-+-browser-http-cache.md
S-004,IU-004,UNASSIGNED,Unassigned / outside current Stage 1 regions,6368f8adce83dfe65e71c0a90548198d79df4f74,6368f8adce,3590.3758155954392,1238.9665642696343,18.29,2.6,826.0,412.0,0.0,"L-065,L-074",L-065: REMOVEQUERIES RESETQUERIES | L-074: OFFLINE FIRST CAN TRY TO GET DATA UNTIL IT NEED RETRIES RETRIES WILL BE QUEUED CAN TRY TO GET DATA FROM CACHE,not-transcribed,no,medium,
S-005,IU-005,UNASSIGNED,Unassigned / outside current Stage 1 regions,cf6c2e813c38365981c1078a55308d52f1e22cd8,cf6c2e813c,4807.079557867472,1505.5594627743703,24.49,3.16,946.0,146.0,0.0,"L-065,L-074",L-065: REMOVEQUERIES RESETQUERIES | L-074: OFFLINE FIRST CAN TRY TO GET DATA UNTIL IT NEED RETRIES RETRIES WILL BE QUEUED CAN TRY TO GET DATA FROM CACHE,not-transcribed,no,medium,
S-006,IU-006,UNASSIGNED,Unassigned / outside current Stage 1 regions,335ef6b606fbf060616caa8b537dbffab198fd0e,335ef6b606,4866.746590745076,1702.0040021623863,24.8,3.57,736.0,474.0,0.0,"L-065,L-074",L-065: REMOVEQUERIES RESETQUERIES | L-074: OFFLINE FIRST CAN TRY TO GET DATA UNTIL IT NEED RETRIES RETRIES WILL BE QUEUED CAN TRY TO GET DATA FROM CACHE,not-transcribed,no,medium,
S-007,IU-007,UNASSIGNED,Unassigned / outside current Stage 1 regions,a9a9655e930f113f1ced5cc49e899518e32fb3ce,a9a9655e93,3613.320652940028,1713.439966504884,18.41,3.59,586.0,482.0,0.0,"L-065,L-074",L-065: REMOVEQUERIES RESETQUERIES | L-074: OFFLINE FIRST CAN TRY TO GET DATA UNTIL IT NEED RETRIES RETRIES WILL BE QUEUED CAN TRY TO GET DATA FROM CACHE,not-transcribed,no,medium,
S-008,IU-008,R02,"Query basics: statuses, keys, enabled, manual refetch",77eaf12c681b2c9e72960a48300bb49cc8d99c32,77eaf12c68,10073.886186823933,2016.5617070346489,51.33,4.23,710.0,482.0,0.0,"L-004,L-005,L-008",L-004: statuses | L-005: examples | L-008: Isloading and when there is no data and no fetching,not-transcribed,no,high,"regions/R02-query-basics-statuses,-keys,-enabled,-manual-refetch.md"
S-009,IU-009,UNASSIGNED,Unassigned / outside current Stage 1 regions,a7f13d6d3d3b3473b6e0dbf877368f6e85c5a570,a7f13d6d3d,4915.349454275431,2209.847874232699,25.05,4.64,495.0,482.0,0.0,"L-065,L-074",L-065: REMOVEQUERIES RESETQUERIES | L-074: OFFLINE FIRST CAN TRY TO GET DATA UNTIL IT NEED RETRIES RETRIES WILL BE QUEUED CAN TRY TO GET DATA FROM CACHE,not-transcribed,no,medium,
S-010,IU-010,UNASSIGNED,Unassigned / outside current Stage 1 regions,b62d140856841e43c376a93d721c5d68cf2b833d,b62d140856,3601.5790219756464,2258.707395432837,18.35,4.74,811.0,414.0,0.0,"L-065,L-074",L-065: REMOVEQUERIES RESETQUERIES | L-074: OFFLINE FIRST CAN TRY TO GET DATA UNTIL IT NEED RETRIES RETRIES WILL BE QUEUED CAN TRY TO GET DATA FROM CACHE,not-transcribed,no,medium,
S-011,IU-011,R02,"Query basics: statuses, keys, enabled, manual refetch",1d512b6a911de2d60b2f44dc7d7a53b85fe11fec,1d512b6a91,8847.852948646734,2316.0433676656103,45.08,4.86,824.0,482.0,0.0,"L-006,L-004,L-011",L-006: fund | L-004: statuses | L-011: throwing/swallowing errors,not-transcribed,no,high,"regions/R02-query-basics-statuses,-keys,-enabled,-manual-refetch.md"
S-012,IU-012,R02,"Query basics: statuses, keys, enabled, manual refetch",6114875a76f18137f4125d29b01d54e52acc2a1d,6114875a76,10050.811782091174,2521.4806934996377,51.21,5.29,907.0,475.0,0.0,"L-008,L-004,L-005",L-008: Isloading and when there is no data and no fetching | L-004: statuses | L-005: examples,not-transcribed,no,high,"regions/R02-query-basics-statuses,-keys,-enabled,-manual-refetch.md"
S-013,IU-013,R02,"Query basics: statuses, keys, enabled, manual refetch",768ded59fc596722cf1ec90a353854338e3bac61,768ded59fc,11169.080227726396,2528.8261040872603,56.91,5.31,979.0,425.0,0.0,"L-005,L-008,L-007",L-005: examples | L-008: Isloading and when there is no data and no fetching | L-007: enabled,not-transcribed,no,high,"regions/R02-query-basics-statuses,-keys,-enabled,-manual-refetch.md"
S-014,IU-014,UNASSIGNED,Unassigned / outside current Stage 1 regions,95f917ba2d6b81519c207673b01b4a0262a4b945,95f917ba2d,3651.116104223912,2706.207395432837,18.6,5.68,626.0,399.0,0.0,"L-065,L-074",L-065: REMOVEQUERIES RESETQUERIES | L-074: OFFLINE FIRST CAN TRY TO GET DATA UNTIL IT NEED RETRIES RETRIES WILL BE QUEUED CAN TRY TO GET DATA FROM CACHE,not-transcribed,no,medium,
S-015,IU-015,UNASSIGNED,Unassigned / outside current Stage 1 regions,ad441bf8f82fd6998e264e868f3799c832ac70f5,ad441bf8f8,4898.669128412487,2711.181126185824,24.96,5.69,827.0,482.0,0.0,"L-065,L-074",L-065: REMOVEQUERIES RESETQUERIES | L-074: OFFLINE FIRST CAN TRY TO GET DATA UNTIL IT NEED RETRIES RETRIES WILL BE QUEUED CAN TRY TO GET DATA FROM CACHE,not-transcribed,no,medium,
S-016,IU-016,R02,"Query basics: statuses, keys, enabled, manual refetch",114f1fa612e74ac30ea89289127e19ce8dbe8a31,114f1fa612,8879.68570226212,2795.1996176656103,45.25,5.86,934.0,364.0,0.0,"L-006,L-011,L-004",L-006: fund | L-011: throwing/swallowing errors | L-004: statuses,not-transcribed,no,high,"regions/R02-query-basics-statuses,-keys,-enabled,-manual-refetch.md"
S-017,IU-017,R02,"Query basics: statuses, keys, enabled, manual refetch",d913b802428182c63530ca550d438503a7fd7239,d913b80242,8055.685783642328,2935.144218088797,41.05,6.16,686.0,377.0,0.0,"L-006,L-012,L-015",L-006: fund | L-012: keys | L-015: so when returning usequey we get like a query but dor our specific resource,not-transcribed,no,high,"regions/R02-query-basics-statuses,-keys,-enabled,-manual-refetch.md"
S-018,IU-018,R02,"Query basics: statuses, keys, enabled, manual refetch",a3d61eaf9c73c53c24b686ed7b221f3611981ce8,a3d61eaf9c,10076.483621024943,3050.0513851574287,51.34,6.4,550.0,352.0,0.0,"L-011,L-008,L-005",L-011: throwing/swallowing errors | L-008: Isloading and when there is no data and no fetching | L-005: examples,not-transcribed,no,high,"regions/R02-query-basics-statuses,-keys,-enabled,-manual-refetch.md"
S-019,IU-019,UNASSIGNED,Unassigned / outside current Stage 1 regions,ac0d680857d39686d9a980ad6791213700819cca,ac0d680857,4917.080086838826,3195.337376185824,25.05,6.7,742.0,442.0,0.0,"L-065,L-074",L-065: REMOVEQUERIES RESETQUERIES | L-074: OFFLINE FIRST CAN TRY TO GET DATA UNTIL IT NEED RETRIES RETRIES WILL BE QUEUED CAN TRY TO GET DATA FROM CACHE,not-transcribed,no,medium,
S-020,IU-020,R02,"Query basics: statuses, keys, enabled, manual refetch",bbc587153e6f7725d99204f6d5c0f2059d26975e,bbc587153e,8948.46353429337,3200.0885336812357,45.6,6.71,552.0,244.0,0.0,"L-006,L-011,L-015",L-006: fund | L-011: throwing/swallowing errors | L-015: so when returning usequey we get like a query but dor our specific resource,not-transcribed,no,high,"regions/R02-query-basics-statuses,-keys,-enabled,-manual-refetch.md"
S-021,IU-021,R02,"Query basics: statuses, keys, enabled, manual refetch",61ff65ee41ac378e3f012492dec2a641fdee5782,61ff65ee41,8056.68590571264,3344.4775310770783,41.05,7.02,628.0,153.0,0.0,"L-006,L-012,L-015",L-006: fund | L-012: keys | L-015: so when returning usequey we get like a query but dor our specific resource,not-transcribed,no,high,"regions/R02-query-basics-statuses,-keys,-enabled,-manual-refetch.md"
S-022,IU-022,R02,"Query basics: statuses, keys, enabled, manual refetch",2899e0756c6801960c531f981604cc4de779560f,2899e0756c,11398.413959136404,3365.881524009136,58.08,7.06,689.0,169.0,0.0,"L-008,L-005,L-009",L-008: Isloading and when there is no data and no fetching | L-005: examples | L-009: conditional queries,not-transcribed,no,high,"regions/R02-query-basics-statuses,-keys,-enabled,-manual-refetch.md"
S-023,IU-023,R02,"Query basics: statuses, keys, enabled, manual refetch",03697f7b6d9df924a993630f8885a198d0c6f59f,03697f7b6d,10037.79606503201,3421.303012949568,51.15,7.18,919.0,449.0,0.0,"L-011,L-008,L-005",L-011: throwing/swallowing errors | L-008: Isloading and when there is no data and no fetching | L-005: examples,not-transcribed,no,high,"regions/R02-query-basics-statuses,-keys,-enabled,-manual-refetch.md"
S-024,IU-024,R02,"Query basics: statuses, keys, enabled, manual refetch",fe5b1db522c85def761855949bd1f24652c05715,fe5b1db522,8907.74106114884,3492.9775310770783,45.39,7.33,761.0,464.0,0.0,"L-011,L-015,L-006",L-011: throwing/swallowing errors | L-015: so when returning usequey we get like a query but dor our specific resource | L-006: fund,not-transcribed,no,high,"regions/R02-query-basics-statuses,-keys,-enabled,-manual-refetch.md"
S-025,IU-025,R02,"Query basics: statuses, keys, enabled, manual refetch",c8b43511a05f9342905b62748c4c8d3427171e11,c8b43511a0,8021.256744481649,3535.450740034328,40.87,7.42,735.0,482.0,0.0,"L-015,L-006,L-012",L-015: so when returning usequey we get like a query but dor our specific resource | L-006: fund | L-012: keys,not-transcribed,no,high,"regions/R02-query-basics-statuses,-keys,-enabled,-manual-refetch.md"
S-026,IU-026,R02,"Query basics: statuses, keys, enabled, manual refetch",29e9da2f37a8c47583c5245d57de2548a2aea548,29e9da2f37,11388.102514142714,3578.11433244012,58.03,7.51,865.0,482.0,0.0,"L-008,L-013,L-009",L-008: Isloading and when there is no data and no fetching | L-013: dont try to interpret disabled quey state in ui | L-009: conditional queries,not-transcribed,no,high,"regions/R02-query-basics-statuses,-keys,-enabled,-manual-refetch.md"
S-027,IU-027,R02,"Query basics: statuses, keys, enabled, manual refetch",048f7ed433b900a4ac331c47346eb91c20c96440,048f7ed433,12946.685421769023,3647.789843865961,65.97,7.65,922.0,427.0,0.0,"L-009,L-016,L-007","L-009: conditional queries | L-016: move disabled quey to a separate component and mount it only when the condition for queryu is met,  so you wont mount... | L-007: enabled",not-transcribed,no,high,"regions/R02-query-basics-statuses,-keys,-enabled,-manual-refetch.md"
S-028,IU-028,UNASSIGNED,Unassigned / outside current Stage 1 regions,46476e445e61e688a673517df6cbf41eec35ed1d,46476e445e,4942.746590745076,3652.837376185824,25.19,7.66,488.0,375.0,0.0,"L-065,L-074",L-065: REMOVEQUERIES RESETQUERIES | L-074: OFFLINE FIRST CAN TRY TO GET DATA UNTIL IT NEED RETRIES RETRIES WILL BE QUEUED CAN TRY TO GET DATA FROM CACHE,not-transcribed,no,medium,
S-029,IU-029,R03,notifyOnChangeProps / select side notes,905bfe2c8bb8ac58950d96f151e70c4b9856aed0,905bfe2c8b,1993.909982195053,3861.354087906701,10.16,8.1,782.0,357.0,0.0,"L-010,L-014,L-018",L-010: notifyonchangeprops | L-014: notifyonchangeproops vs select vs structural sharing | L-018: when notifyonchanges is useful,not-transcribed,no,high,regions/R03-notifyonchangeprops-select-side-notes.md
S-030,IU-030,R02,"Query basics: statuses, keys, enabled, manual refetch",39e62ae511efa47ffbce53be931d4fde2f068004,39e62ae511,10071.708671407569,3881.1761063275408,51.32,8.14,408.0,201.0,0.0,"L-011,L-008,L-015",L-011: throwing/swallowing errors | L-008: Isloading and when there is no data and no fetching | L-015: so when returning usequey we get like a query but dor our specific resource,not-transcribed,no,high,"regions/R02-query-basics-statuses,-keys,-enabled,-manual-refetch.md"
S-031,IU-031,UNASSIGNED,Unassigned / outside current Stage 1 regions,859a4e5afc980de786193d1c1351494af0825423,859a4e5afc,4936.079842698201,4030.5040021623854,25.15,8.46,656.0,425.0,0.0,"L-065,L-074",L-065: REMOVEQUERIES RESETQUERIES | L-074: OFFLINE FIRST CAN TRY TO GET DATA UNTIL IT NEED RETRIES RETRIES WILL BE QUEUED CAN TRY TO GET DATA FROM CACHE,not-transcribed,no,medium,
S-032,IU-032,R02,"Query basics: statuses, keys, enabled, manual refetch",d812eda41421b4d9b1bfda1801ceb57099a4f4c8,d812eda414,11404.580829253591,4076.770684165385,58.11,8.55,930.0,285.0,0.0,"L-013,L-016,L-008","L-013: dont try to interpret disabled quey state in ui | L-016: move disabled quey to a separate component and mount it only when the condition for queryu is met,  so you wont mount... | L-008: Isloading and when there is no data and no fetching",not-transcribed,no,high,"regions/R02-query-basics-statuses,-keys,-enabled,-manual-refetch.md"
S-033,IU-033,R02,"Query basics: statuses, keys, enabled, manual refetch",796e9f55f754465961324204f3c12d99842119d6,796e9f55f7,12937.352169815898,4102.104737800422,65.92,8.61,914.0,348.0,0.0,"L-016,L-013,L-009","L-016: move disabled quey to a separate component and mount it only when the condition for queryu is met,  so you wont mount... | L-013: dont try to interpret disabled quey state in ui | L-009: conditional queries",not-transcribed,no,high,"regions/R02-query-basics-statuses,-keys,-enabled,-manual-refetch.md"
S-034,IU-034,R02,"Query basics: statuses, keys, enabled, manual refetch",14368dd8ca8b56fd8cea3497173054f007ab31ab,14368dd8ca,8857.46353768421,4118.384878014462,45.13,8.64,924.0,462.0,0.0,"L-015,L-011,L-017",L-015: so when returning usequey we get like a query but dor our specific resource | L-011: throwing/swallowing errors | L-017: manual refetch and using state to make new queries on that state change for a new key,not-transcribed,no,high,"regions/R02-query-basics-statuses,-keys,-enabled,-manual-refetch.md"
S-035,IU-035,R03,notifyOnChangeProps / select side notes,b7b12231ee3d7d3c79bca2a907a75547993feca2,b7b12231ee,1992.354562273178,4249.742993749809,10.15,8.92,834.0,298.0,0.0,"L-014,L-010,L-018",L-014: notifyonchangeproops vs select vs structural sharing | L-010: notifyonchangeprops | L-018: when notifyonchanges is useful,not-transcribed,no,high,regions/R03-notifyonchangeprops-select-side-notes.md
S-036,IU-036,R02,"Query basics: statuses, keys, enabled, manual refetch",4d72a0bb65754bd8c3fe8aae4e05adfb3a4a307c,4d72a0bb65,9977.503734258296,4348.553418143318,50.84,9.12,865.0,482.0,0.0,"L-011,L-015,L-008",L-011: throwing/swallowing errors | L-015: so when returning usequey we get like a query but dor our specific resource | L-008: Isloading and when there is no data and no fetching,not-transcribed,no,high,"regions/R02-query-basics-statuses,-keys,-enabled,-manual-refetch.md"
S-037,IU-037,R02,"Query basics: statuses, keys, enabled, manual refetch",202c0dd89543f810b7b2e65f41980ace2985e720,202c0dd895,11399.913959136404,4385.77058244012,58.09,9.2,926.0,307.0,0.0,"L-013,L-016,L-008","L-013: dont try to interpret disabled quey state in ui | L-016: move disabled quey to a separate component and mount it only when the condition for queryu is met,  so you wont mount... | L-008: Isloading and when there is no data and no fetching",not-transcribed,no,high,"regions/R02-query-basics-statuses,-keys,-enabled,-manual-refetch.md"
S-038,IU-038,UNASSIGNED,Unassigned / outside current Stage 1 regions,c764d1651ab32f148001a51ae73704d691d3509f,c764d1651a,4940.413338791951,4442.170750209261,25.17,9.32,674.0,423.0,0.0,"L-065,L-074",L-065: REMOVEQUERIES RESETQUERIES | L-074: OFFLINE FIRST CAN TRY TO GET DATA UNTIL IT NEED RETRIES RETRIES WILL BE QUEUED CAN TRY TO GET DATA FROM CACHE,not-transcribed,no,medium,
S-039,IU-039,R02,"Query basics: statuses, keys, enabled, manual refetch",913cfdb055106eea2b43835c6e33946fbeb6e2ff,913cfdb055,7421.210287242027,4514.011316964476,37.81,9.47,888.0,464.0,0.0,"L-012,L-015,L-017",L-012: keys | L-015: so when returning usequey we get like a query but dor our specific resource | L-017: manual refetch and using state to make new queries on that state change for a new key,not-transcribed,no,high,"regions/R02-query-basics-statuses,-keys,-enabled,-manual-refetch.md"
S-040,IU-040,R02,"Query basics: statuses, keys, enabled, manual refetch",5b76d4c5fc5238cd557c5ebc2dde110aae1d4a38,5b76d4c5fc,8834.130102625617,4619.551595543759,45.01,9.69,944.0,333.0,0.0,"L-015,L-017,L-011",L-015: so when returning usequey we get like a query but dor our specific resource | L-017: manual refetch and using state to make new queries on that state change for a new key | L-011: throwing/swallowing errors,not-transcribed,no,high,"regions/R02-query-basics-statuses,-keys,-enabled,-manual-refetch.md"
S-041,IU-041,R03,notifyOnChangeProps / select side notes,ca846784a5dd59a9cc6945601b1e1a05739d87e1,ca846784a5,1955.0112866602467,4650.9201279457775,9.96,9.76,851.0,482.0,0.0,"L-014,L-018,L-010",L-014: notifyonchangeproops vs select vs structural sharing | L-018: when notifyonchanges is useful | L-010: notifyonchangeprops,not-transcribed,no,high,regions/R03-notifyonchangeprops-select-side-notes.md
S-042,IU-042,R02,"Query basics: statuses, keys, enabled, manual refetch",0035fc7737b6a1f909a1e426930bf58e704295ee,0035fc7737,13046.472430753296,4768.3716549534365,66.48,10.0,483.0,482.0,0.0,"L-016,L-013,L-020","L-016: move disabled quey to a separate component and mount it only when the condition for queryu is met,  so you wont mount... | L-013: dont try to interpret disabled quey state in ui | L-020: RETRY",not-transcribed,no,high,"regions/R02-query-basics-statuses,-keys,-enabled,-manual-refetch.md"
S-043,IU-043,R02,"Query basics: statuses, keys, enabled, manual refetch",7c40b916d5905718532b1c03918af4fc115eebd8,7c40b916d5,9963.78158066418,4832.876324637458,50.77,10.14,856.0,259.0,0.0,"L-011,L-017,L-021",L-011: throwing/swallowing errors | L-017: manual refetch and using state to make new queries on that state change for a new key | L-021: with static it can be stale but it wont be refetched automatically on some refetch trigger,not-transcribed,no,high,"regions/R02-query-basics-statuses,-keys,-enabled,-manual-refetch.md"
S-044,IU-044,UNASSIGNED,Unassigned / outside current Stage 1 regions,b00992d67d9eba4e10ac26a8a591f2cf1fac2b47,b00992d67d,4947.764880946899,4877.218348911832,25.21,10.23,741.0,455.0,0.0,"L-065,L-074",L-065: REMOVEQUERIES RESETQUERIES | L-074: OFFLINE FIRST CAN TRY TO GET DATA UNTIL IT NEED RETRIES RETRIES WILL BE QUEUED CAN TRY TO GET DATA FROM CACHE,not-transcribed,no,medium,
S-045,IU-045,R02,"Query basics: statuses, keys, enabled, manual refetch",7aca1a90bfb51a2b13b2eb55af68f7b0dde31d8b,7aca1a90bf,7426.210287242027,4993.677958199827,37.84,10.48,918.0,318.0,0.0,"L-017,L-015,L-012",L-017: manual refetch and using state to make new queries on that state change for a new key | L-015: so when returning usequey we get like a query but dor our specific resource | L-012: keys,not-transcribed,no,high,"regions/R02-query-basics-statuses,-keys,-enabled,-manual-refetch.md"
S-046,IU-046,R03,notifyOnChangeProps / select side notes,cfea23af3aa9cd8608b379f98e24fb06d4d7ba56,cfea23af3a,1940.7990406260435,5166.465283788872,9.89,10.84,866.0,429.0,0.0,"L-018,L-014,L-019",L-018: when notifyonchanges is useful | L-014: notifyonchangeproops vs select vs structural sharing | L-019: why not qc.prefetchquery ?,not-transcribed,no,high,regions/R03-notifyonchangeprops-select-side-notes.md
S-047,IU-047,R02,"Query basics: statuses, keys, enabled, manual refetch",441233c7df30c0f0165937076d6d247821ce1f7c,441233c7df,13047.48846304014,5284.371685471015,66.48,11.09,753.0,482.0,0.0,"L-020,L-016,L-013","L-020: RETRY | L-016: move disabled quey to a separate component and mount it only when the condition for queryu is met,  so you wont mount... | L-013: dont try to interpret disabled quey state in ui",not-transcribed,no,high,"regions/R02-query-basics-statuses,-keys,-enabled,-manual-refetch.md"
S-048,IU-048,R02,"Query basics: statuses, keys, enabled, manual refetch",bafb8949f195de4ceede9746dff39289ebdf5e21,bafb8949f1,7436.654546158972,5316.011266101777,37.89,11.15,906.0,246.0,0.0,"L-017,L-015,L-012",L-017: manual refetch and using state to make new queries on that state change for a new key | L-015: so when returning usequey we get like a query but dor our specific resource | L-012: keys,not-transcribed,no,high,"regions/R02-query-basics-statuses,-keys,-enabled,-manual-refetch.md"
S-049,IU-049,UNASSIGNED,Unassigned / outside current Stage 1 regions,3442b4b77e311cf7c8b193aa2aff0feaf139c767,3442b4b77e,4953.598377040649,5353.218348911832,25.24,11.23,716.0,367.0,0.0,"L-065,L-074",L-065: REMOVEQUERIES RESETQUERIES | L-074: OFFLINE FIRST CAN TRY TO GET DATA UNTIL IT NEED RETRIES RETRIES WILL BE QUEUED CAN TRY TO GET DATA FROM CACHE,not-transcribed,no,medium,
S-050,IU-050,R02,"Query basics: statuses, keys, enabled, manual refetch",33f7c75961b8d49ed8731af6eacb3ae8574c54ad,33f7c75961,8812.004010394157,5388.344425893047,44.9,11.3,915.0,375.0,0.0,"L-017,L-015,L-011",L-017: manual refetch and using state to make new queries on that state change for a new key | L-015: so when returning usequey we get like a query but dor our specific resource | L-011: throwing/swallowing errors,not-transcribed,no,high,"regions/R02-query-basics-statuses,-keys,-enabled,-manual-refetch.md"
S-051,IU-051,R02,"Query basics: statuses, keys, enabled, manual refetch",0e0d2b04876a1b4f102bc2526ed51d0e8c8271a2,0e0d2b0487,10543.587981174029,5450.058825442546,53.72,11.43,925.0,482.0,0.0,"L-021,L-011,L-020",L-021: with static it can be stale but it wont be refetched automatically on some refetch trigger | L-011: throwing/swallowing errors | L-020: RETRY,not-transcribed,no,high,"regions/R02-query-basics-statuses,-keys,-enabled,-manual-refetch.md"
S-052,IU-052,R02,"Query basics: statuses, keys, enabled, manual refetch",26863f1800602747d8fa1b4e059d78541b14bd79,26863f1800,7395.821188120934,5605.622456897749,37.68,11.76,967.0,287.0,0.0,"L-017,L-015,L-012",L-017: manual refetch and using state to make new queries on that state change for a new key | L-015: so when returning usequey we get like a query but dor our specific resource | L-012: keys,not-transcribed,no,high,"regions/R02-query-basics-statuses,-keys,-enabled,-manual-refetch.md"
S-053,IU-053,UNASSIGNED,Unassigned / outside current Stage 1 regions,a1969014c757d190589845c831114e0cce0241ac,a1969014c7,4951.092922790842,5727.562098911832,25.23,12.02,932.0,482.0,0.0,"L-065,L-074",L-065: REMOVEQUERIES RESETQUERIES | L-074: OFFLINE FIRST CAN TRY TO GET DATA UNTIL IT NEED RETRIES RETRIES WILL BE QUEUED CAN TRY TO GET DATA FROM CACHE,not-transcribed,no,medium,
S-054,IU-054,R02,"Query basics: statuses, keys, enabled, manual refetch",2cdf7b8634a1d9ee08af6df6b05eb95529fa68fb,2cdf7b8634,8820.337445452751,5754.344425893047,44.94,12.07,935.0,333.0,0.0,"L-017,L-015,L-011",L-017: manual refetch and using state to make new queries on that state change for a new key | L-015: so when returning usequey we get like a query but dor our specific resource | L-011: throwing/swallowing errors,not-transcribed,no,high,"regions/R02-query-basics-statuses,-keys,-enabled,-manual-refetch.md"
S-055,IU-055,R03,notifyOnChangeProps / select side notes,224e1a8e1a07ae087a86f806b532d5de85aeb37f,224e1a8e1a,1961.9101856455743,5762.465283788872,10.0,12.09,826.0,337.0,0.0,"L-018,L-019,L-014",L-018: when notifyonchanges is useful | L-019: why not qc.prefetchquery ? | L-014: notifyonchangeproops vs select vs structural sharing,not-transcribed,no,high,regions/R03-notifyonchangeprops-select-side-notes.md
S-056,IU-056,R02,"Query basics: statuses, keys, enabled, manual refetch",7e756912a079ab11573272fb538699f5e6961352,7e756912a0,13075.066350898487,5784.694561447577,66.62,12.14,762.0,391.0,0.0,"L-020,L-016,L-013","L-020: RETRY | L-016: move disabled quey to a separate component and mount it only when the condition for queryu is met,  so you wont mount... | L-013: dont try to interpret disabled quey state in ui",not-transcribed,no,high,"regions/R02-query-basics-statuses,-keys,-enabled,-manual-refetch.md"
S-057,IU-057,R02,"Query basics: statuses, keys, enabled, manual refetch",2fc52e535e118a49bc141177d4ecc9f0c525f989,2fc52e535e,10547.74441528007,5944.2705970897005,53.74,12.47,899.0,365.0,0.0,"L-021,L-020,L-011",L-021: with static it can be stale but it wont be refetched automatically on some refetch trigger | L-020: RETRY | L-011: throwing/swallowing errors,not-transcribed,no,high,"regions/R02-query-basics-statuses,-keys,-enabled,-manual-refetch.md"
S-058,IU-058,R03,notifyOnChangeProps / select side notes,25af0ad09e3f8d4fa9ece76140bed0303c4cfc43,25af0ad09e,1961.9101856455727,6159.85418963198,10.0,12.92,898.0,425.0,0.0,"L-018,L-019,L-014",L-018: when notifyonchanges is useful | L-019: why not qc.prefetchquery ? | L-014: notifyonchangeproops vs select vs structural sharing,not-transcribed,no,high,regions/R03-notifyonchangeprops-select-side-notes.md
S-059,IU-059,R03,notifyOnChangeProps / select side notes,d1b9ca270ef2a157f8158aa9a4e7d5888fc32a86,d1b9ca270e,3305.7955110835064,6226.120069712153,16.84,13.06,860.0,479.0,0.0,"L-019,L-018,L-014",L-019: why not qc.prefetchquery ? | L-018: when notifyonchanges is useful | L-014: notifyonchangeproops vs select vs structural sharing,not-transcribed,no,high,regions/R03-notifyonchangeprops-select-side-notes.md
S-060,IU-060,UNASSIGNED,Unassigned / outside current Stage 1 regions,74e165828c7768c8c3e68fe3bda23b35f7d21705,74e165828c,4951.431628993774,6236.885035923551,25.23,13.08,883.0,357.0,0.0,"L-065,L-074",L-065: REMOVEQUERIES RESETQUERIES | L-074: OFFLINE FIRST CAN TRY TO GET DATA UNTIL IT NEED RETRIES RETRIES WILL BE QUEUED CAN TRY TO GET DATA FROM CACHE,not-transcribed,no,medium,
S-061,IU-061,R02,"Query basics: statuses, keys, enabled, manual refetch",3ec1269c3ed1b271e07dabd83cd757bf61ab3729,3ec1269c3e,10587.24421182955,6325.159452070169,53.95,13.27,460.0,301.0,0.0,"L-021,L-020,L-011",L-021: with static it can be stale but it wont be refetched automatically on some refetch trigger | L-020: RETRY | L-011: throwing/swallowing errors,not-transcribed,no,high,"regions/R02-query-basics-statuses,-keys,-enabled,-manual-refetch.md"
S-062,IU-062,R02,"Query basics: statuses, keys, enabled, manual refetch",976499b4dc564d7e3188ea4a999e3a58c4f4b96a,976499b4dc,11656.7375891769,6469.662792055427,59.4,13.57,876.0,310.0,0.0,"L-021,L-020,L-016","L-021: with static it can be stale but it wont be refetched automatically on some refetch trigger | L-020: RETRY | L-016: move disabled quey to a separate component and mount it only when the condition for queryu is met,  so you wont mount...",not-transcribed,no,high,"regions/R02-query-basics-statuses,-keys,-enabled,-manual-refetch.md"
S-063,IU-063,R04,Staleness / refetch / cache lifetime / rerenders,603893e98b26cb72c2f8263d8c479a8ded8c3a10,603893e98b,12806.796186460551,6513.796041745518,65.26,13.67,892.0,326.0,0.0,"L-029,L-033,L-026",L-029: so no error thrown bu without auto retry on mount | L-033: when refetch can happen with STATIC refetchontrigger: always vs staletime:static | L-026: when a query can become stale stale time vs invalidat queires staletime STATIC,not-transcribed,no,high,regions/R04-staleness-refetch-cache-lifetime-rerenders.md
S-064,IU-064,UNASSIGNED,Unassigned / outside current Stage 1 regions,662677caa93a52c48e9092465bf8abe5cc992407,662677caa9,4961.431628993774,6630.218348911832,25.28,13.91,927.0,341.0,0.0,"L-065,L-074",L-065: REMOVEQUERIES RESETQUERIES | L-074: OFFLINE FIRST CAN TRY TO GET DATA UNTIL IT NEED RETRIES RETRIES WILL BE QUEUED CAN TRY TO GET DATA FROM CACHE,not-transcribed,no,medium,
S-065,IU-065,UNASSIGNED,Unassigned / outside current Stage 1 regions,1a557e01c29c32282c5c6405f95eeb85839053f5,1a557e01c2,1994.1323739593756,6636.076327083152,10.16,13.92,826.0,332.0,0.0,"L-074,L-065",L-074: OFFLINE FIRST CAN TRY TO GET DATA UNTIL IT NEED RETRIES RETRIES WILL BE QUEUED CAN TRY TO GET DATA FROM CACHE | L-065: REMOVEQUERIES RESETQUERIES,not-transcribed,no,medium,
S-066,IU-066,UNASSIGNED,Unassigned / outside current Stage 1 regions,3b93be29928bdf734785fb55391ee9133e2622c7,3b93be2992,3297.684264338713,6731.286736378825,16.8,14.12,834.0,362.0,0.0,"L-065,L-074",L-065: REMOVEQUERIES RESETQUERIES | L-074: OFFLINE FIRST CAN TRY TO GET DATA UNTIL IT NEED RETRIES RETRIES WILL BE QUEUED CAN TRY TO GET DATA FROM CACHE,not-transcribed,no,medium,
S-067,IU-067,R04,Staleness / refetch / cache lifetime / rerenders,ecd69b961abc31aa2dd00e387bed9b49837300ac,ecd69b961a,11649.647830900678,6802.5542192317625,59.36,14.27,803.0,482.0,0.0,"L-033,L-026,L-029",L-033: when refetch can happen with STATIC refetchontrigger: always vs staletime:static | L-026: when a query can become stale stale time vs invalidat queires staletime STATIC | L-029: so no error thrown bu without auto retry on mount,not-transcribed,no,high,regions/R04-staleness-refetch-cache-lifetime-rerenders.md
S-068,IU-068,R04,Staleness / refetch / cache lifetime / rerenders,3d947e5f861c0b7d7065fa68269518352fd848ed,3d947e5f86,12797.640151052412,6873.558156618521,65.21,14.42,641.0,412.0,0.0,"L-029,L-033,L-026",L-029: so no error thrown bu without auto retry on mount | L-033: when refetch can happen with STATIC refetchontrigger: always vs staletime:static | L-026: when a query can become stale stale time vs invalidat queires staletime STATIC,not-transcribed,no,high,regions/R04-staleness-refetch-cache-lifetime-rerenders.md
S-069,IU-069,R04,Staleness / refetch / cache lifetime / rerenders,33b49582eeb922e8029f8209f713df475f03c4aa,33b49582ee,8072.923893861434,7051.151273665353,41.13,14.79,658.0,270.0,0.0,"L-025,L-023,L-027",L-025: Refetch triggers | L-023: Staleness when refetch occurs | L-027: so if staletime has passed or if we marked as stale with invalidate queries or if we didnt set staletime - by default...,not-transcribed,no,high,regions/R04-staleness-refetch-cache-lifetime-rerenders.md
S-070,IU-070,R04,Staleness / refetch / cache lifetime / rerenders,8d3fd0a7f7fb8f6e97adce1a274a1ccf5dc1a6e1,8d3fd0a7f7,11627.832594757256,7292.091363483996,59.25,15.3,850.0,368.0,0.0,"L-033,L-026,L-029",L-033: when refetch can happen with STATIC refetchontrigger: always vs staletime:static | L-026: when a query can become stale stale time vs invalidat queires staletime STATIC | L-029: so no error thrown bu without auto retry on mount,not-transcribed,no,high,regions/R04-staleness-refetch-cache-lifetime-rerenders.md
S-071,IU-071,R04,Staleness / refetch / cache lifetime / rerenders,9eb932564a1d59f6ab3c0c15d08be2b73f6b8f59,9eb932564a,12788.640303640304,7346.724797853873,65.16,15.41,939.0,459.0,0.0,"L-029,L-033,L-026",L-029: so no error thrown bu without auto retry on mount | L-033: when refetch can happen with STATIC refetchontrigger: always vs staletime:static | L-026: when a query can become stale stale time vs invalidat queires staletime STATIC,not-transcribed,no,high,regions/R04-staleness-refetch-cache-lifetime-rerenders.md
S-072,IU-072,R04,Staleness / refetch / cache lifetime / rerenders,852ba9b00335dc42fb2af88311929fedb4cd45a5,852ba9b003,6423.509188940849,7455.491585375268,32.73,15.64,891.0,364.0,0.0,"L-024,L-022,L-032","L-024: if after some manipulations the data that is used by so,e component from query has changed - then observer notifies r... | L-022: rereders | L-032: removing cache that is not being used not active queries gctime",not-transcribed,no,high,regions/R04-staleness-refetch-cache-lifetime-rerenders.md
S-073,IU-073,R04,Staleness / refetch / cache lifetime / rerenders,bba33258c246532c144a0029af83a110dce4375d,bba33258c2,8008.536883763085,7636.81191022761,40.81,16.02,878.0,482.0,0.0,"L-025,L-032,L-027",L-025: Refetch triggers | L-032: removing cache that is not being used not active queries gctime | L-027: so if staletime has passed or if we marked as stale with invalidate queries or if we didnt set staletime - by default...,not-transcribed,no,high,regions/R04-staleness-refetch-cache-lifetime-rerenders.md
S-074,IU-074,R04,Staleness / refetch / cache lifetime / rerenders,577412eb23980dbee3187dee1639f9f08917dd20,577412eb23,11622.618636413354,7670.324730809429,59.22,16.09,591.0,482.0,0.0,"L-033,L-026,L-029",L-033: when refetch can happen with STATIC refetchontrigger: always vs staletime:static | L-026: when a query can become stale stale time vs invalidat queires staletime STATIC | L-029: so no error thrown bu without auto retry on mount,not-transcribed,no,high,regions/R04-staleness-refetch-cache-lifetime-rerenders.md
S-075,IU-075,R04,Staleness / refetch / cache lifetime / rerenders,62d845b921dcff7218ad0ff8183537e1df2be128,62d845b921,14124.8393796967,7804.902349492528,71.97,16.37,885.0,318.0,0.0,"L-029,L-033,L-026",L-029: so no error thrown bu without auto retry on mount | L-033: when refetch can happen with STATIC refetchontrigger: always vs staletime:static | L-026: when a query can become stale stale time vs invalidat queires staletime STATIC,not-transcribed,no,high,regions/R04-staleness-refetch-cache-lifetime-rerenders.md
S-076,IU-076,R04,Staleness / refetch / cache lifetime / rerenders,4e4df28c03d7ad27f4e9dd67e4c564d9ff8ac9a0,4e4df28c03,12786.861156143888,7817.401937136099,65.15,16.4,876.0,482.0,0.0,"L-029,L-033,L-026",L-029: so no error thrown bu without auto retry on mount | L-033: when refetch can happen with STATIC refetchontrigger: always vs staletime:static | L-026: when a query can become stale stale time vs invalidat queires staletime STATIC,not-transcribed,no,high,regions/R04-staleness-refetch-cache-lifetime-rerenders.md
S-077,IU-077,R04,Staleness / refetch / cache lifetime / rerenders,2e326e9966f786317730ccf5f4cfc8e04f48593f,2e326e9966,10088.53813163376,7818.981818219152,51.41,16.4,907.0,241.0,0.0,"L-026,L-033,L-027",L-026: when a query can become stale stale time vs invalidat queires staletime STATIC | L-033: when refetch can happen with STATIC refetchontrigger: always vs staletime:static | L-027: so if staletime has passed or if we marked as stale with invalidate queries or if we didnt set staletime - by default...,not-transcribed,no,high,regions/R04-staleness-refetch-cache-lifetime-rerenders.md
S-078,IU-078,R04,Staleness / refetch / cache lifetime / rerenders,6185671034b6dcb865a437b68d0a3ebc59f9e27a,6185671034,6413.731519670015,7838.547239265245,32.68,16.45,887.0,373.0,0.0,"L-024,L-022,L-032","L-024: if after some manipulations the data that is used by so,e component from query has changed - then observer notifies r... | L-022: rereders | L-032: removing cache that is not being used not active queries gctime",not-transcribed,no,high,regions/R04-staleness-refetch-cache-lifetime-rerenders.md
S-079,IU-079,R04,Staleness / refetch / cache lifetime / rerenders,ac6478b2047dddee642ddc2e5e8e8f457504c317,ac6478b204,8953.342423939763,7838.745380321969,45.62,16.45,918.0,391.0,0.0,"L-027,L-026,L-023",L-027: so if staletime has passed or if we marked as stale with invalidate queries or if we didnt set staletime - by default... | L-026: when a query can become stale stale time vs invalidat queires staletime STATIC | L-023: Staleness when refetch occurs,not-transcribed,no,high,regions/R04-staleness-refetch-cache-lifetime-rerenders.md
S-080,IU-080,R05,Pagination / InfiniteQuery / keepPreviousData side area,0871bd898b44b199905292db7c4ac13473c88920,0871bd898b,3098.6744271367043,7942.158535351358,15.79,16.66,732.0,177.0,0.0,"L-028,L-036,L-034",L-028: PAGINATION | L-036: INFINITEQUERY | L-034: INFINITESCROLL OPTIONS  WHAT DOES USEINFINITEQUERY RETURNS  HOW GETNEXTPAGEPARAM WORKS  HOW DOES IT COMPUTES HASNEXTPAGE,not-transcribed,no,high,regions/R05-pagination-infinitequery-keeppreviousdata-side-area.md
S-081,IU-081,R04,Staleness / refetch / cache lifetime / rerenders,508013e6b983a2cf0717ffff43b2f85353293b9a,508013e6b9,5137.502080216889,7981.224271735948,26.18,16.74,933.0,482.0,0.0,"L-030,L-024,L-022","L-030: structural  sharing, use from query only the data that will cause rerender on change  acts just like a store | L-024: if after some manipulations the data that is used by so,e component from query has changed - then observer notifies r... | L-022: rereders",not-transcribed,no,high,regions/R04-staleness-refetch-cache-lifetime-rerenders.md
S-082,IU-082,R04,Staleness / refetch / cache lifetime / rerenders,a75c02ceb1ef910b17b0d7e2d1fb5780177b9553,a75c02ceb1,10117.94490479224,8064.818472043837,51.55,16.92,901.0,404.0,0.0,"L-026,L-033,L-027",L-026: when a query can become stale stale time vs invalidat queires staletime STATIC | L-033: when refetch can happen with STATIC refetchontrigger: always vs staletime:static | L-027: so if staletime has passed or if we marked as stale with invalidate queries or if we didnt set staletime - by default...,not-transcribed,no,high,regions/R04-staleness-refetch-cache-lifetime-rerenders.md
S-083,IU-083,R05,Pagination / InfiniteQuery / keepPreviousData side area,e3c0a532d3e1512c6309d289faad719d8b27adf7,e3c0a532d3,3093.515526467063,8134.809425883344,15.76,17.07,914.0,459.0,0.0,"L-028,L-036,L-034",L-028: PAGINATION | L-036: INFINITEQUERY | L-034: INFINITESCROLL OPTIONS  WHAT DOES USEINFINITEQUERY RETURNS  HOW GETNEXTPAGEPARAM WORKS  HOW DOES IT COMPUTES HASNEXTPAGE,not-transcribed,no,high,regions/R05-pagination-infinitequery-keeppreviousdata-side-area.md
S-084,IU-084,R04,Staleness / refetch / cache lifetime / rerenders,68a664c2d542d7cecaf1b35b75c6b56ccd43e1fc,68a664c2d5,14138.172713030037,8167.420958433497,72.04,17.14,885.0,390.0,0.0,"L-029,L-033,L-026",L-029: so no error thrown bu without auto retry on mount | L-033: when refetch can happen with STATIC refetchontrigger: always vs staletime:static | L-026: when a query can become stale stale time vs invalidat queires staletime STATIC,not-transcribed,no,high,regions/R04-staleness-refetch-cache-lifetime-rerenders.md
S-085,IU-085,R05,Pagination / InfiniteQuery / keepPreviousData side area,bc3e0aa237ca77c270ac533ca22ce793bfd3692d,bc3e0aa237,125.70887981997656,8188.525188328691,0.64,17.18,849.0,308.0,0.0,"L-031,L-037,L-034",L-031: usetransition vs placeholderdata:keeppreviousdata | L-037: !!! | L-034: INFINITESCROLL OPTIONS  WHAT DOES USEINFINITEQUERY RETURNS  HOW GETNEXTPAGEPARAM WORKS  HOW DOES IT COMPUTES HASNEXTPAGE,not-transcribed,no,high,regions/R05-pagination-infinitequery-keeppreviousdata-side-area.md
S-086,IU-086,R04,Staleness / refetch / cache lifetime / rerenders,3f38cd3ee4c0989c451adc3deab326e5eed536c0,3f38cd3ee4,6419.7613140433605,8223.890989265245,32.71,17.25,838.0,482.0,0.0,"L-035,L-032,L-024","L-035: refetch interval | L-032: removing cache that is not being used not active queries gctime | L-024: if after some manipulations the data that is used by so,e component from query has changed - then observer notifies r...",not-transcribed,no,high,regions/R04-staleness-refetch-cache-lifetime-rerenders.md
S-087,IU-087,R04,Staleness / refetch / cache lifetime / rerenders,6674e4d2e9a0a104f7135ea61116bddd47c00b54,6674e4d2e9,8960.414026897355,8241.650200355449,45.66,17.29,881.0,469.0,0.0,"L-027,L-026,L-032",L-027: so if staletime has passed or if we marked as stale with invalidate queries or if we didnt set staletime - by default... | L-026: when a query can become stale stale time vs invalidat queires staletime STATIC | L-032: removing cache that is not being used not active queries gctime,not-transcribed,no,high,regions/R04-staleness-refetch-cache-lifetime-rerenders.md
S-088,IU-088,R04,Staleness / refetch / cache lifetime / rerenders,e48ab344959936117f92df38fe8fb97801b143c7,e48ab34495,12765.246873929553,8301.217951589722,65.04,17.42,990.0,439.0,0.0,"L-029,L-033,L-026",L-029: so no error thrown bu without auto retry on mount | L-033: when refetch can happen with STATIC refetchontrigger: always vs staletime:static | L-026: when a query can become stale stale time vs invalidat queires staletime STATIC,not-transcribed,no,high,regions/R04-staleness-refetch-cache-lifetime-rerenders.md
S-089,IU-089,R04,Staleness / refetch / cache lifetime / rerenders,ee98c678db7c27d9e9d65b57efbea8de44e4de3c,ee98c678db,8056.460708201368,8336.378893537265,41.05,17.49,609.0,482.0,0.0,"L-032,L-035,L-025",L-032: removing cache that is not being used not active queries gctime | L-035: refetch interval | L-025: Refetch triggers,not-transcribed,no,high,regions/R04-staleness-refetch-cache-lifetime-rerenders.md
S-090,IU-090,R04,Staleness / refetch / cache lifetime / rerenders,ba574a80244925d065d32f9fb8ec089cad49d3bb,ba574a8024,10110.611774909428,8449.81841100868,51.52,17.73,889.0,226.0,0.0,"L-033,L-026,L-027",L-033: when refetch can happen with STATIC refetchontrigger: always vs staletime:static | L-026: when a query can become stale stale time vs invalidat queires staletime STATIC | L-027: so if staletime has passed or if we marked as stale with invalidate queries or if we didnt set staletime - by default...,not-transcribed,no,high,regions/R04-staleness-refetch-cache-lifetime-rerenders.md
S-091,IU-091,R04,Staleness / refetch / cache lifetime / rerenders,1c6a61c9e417958cbcbd0c69bf987d48f76ad88f,1c6a61c9e4,11378.853647416803,8458.715868104802,57.98,17.75,904.0,320.0,0.0,"L-033,L-026,L-029",L-033: when refetch can happen with STATIC refetchontrigger: always vs staletime:static | L-026: when a query can become stale stale time vs invalidat queires staletime STATIC | L-029: so no error thrown bu without auto retry on mount,not-transcribed,no,high,regions/R04-staleness-refetch-cache-lifetime-rerenders.md
S-092,IU-092,R04,Staleness / refetch / cache lifetime / rerenders,db432e01782d5a7ce593405eb2da0d83f7f1c732,db432e0178,5145.398145646577,8490.047269782823,26.22,17.81,917.0,302.0,0.0,"L-030,L-024,L-022","L-030: structural  sharing, use from query only the data that will cause rerender on change  acts just like a store | L-024: if after some manipulations the data that is used by so,e component from query has changed - then observer notifies r... | L-022: rereders",not-transcribed,no,high,regions/R04-staleness-refetch-cache-lifetime-rerenders.md
S-093,IU-093,R05,Pagination / InfiniteQuery / keepPreviousData side area,c8cc88b3af1d3a963ff8b1ee37696787027531ea,c8cc88b3af,149.37562786685157,8550.35853183455,0.76,17.94,815.0,435.0,0.0,"L-037,L-031,L-034",L-037: !!! | L-031: usetransition vs placeholderdata:keeppreviousdata | L-034: INFINITESCROLL OPTIONS  WHAT DOES USEINFINITEQUERY RETURNS  HOW GETNEXTPAGEPARAM WORKS  HOW DOES IT COMPUTES HASNEXTPAGE,not-transcribed,no,high,regions/R05-pagination-infinitequery-keeppreviousdata-side-area.md
S-094,IU-094,R05,Pagination / InfiniteQuery / keepPreviousData side area,975b593423bd143ab9c88230b2f21dadcf601b9e,975b593423,3080.102824179119,8604.99987300946,15.69,18.05,952.0,471.0,0.0,"L-036,L-028,L-034",L-036: INFINITEQUERY | L-028: PAGINATION | L-034: INFINITESCROLL OPTIONS  WHAT DOES USEINFINITEQUERY RETURNS  HOW GETNEXTPAGEPARAM WORKS  HOW DOES IT COMPUTES HASNEXTPAGE,not-transcribed,no,high,regions/R05-pagination-infinitequery-keeppreviousdata-side-area.md
S-095,IU-095,R04,Staleness / refetch / cache lifetime / rerenders,ff5a3dac411771a20d7fbbc1004d41fe030a5570,ff5a3dac41,10096.445148932866,8694.151846067274,51.45,18.24,960.0,452.0,0.0,"L-033,L-026,L-027",L-033: when refetch can happen with STATIC refetchontrigger: always vs staletime:static | L-026: when a query can become stale stale time vs invalidat queires staletime STATIC | L-027: so if staletime has passed or if we marked as stale with invalidate queries or if we didnt set staletime - by default...,not-transcribed,no,high,regions/R04-staleness-refetch-cache-lifetime-rerenders.md
S-096,IU-096,R04,Staleness / refetch / cache lifetime / rerenders,d076db1a352cd26b3090c2887164f75161d27a56,d076db1a35,6419.064893693452,8720.547178230088,32.71,18.3,935.0,257.0,0.0,"L-035,L-032,L-024","L-035: refetch interval | L-032: removing cache that is not being used not active queries gctime | L-024: if after some manipulations the data that is used by so,e component from query has changed - then observer notifies r...",not-transcribed,no,high,regions/R04-staleness-refetch-cache-lifetime-rerenders.md
S-097,IU-097,R04,Staleness / refetch / cache lifetime / rerenders,4e38da6f7c269f1e0013e047722c55363e4b0ea8,4e38da6f7c,8957.10456121655,8732.412032456457,45.64,18.32,880.0,337.0,0.0,"L-027,L-026,L-032",L-027: so if staletime has passed or if we marked as stale with invalidate queries or if we didnt set staletime - by default... | L-026: when a query can become stale stale time vs invalidat queires staletime STATIC | L-032: removing cache that is not being used not active queries gctime,not-transcribed,no,high,regions/R04-staleness-refetch-cache-lifetime-rerenders.md
S-098,IU-098,R04,Staleness / refetch / cache lifetime / rerenders,27679ed8ee7192319bbd30f857bf9294efcbc6ea,27679ed8ee,11391.88409841112,8793.625014500401,58.05,18.45,924.0,392.0,0.0,"L-033,L-026,L-029",L-033: when refetch can happen with STATIC refetchontrigger: always vs staletime:static | L-026: when a query can become stale stale time vs invalidat queires staletime STATIC | L-029: so no error thrown bu without auto retry on mount,not-transcribed,no,high,regions/R04-staleness-refetch-cache-lifetime-rerenders.md
S-099,IU-099,R04,Staleness / refetch / cache lifetime / rerenders,1314fac1937cd7e24d159cfb1349e1fa25c81e4c,1314fac193,12759.969163968612,8796.384618256387,65.02,18.45,925.0,422.0,0.0,"L-029,L-033,L-026",L-029: so no error thrown bu without auto retry on mount | L-033: when refetch can happen with STATIC refetchontrigger: always vs staletime:static | L-026: when a query can become stale stale time vs invalidat queires staletime STATIC,not-transcribed,no,high,regions/R04-staleness-refetch-cache-lifetime-rerenders.md
S-100,IU-100,R04,Staleness / refetch / cache lifetime / rerenders,873cf4d11f5fb9cd206558f6e6fd5a3f2d699e41,873cf4d11f,5131.231519670015,8799.547208747666,26.15,18.46,860.0,411.0,0.0,"L-030,L-024,L-035","L-030: structural  sharing, use from query only the data that will cause rerender on change  acts just like a store | L-024: if after some manipulations the data that is used by so,e component from query has changed - then observer notifies r... | L-035: refetch interval",not-transcribed,no,high,regions/R04-staleness-refetch-cache-lifetime-rerenders.md
S-101,IU-101,R05,Pagination / InfiniteQuery / keepPreviousData side area,4c44fb1d2aa09fdff1f57e8a5cd47d7a9649bb19,4c44fb1d2a,128.20906292544532,8994.525096775957,0.65,18.87,844.0,420.0,0.0,"L-037,L-034,L-031",L-037: !!! | L-034: INFINITESCROLL OPTIONS  WHAT DOES USEINFINITEQUERY RETURNS  HOW GETNEXTPAGEPARAM WORKS  HOW DOES IT COMPUTES HASNEXTPAGE | L-031: usetransition vs placeholderdata:keeppreviousdata,not-transcribed,no,high,regions/R05-pagination-infinitequery-keeppreviousdata-side-area.md
S-102,IU-102,R04,Staleness / refetch / cache lifetime / rerenders,03697f7b6d9df924a993630f8885a198d0c6f59f,03697f7b6d,8999.614080390675,9120.858723250809,45.86,19.14,919.0,449.0,0.0,"L-027,L-035,L-032",L-027: so if staletime has passed or if we marked as stale with invalidate queries or if we didnt set staletime - by default... | L-035: refetch interval | L-032: removing cache that is not being used not active queries gctime,not-transcribed,no,high,regions/R04-staleness-refetch-cache-lifetime-rerenders.md
S-103,IU-103,R04,Staleness / refetch / cache lifetime / rerenders,4e59a80541ebcb31b6cdd367894655b463887d04,4e59a80541,11374.338532892656,9202.640184511052,57.96,19.31,930.0,437.0,0.0,"L-033,L-026,L-029",L-033: when refetch can happen with STATIC refetchontrigger: always vs staletime:static | L-026: when a query can become stale stale time vs invalidat queires staletime STATIC | L-029: so no error thrown bu without auto retry on mount,not-transcribed,no,high,regions/R04-staleness-refetch-cache-lifetime-rerenders.md
S-104,IU-104,R04,Staleness / refetch / cache lifetime / rerenders,50eadf70dfbe892da6b9f6790fac1d87500a5a51,50eadf70df,12777.960235397186,9232.895034923058,65.11,19.37,689.0,482.0,0.0,"L-033,L-029,L-026",L-033: when refetch can happen with STATIC refetchontrigger: always vs staletime:static | L-029: so no error thrown bu without auto retry on mount | L-026: when a query can become stale stale time vs invalidat queires staletime STATIC,not-transcribed,no,high,regions/R04-staleness-refetch-cache-lifetime-rerenders.md
S-105,IU-105,R04,Staleness / refetch / cache lifetime / rerenders,dc0361e5335279269e83c947761041f175b74bd7,dc0361e533,5136.731519670015,9236.380582771104,26.17,19.38,913.0,228.0,0.0,"L-030,L-035,L-024","L-030: structural  sharing, use from query only the data that will cause rerender on change  acts just like a store | L-035: refetch interval | L-024: if after some manipulations the data that is used by so,e component from query has changed - then observer notifies r...",not-transcribed,no,high,regions/R04-staleness-refetch-cache-lifetime-rerenders.md
S-106,IU-106,R05,Pagination / InfiniteQuery / keepPreviousData side area,fc61dcb8e634d87341a07d92980e63b5ce8407ac,fc61dcb8e6,3042.126488381129,9384.198251799457,15.5,19.69,927.0,298.0,0.0,"L-036,L-028,L-034",L-036: INFINITEQUERY | L-028: PAGINATION | L-034: INFINITESCROLL OPTIONS  WHAT DOES USEINFINITEQUERY RETURNS  HOW GETNEXTPAGEPARAM WORKS  HOW DOES IT COMPUTES HASNEXTPAGE,not-transcribed,no,high,regions/R05-pagination-infinitequery-keeppreviousdata-side-area.md
S-107,IU-107,R04,Staleness / refetch / cache lifetime / rerenders,180be1e245c61db85a4cb14a789da9fce4aaa0a1,180be1e245,7489.484506629204,9417.34292095821,38.16,19.76,910.0,390.0,0.0,"L-035,L-032,L-025",L-035: refetch interval | L-032: removing cache that is not being used not active queries gctime | L-025: Refetch triggers,not-transcribed,no,high,regions/R04-staleness-refetch-cache-lifetime-rerenders.md
S-108,IU-108,R05,Pagination / InfiniteQuery / keepPreviousData side area,728900c57352441348a30ead3d6933a7e3457822,728900c573,137.8754891505887,9420.949427053834,0.7,19.76,858.0,412.0,0.0,"L-037,L-034,L-031",L-037: !!! | L-034: INFINITESCROLL OPTIONS  WHAT DOES USEINFINITEQUERY RETURNS  HOW GETNEXTPAGEPARAM WORKS  HOW DOES IT COMPUTES HASNEXTPAGE | L-031: usetransition vs placeholderdata:keeppreviousdata,not-transcribed,no,high,regions/R05-pagination-infinitequery-keeppreviousdata-side-area.md
S-109,IU-109,UNASSIGNED,Unassigned / outside current Stage 1 regions,39e62ae511efa47ffbce53be931d4fde2f068004,39e62ae511,9033.526686766234,9580.73181662878,46.03,20.1,408.0,201.0,0.0,"L-065,L-074",L-065: REMOVEQUERIES RESETQUERIES | L-074: OFFLINE FIRST CAN TRY TO GET DATA UNTIL IT NEED RETRIES RETRIES WILL BE QUEUED CAN TRY TO GET DATA FROM CACHE,not-transcribed,no,medium,
S-110,IU-110,UNASSIGNED,Unassigned / outside current Stage 1 regions,96bd41a4854238b5dfdbc214a99f187a94b2de31,96bd41a485,11373.687054732143,9617.882516275968,57.95,20.18,941.0,375.0,0.0,"L-065,L-074",L-065: REMOVEQUERIES RESETQUERIES | L-074: OFFLINE FIRST CAN TRY TO GET DATA UNTIL IT NEED RETRIES RETRIES WILL BE QUEUED CAN TRY TO GET DATA FROM CACHE,not-transcribed,no,medium,
S-111,IU-111,R05,Pagination / InfiniteQuery / keepPreviousData side area,b643ae1bee759a5d7a5ce82de29b059fc564ba00,b643ae1bee,1479.959827527333,9650.015839515676,7.54,20.25,762.0,311.0,0.0,"L-034,L-036,L-037",L-034: INFINITESCROLL OPTIONS  WHAT DOES USEINFINITEQUERY RETURNS  HOW GETNEXTPAGEPARAM WORKS  HOW DOES IT COMPUTES HASNEXTPAGE | L-036: INFINITEQUERY | L-037: !!!,not-transcribed,no,high,regions/R05-pagination-infinitequery-keeppreviousdata-side-area.md
S-112,IU-112,R05,Pagination / InfiniteQuery / keepPreviousData side area,41cc77d4c328de94133c00f92b8cf617bf3dc8ac,41cc77d4c3,3069.9924394269965,9707.59742172133,15.64,20.37,840.0,482.0,0.0,"L-036,L-034,L-028",L-036: INFINITEQUERY | L-034: INFINITESCROLL OPTIONS  WHAT DOES USEINFINITEQUERY RETURNS  HOW GETNEXTPAGEPARAM WORKS  HOW DOES IT COMPUTES HASNEXTPAGE | L-028: PAGINATION,not-transcribed,no,high,regions/R05-pagination-infinitequery-keeppreviousdata-side-area.md
S-113,IU-113,UNASSIGNED,Unassigned / outside current Stage 1 regions,2bc6c3c45878e7462b8a01153fb78c96f670394f,2bc6c3c458,7487.484506629204,9843.954167703008,38.15,20.65,954.0,479.0,0.0,"L-065,L-074",L-065: REMOVEQUERIES RESETQUERIES | L-074: OFFLINE FIRST CAN TRY TO GET DATA UNTIL IT NEED RETRIES RETRIES WILL BE QUEUED CAN TRY TO GET DATA FROM CACHE,not-transcribed,no,medium,
S-114,IU-114,UNASSIGNED,Unassigned / outside current Stage 1 regions,38adfee5552c65bb099bf1088cd87a6e0bd6eb80,38adfee555,1455.0551818800104,10032.20632587868,7.41,21.05,936.0,299.0,0.0,"L-074,L-065",L-074: OFFLINE FIRST CAN TRY TO GET DATA UNTIL IT NEED RETRIES RETRIES WILL BE QUEUED CAN TRY TO GET DATA FROM CACHE | L-065: REMOVEQUERIES RESETQUERIES,not-transcribed,no,medium,
S-115,IU-115,UNASSIGNED,Unassigned / outside current Stage 1 regions,1f0e98522eef50495c27ab667ea57244a51097f3,1f0e98522e,3068.4044831727933,10263.364735360645,15.63,21.53,902.0,329.0,0.0,"L-074,L-065",L-074: OFFLINE FIRST CAN TRY TO GET DATA UNTIL IT NEED RETRIES RETRIES WILL BE QUEUED CAN TRY TO GET DATA FROM CACHE | L-065: REMOVEQUERIES RESETQUERIES,not-transcribed,no,medium,
S-116,IU-116,UNASSIGNED,Unassigned / outside current Stage 1 regions,69bfa97f82e20f5bb984dfd9035d3b44ec64960e,69bfa97f82,1422.7694675942969,10366.396685811713,7.25,21.75,932.0,423.0,0.0,"L-074,L-065",L-074: OFFLINE FIRST CAN TRY TO GET DATA UNTIL IT NEED RETRIES RETRIES WILL BE QUEUED CAN TRY TO GET DATA FROM CACHE | L-065: REMOVEQUERIES RESETQUERIES,not-transcribed,no,medium,
S-117,IU-117,R07,Prefetch / initialData / placeholderData / useQueryClient,8160273b4d08df708bd978e863a8449b3ccbaaaa,8160273b4d,9433.330568893727,10598.507116696876,48.07,22.24,911.0,301.0,0.0,"L-051,L-038,L-048","L-051: init data caveats | L-038: PREFETCHING/ INITIALDATA /PLACEHOLDRDATA, USEQUERYCLIENT | L-048: PREFETCH STALETIME AND REFETCHING ON MOUNT ISSUE EVEN WITH PREFETCH QUERY",not-transcribed,no,high,regions/R07-prefetch-initialdata-placeholderdata-usequeryclient.md
S-118,IU-118,UNASSIGNED,Unassigned / outside current Stage 1 regions,5230e3ed40dfc62b44191e77a332b91fa484eaea,5230e3ed40,3059.9044831727933,10604.8648370859,15.59,22.25,919.0,406.0,0.0,"L-074,L-065",L-074: OFFLINE FIRST CAN TRY TO GET DATA UNTIL IT NEED RETRIES RETRIES WILL BE QUEUED CAN TRY TO GET DATA FROM CACHE | L-065: REMOVEQUERIES RESETQUERIES,not-transcribed,no,medium,
S-119,IU-119,UNASSIGNED,Unassigned / outside current Stage 1 regions,2ced60a702324c4a7d28a57a39a77cd9ff29737f,2ced60a702,1414.8648219469742,10877.396773004795,7.21,22.82,704.0,121.0,0.0,"L-074,L-065",L-074: OFFLINE FIRST CAN TRY TO GET DATA UNTIL IT NEED RETRIES RETRIES WILL BE QUEUED CAN TRY TO GET DATA FROM CACHE | L-065: REMOVEQUERIES RESETQUERIES,not-transcribed,no,medium,
S-120,IU-120,R07,Prefetch / initialData / placeholderData / useQueryClient,77905ae043ec69700fc3b16f6a5b4ec492e7e300,77905ae043,9445.4969049533,10938.85639510148,48.13,22.95,811.0,404.0,0.0,"L-051,L-048,L-038","L-051: init data caveats | L-048: PREFETCH STALETIME AND REFETCHING ON MOUNT ISSUE EVEN WITH PREFETCH QUERY | L-038: PREFETCHING/ INITIALDATA /PLACEHOLDRDATA, USEQUERYCLIENT",not-transcribed,no,high,regions/R07-prefetch-initialdata-placeholderdata-usequeryclient.md
S-121,IU-121,UNASSIGNED,Unassigned / outside current Stage 1 regions,70259fd00dac47caaf1dee15cda4acf36a905e87,70259fd00d,3127.7297260284668,11026.7085870859,15.94,23.13,752.0,482.0,0.0,"L-074,L-065",L-074: OFFLINE FIRST CAN TRY TO GET DATA UNTIL IT NEED RETRIES RETRIES WILL BE QUEUED CAN TRY TO GET DATA FROM CACHE | L-065: REMOVEQUERIES RESETQUERIES,not-transcribed,no,medium,
S-122,IU-122,UNASSIGNED,Unassigned / outside current Stage 1 regions,c74a0b5ca9807854bf772a5f5b4a8989039e4680,c74a0b5ca9,1395.5017055711633,11047.216684416628,7.11,23.18,830.0,482.0,0.0,"L-074,L-065",L-074: OFFLINE FIRST CAN TRY TO GET DATA UNTIL IT NEED RETRIES RETRIES WILL BE QUEUED CAN TRY TO GET DATA FROM CACHE | L-065: REMOVEQUERIES RESETQUERIES,not-transcribed,no,medium,
S-123,IU-123,R08,QueryClient methods / filters / cache control,89aca4f37a278a813e0eb7686b564e8ae54550a2,89aca4f37a,11718.50182353757,11147.546194142,59.71,23.39,659.0,429.0,0.0,"L-043,L-044,L-041",L-043: QUERY FILTERS | L-044: METHODS OF QC | L-041: QUERYCLIENT,not-transcribed,no,high,regions/R08-queryclient-methods-filters-cache-control.md
S-124,IU-124,R08,QueryClient methods / filters / cache control,4f1b873c4979ca54503a086b4046ba261ef50225,4f1b873c49,10541.653055563827,11173.512243063116,53.71,23.44,980.0,386.0,0.0,"L-041,L-043,L-044",L-041: QUERYCLIENT | L-043: QUERY FILTERS | L-044: METHODS OF QC,not-transcribed,no,high,regions/R08-queryclient-methods-filters-cache-control.md
S-125,IU-125,R08,QueryClient methods / filters / cache control,730d9b1236636fa508be450b3c1019b5e8eee74c,730d9b1236,12525.750502953026,11211.1919396503,63.82,23.52,870.0,195.0,0.0,"L-044,L-046,L-043",L-044: METHODS OF QC | L-046: get queries | L-043: QUERY FILTERS,not-transcribed,no,high,regions/R08-queryclient-methods-filters-cache-control.md
S-126,IU-126,R06,Query composition: useQueries / dependent / combine,68f33d5ec1c54be39e79037ff436bb7ef2b00708,68f33d5ec1,4644.591577176087,11213.332540089636,23.67,23.53,931.0,408.0,0.0,"L-045,L-039,L-049","L-045: COMBINE | L-039: use queries dependant queries | L-049: SERIAL EXECUTION, GETTING DATA FOR ONE QUERY THEN FOR ANOTHER",not-transcribed,no,high,regions/R06-query-composition-usequeries-dependent-combine.md
S-127,IU-127,R08,QueryClient methods / filters / cache control,78a5bec30e53c01bb96164eb9e0f0db396469148,78a5bec30e,15928.037386398615,11216.646138071352,81.16,23.53,895.0,437.0,0.0,"L-042,L-040,L-050",L-042: QC OUTSIDE REACT | L-040: setqueriesdata olddatashape | L-050: may try to design some abstractions that will ensure that some keys have some specific form,not-transcribed,no,high,regions/R08-queryclient-methods-filters-cache-control.md
S-128,IU-128,R06,Query composition: useQueries / dependent / combine,664984d1b2c79866c5225a3ff0a4f1ecb1cc2de3,664984d1b2,6002.829784796375,11264.057086249652,30.59,23.63,688.0,482.0,0.0,"L-049,L-047,L-039","L-049: SERIAL EXECUTION, GETTING DATA FOR ONE QUERY THEN FOR ANOTHER | L-047: NOT PARALLEL | L-039: use queries dependant queries",not-transcribed,no,high,regions/R06-query-composition-usequeries-dependent-combine.md
S-129,IU-129,R08,QueryClient methods / filters / cache control,fc2d174df67e1b579d29fa9243bc9f89ecdc3b25,fc2d174df6,13887.652099620667,11356.605048028934,70.76,23.83,856.0,417.0,0.0,"L-046,L-053,L-042",L-046: get queries | L-053: refetch type VS filters type of invalidate queries | L-042: QC OUTSIDE REACT,not-transcribed,no,high,regions/R08-queryclient-methods-filters-cache-control.md
S-130,IU-130,R06,Query composition: useQueries / dependent / combine,d4b221fae1a1d6947f91e8b790375c4f718266bf,d4b221fae1,7023.861702461656,11381.834775865544,35.79,23.88,864.0,482.0,0.0,"L-049,L-047,L-054","L-049: SERIAL EXECUTION, GETTING DATA FOR ONE QUERY THEN FOR ANOTHER | L-047: NOT PARALLEL | L-054: PROMISE.ALL, SHARE LIFECTCLE FETCHING , REFETCHING AND ERRORING",not-transcribed,no,high,regions/R06-query-composition-usequeries-dependent-combine.md
S-131,IU-131,R07,Prefetch / initialData / placeholderData / useQueryClient,436c717cfb34564f8161400b86c6cd70df948e55,436c717cfb,9451.2573799643,11399.92489677074,48.16,23.92,726.0,482.0,0.0,"L-051,L-048,L-055",L-051: init data caveats | L-048: PREFETCH STALETIME AND REFETCHING ON MOUNT ISSUE EVEN WITH PREFETCH QUERY | L-055: !!! can prefetch and then fetch again because of default stale time,not-transcribed,no,high,regions/R07-prefetch-initialdata-placeholderdata-usequeryclient.md
S-132,IU-132,R07,Prefetch / initialData / placeholderData / useQueryClient,3d2af35386f5a1702b6e11ea1683581f82b05961,3d2af35386,8200.893423180742,11404.627618201914,41.79,23.93,954.0,442.0,0.0,"L-048,L-051,L-052",L-048: PREFETCH STALETIME AND REFETCHING ON MOUNT ISSUE EVEN WITH PREFETCH QUERY | L-051: init data caveats | L-052: DOES PREFETCH STALETIME BELONGS TO BOTH PREFETCH AND NORMAL QUEY?,not-transcribed,no,high,regions/R07-prefetch-initialdata-placeholderdata-usequeryclient.md
S-133,IU-133,R08,QueryClient methods / filters / cache control,0a41cac8a593c33ae6b78778a1f71f604fa2e754,0a41cac8a5,18670.584358777203,11427.711597336283,95.13,23.98,945.0,445.0,0.0,"L-050,L-040,L-042",L-050: may try to design some abstractions that will ensure that some keys have some specific form | L-040: setqueriesdata olddatashape | L-042: QC OUTSIDE REACT,not-transcribed,no,high,regions/R08-queryclient-methods-filters-cache-control.md
S-134,IU-134,R08,QueryClient methods / filters / cache control,30bdec469536a1c510c677d2182c6f9661def337,30bdec4695,12517.627952269944,11435.105312282009,63.78,23.99,932.0,464.0,0.0,"L-044,L-046,L-053",L-044: METHODS OF QC | L-046: get queries | L-053: refetch type VS filters type of invalidate queries,not-transcribed,no,high,regions/R08-queryclient-methods-filters-cache-control.md
S-135,IU-135,R08,QueryClient methods / filters / cache control,471c964d3b7c3d8ea35d5cc96d9bf177d00e3148,471c964d3b,17930.9318303352,11464.957300304442,91.37,24.05,662.0,463.0,0.0,"L-050,L-040,L-042",L-050: may try to design some abstractions that will ensure that some keys have some specific form | L-040: setqueriesdata olddatashape | L-042: QC OUTSIDE REACT,not-transcribed,no,high,regions/R08-queryclient-methods-filters-cache-control.md
S-136,IU-136,UNASSIGNED,Unassigned / outside current Stage 1 regions,90f673f1e852e151765e4686ac1250ca82fbb7cb,90f673f1e8,1372.483753308583,11483.3015058452,6.99,24.09,884.0,433.0,0.0,"L-074,L-065",L-074: OFFLINE FIRST CAN TRY TO GET DATA UNTIL IT NEED RETRIES RETRIES WILL BE QUEUED CAN TRY TO GET DATA FROM CACHE | L-065: REMOVEQUERIES RESETQUERIES,not-transcribed,no,medium,
S-137,IU-137,UNASSIGNED,Unassigned / outside current Stage 1 regions,cf6de009a383a3e090c6d53917a88f728123285c,cf6de009a3,3147.849266701438,11541.364837085908,16.04,24.21,792.0,373.0,0.0,"L-074,L-065",L-074: OFFLINE FIRST CAN TRY TO GET DATA UNTIL IT NEED RETRIES RETRIES WILL BE QUEUED CAN TRY TO GET DATA FROM CACHE | L-065: REMOVEQUERIES RESETQUERIES,not-transcribed,no,medium,
S-138,IU-138,R08,QueryClient methods / filters / cache control,01111ee2eb6983f9c642f1dabc37362759a76a4a,01111ee2eb,10535.334873745644,11581.58803762988,53.68,24.3,869.0,205.0,0.0,"L-041,L-043,L-044",L-041: QUERYCLIENT | L-043: QUERY FILTERS | L-044: METHODS OF QC,not-transcribed,no,high,regions/R08-queryclient-methods-filters-cache-control.md
S-139,IU-139,R08,QueryClient methods / filters / cache control,c3f45a9f792f10ca1d8a925a917dd5c7d259f5f9,c3f45a9f79,11644.557514726806,11591.342513043906,59.33,24.32,798.0,454.0,0.0,"L-043,L-044,L-041",L-043: QUERY FILTERS | L-044: METHODS OF QC | L-041: QUERYCLIENT,not-transcribed,no,high,regions/R08-queryclient-methods-filters-cache-control.md
S-140,IU-140,R06,Query composition: useQueries / dependent / combine,52ce7625acb50ad6840d6a9b2f41595f00a46554,52ce7625ac,4717.282111495284,11646.95147145124,24.04,24.44,778.0,276.0,0.0,"L-045,L-039,L-049","L-045: COMBINE | L-039: use queries dependant queries | L-049: SERIAL EXECUTION, GETTING DATA FOR ONE QUERY THEN FOR ANOTHER",not-transcribed,no,high,regions/R06-query-composition-usequeries-dependent-combine.md
S-141,IU-141,R08,QueryClient methods / filters / cache control,d9130874341bb277d6adf65e5d6066f76b62ff81,d913087434,15940.512382903731,11685.76919203608,81.22,24.52,734.0,482.0,0.0,"L-042,L-050,L-040",L-042: QC OUTSIDE REACT | L-050: may try to design some abstractions that will ensure that some keys have some specific form | L-040: setqueriesdata olddatashape,not-transcribed,no,high,regions/R08-queryclient-methods-filters-cache-control.md
S-142,IU-142,R06,Query composition: useQueries / dependent / combine,6c191bae1e413859073e73e8089098e4c32bbce0,6c191bae1e,5998.287038476274,11750.871786906117,30.56,24.65,794.0,482.0,0.0,"L-049,L-047,L-054","L-049: SERIAL EXECUTION, GETTING DATA FOR ONE QUERY THEN FOR ANOTHER | L-047: NOT PARALLEL | L-054: PROMISE.ALL, SHARE LIFECTCLE FETCHING , REFETCHING AND ERRORING",not-transcribed,no,high,regions/R06-query-composition-usequeries-dependent-combine.md
S-143,IU-143,R08,QueryClient methods / filters / cache control,81cc0883baca9123aefb45c4cb1deff7c94b8f3f,81cc0883ba,13895.652099620667,11804.938361017215,70.8,24.77,840.0,283.0,0.0,"L-053,L-046,L-042",L-053: refetch type VS filters type of invalidate queries | L-046: get queries | L-042: QC OUTSIDE REACT,not-transcribed,no,high,regions/R08-queryclient-methods-filters-cache-control.md
S-144,IU-144,R08,QueryClient methods / filters / cache control,a6832a1bc1a498b8a99d68ff735027388e2ed063,a6832a1bc1,10541.486351906158,11811.118322164672,53.71,24.78,927.0,352.0,0.0,"L-041,L-043,L-044",L-041: QUERYCLIENT | L-043: QUERY FILTERS | L-044: METHODS OF QC,not-transcribed,no,high,regions/R08-queryclient-methods-filters-cache-control.md
S-145,IU-145,R06,Query composition: useQueries / dependent / combine,bfef41b217b695abef8abf400f15d935d4a71874,bfef41b217,7024.953912865571,11878.324277818669,35.79,24.92,774.0,284.0,0.0,"L-049,L-047,L-054","L-049: SERIAL EXECUTION, GETTING DATA FOR ONE QUERY THEN FOR ANOTHER | L-047: NOT PARALLEL | L-054: PROMISE.ALL, SHARE LIFECTCLE FETCHING , REFETCHING AND ERRORING",not-transcribed,no,high,regions/R06-query-composition-usequeries-dependent-combine.md
S-146,IU-146,R07,Prefetch / initialData / placeholderData / useQueryClient,5ee57573106cb4ddaf5d43e12b943cfb0982dee2,5ee5757310,8190.964969219478,11887.630229940003,41.74,24.94,962.0,204.0,0.0,"L-052,L-051,L-048",L-052: DOES PREFETCH STALETIME BELONGS TO BOTH PREFETCH AND NORMAL QUEY? | L-051: init data caveats | L-048: PREFETCH STALETIME AND REFETCHING ON MOUNT ISSUE EVEN WITH PREFETCH QUERY,not-transcribed,no,high,regions/R07-prefetch-initialdata-placeholderdata-usequeryclient.md
S-147,IU-147,R08,QueryClient methods / filters / cache control,8578a757ff7f438004efb1bf27b02bdc9a15bd5f,8578a757ff,12515.539197212936,11908.917397963363,63.77,24.98,890.0,482.0,0.0,"L-053,L-044,L-046",L-053: refetch type VS filters type of invalidate queries | L-044: METHODS OF QC | L-046: get queries,not-transcribed,no,high,regions/R08-queryclient-methods-filters-cache-control.md
S-148,IU-148,UNASSIGNED,Unassigned / outside current Stage 1 regions,ade73b8922709b3bfcd2f5ce0f49ff8f3a2ab1e0,ade73b8922,1367.1028590563492,11952.039630147658,6.97,25.08,830.0,246.0,0.0,"L-074,L-065",L-074: OFFLINE FIRST CAN TRY TO GET DATA UNTIL IT NEED RETRIES RETRIES WILL BE QUEUED CAN TRY TO GET DATA FROM CACHE | L-065: REMOVEQUERIES RESETQUERIES,not-transcribed,no,medium,
S-149,IU-149,R08,QueryClient methods / filters / cache control,8c5f325354d41e4998f90b1b93ed59179f3b0312,8c5f325354,17949.093120506564,11959.316243363335,91.46,25.09,536.0,463.0,0.0,"L-050,L-040,L-042",L-050: may try to design some abstractions that will ensure that some keys have some specific form | L-040: setqueriesdata olddatashape | L-042: QC OUTSIDE REACT,not-transcribed,no,high,regions/R08-queryclient-methods-filters-cache-control.md
S-150,IU-150,R06,Query composition: useQueries / dependent / combine,3071e8a02cc04934de4b77ca2a0bf98d8f57cf94,3071e8a02c,4712.545130195233,11966.652364308386,24.01,25.11,829.0,482.0,0.0,"L-045,L-039,L-054","L-045: COMBINE | L-039: use queries dependant queries | L-054: PROMISE.ALL, SHARE LIFECTCLE FETCHING , REFETCHING AND ERRORING",not-transcribed,no,high,regions/R06-query-composition-usequeries-dependent-combine.md
S-151,IU-151,R08,QueryClient methods / filters / cache control,3b50c6200c393709ce4a1fe6fb2b68a6b5280bb7,3b50c6200c,11624.179779195134,12055.704736351205,59.23,25.29,765.0,482.0,0.0,"L-043,L-044,L-053",L-043: QUERY FILTERS | L-044: METHODS OF QC | L-053: refetch type VS filters type of invalidate queries,not-transcribed,no,high,regions/R08-queryclient-methods-filters-cache-control.md
S-152,IU-152,R07,Prefetch / initialData / placeholderData / useQueryClient,b67831fde6547da53dc9ec4b894607f6db24c9ce,b67831fde6,9446.917125247974,12092.188240052696,48.14,25.37,839.0,426.0,0.0,"L-051,L-055,L-056",L-051: init data caveats | L-055: !!! can prefetch and then fetch again because of default stale time | L-056: fetchquery ensurequerydata,not-transcribed,no,high,regions/R07-prefetch-initialdata-placeholderdata-usequeryclient.md
S-153,IU-153,R08,QueryClient methods / filters / cache control,b9490025be1b8ce5b9a83f1694bb57a961c0d982,b9490025be,13878.28618228723,12111.94885906409,70.72,25.41,741.0,482.0,0.0,"L-053,L-046,L-057",L-053: refetch type VS filters type of invalidate queries | L-046: get queries | L-057: CANCELQUERIES IN OPTIMISTIC UPDATES PATTERN,not-transcribed,no,high,regions/R08-queryclient-methods-filters-cache-control.md
S-154,IU-154,R08,QueryClient methods / filters / cache control,32c48060b899984deade83d96a6b61ae6b805ee2,32c48060b8,10534.516580954454,12168.52746856027,53.68,25.53,907.0,459.0,0.0,"L-041,L-043,L-044",L-041: QUERYCLIENT | L-043: QUERY FILTERS | L-044: METHODS OF QC,not-transcribed,no,high,regions/R08-queryclient-methods-filters-cache-control.md
S-155,IU-155,R08,QueryClient methods / filters / cache control,7580b14f8cd07d35d9cad283aa0a24148fee84e1,7580b14f8c,15926.1529624111,12176.609724164962,81.15,25.55,893.0,464.0,0.0,"L-042,L-050,L-040",L-042: QC OUTSIDE REACT | L-050: may try to design some abstractions that will ensure that some keys have some specific form | L-040: setqueriesdata olddatashape,not-transcribed,no,high,regions/R08-queryclient-methods-filters-cache-control.md
S-156,IU-156,UNASSIGNED,Unassigned / outside current Stage 1 regions,8f1063ec18d5640fe8c562cdb06912034d706890,8f1063ec18,1365.5223531039685,12209.121417257033,6.96,25.61,719.0,482.0,0.0,"L-074,L-065",L-074: OFFLINE FIRST CAN TRY TO GET DATA UNTIL IT NEED RETRIES RETRIES WILL BE QUEUED CAN TRY TO GET DATA FROM CACHE | L-065: REMOVEQUERIES RESETQUERIES,not-transcribed,no,medium,
S-157,IU-157,R06,Query composition: useQueries / dependent / combine,7897e4ffa916eaecdba32af9ca264279e5b3ece9,7897e4ffa9,7048.454157006196,12266.990964830387,35.91,25.74,935.0,432.0,0.0,"L-054,L-049,L-047","L-054: PROMISE.ALL, SHARE LIFECTCLE FETCHING , REFETCHING AND ERRORING | L-049: SERIAL EXECUTION, GETTING DATA FOR ONE QUERY THEN FOR ANOTHER | L-047: NOT PARALLEL",not-transcribed,no,high,regions/R06-query-composition-usequeries-dependent-combine.md
S-158,IU-158,R08,QueryClient methods / filters / cache control,d4dd4f4a1eee29834162e04dcd7865db04c2121d,d4dd4f4a1e,12480.87282091466,12408.745184984791,63.59,26.03,914.0,352.0,0.0,"L-053,L-058,L-044",L-053: refetch type VS filters type of invalidate queries | L-058: CANCELOPTIONS | L-044: METHODS OF QC,not-transcribed,no,high,regions/R08-queryclient-methods-filters-cache-control.md
S-159,IU-159,R06,Query composition: useQueries / dependent / combine,36f2dd3bd7b35340bc3977aa219643a0a276bb35,36f2dd3bd7,4717.567825780998,12420.332452896551,24.04,26.06,846.0,394.0,0.0,"L-045,L-054,L-039","L-045: COMBINE | L-054: PROMISE.ALL, SHARE LIFECTCLE FETCHING , REFETCHING AND ERRORING | L-039: use queries dependant queries",not-transcribed,no,high,regions/R06-query-composition-usequeries-dependent-combine.md
S-160,IU-160,R08,QueryClient methods / filters / cache control,57e5d6a5304085082db78780025d60fb0a2d18f1,57e5d6a530,17913.837967344876,12447.521387218503,91.28,26.11,703.0,463.0,0.0,"L-050,L-040,L-042",L-050: may try to design some abstractions that will ensure that some keys have some specific form | L-040: setqueriesdata olddatashape | L-042: QC OUTSIDE REACT,not-transcribed,no,high,regions/R08-queryclient-methods-filters-cache-control.md
S-161,IU-161,R08,QueryClient methods / filters / cache control,53f93b6919ebfd508639918d202ea0cd45c7f1fc,53f93b6919,11623.09446134139,12532.712860808671,59.22,26.29,773.0,252.0,0.0,"L-043,L-044,L-053",L-043: QUERY FILTERS | L-044: METHODS OF QC | L-053: refetch type VS filters type of invalidate queries,not-transcribed,no,high,regions/R08-queryclient-methods-filters-cache-control.md
S-162,IU-162,R07,Prefetch / initialData / placeholderData / useQueryClient,7ad643e9477079f1ab69fc034fc26521c89b85e2,7ad643e947,8207.877377038118,12549.892518630317,41.82,26.33,934.0,395.0,0.0,"L-055,L-052,L-056",L-055: !!! can prefetch and then fetch again because of default stale time | L-052: DOES PREFETCH STALETIME BELONGS TO BOTH PREFETCH AND NORMAL QUEY? | L-056: fetchquery ensurequerydata,not-transcribed,no,high,regions/R07-prefetch-initialdata-placeholderdata-usequeryclient.md
S-163,IU-163,R07,Prefetch / initialData / placeholderData / useQueryClient,df3c1dacf60abb6757f8ade1b3eed1a047a06738,df3c1dacf6,9455.15533674351,12591.934266954677,48.18,26.42,853.0,250.0,0.0,"L-051,L-056,L-055",L-051: init data caveats | L-056: fetchquery ensurequerydata | L-055: !!! can prefetch and then fetch again because of default stale time,not-transcribed,no,high,regions/R07-prefetch-initialdata-placeholderdata-usequeryclient.md
S-164,IU-164,R08,QueryClient methods / filters / cache control,f514209027bfcbd52229038cc8eeb98f2c5b54f1,f514209027,10523.619221125697,12647.224401266234,53.62,26.53,956.0,481.0,0.0,"L-041,L-043,L-044",L-041: QUERYCLIENT | L-043: QUERY FILTERS | L-044: METHODS OF QC,not-transcribed,no,high,regions/R08-queryclient-methods-filters-cache-control.md
S-165,IU-165,R06,Query composition: useQueries / dependent / combine,58affaa7df3b32bcb0cb8c32c26cd89d53fb81ec,58affaa7df,7040.287286889008,12716.657712877262,35.87,26.68,874.0,258.0,0.0,"L-054,L-049,L-047","L-054: PROMISE.ALL, SHARE LIFECTCLE FETCHING , REFETCHING AND ERRORING | L-049: SERIAL EXECUTION, GETTING DATA FOR ONE QUERY THEN FOR ANOTHER | L-047: NOT PARALLEL",not-transcribed,no,high,regions/R06-query-composition-usequeries-dependent-combine.md
S-166,IU-166,UNASSIGNED,Unassigned / outside current Stage 1 regions,9b8c6d0493f1395a6c4c782219e394372cf263ec,9b8c6d0493,1338.745716199208,12720.277754450117,6.82,26.69,921.0,420.0,0.0,"L-074,L-065",L-074: OFFLINE FIRST CAN TRY TO GET DATA UNTIL IT NEED RETRIES RETRIES WILL BE QUEUED CAN TRY TO GET DATA FROM CACHE | L-065: REMOVEQUERIES RESETQUERIES,not-transcribed,no,medium,
S-167,IU-167,R08,QueryClient methods / filters / cache control,4fc2178dcab23866de774968ceb7a49f11fc7c8d,4fc2178dca,12503.705453531778,12749.741444576044,63.71,26.75,848.0,374.0,0.0,"L-053,L-058,L-061",L-053: refetch type VS filters type of invalidate queries | L-058: CANCELOPTIONS | L-061: JUST SET SILENT ABD REVERT TRUE ALWAYS,not-transcribed,no,high,regions/R08-queryclient-methods-filters-cache-control.md
S-168,IU-168,R08,QueryClient methods / filters / cache control,2702832cda871ceecbc4a503bdaff8a90501496d,2702832cda,11609.742654700764,12815.509111893742,59.16,26.89,727.0,363.0,0.0,"L-053,L-043,L-058",L-053: refetch type VS filters type of invalidate queries | L-043: QUERY FILTERS | L-058: CANCELOPTIONS,not-transcribed,no,high,regions/R08-queryclient-methods-filters-cache-control.md
S-169,IU-169,R08,QueryClient methods / filters / cache control,4a083521f34e4026319c6c792ff7c061311acff8,4a083521f3,13834.55864587865,12852.759691582014,70.49,26.96,758.0,482.0,0.0,"L-053,L-057,L-058",L-053: refetch type VS filters type of invalidate queries | L-057: CANCELQUERIES IN OPTIMISTIC UPDATES PATTERN | L-058: CANCELOPTIONS,not-transcribed,no,high,regions/R08-queryclient-methods-filters-cache-control.md
S-170,IU-170,R08,QueryClient methods / filters / cache control,eb754a7f2d791caf87107a113f28c1d52107e01d,eb754a7f2d,17833.84186944863,12931.662444159614,90.87,27.13,832.0,383.0,0.0,"L-050,L-040,L-042",L-050: may try to design some abstractions that will ensure that some keys have some specific form | L-040: setqueriesdata olddatashape | L-042: QC OUTSIDE REACT,not-transcribed,no,high,regions/R08-queryclient-methods-filters-cache-control.md
S-171,IU-171,R07,Prefetch / initialData / placeholderData / useQueryClient,54c1e18a5f6656e5ea310132a2f26206a12effae,54c1e18a5f,8207.92704143231,12967.165051124364,41.82,27.2,912.0,402.0,0.0,"L-055,L-056,L-052",L-055: !!! can prefetch and then fetch again because of default stale time | L-056: fetchquery ensurequerydata | L-052: DOES PREFETCH STALETIME BELONGS TO BOTH PREFETCH AND NORMAL QUEY?,not-transcribed,no,high,regions/R07-prefetch-initialdata-placeholderdata-usequeryclient.md
S-172,IU-172,R07,Prefetch / initialData / placeholderData / useQueryClient,4014246e26977a9a3e070c78a6ec96050a023fec,4014246e26,9386.146194827215,12978.823810461328,47.83,27.23,855.0,482.0,0.0,"L-056,L-055,L-051",L-056: fetchquery ensurequerydata | L-055: !!! can prefetch and then fetch again because of default stale time | L-051: init data caveats,not-transcribed,no,high,regions/R07-prefetch-initialdata-placeholderdata-usequeryclient.md
S-173,IU-173,R08,QueryClient methods / filters / cache control,8840240941d4a6daf52ee77f1487ebee261bb661,8840240941,10528.271476947168,13142.572467521872,53.65,27.57,845.0,482.0,0.0,"L-067,L-041,L-043",L-067: RESUMEPAUSED MUTATIONS | L-041: QUERYCLIENT | L-043: QUERY FILTERS,not-transcribed,no,high,regions/R08-queryclient-methods-filters-cache-control.md
S-174,IU-174,UNASSIGNED,Unassigned / outside current Stage 1 regions,cc89bc8d714872bf50bbf8f15b24446bab02cc1a,cc89bc8d71,1326.2694501556816,13143.658648702343,6.76,27.58,693.0,254.0,0.0,"L-074,L-065",L-074: OFFLINE FIRST CAN TRY TO GET DATA UNTIL IT NEED RETRIES RETRIES WILL BE QUEUED CAN TRY TO GET DATA FROM CACHE | L-065: REMOVEQUERIES RESETQUERIES,not-transcribed,no,medium,
S-175,IU-175,R08,QueryClient methods / filters / cache control,71e000a8c4950c8cd015b6d4501b337e4f6c31f2,71e000a8c4,12488.037620706,13188.659112416986,63.63,27.67,859.0,297.0,0.0,"L-058,L-053,L-061",L-058: CANCELOPTIONS | L-053: refetch type VS filters type of invalidate queries | L-061: JUST SET SILENT ABD REVERT TRUE ALWAYS,not-transcribed,no,high,regions/R08-queryclient-methods-filters-cache-control.md
S-176,IU-176,UNASSIGNED,Unassigned / outside current Stage 1 regions,f7fe899443759e8117d9900daa8a1e62c397bc0e,f7fe899443,7071.398621795692,13210.52801147481,36.03,27.72,652.0,415.0,0.0,"L-065,L-074",L-065: REMOVEQUERIES RESETQUERIES | L-074: OFFLINE FIRST CAN TRY TO GET DATA UNTIL IT NEED RETRIES RETRIES WILL BE QUEUED CAN TRY TO GET DATA FROM CACHE,not-transcribed,no,medium,
S-177,IU-177,R08,QueryClient methods / filters / cache control,3c56741074dec36f3852013e21dc57742322c9ba,3c56741074,11584.298210256322,13216.212860808671,59.03,27.73,831.0,299.0,0.0,"L-058,L-053,L-061",L-058: CANCELOPTIONS | L-053: refetch type VS filters type of invalidate queries | L-061: JUST SET SILENT ABD REVERT TRUE ALWAYS,not-transcribed,no,high,regions/R08-queryclient-methods-filters-cache-control.md
S-178,IU-178,R08,QueryClient methods / filters / cache control,511b7bdef1dce16950cb4ed5b306dbe2bf21a802,511b7bdef1,13832.142451857428,13336.77579019898,70.48,27.98,795.0,482.0,0.0,"L-057,L-058,L-061",L-057: CANCELQUERIES IN OPTIMISTIC UPDATES PATTERN | L-058: CANCELOPTIONS | L-061: JUST SET SILENT ABD REVERT TRUE ALWAYS,not-transcribed,no,high,regions/R08-queryclient-methods-filters-cache-control.md
S-179,IU-179,R08,QueryClient methods / filters / cache control,d8da9f8d84331987d18dcbe85592be502c0c4af8,d8da9f8d84,17848.9349433669,13337.777781824876,90.95,27.98,816.0,463.0,0.0,"L-050,L-040,L-042",L-050: may try to design some abstractions that will ensure that some keys have some specific form | L-040: setqueriesdata olddatashape | L-042: QC OUTSIDE REACT,not-transcribed,no,high,regions/R08-queryclient-methods-filters-cache-control.md
S-180,IU-180,R07,Prefetch / initialData / placeholderData / useQueryClient,8930b327c7e2b0945a130b23206191b2caafdd43,8930b327c7,8215.232879038422,13389.00743951829,41.86,28.09,871.0,482.0,0.0,"L-055,L-056,L-052",L-055: !!! can prefetch and then fetch again because of default stale time | L-056: fetchquery ensurequerydata | L-052: DOES PREFETCH STALETIME BELONGS TO BOTH PREFETCH AND NORMAL QUEY?,not-transcribed,no,high,regions/R07-prefetch-initialdata-placeholderdata-usequeryclient.md
S-181,IU-181,UNASSIGNED,Unassigned / outside current Stage 1 regions,37105501d1a0b40c17e993af923e42c08824804c,37105501d1,1345.9361982025566,13390.325335714064,6.86,28.09,883.0,462.0,0.0,"L-074,L-065",L-074: OFFLINE FIRST CAN TRY TO GET DATA UNTIL IT NEED RETRIES RETRIES WILL BE QUEUED CAN TRY TO GET DATA FROM CACHE | L-065: REMOVEQUERIES RESETQUERIES,not-transcribed,no,medium,
S-182,IU-182,R08,QueryClient methods / filters / cache control,1b495c7744d1b8602549f1ff0f227bd304844933,1b495c7744,12499.28168313679,13495.356010829644,63.69,28.31,641.0,423.0,0.0,"L-058,L-061,L-053",L-058: CANCELOPTIONS | L-061: JUST SET SILENT ABD REVERT TRUE ALWAYS | L-053: refetch type VS filters type of invalidate queries,not-transcribed,no,high,regions/R08-queryclient-methods-filters-cache-control.md
S-183,IU-183,R08,QueryClient methods / filters / cache control,27e50ec60ea743289a23dc0ff710fc407fa95890,27e50ec60e,11583.742777618789,13531.675778560406,59.02,28.39,653.0,127.0,0.0,"L-067,L-058,L-061",L-067: RESUMEPAUSED MUTATIONS | L-058: CANCELOPTIONS | L-061: JUST SET SILENT ABD REVERT TRUE ALWAYS,not-transcribed,no,high,regions/R08-queryclient-methods-filters-cache-control.md
S-184,IU-184,R08,QueryClient methods / filters / cache control,39529d4e6dae98cc2cfa2d97f3ec812f8fffebab,39529d4e6d,10533.129850805995,13652.667647488392,53.67,28.64,795.0,482.0,0.0,"L-067,L-058,L-061",L-067: RESUMEPAUSED MUTATIONS | L-058: CANCELOPTIONS | L-061: JUST SET SILENT ABD REVERT TRUE ALWAYS,not-transcribed,no,high,regions/R08-queryclient-methods-filters-cache-control.md
S-185,IU-185,R08,QueryClient methods / filters / cache control,625ee2c8c429f5365d1029e7b5a94e089c54cf14,625ee2c8c4,11548.017701111376,13692.741818599468,58.84,28.73,796.0,482.0,0.0,"L-067,L-058,L-061",L-067: RESUMEPAUSED MUTATIONS | L-058: CANCELOPTIONS | L-061: JUST SET SILENT ABD REVERT TRUE ALWAYS,not-transcribed,no,high,regions/R08-queryclient-methods-filters-cache-control.md
S-186,IU-186,UNASSIGNED,Unassigned / outside current Stage 1 regions,30ab614e5c17821db29b14bccb0a2f6691173b4a,30ab614e5c,9341.93782341242,13707.556610808671,47.6,28.76,894.0,482.0,0.0,"L-065,L-074",L-065: REMOVEQUERIES RESETQUERIES | L-074: OFFLINE FIRST CAN TRY TO GET DATA UNTIL IT NEED RETRIES RETRIES WILL BE QUEUED CAN TRY TO GET DATA FROM CACHE,not-transcribed,no,medium,
S-187,IU-187,R08,QueryClient methods / filters / cache control,5e6930a90dc268c6a0a49ec247dc5ab078a291ea,5e6930a90d,17779.418792525554,13817.995761842909,90.59,28.99,787.0,317.0,0.0,"L-050,L-040,L-057",L-050: may try to design some abstractions that will ensure that some keys have some specific form | L-040: setqueriesdata olddatashape | L-057: CANCELQUERIES IN OPTIMISTIC UPDATES PATTERN,not-transcribed,no,high,regions/R08-queryclient-methods-filters-cache-control.md
S-188,IU-188,UNASSIGNED,Unassigned / outside current Stage 1 regions,a0d3c076345ead0a3c9ac623f2918b45229101c0,a0d3c07634,1347.1027021088066,13870.825335714064,6.86,29.1,814.0,125.0,0.0,"L-074,L-065",L-074: OFFLINE FIRST CAN TRY TO GET DATA UNTIL IT NEED RETRIES RETRIES WILL BE QUEUED CAN TRY TO GET DATA FROM CACHE | L-065: REMOVEQUERIES RESETQUERIES,not-transcribed,no,medium,
S-189,IU-189,UNASSIGNED,Unassigned / outside current Stage 1 regions,a4fc92617d4e30401900e5fb0579457473f568ce,a4fc92617d,8217.63956432534,13886.989304871226,41.87,29.13,916.0,275.0,0.0,"L-065,L-074",L-065: REMOVEQUERIES RESETQUERIES | L-074: OFFLINE FIRST CAN TRY TO GET DATA UNTIL IT NEED RETRIES RETRIES WILL BE QUEUED CAN TRY TO GET DATA FROM CACHE,not-transcribed,no,medium,
S-190,IU-190,R08,QueryClient methods / filters / cache control,11e2c7d93f51d6eec710d7c80e399b80f454ccf6,11e2c7d93f,12486.784337113197,13913.738443260185,63.63,29.19,724.0,423.0,0.0,"L-058,L-061,L-066",L-058: CANCELOPTIONS | L-061: JUST SET SILENT ABD REVERT TRUE ALWAYS | L-066: GETQUERYCACHE GET MUTATIONCACHE,not-transcribed,no,high,regions/R08-queryclient-methods-filters-cache-control.md
S-191,IU-191,R08,QueryClient methods / filters / cache control,5bec075fe3a00d87161356e7a274af579f00ec7d,5bec075fe3,14592.169319962546,13983.241214856833,74.35,29.34,730.0,430.0,0.0,"L-057,L-061,L-058",L-057: CANCELQUERIES IN OPTIMISTIC UPDATES PATTERN | L-061: JUST SET SILENT ABD REVERT TRUE ALWAYS | L-058: CANCELOPTIONS,not-transcribed,no,high,regions/R08-queryclient-methods-filters-cache-control.md
S-192,IU-192,UNASSIGNED,Unassigned / outside current Stage 1 regions,fc6e30d16496ad1b16681b1414e08fe4126293cf,fc6e30d164,1338.6864904314843,14021.5024597375,6.82,29.42,881.0,482.0,0.0,"L-074,L-065",L-074: OFFLINE FIRST CAN TRY TO GET DATA UNTIL IT NEED RETRIES RETRIES WILL BE QUEUED CAN TRY TO GET DATA FROM CACHE | L-065: REMOVEQUERIES RESETQUERIES,not-transcribed,no,medium,
S-193,IU-193,R08,QueryClient methods / filters / cache control,9625ff3c1f1ded3b190a2fb7ad35adabb789c350,9625ff3c1f,13437.573654392383,14051.746699860523,68.47,29.48,1070.0,482.0,0.0,"L-061,L-058,L-057",L-061: JUST SET SILENT ABD REVERT TRUE ALWAYS | L-058: CANCELOPTIONS | L-057: CANCELQUERIES IN OPTIMISTIC UPDATES PATTERN,not-transcribed,no,high,regions/R08-queryclient-methods-filters-cache-control.md
S-194,IU-194,R08,QueryClient methods / filters / cache control,6401d2ad9e9ccd6d161f3b1fc08327bf55a5348e,6401d2ad9e,10550.423540723536,14157.810635420872,53.76,29.7,873.0,482.0,0.0,"L-067,L-066,L-058",L-067: RESUMEPAUSED MUTATIONS | L-066: GETQUERYCACHE GET MUTATIONCACHE | L-058: CANCELOPTIONS,not-transcribed,no,high,regions/R08-queryclient-methods-filters-cache-control.md
S-195,IU-195,UNASSIGNED,Unassigned / outside current Stage 1 regions,4330f070b7f3f2001ba799b61c63fe8718fb8cdc,4330f070b7,9348.942657748275,14194.963973004851,47.64,29.78,788.0,482.0,0.0,"L-065,L-074",L-065: REMOVEQUERIES RESETQUERIES | L-074: OFFLINE FIRST CAN TRY TO GET DATA UNTIL IT NEED RETRIES RETRIES WILL BE QUEUED CAN TRY TO GET DATA FROM CACHE,not-transcribed,no,medium,
S-196,IU-196,R09,Offline / network mode / validation,5e844a74b1eb03de0fbecb9fb80211766b375070,5e844a74b1,5044.941669529393,14234.133102993736,25.71,29.86,956.0,213.0,0.0,"L-064,L-059,L-060",L-064: fetchstatus paused | L-059: OFFLINE network mode | L-060: mutations network mode resumepausedmutations,not-transcribed,no,high,regions/R09-offline-network-mode-validation.md
S-197,IU-197,R08,QueryClient methods / filters / cache control,75a0c9e06fe12df09de38c70408c2468c4f62e87,75a0c9e06f,12468.56309776295,14353.707449248504,63.53,30.11,847.0,254.0,0.0,"L-066,L-061,L-058",L-066: GETQUERYCACHE GET MUTATIONCACHE | L-061: JUST SET SILENT ABD REVERT TRUE ALWAYS | L-058: CANCELOPTIONS,not-transcribed,no,high,regions/R08-queryclient-methods-filters-cache-control.md
S-198,IU-198,R08,QueryClient methods / filters / cache control,f128bccab609bf76456a2477f30f835e7c60be09,f128bccab6,14597.7254975195,14424.24121485684,74.38,30.26,740.0,308.0,0.0,"L-057,L-061,L-066",L-057: CANCELQUERIES IN OPTIMISTIC UPDATES PATTERN | L-061: JUST SET SILENT ABD REVERT TRUE ALWAYS | L-066: GETQUERYCACHE GET MUTATIONCACHE,not-transcribed,no,high,regions/R08-queryclient-methods-filters-cache-control.md
S-199,IU-199,R09,Offline / network mode / validation,bf62b2d61c3d92d0e45830c02569ef0f875bf353,bf62b2d61c,6369.062191200985,14445.418043246931,32.45,30.31,913.0,369.0,0.0,"L-063,L-060,L-068",L-063: VALIDATION WITH ZOD | L-060: mutations network mode resumepausedmutations | L-068: !!!,not-transcribed,no,high,regions/R09-offline-network-mode-validation.md
S-200,IU-200,R08,QueryClient methods / filters / cache control,6ce7aeccdc7eaa977749246594e468e804b1a037,6ce7aeccdc,13441.25907736332,14563.355218188506,68.49,30.55,956.0,411.0,0.0,"L-066,L-061,L-058",L-066: GETQUERYCACHE GET MUTATIONCACHE | L-061: JUST SET SILENT ABD REVERT TRUE ALWAYS | L-058: CANCELOPTIONS,not-transcribed,no,high,regions/R08-queryclient-methods-filters-cache-control.md
S-201,IU-201,R09,Offline / network mode / validation,c9417e839ce7980fc63b1b513605b11df9abdb84,c9417e839c,7760.061756881887,14565.585840744165,39.54,30.56,525.0,230.0,0.0,"L-063,L-060,L-068",L-063: VALIDATION WITH ZOD | L-060: mutations network mode resumepausedmutations | L-068: !!!,not-transcribed,no,high,regions/R09-offline-network-mode-validation.md
S-202,IU-202,R09,Offline / network mode / validation,c078f2032fbcc3d9808319c296e52d46c81d47a1,c078f2032f,3926.3607551045297,14602.921021286958,20.01,30.64,881.0,146.0,0.0,"L-064,L-062,L-059",L-064: fetchstatus paused | L-062: network modes | L-059: OFFLINE network mode,not-transcribed,no,high,regions/R09-offline-network-mode-validation.md
S-203,IU-203,UNASSIGNED,Unassigned / outside current Stage 1 regions,17f9a3bf928c49a7a3b85204e2a47422bdbca4c2,17f9a3bf92,2934.8382016417763,14616.23656075848,14.95,30.66,911.0,482.0,0.0,"L-074,L-065",L-074: OFFLINE FIRST CAN TRY TO GET DATA UNTIL IT NEED RETRIES RETRIES WILL BE QUEUED CAN TRY TO GET DATA FROM CACHE | L-065: REMOVEQUERIES RESETQUERIES,not-transcribed,no,medium,
S-204,IU-204,R08,QueryClient methods / filters / cache control,a00c2c49ffb66ed287d021742b2b38121af0c544,a00c2c49ff,12459.89259129442,14618.53032607941,63.49,30.67,630.0,423.0,0.0,"L-066,L-061,L-067",L-066: GETQUERYCACHE GET MUTATIONCACHE | L-061: JUST SET SILENT ABD REVERT TRUE ALWAYS | L-067: RESUMEPAUSED MUTATIONS,not-transcribed,no,high,regions/R08-queryclient-methods-filters-cache-control.md
S-205,IU-205,R09,Offline / network mode / validation,c6a05bb126be4ebc513e581cc3c0c89822565e87,c6a05bb126,5155.089769640612,14631.429171821044,26.27,30.7,732.0,471.0,0.0,"L-064,L-068,L-059",L-064: fetchstatus paused | L-068: !!! | L-059: OFFLINE network mode,not-transcribed,no,high,regions/R09-offline-network-mode-validation.md
S-206,IU-206,R08,QueryClient methods / filters / cache control,8ef8d853c6dbfefa2c5e4e9acc553da504839c09,8ef8d853c6,10552.235137544349,14647.46676335056,53.77,30.73,693.0,287.0,0.0,"L-067,L-066,L-058",L-067: RESUMEPAUSED MUTATIONS | L-066: GETQUERYCACHE GET MUTATIONCACHE | L-058: CANCELOPTIONS,not-transcribed,no,high,regions/R08-queryclient-methods-filters-cache-control.md
S-207,IU-207,R08,QueryClient methods / filters / cache control,55a51e51f437dec3ab46facc5bf4c15fa89fb739,55a51e51f4,14587.950190808524,14757.52692914255,74.33,30.96,659.0,430.0,0.0,"L-057,L-066,L-061",L-057: CANCELQUERIES IN OPTIMISTIC UPDATES PATTERN | L-066: GETQUERYCACHE GET MUTATIONCACHE | L-061: JUST SET SILENT ABD REVERT TRUE ALWAYS,not-transcribed,no,high,regions/R08-queryclient-methods-filters-cache-control.md
S-208,IU-208,R09,Offline / network mode / validation,635b0dd4d8ed1eb3b1caa4e858163f4746ba1a82,635b0dd4d8,3915.665998093757,14771.90758483328,19.95,30.99,788.0,482.0,0.0,"L-064,L-062,L-059",L-064: fetchstatus paused | L-062: network modes | L-059: OFFLINE network mode,not-transcribed,no,high,regions/R09-offline-network-mode-validation.md
S-209,IU-209,R09,Offline / network mode / validation,1c40ea87458f7210e3250fe996147a838bd33870,1c40ea8745,7739.339548223032,14831.085922124374,39.43,31.12,830.0,443.0,0.0,"L-063,L-069,L-068",L-063: VALIDATION WITH ZOD | L-069: SHOULD I USE RESUMEPAUSEDMUT WITH OFFLINEFIRST? | L-068: !!!,not-transcribed,no,high,regions/R09-offline-network-mode-validation.md
S-210,IU-210,R09,Offline / network mode / validation,dfc5091fca11c387a287830ca57e898181fa358d,dfc5091fca,6344.811087724111,14841.582087581708,32.33,31.14,918.0,387.0,0.0,"L-068,L-069,L-063",L-068: !!! | L-069: SHOULD I USE RESUMEPAUSEDMUT WITH OFFLINEFIRST? | L-063: VALIDATION WITH ZOD,not-transcribed,no,high,regions/R09-offline-network-mode-validation.md
S-211,IU-211,UNASSIGNED,Unassigned / outside current Stage 1 regions,ed216f6b30e619fbc7efac54c2d243e7f2e106d2,ed216f6b30,9302.852212806232,14990.626990509,47.4,31.45,885.0,97.0,0.0,"L-065,L-074",L-065: REMOVEQUERIES RESETQUERIES | L-074: OFFLINE FIRST CAN TRY TO GET DATA UNTIL IT NEED RETRIES RETRIES WILL BE QUEUED CAN TRY TO GET DATA FROM CACHE,not-transcribed,no,medium,
S-212,IU-212,R08,QueryClient methods / filters / cache control,13b08c1aea3d8f81cf61fbd0a71d383a8bcbb051,13b08c1aea,12460.419661350148,15057.886668582796,63.49,31.59,809.0,317.0,0.0,"L-066,L-067,L-061",L-066: GETQUERYCACHE GET MUTATIONCACHE | L-067: RESUMEPAUSED MUTATIONS | L-061: JUST SET SILENT ABD REVERT TRUE ALWAYS,not-transcribed,no,high,regions/R08-queryclient-methods-filters-cache-control.md
S-213,IU-213,UNASSIGNED,Unassigned / outside current Stage 1 regions,66a439f157f2a105c8da420f2c00f5e8abc76b69,66a439f157,9301.670283651403,15111.051251428747,47.4,31.7,931.0,421.0,0.0,"L-065,L-074",L-065: REMOVEQUERIES RESETQUERIES | L-074: OFFLINE FIRST CAN TRY TO GET DATA UNTIL IT NEED RETRIES RETRIES WILL BE QUEUED CAN TRY TO GET DATA FROM CACHE,not-transcribed,no,medium,
S-214,IU-214,R09,Offline / network mode / validation,d894c9608c370205e60280e79ae86c3ae4165d28,d894c9608c,5170.789739878708,15119.847154134415,26.35,31.72,594.0,482.0,0.0,"L-068,L-064,L-069",L-068: !!! | L-064: fetchstatus paused | L-069: SHOULD I USE RESUMEPAUSEDMUT WITH OFFLINEFIRST?,not-transcribed,no,high,regions/R09-offline-network-mode-validation.md
S-215,IU-215,R09,Offline / network mode / validation,810e074c35d6e27553a0b385f8d2d962c94108b3,810e074c35,6375.811087724111,15253.248754248372,32.49,32.0,896.0,137.0,0.0,"L-068,L-069,L-063",L-068: !!! | L-069: SHOULD I USE RESUMEPAUSEDMUT WITH OFFLINEFIRST? | L-063: VALIDATION WITH ZOD,not-transcribed,no,high,regions/R09-offline-network-mode-validation.md
S-216,IU-216,R08,QueryClient methods / filters / cache control,97e37315a639fa7241a16310a6ecd9a685bcb96e,97e37315a6,13507.598786187618,15259.31135562135,68.83,32.01,805.0,391.0,0.0,"L-066,L-061,L-058",L-066: GETQUERYCACHE GET MUTATIONCACHE | L-061: JUST SET SILENT ABD REVERT TRUE ALWAYS | L-058: CANCELOPTIONS,not-transcribed,no,high,regions/R08-queryclient-methods-filters-cache-control.md
S-217,IU-217,R09,Offline / network mode / validation,73d84c25d2954d3a94ebdc76be847159f8fbb2d1,73d84c25d2,3893.480988375952,15280.479013404709,19.84,32.06,749.0,482.0,0.0,"L-064,L-062,L-059",L-064: fetchstatus paused | L-062: network modes | L-059: OFFLINE network mode,not-transcribed,no,high,regions/R09-offline-network-mode-validation.md
S-218,IU-218,R09,Offline / network mode / validation,213fe9db030ee580e485723e3c4d95dfea26a8ff,213fe9db03,7747.228504928762,15286.641342046249,39.48,32.07,672.0,283.0,0.0,"L-063,L-069,L-068",L-063: VALIDATION WITH ZOD | L-069: SHOULD I USE RESUMEPAUSEDMUT WITH OFFLINEFIRST? | L-068: !!!,not-transcribed,no,high,regions/R09-offline-network-mode-validation.md
S-219,IU-219,R08,QueryClient methods / filters / cache control,850109ec0ce563f2015d94bebaa2b7b09c66fc5d,850109ec0c,14604.497149349929,15302.04588547715,74.42,32.1,940.0,376.0,0.0,"L-066,L-057,L-061",L-066: GETQUERYCACHE GET MUTATIONCACHE | L-057: CANCELQUERIES IN OPTIMISTIC UPDATES PATTERN | L-061: JUST SET SILENT ABD REVERT TRUE ALWAYS,not-transcribed,no,high,regions/R08-queryclient-methods-filters-cache-control.md
S-220,IU-220,R09,Offline / network mode / validation,819762c97437d3fec4e8bbdd25c6b9bba12b9f0f,819762c974,6367.477754390777,15404.470840836915,32.44,32.32,926.0,319.0,0.0,"L-069,L-068,L-063",L-069: SHOULD I USE RESUMEPAUSEDMUT WITH OFFLINEFIRST? | L-068: !!! | L-063: VALIDATION WITH ZOD,not-transcribed,no,high,regions/R09-offline-network-mode-validation.md
S-221,IU-221,R08,QueryClient methods / filters / cache control,e79f52ad2295b7bc5ecdb27759367281ac5b31fe,e79f52ad22,11484.459858362296,15438.65510562135,58.52,32.39,815.0,482.0,0.0,"L-067,L-066,L-061",L-067: RESUMEPAUSED MUTATIONS | L-066: GETQUERYCACHE GET MUTATIONCACHE | L-061: JUST SET SILENT ABD REVERT TRUE ALWAYS,not-transcribed,no,high,regions/R08-queryclient-methods-filters-cache-control.md
S-222,IU-222,R09,Offline / network mode / validation,805253d94bd6caa28ede19ea25d0d573a5a80e9d,805253d94b,5147.954099321349,15628.90953549898,26.23,32.79,917.0,434.0,0.0,"L-068,L-069,L-064",L-068: !!! | L-069: SHOULD I USE RESUMEPAUSEDMUT WITH OFFLINEFIRST? | L-064: fetchstatus paused,not-transcribed,no,high,regions/R09-offline-network-mode-validation.md
S-223,IU-223,UNASSIGNED,Unassigned / outside current Stage 1 regions,4f209f372836f00feecd221b609e2fabc0f132ec,4f209f3728,13491.32386450351,15650.321746856702,68.74,32.83,931.0,482.0,0.0,"L-065,L-074",L-065: REMOVEQUERIES RESETQUERIES | L-074: OFFLINE FIRST CAN TRY TO GET DATA UNTIL IT NEED RETRIES RETRIES WILL BE QUEUED CAN TRY TO GET DATA FROM CACHE,not-transcribed,no,medium,
S-224,IU-224,UNASSIGNED,Unassigned / outside current Stage 1 regions,37ac0e6a45c069165843492d622f0fb91fb5875b,37ac0e6a45,14628.830523373366,15696.379137430276,74.54,32.93,790.0,302.0,0.0,"L-065,L-074",L-065: REMOVEQUERIES RESETQUERIES | L-074: OFFLINE FIRST CAN TRY TO GET DATA UNTIL IT NEED RETRIES RETRIES WILL BE QUEUED CAN TRY TO GET DATA FROM CACHE,not-transcribed,no,medium,
S-225,IU-225,R09,Offline / network mode / validation,af413353f266b8cadf38e405b3a5e28ffd11d28f,af413353f2,3854.860929490691,15765.49249345493,19.64,33.08,944.0,438.0,0.0,"L-064,L-062,L-068",L-064: fetchstatus paused | L-062: network modes | L-068: !!!,not-transcribed,no,high,regions/R09-offline-network-mode-validation.md
S-226,IU-226,UNASSIGNED,Unassigned / outside current Stage 1 regions,2d9e66f8f96f83466c99f817a61a505f533cab98,2d9e66f8f9,11484.098786187618,15948.977996856702,58.52,33.46,942.0,405.0,0.0,"L-065,L-074",L-065: REMOVEQUERIES RESETQUERIES | L-074: OFFLINE FIRST CAN TRY TO GET DATA UNTIL IT NEED RETRIES RETRIES WILL BE QUEUED CAN TRY TO GET DATA FROM CACHE,not-transcribed,no,medium,
S-227,IU-227,R09,Offline / network mode / validation,79a4777b2f37d0fe49e1713961fcca8182321392,79a4777b2f,6351.105990819062,15995.099249415642,32.36,33.56,929.0,348.0,0.0,"L-069,L-068,L-063",L-069: SHOULD I USE RESUMEPAUSEDMUT WITH OFFLINEFIRST? | L-068: !!! | L-063: VALIDATION WITH ZOD,not-transcribed,no,high,regions/R09-offline-network-mode-validation.md
S-228,IU-228,UNASSIGNED,Unassigned / outside current Stage 1 regions,33ec33e3f63de1e34a259963357789fb8f1d7102,33ec33e3f6,5150.620603227599,16088.742909522418,26.24,33.75,837.0,341.0,0.0,"L-074,L-065",L-074: OFFLINE FIRST CAN TRY TO GET DATA UNTIL IT NEED RETRIES RETRIES WILL BE QUEUED CAN TRY TO GET DATA FROM CACHE | L-065: REMOVEQUERIES RESETQUERIES,not-transcribed,no,medium,
S-229,IU-229,UNASSIGNED,Unassigned / outside current Stage 1 regions,20e12516b13c99be949ce3d79f644a6390e9e375,20e12516b1,13497.43191607043,16165.644638092052,68.77,33.92,892.0,395.0,0.0,"L-065,L-074",L-065: REMOVEQUERIES RESETQUERIES | L-074: OFFLINE FIRST CAN TRY TO GET DATA UNTIL IT NEED RETRIES RETRIES WILL BE QUEUED CAN TRY TO GET DATA FROM CACHE,not-transcribed,no,medium,
S-230,IU-230,UNASSIGNED,Unassigned / outside current Stage 1 regions,80e917c63d9b23f1841f138508aecd92134f58fc,80e917c63d,3847.7895881123422,16219.730617757385,19.61,34.03,901.0,280.0,0.0,"L-074,L-065",L-074: OFFLINE FIRST CAN TRY TO GET DATA UNTIL IT NEED RETRIES RETRIES WILL BE QUEUED CAN TRY TO GET DATA FROM CACHE | L-065: REMOVEQUERIES RESETQUERIES,not-transcribed,no,medium,
S-231,IU-231,UNASSIGNED,Unassigned / outside current Stage 1 regions,ad15f92387c0fd5c37cc62b21ae26200578a164e,ad15f92387,3094.395413561308,16238.332283303756,15.77,34.07,689.0,426.0,0.0,"L-074,L-065",L-074: OFFLINE FIRST CAN TRY TO GET DATA UNTIL IT NEED RETRIES RETRIES WILL BE QUEUED CAN TRY TO GET DATA FROM CACHE | L-065: REMOVEQUERIES RESETQUERIES,not-transcribed,no,medium,
S-232,IU-232,UNASSIGNED,Unassigned / outside current Stage 1 regions,921a92e2c63ff66e10fb3ed863558abd73cea6d2,921a92e2c6,3852.337003709441,16520.325797723905,19.63,34.66,770.0,315.0,0.0,"L-074,L-065",L-074: OFFLINE FIRST CAN TRY TO GET DATA UNTIL IT NEED RETRIES RETRIES WILL BE QUEUED CAN TRY TO GET DATA FROM CACHE | L-065: REMOVEQUERIES RESETQUERIES,not-transcribed,no,medium,
S-233,IU-233,UNASSIGNED,Unassigned / outside current Stage 1 regions,7ace83dc395aeb7ebd39431c1bcb4bbbd8c01923,7ace83dc39,13494.307260107127,16600.321823150647,68.76,34.83,798.0,482.0,0.0,"L-065,L-074",L-065: REMOVEQUERIES RESETQUERIES | L-074: OFFLINE FIRST CAN TRY TO GET DATA UNTIL IT NEED RETRIES RETRIES WILL BE QUEUED CAN TRY TO GET DATA FROM CACHE,not-transcribed,no,medium,
S-234,IU-234,UNASSIGNED,Unassigned / outside current Stage 1 regions,8fb60bf0f8807155901dae6e76fae8105e71c684,8fb60bf0f8,3833.6703951714935,16845.63535059779,19.53,35.34,914.0,312.0,0.0,"L-074,L-065",L-074: OFFLINE FIRST CAN TRY TO GET DATA UNTIL IT NEED RETRIES RETRIES WILL BE QUEUED CAN TRY TO GET DATA FROM CACHE | L-065: REMOVEQUERIES RESETQUERIES,not-transcribed,no,medium,
S-235,IU-235,UNASSIGNED,Unassigned / outside current Stage 1 regions,40b7d5950d3994d6ab9479b8c152fd7be583c2b6,40b7d5950d,2815.395413561308,16862.802026512207,14.35,35.38,1007.0,331.0,0.0,"L-074,L-065",L-074: OFFLINE FIRST CAN TRY TO GET DATA UNTIL IT NEED RETRIES RETRIES WILL BE QUEUED CAN TRY TO GET DATA FROM CACHE | L-065: REMOVEQUERIES RESETQUERIES,not-transcribed,no,medium,
S-236,IU-236,R10,Mutations,488e3dbdf9a6cb4c4e1fc7b19f59f3f0f2d0d9d1,488e3dbdf9,8854.085802345482,16878.507886705953,45.12,35.41,919.0,385.0,0.0,"L-075,L-070,L-073",L-075: SETQUERYDATA RETURN FULL OBJECT LIKE PUT | L-070: MUTATIONS | L-073: MUTATE VS MUTATEASYNC,not-transcribed,no,high,regions/R10-mutations.md
S-237,IU-237,R10,Mutations,55a51e51f437dec3ab46facc5bf4c15fa89fb739,55a51e51f4,7986.61580278099,16935.841492996446,40.69,35.53,659.0,430.0,0.0,"L-075,L-076,L-071","L-075: SETQUERYDATA RETURN FULL OBJECT LIKE PUT | L-076: CALLBACKS AND ARGS | L-071: STRUCTURE, CALLBACKS INVALIDATION IN ONSETTLED",not-transcribed,no,high,regions/R10-mutations.md
S-238,IU-238,R10,Mutations,5bec075fe3a00d87161356e7a274af579f00ec7d,5bec075fe3,6916.566107463917,16946.731954640047,35.24,35.55,730.0,430.0,0.0,"L-071,L-076,L-072","L-071: STRUCTURE, CALLBACKS INVALIDATION IN ONSETTLED | L-076: CALLBACKS AND ARGS | L-072: CANCELQUERIES IN OPTIMISTIC UPDATES PATTERN",not-transcribed,no,high,regions/R10-mutations.md
S-239,IU-239,R10,Mutations,73b5e8fd6633fa9ba78bafbcccd16fe04b9bbff9,73b5e8fd66,10593.16445683154,17012.91577644281,53.98,35.69,895.0,449.0,0.0,"L-073,L-080,L-075",L-073: MUTATE VS MUTATEASYNC | L-080: KEEPING MUTATION IN PENDING STATE UNTIL REVALIDATION + REFETCH | L-075: SETQUERYDATA RETURN FULL OBJECT LIKE PUT,not-transcribed,no,high,regions/R10-mutations.md
S-240,IU-240,UNASSIGNED,Unassigned / outside current Stage 1 regions,d5efd6d4699ef3ce21a5836029d26590842b9277,d5efd6d469,13496.40881426379,17145.3217468567,68.77,35.97,887.0,482.0,0.0,"L-065,L-074",L-065: REMOVEQUERIES RESETQUERIES | L-074: OFFLINE FIRST CAN TRY TO GET DATA UNTIL IT NEED RETRIES RETRIES WILL BE QUEUED CAN TRY TO GET DATA FROM CACHE,not-transcribed,no,medium,
S-241,IU-241,UNASSIGNED,Unassigned / outside current Stage 1 regions,8fdcc18b67f59a74a7b6877ee5852c8176ad9ef9,8fdcc18b67,2820.6984808553443,17218.301998768955,14.37,36.12,897.0,260.0,0.0,"L-074,L-065",L-074: OFFLINE FIRST CAN TRY TO GET DATA UNTIL IT NEED RETRIES RETRIES WILL BE QUEUED CAN TRY TO GET DATA FROM CACHE | L-065: REMOVEQUERIES RESETQUERIES,not-transcribed,no,medium,
S-242,IU-242,R10,Mutations,f128bccab609bf76456a2477f30f835e7c60be09,f128bccab6,6910.122285020871,17378.39833647599,35.21,36.46,740.0,308.0,0.0,"L-076,L-071,L-072","L-076: CALLBACKS AND ARGS | L-071: STRUCTURE, CALLBACKS INVALIDATION IN ONSETTLED | L-072: CANCELQUERIES IN OPTIMISTIC UPDATES PATTERN",not-transcribed,no,high,regions/R10-mutations.md
S-243,IU-243,R10,Mutations,7de4e030ee7931b275819747d155a5b5e1961264,7de4e030ee,7933.861449475125,17379.455151515096,40.43,36.46,826.0,341.0,0.0,"L-076,L-075,L-071","L-076: CALLBACKS AND ARGS | L-075: SETQUERYDATA RETURN FULL OBJECT LIKE PUT | L-071: STRUCTURE, CALLBACKS INVALIDATION IN ONSETTLED",not-transcribed,no,high,regions/R10-mutations.md
S-244,IU-244,R10,Mutations,a7ac382dd02a306fb445523ca92904a1b2f9e6db,a7ac382dd0,10585.537580727096,17476.156658468637,53.94,36.66,898.0,354.0,0.0,"L-073,L-080,L-077",L-073: MUTATE VS MUTATEASYNC | L-080: KEEPING MUTATION IN PENDING STATE UNTIL REVALIDATION + REFETCH | L-077: INVALIDATION ONSETTLED,not-transcribed,no,high,regions/R10-mutations.md
S-245,IU-245,R10,Mutations,8641ca8bc2b715e8fdb5f2b7714d1d00fff5a680,8641ca8bc2,9089.586359062072,17497.9868759713,46.31,36.71,994.0,572.0,0.0,"L-075,L-077,L-078",L-075: SETQUERYDATA RETURN FULL OBJECT LIKE PUT | L-077: INVALIDATION ONSETTLED | L-078: SO UPDATING STATE NO MATTER WHAT AND GETTING THE FINAL RESULT AS THE TRUE SERVER STATE NO MATTER WHAT,not-transcribed,no,high,regions/R10-mutations.md
S-246,IU-246,R10,Mutations,55a51e51f437dec3ab46facc5bf4c15fa89fb739,55a51e51f4,6900.3469783098935,17711.6840507617,35.16,37.16,659.0,430.0,0.0,"L-076,L-071,L-072","L-076: CALLBACKS AND ARGS | L-071: STRUCTURE, CALLBACKS INVALIDATION IN ONSETTLED | L-072: CANCELQUERIES IN OPTIMISTIC UPDATES PATTERN",not-transcribed,no,high,regions/R10-mutations.md
S-247,IU-247,R10,Mutations,e7fe1b2b605cb9ef250315cf99077da63100fc4c,e7fe1b2b60,10603.074527341678,17839.138117344504,54.03,37.43,617.0,191.0,0.0,"L-080,L-073,L-077",L-080: KEEPING MUTATION IN PENDING STATE UNTIL REVALIDATION + REFETCH | L-073: MUTATE VS MUTATEASYNC | L-077: INVALIDATION ONSETTLED,not-transcribed,no,high,regions/R10-mutations.md
S-248,IU-248,R10,Mutations,7ec1a778b82a222a4b5a879656a7e1db95de67da,7ec1a778b8,10596.148420570846,18036.69367290006,53.99,37.84,939.0,347.0,0.0,"L-080,L-073,L-077",L-080: KEEPING MUTATION IN PENDING STATE UNTIL REVALIDATION + REFETCH | L-073: MUTATE VS MUTATEASYNC | L-077: INVALIDATION ONSETTLED,not-transcribed,no,high,regions/R10-mutations.md
S-249,IU-249,R10,Mutations,69bab5a10b41a429c4d05912a32d719dddae5607,69bab5a10b,7938.990308307535,18092.674713495577,40.45,37.96,737.0,210.0,0.0,"L-076,L-077,L-078",L-076: CALLBACKS AND ARGS | L-077: INVALIDATION ONSETTLED | L-078: SO UPDATING STATE NO MATTER WHAT AND GETTING THE FINAL RESULT AS THE TRUE SERVER STATE NO MATTER WHAT,not-transcribed,no,high,regions/R10-mutations.md
S-250,IU-250,R10,Mutations,c11c8e7392a16dfe9650c4859d74978f346283fc,c11c8e7392,9157.00645818007,18123.07169739987,46.66,38.02,841.0,375.0,0.0,"L-077,L-078,L-079",L-077: INVALIDATION ONSETTLED | L-078: SO UPDATING STATE NO MATTER WHAT AND GETTING THE FINAL RESULT AS THE TRUE SERVER STATE NO MATTER WHAT | L-079: AND NEED TO REMEMBER THAT YOU ARE MANUALLY SETTING CACHE IN BOTH SUCCESS AND ERROR OUTCOMES SO ITS LOGICALLY CORRECT ...,not-transcribed,no,high,regions/R10-mutations.md
S-251,IU-251,R10,Mutations,850109ec0ce563f2015d94bebaa2b7b09c66fc5d,850109ec0c,6916.893936851298,18256.2030070963,35.24,38.3,940.0,376.0,0.0,"L-076,L-078,L-079",L-076: CALLBACKS AND ARGS | L-078: SO UPDATING STATE NO MATTER WHAT AND GETTING THE FINAL RESULT AS THE TRUE SERVER STATE NO MATTER WHAT | L-079: AND NEED TO REMEMBER THAT YOU ARE MANUALLY SETTING CACHE IN BOTH SUCCESS AND ERROR OUTCOMES SO ITS LOGICALLY CORRECT ...,not-transcribed,no,high,regions/R10-mutations.md
S-252,IU-252,R10,Mutations,4b9ba54f9363123130b43988de90f457a8b0501a,4b9ba54f93,10581.315222871192,18401.175131775926,53.92,38.61,942.0,421.0,0.0,"L-080,L-077,L-078",L-080: KEEPING MUTATION IN PENDING STATE UNTIL REVALIDATION + REFETCH | L-077: INVALIDATION ONSETTLED | L-078: SO UPDATING STATE NO MATTER WHAT AND GETTING THE FINAL RESULT AS THE TRUE SERVER STATE NO MATTER WHAT,not-transcribed,no,high,regions/R10-mutations.md
S-253,IU-253,R10,Mutations,9373bdbda331e44dbf1e1dd03ab677490344bf1b,9373bdbda3,7946.0490442493265,18422.66978831618,40.49,38.65,843.0,482.0,0.0,"L-078,L-079,L-077",L-078: SO UPDATING STATE NO MATTER WHAT AND GETTING THE FINAL RESULT AS THE TRUE SERVER STATE NO MATTER WHAT | L-079: AND NEED TO REMEMBER THAT YOU ARE MANUALLY SETTING CACHE IN BOTH SUCCESS AND ERROR OUTCOMES SO ITS LOGICALLY CORRECT ... | L-077: INVALIDATION ONSETTLED,not-transcribed,no,high,regions/R10-mutations.md
S-254,IU-254,R10,Mutations,37ac0e6a45c069165843492d622f0fb91fb5875b,37ac0e6a45,6941.227310874736,18650.536259049422,35.37,39.13,790.0,302.0,0.0,"L-076,L-079,L-078",L-076: CALLBACKS AND ARGS | L-079: AND NEED TO REMEMBER THAT YOU ARE MANUALLY SETTING CACHE IN BOTH SUCCESS AND ERROR OUTCOMES SO ITS LOGICALLY CORRECT ... | L-078: SO UPDATING STATE NO MATTER WHAT AND GETTING THE FINAL RESULT AS THE TRUE SERVER STATE NO MATTER WHAT,not-transcribed,no,high,regions/R10-mutations.md
S-255,IU-255,R10,Mutations,6759acc16ac9d1c9e9643f165f293b982d356572,6759acc16a,7936.025292854238,18909.003092585157,40.44,39.67,1004.0,336.0,0.0,"L-079,L-078,L-077",L-079: AND NEED TO REMEMBER THAT YOU ARE MANUALLY SETTING CACHE IN BOTH SUCCESS AND ERROR OUTCOMES SO ITS LOGICALLY CORRECT ... | L-078: SO UPDATING STATE NO MATTER WHAT AND GETTING THE FINAL RESULT AS THE TRUE SERVER STATE NO MATTER WHAT | L-077: INVALIDATION ONSETTLED,not-transcribed,no,high,regions/R10-mutations.md
S-256,IU-256,R10,Mutations,a6d0648cd669343f1a06607df83a8407b38adfac,a6d0648cd6,9133.50407860164,18910.200323134755,46.54,39.67,927.0,448.0,0.0,"L-079,L-078,L-077",L-079: AND NEED TO REMEMBER THAT YOU ARE MANUALLY SETTING CACHE IN BOTH SUCCESS AND ERROR OUTCOMES SO ITS LOGICALLY CORRECT ... | L-078: SO UPDATING STATE NO MATTER WHAT AND GETTING THE FINAL RESULT AS THE TRUE SERVER STATE NO MATTER WHAT | L-077: INVALIDATION ONSETTLED,not-transcribed,no,high,regions/R10-mutations.md
S-257,IU-257,R10,Mutations,ae6ed651d2fafd20851ddc27d65471f4b1f69294,ae6ed651d2,7945.453864282808,19276.26505547578,40.49,40.44,928.0,451.0,0.0,"L-079,L-078,L-077",L-079: AND NEED TO REMEMBER THAT YOU ARE MANUALLY SETTING CACHE IN BOTH SUCCESS AND ERROR OUTCOMES SO ITS LOGICALLY CORRECT ... | L-078: SO UPDATING STATE NO MATTER WHAT AND GETTING THE FINAL RESULT AS THE TRUE SERVER STATE NO MATTER WHAT | L-077: INVALIDATION ONSETTLED,not-transcribed,no,high,regions/R10-mutations.md
S-258,IU-258,R10,Mutations,db2d4aae55318da2f061cb924b2e5bf1d91a8967,db2d4aae55,10596.20411176008,19288.76770176291,53.99,40.47,930.0,151.0,0.0,"L-080,L-079,L-078",L-080: KEEPING MUTATION IN PENDING STATE UNTIL REVALIDATION + REFETCH | L-079: AND NEED TO REMEMBER THAT YOU ARE MANUALLY SETTING CACHE IN BOTH SUCCESS AND ERROR OUTCOMES SO ITS LOGICALLY CORRECT ... | L-078: SO UPDATING STATE NO MATTER WHAT AND GETTING THE FINAL RESULT AS THE TRUE SERVER STATE NO MATTER WHAT,not-transcribed,no,high,regions/R10-mutations.md
S-259,IU-259,R10,Mutations,e2bb07761c02d9b03025b9670d1e3a4c723eb7b9,e2bb07761c,10602.583169889718,19465.333673985133,54.02,40.84,772.0,482.0,0.0,"L-080,L-079,L-078",L-080: KEEPING MUTATION IN PENDING STATE UNTIL REVALIDATION + REFETCH | L-079: AND NEED TO REMEMBER THAT YOU ARE MANUALLY SETTING CACHE IN BOTH SUCCESS AND ERROR OUTCOMES SO ITS LOGICALLY CORRECT ... | L-078: SO UPDATING STATE NO MATTER WHAT AND GETTING THE FINAL RESULT AS THE TRUE SERVER STATE NO MATTER WHAT,not-transcribed,no,high,regions/R10-mutations.md
S-260,IU-260,UNASSIGNED,Unassigned / outside current Stage 1 regions,507dbfa56965f0e98942e4b42575034d21ee4d44,507dbfa569,7953.607766437466,19741.960427781287,40.53,41.42,857.0,463.0,0.0,"L-065,L-074",L-065: REMOVEQUERIES RESETQUERIES | L-074: OFFLINE FIRST CAN TRY TO GET DATA UNTIL IT NEED RETRIES RETRIES WILL BE QUEUED CAN TRY TO GET DATA FROM CACHE,not-transcribed,no,medium,
S-261,IU-261,UNASSIGNED,Unassigned / outside current Stage 1 regions,35935e7b35cd81bb3047e857ac816caa55558d60,35935e7b35,10614.537309459733,19965.37881287402,54.09,41.89,840.0,220.0,0.0,"L-065,L-074",L-065: REMOVEQUERIES RESETQUERIES | L-074: OFFLINE FIRST CAN TRY TO GET DATA UNTIL IT NEED RETRIES RETRIES WILL BE QUEUED CAN TRY TO GET DATA FROM CACHE,not-transcribed,no,medium,
S-262,IU-262,UNASSIGNED,Unassigned / outside current Stage 1 regions,c8aefd2cea781b6a36ab404248956983e8d799d7,c8aefd2cea,10596.333696178484,20190.915895122285,53.99,42.36,909.0,403.0,0.0,"L-065,L-074",L-065: REMOVEQUERIES RESETQUERIES | L-074: OFFLINE FIRST CAN TRY TO GET DATA UNTIL IT NEED RETRIES RETRIES WILL BE QUEUED CAN TRY TO GET DATA FROM CACHE,not-transcribed,no,medium,
S-263,IU-263,UNASSIGNED,Unassigned / outside current Stage 1 regions,5f990bee015201e3a8e4b35463383773c26a580c,5f990bee01,7952.966801053071,20209.769893462093,40.52,42.4,954.0,372.0,0.0,"L-065,L-074",L-065: REMOVEQUERIES RESETQUERIES | L-074: OFFLINE FIRST CAN TRY TO GET DATA UNTIL IT NEED RETRIES RETRIES WILL BE QUEUED CAN TRY TO GET DATA FROM CACHE,not-transcribed,no,medium,
S-264,IU-264,UNASSIGNED,Unassigned / outside current Stage 1 regions,ed4ef609cc83f60820980d312bc38051e67e680a,ed4ef609cc,7950.823595137892,20621.93658919312,40.51,43.26,924.0,401.0,0.0,"L-065,L-074",L-065: REMOVEQUERIES RESETQUERIES | L-074: OFFLINE FIRST CAN TRY TO GET DATA UNTIL IT NEED RETRIES RETRIES WILL BE QUEUED CAN TRY TO GET DATA FROM CACHE,not-transcribed,no,medium,
S-265,IU-265,UNASSIGNED,Unassigned / outside current Stage 1 regions,9d4d2d9cfa24ca8b14168654cccf289bc9e3143d,9d4d2d9cfa,10585.518971786125,20626.61957622038,53.94,43.27,981.0,219.0,0.0,"L-065,L-074",L-065: REMOVEQUERIES RESETQUERIES | L-074: OFFLINE FIRST CAN TRY TO GET DATA UNTIL IT NEED RETRIES RETRIES WILL BE QUEUED CAN TRY TO GET DATA FROM CACHE,not-transcribed,no,medium,
S-266,IU-266,UNASSIGNED,Unassigned / outside current Stage 1 regions,57a7aa95eda70dfee4f83a61e7ba7f2cab767d88,57a7aa95ed,7980.918949490571,21043.531856352714,40.67,44.15,940.0,354.0,0.0,"L-065,L-074",L-065: REMOVEQUERIES RESETQUERIES | L-074: OFFLINE FIRST CAN TRY TO GET DATA UNTIL IT NEED RETRIES RETRIES WILL BE QUEUED CAN TRY TO GET DATA FROM CACHE,not-transcribed,no,medium,
S-267,IU-267,UNASSIGNED,Unassigned / outside current Stage 1 regions,27b93b199a39a29cd5245df63f4f1de7ce8b08b8,27b93b199a,7983.475201858384,21406.042302083744,40.68,44.91,855.0,482.0,0.0,"L-065,L-074",L-065: REMOVEQUERIES RESETQUERIES | L-074: OFFLINE FIRST CAN TRY TO GET DATA UNTIL IT NEED RETRIES RETRIES WILL BE QUEUED CAN TRY TO GET DATA FROM CACHE,not-transcribed,no,medium,
S-268,IU-268,UNASSIGNED,Unassigned / outside current Stage 1 regions,c35292d43ded1e4e324197d93d3605f6464e9b06,c35292d43d,7986.038055238339,21900.888999209863,40.69,45.95,865.0,285.0,0.0,"L-065,L-074",L-065: REMOVEQUERIES RESETQUERIES | L-074: OFFLINE FIRST CAN TRY TO GET DATA UNTIL IT NEED RETRIES RETRIES WILL BE QUEUED CAN TRY TO GET DATA FROM CACHE,not-transcribed,no,medium,
S-269,IU-269,UNASSIGNED,Unassigned / outside current Stage 1 regions,56c5c8888e1b5ef1ef447f9143f4ebb1757dda9d,56c5c8888e,7997.869390119333,22236.51855068865,40.75,46.65,685.0,482.0,0.0,"L-065,L-074",L-065: REMOVEQUERIES RESETQUERIES | L-074: OFFLINE FIRST CAN TRY TO GET DATA UNTIL IT NEED RETRIES RETRIES WILL BE QUEUED CAN TRY TO GET DATA FROM CACHE,not-transcribed,no,medium,
S-270,IU-270,UNASSIGNED,Unassigned / outside current Stage 1 regions,82af270795bea0a0e46be35a8566ca9ba7e9d2b0,82af270795,7951.700949351061,22745.08997926008,40.52,47.72,835.0,482.0,0.0,"L-065,L-074",L-065: REMOVEQUERIES RESETQUERIES | L-074: OFFLINE FIRST CAN TRY TO GET DATA UNTIL IT NEED RETRIES RETRIES WILL BE QUEUED CAN TRY TO GET DATA FROM CACHE,not-transcribed,no,medium,
S-271,IU-271,UNASSIGNED,Unassigned / outside current Stage 1 regions,c7dccde3bca171f94c0b3ee14c9e73b36cbf56a4,c7dccde3bc,7941.300005094039,23240.328190755616,40.46,48.76,726.0,482.0,0.0,"L-074,L-065",L-074: OFFLINE FIRST CAN TRY TO GET DATA UNTIL IT NEED RETRIES RETRIES WILL BE QUEUED CAN TRY TO GET DATA FROM CACHE | L-065: REMOVEQUERIES RESETQUERIES,not-transcribed,no,medium,
S-272,IU-272,UNASSIGNED,Unassigned / outside current Stage 1 regions,1cb0706b7f7881f428df532769350fa83c6880d8,1cb0706b7f,7960.355447040403,23737.471047898474,40.56,49.8,692.0,482.0,0.0,"L-074,L-065",L-074: OFFLINE FIRST CAN TRY TO GET DATA UNTIL IT NEED RETRIES RETRIES WILL BE QUEUED CAN TRY TO GET DATA FROM CACHE | L-065: REMOVEQUERIES RESETQUERIES,not-transcribed,no,medium,
S-273,IU-273,UNASSIGNED,Unassigned / outside current Stage 1 regions,af1044b3cf04b62dfed615aa0b91888dada5e06f,af1044b3cf,7941.49089504121,24242.23292359602,40.46,50.86,726.0,482.0,0.0,"L-074,L-065",L-074: OFFLINE FIRST CAN TRY TO GET DATA UNTIL IT NEED RETRIES RETRIES WILL BE QUEUED CAN TRY TO GET DATA FROM CACHE | L-065: REMOVEQUERIES RESETQUERIES,not-transcribed,no,medium,
S-274,IU-274,R11,Websockets / suspense / enabled,93a0d0d3e41b7fad3220699fb88be949d2da18fa,93a0d0d3e4,4612.057443384785,25233.43827417812,23.5,52.94,874.0,431.0,0.0,"L-081,L-084,L-082",L-081: when suspence is being shown | L-084: suspence | L-082: websockets,not-transcribed,no,high,regions/R11-websockets-suspense-enabled.md
S-275,IU-275,R12,Offline persistence / hydration / pruning,5e844a74b1eb03de0fbecb9fb80211766b375070,5e844a74b1,10318.274494236424,25547.46653805233,52.58,53.6,956.0,213.0,0.0,"L-087,L-083,L-085",L-087: fetchstatus paused | L-083: OFFLINE network mode | L-085: mutations network mode resumepausedmutations,not-transcribed,no,high,regions/R12-offline-persistence-hydration-pruning.md
S-276,IU-276,R11,Websockets / suspense / enabled,4f53d979bc0327f0092cf0b3159e7af2056e309b,4f53d979bc,2711.8799814689883,25576.18235625575,13.82,53.66,746.0,393.0,0.0,"L-082,L-081,L-084",L-082: websockets | L-081: when suspence is being shown | L-084: suspence,not-transcribed,no,high,regions/R11-websockets-suspense-enabled.md
S-277,IU-277,R11,Websockets / suspense / enabled,c56ec7fd551940c71e978c7856cc4d6a9e0b0ac5,c56ec7fd55,5818.609511924562,25613.550565103786,29.65,53.74,928.0,348.0,0.0,"L-084,L-081,L-082",L-084: suspence | L-081: when suspence is being shown | L-082: websockets,not-transcribed,no,high,regions/R11-websockets-suspense-enabled.md
S-278,IU-278,R11,Websockets / suspense / enabled,a865458f888876c57d6adef1d95c9280f881b098,a865458f88,4616.520496770201,25675.882786439404,23.52,53.87,871.0,435.0,0.0,"L-081,L-084,L-082",L-081: when suspence is being shown | L-084: suspence | L-082: websockets,not-transcribed,no,high,regions/R11-websockets-suspense-enabled.md
S-279,IU-279,UNASSIGNED,Unassigned / outside current Stage 1 regions,6ea27df25b4c44483b5067e55bdf45bc82ff7e1a,6ea27df25b,6998.546363304926,25792.348493951064,35.66,54.11,938.0,318.0,0.0,"L-074,L-065",L-074: OFFLINE FIRST CAN TRY TO GET DATA UNTIL IT NEED RETRIES RETRIES WILL BE QUEUED CAN TRY TO GET DATA FROM CACHE | L-065: REMOVEQUERIES RESETQUERIES,not-transcribed,no,medium,
S-280,IU-280,R12,Offline persistence / hydration / pruning,c078f2032fbcc3d9808319c296e52d46c81d47a1,c078f2032f,9199.69357981156,25916.254456345552,46.88,54.37,881.0,146.0,0.0,"L-087,L-086,L-083",L-087: fetchstatus paused | L-086: network modes | L-083: OFFLINE network mode,not-transcribed,no,high,regions/R12-offline-persistence-hydration-pruning.md
S-281,IU-281,R12,Offline persistence / hydration / pruning,17f9a3bf928c49a7a3b85204e2a47422bdbca4c2,17f9a3bf92,8208.171026348808,25929.569995817077,41.82,54.4,911.0,482.0,0.0,"L-086,L-087,L-095",L-086: network modes | L-087: fetchstatus paused | L-095: OFFLINE FIRST CAN TRY TO GET DATA UNTIL IT NEED RETRIES RETRIES WILL BE QUEUED CAN TRY TO GET DATA FROM CACHE,not-transcribed,no,high,regions/R12-offline-persistence-hydration-pruning.md
S-282,IU-282,R12,Offline persistence / hydration / pruning,c6a05bb126be4ebc513e581cc3c0c89822565e87,c6a05bb126,10428.422594347643,25944.76260687964,53.14,54.43,732.0,471.0,0.0,"L-087,L-083,L-085",L-087: fetchstatus paused | L-083: OFFLINE network mode | L-085: mutations network mode resumepausedmutations,not-transcribed,no,high,regions/R12-offline-persistence-hydration-pruning.md
S-283,IU-283,R11,Websockets / suspense / enabled,b8fa03d9e293cb28c818bff38e68709513bdfab0,b8fa03d9e2,5828.516683417747,25957.822930128896,29.7,54.46,482.0,482.0,0.0,"L-084,L-081,L-082",L-084: suspence | L-081: when suspence is being shown | L-082: websockets,not-transcribed,no,high,regions/R11-websockets-suspense-enabled.md
S-284,IU-284,R12,Offline persistence / hydration / pruning,bf62b2d61c3d92d0e45830c02569ef0f875bf353,bf62b2d61c,11869.061580849422,25992.08460818834,60.48,54.53,913.0,369.0,0.0,"L-088,L-085,L-091",L-088: persistance + resumepausedmutations | L-085: mutations network mode resumepausedmutations | L-091: !!!,not-transcribed,no,high,regions/R12-offline-persistence-hydration-pruning.md
S-285,IU-285,R11,Websockets / suspense / enabled,789db879bc0b78162a69302d96ff1388880861cb,789db879bc,2681.7129892814883,26046.51560820888,13.66,54.64,913.0,471.0,0.0,"L-082,L-081,L-084",L-082: websockets | L-081: when suspence is being shown | L-084: suspence,not-transcribed,no,high,regions/R11-websockets-suspense-enabled.md
S-286,IU-286,R12,Offline persistence / hydration / pruning,635b0dd4d8ed1eb3b1caa4e858163f4746ba1a82,635b0dd4d8,9188.998822800788,26085.241019891877,46.82,54.73,788.0,482.0,0.0,"L-087,L-086,L-083",L-087: fetchstatus paused | L-086: network modes | L-083: OFFLINE network mode,not-transcribed,no,high,regions/R12-offline-persistence-hydration-pruning.md
S-287,IU-287,R11,Websockets / suspense / enabled,4f7fbb99573df5941c53ea5dc13225c44fb7f00b,4f7fbb9957,4633.075781058396,26133.512438674647,23.61,54.83,829.0,299.0,0.0,"L-081,L-084,L-082",L-081: when suspence is being shown | L-084: suspence | L-082: websockets,not-transcribed,no,high,regions/R11-websockets-suspense-enabled.md
S-288,IU-288,UNASSIGNED,Unassigned / outside current Stage 1 regions,a08d07bb82ae1f19ca406fd68ee2d8ca517c6dca,a08d07bb82,6953.183059211358,26152.85899199794,35.43,54.87,869.0,482.0,0.0,"L-074,L-065",L-074: OFFLINE FIRST CAN TRY TO GET DATA UNTIL IT NEED RETRIES RETRIES WILL BE QUEUED CAN TRY TO GET DATA FROM CACHE | L-065: REMOVEQUERIES RESETQUERIES,not-transcribed,no,medium,
S-289,IU-289,R12,Offline persistence / hydration / pruning,c4797efb7269095c9bac1bccbcb61230e676ec18,c4797efb72,13144.062826622016,26357.977116880287,66.97,55.3,894.0,347.0,0.0,"L-088,L-092,L-093","L-088: persistance + resumepausedmutations | L-092: persistqueryclientsave,subscribe,restore | L-093: SHOULD I USE RESUMEPAUSEDMUT WITH OFFLINEFIRST?",not-transcribed,no,high,regions/R12-offline-persistence-hydration-pruning.md
S-290,IU-290,R12,Offline persistence / hydration / pruning,dfc5091fca11c387a287830ca57e898181fa358d,dfc5091fca,11844.810477372548,26388.248652523114,60.35,55.36,918.0,387.0,0.0,"L-091,L-093,L-088",L-091: !!! | L-093: SHOULD I USE RESUMEPAUSEDMUT WITH OFFLINEFIRST? | L-088: persistance + resumepausedmutations,not-transcribed,no,high,regions/R12-offline-persistence-hydration-pruning.md
S-291,IU-291,R12,Offline persistence / hydration / pruning,d894c9608c370205e60280e79ae86c3ae4165d28,d894c9608c,10444.12256458574,26433.18058919301,53.22,55.46,594.0,482.0,0.0,"L-087,L-091,L-093",L-087: fetchstatus paused | L-091: !!! | L-093: SHOULD I USE RESUMEPAUSEDMUT WITH OFFLINEFIRST?,not-transcribed,no,high,regions/R12-offline-persistence-hydration-pruning.md
S-292,IU-292,R11,Websockets / suspense / enabled,676060fc010e4332dad70d67014136eefbc837f0,676060fc01,5808.728443286169,26484.2886458097,29.6,55.56,563.0,317.0,0.0,"L-084,L-081,L-082",L-084: suspence | L-081: when suspence is being shown | L-082: websockets,not-transcribed,no,high,regions/R11-websockets-suspense-enabled.md
S-293,IU-293,R11,Websockets / suspense / enabled,d4e1e182d3217683b81bed7a58b5b97d84483c34,d4e1e182d3,2704.7129892814883,26517.848982232317,13.78,55.63,915.0,371.0,0.0,"L-082,L-081,L-084",L-082: websockets | L-081: when suspence is being shown | L-084: suspence,not-transcribed,no,high,regions/R11-websockets-suspense-enabled.md
S-294,IU-294,R12,Offline persistence / hydration / pruning,73d84c25d2954d3a94ebdc76be847159f8fbb2d1,73d84c25d2,9166.813813082985,26593.8124484633,46.71,55.79,749.0,482.0,0.0,"L-087,L-086,L-096",L-087: fetchstatus paused | L-086: network modes | L-096: meta for dehydraton filtering to avoid overpopulaton of the store + acessing metha in queryfn,not-transcribed,no,high,regions/R12-offline-persistence-hydration-pruning.md
S-295,IU-295,UNASSIGNED,Unassigned / outside current Stage 1 regions,4052f751bbbb74ffedb94b95c8c65ca1d1e17fbf,4052f751bb,6934.046363304926,26682.848493951064,35.33,55.98,907.0,185.0,0.0,"L-074,L-065",L-074: OFFLINE FIRST CAN TRY TO GET DATA UNTIL IT NEED RETRIES RETRIES WILL BE QUEUED CAN TRY TO GET DATA FROM CACHE | L-065: REMOVEQUERIES RESETQUERIES,not-transcribed,no,medium,
S-296,IU-296,R12,Offline persistence / hydration / pruning,810e074c35d6e27553a0b385f8d2d962c94108b3,810e074c35,11875.810477372548,26799.91531918978,60.51,56.23,896.0,137.0,0.0,"L-091,L-093,L-088",L-091: !!! | L-093: SHOULD I USE RESUMEPAUSEDMUT WITH OFFLINEFIRST? | L-088: persistance + resumepausedmutations,not-transcribed,no,high,regions/R12-offline-persistence-hydration-pruning.md
S-297,IU-297,R12,Offline persistence / hydration / pruning,6a8d99b81ad0e8064b03605aa6a9a0e78628abd3,6a8d99b81a,13165.062216270457,26820.310475644936,67.08,56.27,912.0,379.0,0.0,"L-092,L-088,L-093","L-092: persistqueryclientsave,subscribe,restore | L-088: persistance + resumepausedmutations | L-093: SHOULD I USE RESUMEPAUSEDMUT WITH OFFLINEFIRST?",not-transcribed,no,high,regions/R12-offline-persistence-hydration-pruning.md
S-298,IU-298,R11,Websockets / suspense / enabled,094d84e79b2c9e8fd65a32896c74c90706c396a1,094d84e79b,5822.832992365606,26828.29913513727,29.67,56.29,481.0,482.0,0.0,"L-084,L-081,L-098","L-084: suspence | L-081: when suspence is being shown | L-098: enabled, what to do",not-transcribed,no,high,regions/R11-websockets-suspense-enabled.md
S-299,IU-299,R11,Websockets / suspense / enabled,50585b9627657f44c32abd7b75319bd13b20fc15,50585b9627,2717.9766324340617,26894.192854302622,13.85,56.42,851.0,482.0,0.0,"L-082,L-081,L-084",L-082: websockets | L-081: when suspence is being shown | L-084: suspence,not-transcribed,no,high,regions/R11-websockets-suspense-enabled.md
S-300,IU-300,UNASSIGNED,Unassigned / outside current Stage 1 regions,8f000918798d1753238580704120a1b38aff6481,8f00091879,6939.046363304926,26896.1818679745,35.36,56.43,945.0,377.0,0.0,"L-074,L-065",L-074: OFFLINE FIRST CAN TRY TO GET DATA UNTIL IT NEED RETRIES RETRIES WILL BE QUEUED CAN TRY TO GET DATA FROM CACHE | L-065: REMOVEQUERIES RESETQUERIES,not-transcribed,no,medium,
S-301,IU-301,R12,Offline persistence / hydration / pruning,805253d94bd6caa28ede19ea25d0d573a5a80e9d,805253d94b,10421.28692402838,26942.24297055757,53.1,56.52,917.0,434.0,0.0,"L-091,L-093,L-094",L-091: !!! | L-093: SHOULD I USE RESUMEPAUSEDMUT WITH OFFLINEFIRST? | L-094: hydrate/dehydrate options buster,not-transcribed,no,high,regions/R12-offline-persistence-hydration-pruning.md
S-302,IU-302,R12,Offline persistence / hydration / pruning,819762c97437d3fec4e8bbdd25c6b9bba12b9f0f,819762c974,11867.477144039214,26951.13740577832,60.47,56.54,926.0,319.0,0.0,"L-093,L-091,L-094",L-093: SHOULD I USE RESUMEPAUSEDMUT WITH OFFLINEFIRST? | L-091: !!! | L-094: hydrate/dehydrate options buster,not-transcribed,no,high,regions/R12-offline-persistence-hydration-pruning.md
S-303,IU-303,R12,Offline persistence / hydration / pruning,af413353f266b8cadf38e405b3a5e28ffd11d28f,af413353f2,9128.193754197722,27078.825928513525,46.51,56.81,944.0,438.0,0.0,"L-096,L-087,L-095",L-096: meta for dehydraton filtering to avoid overpopulaton of the store + acessing metha in queryfn | L-087: fetchstatus paused | L-095: OFFLINE FIRST CAN TRY TO GET DATA UNTIL IT NEED RETRIES RETRIES WILL BE QUEUED CAN TRY TO GET DATA FROM CACHE,not-transcribed,no,high,regions/R12-offline-persistence-hydration-pruning.md
S-304,IU-304,R12,Offline persistence / hydration / pruning,0c3b1184a0436d89330a9ca99d3801a1d7f7c1b7,0c3b1184a0,15541.774050582111,27160.1893113038,79.19,56.98,1029.0,393.0,0.0,"L-090,L-089,L-092","L-090: persist query client | L-089: persistqucl vs provider flows | L-092: persistqueryclientsave,subscribe,restore",not-transcribed,no,high,regions/R12-offline-persistence-hydration-pruning.md
S-305,IU-305,R12,Offline persistence / hydration / pruning,8f675d5a4b40a1cb8500dad394322c0d3b2f3845,8f675d5a4b,16839.572045383346,27185.50284111795,85.8,57.03,772.0,482.0,0.0,"L-089,L-090,L-092","L-089: persistqucl vs provider flows | L-090: persist query client | L-092: persistqueryclientsave,subscribe,restore",not-transcribed,no,high,regions/R12-offline-persistence-hydration-pruning.md
S-306,IU-306,R12,Offline persistence / hydration / pruning,5d27ffc66e3521b85aa79dd4dfa0f7bf69a4cec3,5d27ffc66e,13149.228933799752,27219.81051379191,67.0,57.11,927.0,300.0,0.0,"L-092,L-088,L-093","L-092: persistqueryclientsave,subscribe,restore | L-088: persistance + resumepausedmutations | L-093: SHOULD I USE RESUMEPAUSEDMUT WITH OFFLINEFIRST?",not-transcribed,no,high,regions/R12-offline-persistence-hydration-pruning.md
S-307,IU-307,R12,Offline persistence / hydration / pruning,2ec84b4c142ab66af72a1db41f2bb7380d9eb9a9,2ec84b4c14,14517.40123416784,27238.654225644936,73.97,57.15,811.0,482.0,0.0,"L-092,L-090,L-089","L-092: persistqueryclientsave,subscribe,restore | L-090: persist query client | L-089: persistqucl vs provider flows",not-transcribed,no,high,regions/R12-offline-persistence-hydration-pruning.md
S-308,IU-308,R11,Websockets / suspense / enabled,3076481cd77bc204b73762eddb6a99f6db77d37d,3076481cd7,5800.561660362062,27335.026813708697,29.56,57.35,606.0,406.0,0.0,"L-084,L-081,L-098","L-084: suspence | L-081: when suspence is being shown | L-098: enabled, what to do",not-transcribed,no,high,regions/R11-websockets-suspense-enabled.md
S-309,IU-309,R12,Offline persistence / hydration / pruning,33ec33e3f63de1e34a259963357789fb8f1d7102,33ec33e3f6,10423.95342793463,27402.07634458101,53.11,57.49,837.0,341.0,0.0,"L-091,L-096,L-093",L-091: !!! | L-096: meta for dehydraton filtering to avoid overpopulaton of the store + acessing metha in queryfn | L-093: SHOULD I USE RESUMEPAUSEDMUT WITH OFFLINEFIRST?,not-transcribed,no,high,regions/R12-offline-persistence-hydration-pruning.md
S-310,IU-310,R12,Offline persistence / hydration / pruning,72bf95274c482815082812bfb69b0d56b59d1fd7,72bf95274c,13169.728933799752,27530.31055193888,67.1,57.76,906.0,259.0,0.0,"L-092,L-093,L-094","L-092: persistqueryclientsave,subscribe,restore | L-093: SHOULD I USE RESUMEPAUSEDMUT WITH OFFLINEFIRST? | L-094: hydrate/dehydrate options buster",not-transcribed,no,high,regions/R12-offline-persistence-hydration-pruning.md
S-311,IU-311,R12,Offline persistence / hydration / pruning,80e917c63d9b23f1841f138508aecd92134f58fc,80e917c63d,9121.122412819372,27533.06405281598,46.48,57.76,901.0,280.0,0.0,"L-096,L-095,L-087",L-096: meta for dehydraton filtering to avoid overpopulaton of the store + acessing metha in queryfn | L-095: OFFLINE FIRST CAN TRY TO GET DATA UNTIL IT NEED RETRIES RETRIES WILL BE QUEUED CAN TRY TO GET DATA FROM CACHE | L-087: fetchstatus paused,not-transcribed,no,high,regions/R12-offline-persistence-hydration-pruning.md
S-312,IU-312,R12,Offline persistence / hydration / pruning,79a4777b2f37d0fe49e1713961fcca8182321392,79a4777b2f,11851.1053804675,27541.765814357044,60.39,57.78,929.0,348.0,0.0,"L-093,L-094,L-091",L-093: SHOULD I USE RESUMEPAUSEDMUT WITH OFFLINEFIRST? | L-094: hydrate/dehydrate options buster | L-091: !!!,not-transcribed,no,high,regions/R12-offline-persistence-hydration-pruning.md
S-313,IU-313,R11,Websockets / suspense / enabled,38abff4a0ef7bc68fc994a880735d13885de8178,38abff4a0e,2771.0464345126074,27551.015570061903,14.12,57.8,531.0,364.0,0.0,"L-082,L-081,L-098","L-082: websockets | L-081: when suspence is being shown | L-098: enabled, what to do",not-transcribed,no,high,regions/R11-websockets-suspense-enabled.md
S-314,IU-314,R12,Offline persistence / hydration / pruning,ad15f92387c0fd5c37cc62b21ae26200578a164e,ad15f92387,8367.728238268339,27551.66571836235,42.64,57.8,689.0,426.0,0.0,"L-095,L-096,L-086",L-095: OFFLINE FIRST CAN TRY TO GET DATA UNTIL IT NEED RETRIES RETRIES WILL BE QUEUED CAN TRY TO GET DATA FROM CACHE | L-096: meta for dehydraton filtering to avoid overpopulaton of the store + acessing metha in queryfn | L-086: network modes,not-transcribed,no,high,regions/R12-offline-persistence-hydration-pruning.md
S-315,IU-315,R12,Offline persistence / hydration / pruning,46562dcbf35c16a7ad3efeaba3d0c3b64d4d1982,46562dcbf3,15553.860123038923,27573.86638192148,79.25,57.85,875.0,482.0,0.0,"L-090,L-089,L-092","L-090: persist query client | L-089: persistqucl vs provider flows | L-092: persistqueryclientsave,subscribe,restore",not-transcribed,no,high,regions/R12-offline-persistence-hydration-pruning.md
S-316,IU-316,R12,Offline persistence / hydration / pruning,0d63534428aaded3409e212f9d5b24e156de761e,0d63534428,16847.768718328916,27687.058076238933,85.85,58.09,924.0,357.0,0.0,"L-089,L-090,L-092","L-089: persistqucl vs provider flows | L-090: persist query client | L-092: persistqueryclientsave,subscribe,restore",not-transcribed,no,high,regions/R12-offline-persistence-hydration-pruning.md
S-317,IU-317,R12,Offline persistence / hydration / pruning,96dab1df5e08f6f39c747e62cc7fcb870824b2f0,96dab1df5e,14525.299040413556,27726.987584409584,74.01,58.17,798.0,482.0,0.0,"L-092,L-090,L-089","L-092: persistqueryclientsave,subscribe,restore | L-090: persist query client | L-089: persistqucl vs provider flows",not-transcribed,no,high,regions/R12-offline-persistence-hydration-pruning.md
S-318,IU-318,R11,Websockets / suspense / enabled,57fab47856e35492a63b7bb02b6b08b9e5ef7df6,57fab47856,5781.371300429026,27748.40779515401,29.46,58.22,892.0,364.0,0.0,"L-084,L-098,L-081","L-084: suspence | L-098: enabled, what to do | L-081: when suspence is being shown",not-transcribed,no,high,regions/R11-websockets-suspense-enabled.md
S-319,IU-319,R12,Offline persistence / hydration / pruning,3dfb2e84740124172e651c3f2eb2b8be9da15952,3dfb2e8474,13163.062216270457,27793.643834409584,67.07,58.31,876.0,279.0,0.0,"L-092,L-094,L-093","L-092: persistqueryclientsave,subscribe,restore | L-094: hydrate/dehydrate options buster | L-093: SHOULD I USE RESUMEPAUSEDMUT WITH OFFLINEFIRST?",not-transcribed,no,high,regions/R12-offline-persistence-hydration-pruning.md
S-320,IU-320,R12,Offline persistence / hydration / pruning,921a92e2c63ff66e10fb3ed863558abd73cea6d2,921a92e2c6,9125.669828416472,27833.6592327825,46.5,58.39,770.0,315.0,0.0,"L-096,L-095,L-097",L-096: meta for dehydraton filtering to avoid overpopulaton of the store + acessing metha in queryfn | L-095: OFFLINE FIRST CAN TRY TO GET DATA UNTIL IT NEED RETRIES RETRIES WILL BE QUEUED CAN TRY TO GET DATA FROM CACHE | L-097: pruning,not-transcribed,no,high,regions/R12-offline-persistence-hydration-pruning.md
S-321,IU-321,R11,Websockets / suspense / enabled,05e742e80806dac47685e7192fa7cae040ec101a,05e742e808,2767.2131520419043,27915.01560820888,14.1,58.56,572.0,256.0,0.0,"L-082,L-081,L-098","L-082: websockets | L-081: when suspence is being shown | L-098: enabled, what to do",not-transcribed,no,high,regions/R11-websockets-suspense-enabled.md
S-322,IU-322,R12,Offline persistence / hydration / pruning,764ec95080eb9f47edf484be01e4e91bddc7c024,764ec95080,16867.436571182974,28059.40178809196,85.95,58.87,745.0,482.0,0.0,"L-089,L-090,L-092","L-089: persistqucl vs provider flows | L-090: persist query client | L-092: persistqueryclientsave,subscribe,restore",not-transcribed,no,high,regions/R12-offline-persistence-hydration-pruning.md
S-323,IU-323,R12,Offline persistence / hydration / pruning,d360a7d007afd71aee593e96a2cb92b4e25cd118,d360a7d007,15651.94076811141,28073.02267006845,79.75,58.9,632.0,64.0,0.0,"L-090,L-089,L-092","L-090: persist query client | L-089: persistqucl vs provider flows | L-092: persistqueryclientsave,subscribe,restore",not-transcribed,no,high,regions/R12-offline-persistence-hydration-pruning.md
S-324,IU-324,R12,Offline persistence / hydration / pruning,1fd1c39efcd86c10e2260f1aada350ab07331c34,1fd1c39efc,13173.228933799752,28105.977193174236,67.12,58.97,899.0,201.0,0.0,"L-092,L-094,L-093","L-092: persistqueryclientsave,subscribe,restore | L-094: hydrate/dehydrate options buster | L-093: SHOULD I USE RESUMEPAUSEDMUT WITH OFFLINEFIRST?",not-transcribed,no,high,regions/R12-offline-persistence-hydration-pruning.md
S-325,IU-325,R12,Offline persistence / hydration / pruning,733425f1daaee1c69c957d13d5e40910569dcab9,733425f1da,15662.750955640484,28141.97755491545,79.81,59.04,866.0,482.0,0.0,"L-090,L-089,L-092","L-090: persist query client | L-089: persistqucl vs provider flows | L-092: persistqueryclientsave,subscribe,restore",not-transcribed,no,high,regions/R12-offline-persistence-hydration-pruning.md
S-326,IU-326,R12,Offline persistence / hydration / pruning,8fb60bf0f8807155901dae6e76fae8105e71c684,8fb60bf0f8,9107.003219878525,28158.968785656383,46.4,59.08,914.0,312.0,0.0,"L-096,L-095,L-097",L-096: meta for dehydraton filtering to avoid overpopulaton of the store + acessing metha in queryfn | L-095: OFFLINE FIRST CAN TRY TO GET DATA UNTIL IT NEED RETRIES RETRIES WILL BE QUEUED CAN TRY TO GET DATA FROM CACHE | L-097: pruning,not-transcribed,no,high,regions/R12-offline-persistence-hydration-pruning.md
S-327,IU-327,R12,Offline persistence / hydration / pruning,40b7d5950d3994d6ab9479b8c152fd7be583c2b6,40b7d5950d,8088.728238268339,28176.1354615708,41.22,59.11,1007.0,331.0,0.0,"L-095,L-096,L-097",L-095: OFFLINE FIRST CAN TRY TO GET DATA UNTIL IT NEED RETRIES RETRIES WILL BE QUEUED CAN TRY TO GET DATA FROM CACHE | L-096: meta for dehydraton filtering to avoid overpopulaton of the store + acessing metha in queryfn | L-097: pruning,not-transcribed,no,high,regions/R12-offline-persistence-hydration-pruning.md
S-328,IU-328,R11,Websockets / suspense / enabled,f6f7e865e57f4d4a5a4dd2e004ffc5427c166766,f6f7e865e5,2784.879869571201,28204.68217315028,14.19,59.17,530.0,250.0,0.0,"L-082,L-098,L-081","L-082: websockets | L-098: enabled, what to do | L-081: when suspence is being shown",not-transcribed,no,high,regions/R11-websockets-suspense-enabled.md
S-329,IU-329,R11,Websockets / suspense / enabled,74ba77c71124c87e7609fbbfa36c1eaae87396d2,74ba77c711,5778.65701471474,28210.93167733872,29.44,59.19,886.0,418.0,0.0,"L-098,L-084,L-081","L-098: enabled, what to do | L-084: suspence | L-081: when suspence is being shown",not-transcribed,no,high,regions/R11-websockets-suspense-enabled.md
S-330,IU-330,R12,Offline persistence / hydration / pruning,cfb7f31c32b94f93c8114a7ae6ae9f2b09e36ac0,cfb7f31c32,14539.2924402188,28215.321019468174,74.08,59.2,784.0,482.0,0.0,"L-092,L-090,L-089","L-092: persistqueryclientsave,subscribe,restore | L-090: persist query client | L-089: persistqucl vs provider flows",not-transcribed,no,high,regions/R12-offline-persistence-hydration-pruning.md
S-331,IU-331,R12,Offline persistence / hydration / pruning,679e04b8999dde921cb83ed8a1639f320c870a73,679e04b899,11958.535391895086,28230.320943174236,60.93,59.23,792.0,482.0,0.0,"L-094,L-093,L-091",L-094: hydrate/dehydrate options buster | L-093: SHOULD I USE RESUMEPAUSEDMUT WITH OFFLINEFIRST? | L-091: !!!,not-transcribed,no,high,regions/R12-offline-persistence-hydration-pruning.md
S-332,IU-332,R12,Offline persistence / hydration / pruning,690055da26dcee4aee30305b9b7bb739b8723b07,690055da26,13172.728933799752,28311.477269468174,67.12,59.4,940.0,290.0,0.0,"L-092,L-094,L-093","L-092: persistqueryclientsave,subscribe,restore | L-094: hydrate/dehydrate options buster | L-093: SHOULD I USE RESUMEPAUSEDMUT WITH OFFLINEFIRST?",not-transcribed,no,high,regions/R12-offline-persistence-hydration-pruning.md
S-333,IU-333,R11,Websockets / suspense / enabled,98945a566a37853b037b2ec7055602722ca86c29,98945a566a,2774.879869571201,28486.682249444228,14.14,59.76,700.0,296.0,0.0,"L-098,L-082,L-081","L-098: enabled, what to do | L-082: websockets | L-081: when suspence is being shown",not-transcribed,no,high,regions/R11-websockets-suspense-enabled.md
S-334,IU-334,R12,Offline persistence / hydration / pruning,8fdcc18b67f59a74a7b6877ee5852c8176ad9ef9,8fdcc18b67,8094.031305562376,28531.63543382755,41.24,59.86,897.0,260.0,0.0,"L-095,L-096,L-097",L-095: OFFLINE FIRST CAN TRY TO GET DATA UNTIL IT NEED RETRIES RETRIES WILL BE QUEUED CAN TRY TO GET DATA FROM CACHE | L-096: meta for dehydraton filtering to avoid overpopulaton of the store + acessing metha in queryfn | L-097: pruning,not-transcribed,no,high,regions/R12-offline-persistence-hydration-pruning.md
S-335,IU-335,R12,Offline persistence / hydration / pruning,702382414de3eb4cddf35729b1a330a64ce982de,702382414d,16855.1023059754,28589.39139685661,85.88,59.98,896.0,309.0,0.0,"L-089,L-090,L-092","L-089: persistqucl vs provider flows | L-090: persist query client | L-092: persistqueryclientsave,subscribe,restore",not-transcribed,no,high,regions/R12-offline-persistence-hydration-pruning.md
S-336,IU-336,R12,Offline persistence / hydration / pruning,3089a183596b9802b2e678bff606c7b18e598010,3089a18359,13175.1178192978,28610.087908404537,67.13,60.02,911.0,293.0,0.0,"L-092,L-094,L-093","L-092: persistqueryclientsave,subscribe,restore | L-094: hydrate/dehydrate options buster | L-093: SHOULD I USE RESUMEPAUSEDMUT WITH OFFLINEFIRST?",not-transcribed,no,high,regions/R12-offline-persistence-hydration-pruning.md
S-337,IU-337,R12,Offline persistence / hydration / pruning,ea74e9dd7284aff882a41d9841cc1c18df891b42,ea74e9dd72,10577.102108747637,28679.95948129643,53.89,60.17,926.0,325.0,0.0,"L-096,L-097,L-094",L-096: meta for dehydraton filtering to avoid overpopulaton of the store + acessing metha in queryfn | L-097: pruning | L-094: hydrate/dehydrate options buster,not-transcribed,no,high,regions/R12-offline-persistence-hydration-pruning.md
S-338,IU-338,R12,Offline persistence / hydration / pruning,9061540009d95c92032573a7ddf10c571dfac0ae,9061540009,15666.629012026917,28693.866595544525,79.83,60.2,713.0,482.0,0.0,"L-090,L-089,L-092","L-090: persist query client | L-089: persistqucl vs provider flows | L-092: persistqueryclientsave,subscribe,restore",not-transcribed,no,high,regions/R12-offline-persistence-hydration-pruning.md
S-339,IU-339,R12,Offline persistence / hydration / pruning,a23fad7b1ea767168741ed6f089c7102a0599461,a23fad7b1e,14542.328871667334,28703.654225644936,74.1,60.22,807.0,482.0,0.0,"L-092,L-090,L-089","L-092: persistqueryclientsave,subscribe,restore | L-090: persist query client | L-089: persistqucl vs provider flows",not-transcribed,no,high,regions/R12-offline-persistence-hydration-pruning.md
S-340,IU-340,R11,Websockets / suspense / enabled,752c806f657d92b9845ff9ef7771a5a459031a81,752c806f65,5766.062009134383,28723.1935966328,29.38,60.26,915.0,403.0,0.0,"L-098,L-084,L-101","L-098: enabled, what to do | L-084: suspence | L-101: serial suspence not showing nested",not-transcribed,no,high,regions/R11-websockets-suspense-enabled.md
S-341,IU-341,R12,Offline persistence / hydration / pruning,86f6c97ef9f9e9e6947d09346872c0bae0a97d60,86f6c97ef9,11887.562521446236,28725.310475644936,60.57,60.26,917.0,309.0,0.0,"L-094,L-093,L-097",L-094: hydrate/dehydrate options buster | L-093: SHOULD I USE RESUMEPAUSEDMUT WITH OFFLINEFIRST? | L-097: pruning,not-transcribed,no,high,regions/R12-offline-persistence-hydration-pruning.md
S-342,IU-342,R12,Offline persistence / hydration / pruning,2256dc1fa326c613d18d137e3074edc0d7d95f27,2256dc1fa3,13211.951071250924,28962.42122139282,67.32,60.76,896.0,351.0,0.0,"L-094,L-092,L-093","L-094: hydrate/dehydrate options buster | L-092: persistqueryclientsave,subscribe,restore | L-093: SHOULD I USE RESUMEPAUSEDMUT WITH OFFLINEFIRST?",not-transcribed,no,high,regions/R12-offline-persistence-hydration-pruning.md
S-343,IU-343,R12,Offline persistence / hydration / pruning,1bd326b2cab84f4a4fdc1ed52b3e248ec20d4449,1bd326b2ca,10596.435604841385,29011.95948129643,53.99,60.87,818.0,397.0,0.0,"L-097,L-096,L-094",L-097: pruning | L-096: meta for dehydraton filtering to avoid overpopulaton of the store + acessing metha in queryfn | L-094: hydrate/dehydrate options buster,not-transcribed,no,high,regions/R12-offline-persistence-hydration-pruning.md
S-344,IU-344,R12,Offline persistence / hydration / pruning,d3a05c5900d3d6b8eb8b6a1f49b097c58703903d,d3a05c5900,11881.729162681588,29061.977116880287,60.54,60.97,982.0,389.0,0.0,"L-094,L-097,L-093",L-094: hydrate/dehydrate options buster | L-097: pruning | L-093: SHOULD I USE RESUMEPAUSEDMUT WITH OFFLINEFIRST?,not-transcribed,no,high,regions/R12-offline-persistence-hydration-pruning.md
S-345,IU-345,R11,Websockets / suspense / enabled,180dcf4b32bc026f10202d404b9245fe81220415,180dcf4b32,5765.728617672328,29144.050739489947,29.38,61.14,729.0,327.0,0.0,"L-098,L-101,L-084","L-098: enabled, what to do | L-101: serial suspence not showing nested | L-084: suspence",not-transcribed,no,high,regions/R11-websockets-suspense-enabled.md
S-346,IU-346,R12,Offline persistence / hydration / pruning,9ebc794e08dfe6b8716c10219e0af7c3d4740a73,9ebc794e08,14532.728933799752,29190.477193174236,74.05,61.24,970.0,422.0,0.0,"L-092,L-090,L-089","L-092: persistqueryclientsave,subscribe,restore | L-090: persist query client | L-089: persistqucl vs provider flows",not-transcribed,no,high,regions/R12-offline-persistence-hydration-pruning.md
S-347,IU-347,R12,Offline persistence / hydration / pruning,90d6081ffbce9623910c40e8321055a69848ec65,90d6081ffb,13215.451315391549,29338.46891600777,67.34,61.55,857.0,445.0,0.0,"L-094,L-092,L-093","L-094: hydrate/dehydrate options buster | L-092: persistqueryclientsave,subscribe,restore | L-093: SHOULD I USE RESUMEPAUSEDMUT WITH OFFLINEFIRST?",not-transcribed,no,high,regions/R12-offline-persistence-hydration-pruning.md
S-348,IU-348,R12,Offline persistence / hydration / pruning,fadc3b95063bcfab2516bc74c3e28431f69b3198,fadc3b9506,10581.935604841385,29420.62647348393,53.92,61.72,943.0,369.0,0.0,"L-097,L-096,L-094",L-097: pruning | L-096: meta for dehydraton filtering to avoid overpopulaton of the store + acessing metha in queryfn | L-094: hydrate/dehydrate options buster,not-transcribed,no,high,regions/R12-offline-persistence-hydration-pruning.md
S-349,IU-349,R12,Offline persistence / hydration / pruning,8d02dc146245cd281a605ad52eab8d758a9fd70c,8d02dc1462,11888.39580391694,29445.31055193888,60.58,61.78,712.0,329.0,0.0,"L-097,L-094,L-093",L-097: pruning | L-094: hydrate/dehydrate options buster | L-093: SHOULD I USE RESUMEPAUSEDMUT WITH OFFLINEFIRST?,not-transcribed,no,high,regions/R12-offline-persistence-hydration-pruning.md
S-350,IU-350,R11,Websockets / suspense / enabled,c68e2a8d43dd237074d00fd4bc6b8ee49594e4c7,c68e2a8d43,5757.323797638846,29488.217435220977,29.34,61.87,822.0,332.0,0.0,"L-098,L-101,L-084","L-098: enabled, what to do | L-101: serial suspence not showing nested | L-084: suspence",not-transcribed,no,high,regions/R11-websockets-suspense-enabled.md
S-351,IU-351,R12,Offline persistence / hydration / pruning,68590cce0cbebd14df54067e55caabf6b2129421,68590cce0c,14521.89580391694,29618.477193174236,73.99,62.14,955.0,276.0,0.0,"L-092,L-090,L-089","L-092: persistqueryclientsave,subscribe,restore | L-090: persist query client | L-089: persistqucl vs provider flows",not-transcribed,no,high,regions/R12-offline-persistence-hydration-pruning.md
S-352,IU-352,R12,Offline persistence / hydration / pruning,9421dfc6507a79e4ac84cf732d249cacd139f595,9421dfc650,11861.562368858346,29781.143834409584,60.44,62.48,899.0,214.0,0.0,"L-097,L-094,L-099",L-097: pruning | L-094: hydrate/dehydrate options buster | L-099: query.state,not-transcribed,no,high,regions/R12-offline-persistence-hydration-pruning.md
S-353,IU-353,R12,Offline persistence / hydration / pruning,bfdd0bf48edc4041dabfaf97778f28ebb3046995,bfdd0bf48e,13227.951071250924,29795.42128242797,67.4,62.51,864.0,477.0,0.0,"L-094,L-097,L-092","L-094: hydrate/dehydrate options buster | L-097: pruning | L-092: persistqueryclientsave,subscribe,restore",not-transcribed,no,high,regions/R12-offline-persistence-hydration-pruning.md
S-354,IU-354,R11,Websockets / suspense / enabled,0a82c038b6d411f9143aca0a965976c0354b90d4,0a82c038b6,5761.162481909481,29832.108731607696,29.36,62.59,765.0,482.0,0.0,"L-098,L-101,L-084","L-098: enabled, what to do | L-101: serial suspence not showing nested | L-084: suspence",not-transcribed,no,high,regions/R11-websockets-suspense-enabled.md
S-355,IU-355,R12,Offline persistence / hydration / pruning,263a9816d7ec57c2e77df932143b21459a8b57c0,263a9816d7,11859.618002403267,29994.477193174236,60.43,62.93,948.0,384.0,0.0,"L-097,L-094,L-099",L-097: pruning | L-094: hydrate/dehydrate options buster | L-099: query.state,not-transcribed,no,high,regions/R12-offline-persistence-hydration-pruning.md
S-356,IU-356,R12,Offline persistence / hydration / pruning,fbc855013884b79fcc4a33634ba5c8dec7835360,fbc8550138,10494.32323786286,30036.414315280806,53.47,63.02,886.0,482.0,0.0,"L-097,L-099,L-096",L-097: pruning | L-099: query.state | L-096: meta for dehydraton filtering to avoid overpopulaton of the store + acessing metha in queryfn,not-transcribed,no,high,regions/R12-offline-persistence-hydration-pruning.md
S-357,IU-357,R12,Offline persistence / hydration / pruning,95626c5870a85028a43b0cfb4f482b91265301e3,95626c5870,13256.1178192978,30307.254778521725,67.55,63.58,941.0,200.0,0.0,"L-094,L-097,L-099",L-094: hydrate/dehydrate options buster | L-097: pruning | L-099: query.state,not-transcribed,no,high,regions/R12-offline-persistence-hydration-pruning.md
S-358,IU-358,R11,Websockets / suspense / enabled,e1ac560b26f8417fb08842d23aa1c3f900b211c6,e1ac560b26,5745.252369067417,30338.76502520424,29.27,63.65,789.0,349.0,0.0,"L-098,L-101,L-084","L-098: enabled, what to do | L-101: serial suspence not showing nested | L-084: suspence",not-transcribed,no,high,regions/R11-websockets-suspense-enabled.md
S-359,IU-359,R12,Offline persistence / hydration / pruning,56684bf11564f999d149adf587ff4b51aa4d42c4,56684bf115,11843.89580391694,30388.64391070353,60.35,63.75,881.0,459.0,0.0,"L-097,L-099,L-094",L-097: pruning | L-099: query.state | L-094: hydrate/dehydrate options buster,not-transcribed,no,high,regions/R12-offline-persistence-hydration-pruning.md
S-360,IU-360,R12,Offline persistence / hydration / pruning,7c337054a4a7eabbf5661f156ec8bccf087f4e35,7c337054a4,10461.083623680195,30528.41445769617,53.3,64.05,854.0,482.0,0.0,"L-097,L-099,L-096",L-097: pruning | L-099: query.state | L-096: meta for dehydraton filtering to avoid overpopulaton of the store + acessing metha in queryfn,not-transcribed,no,high,regions/R12-offline-persistence-hydration-pruning.md
S-361,IU-361,R12,Offline persistence / hydration / pruning,3071354b39fee7d7aa50289a1962b1c018f691d5,3071354b39,11845.857909338773,30850.320943174236,60.36,64.72,790.0,482.0,0.0,"L-099,L-097,L-094",L-099: query.state | L-097: pruning | L-094: hydrate/dehydrate options buster,not-transcribed,no,high,regions/R12-offline-persistence-hydration-pruning.md
S-362,IU-362,R12,Offline persistence / hydration / pruning,e22d38f4707497d7b0685419f4f5b09920190a51,e22d38f470,13291.532848092924,30862.664657559384,67.73,64.75,820.0,331.0,0.0,"L-099,L-097,L-094",L-099: query.state | L-097: pruning | L-094: hydrate/dehydrate options buster,not-transcribed,no,high,regions/R12-offline-persistence-hydration-pruning.md
S-363,IU-363,R11,Websockets / suspense / enabled,283c1bb2a3d7afa1c4e1e6cc860688b258752bd6,283c1bb2a3,5700.704691891078,30897.884043758924,29.05,64.82,920.0,366.0,0.0,"L-098,L-101,L-084","L-098: enabled, what to do | L-101: serial suspence not showing nested | L-084: suspence",not-transcribed,no,high,regions/R11-websockets-suspense-enabled.md
S-364,IU-364,R12,Offline persistence / hydration / pruning,bca292ecfa608479ed7ee044ef7a2823ce230a49,bca292ecfa,10432.213355492426,31018.422480428373,53.16,65.08,934.0,406.0,0.0,"L-099,L-097,L-096",L-099: query.state | L-097: pruning | L-096: meta for dehydraton filtering to avoid overpopulaton of the store + acessing metha in queryfn,not-transcribed,no,high,regions/R12-offline-persistence-hydration-pruning.md
S-365,IU-365,R12,Offline persistence / hydration / pruning,e6b95e6f80e9f8c05d82aec626d4b3e7ad6b0714,e6b95e6f80,13271.39648445656,31196.664768532395,67.62,65.45,853.0,303.0,0.0,"L-099,L-097,L-094",L-099: query.state | L-097: pruning | L-094: hydrate/dehydrate options buster,not-transcribed,no,high,regions/R12-offline-persistence-hydration-pruning.md
S-366,IU-366,R11,Websockets / suspense / enabled,c74ee8553b15998c2da0cc020da6baf0057d55fe,c74ee8553b,5713.776120462508,31273.55065229687,29.11,65.61,871.0,308.0,0.0,"L-098,L-101,L-084","L-098: enabled, what to do | L-101: serial suspence not showing nested | L-084: suspence",not-transcribed,no,high,regions/R11-websockets-suspense-enabled.md
S-367,IU-367,R12,Offline persistence / hydration / pruning,ac35ac2f4966cda433cd3ee4ea18a5fe65b1a1a5,ac35ac2f49,11804.468120712829,31403.81061636488,60.15,65.88,923.0,462.0,0.0,"L-099,L-097,L-094",L-099: query.state | L-097: pruning | L-094: hydrate/dehydrate options buster,not-transcribed,no,high,regions/R12-offline-persistence-hydration-pruning.md
S-368,IU-368,R12,Offline persistence / hydration / pruning,1ce1907fd2f0bbf27a0611a64740eea317a05fbc,1ce1907fd2,10406.602210472896,31440.68175099044,53.03,65.96,923.0,320.0,0.0,"L-099,L-097,L-096",L-099: query.state | L-097: pruning | L-096: meta for dehydraton filtering to avoid overpopulaton of the store + acessing metha in queryfn,not-transcribed,no,high,regions/R12-offline-persistence-hydration-pruning.md
S-369,IU-369,R12,Offline persistence / hydration / pruning,ea0f7aeaeab65708d1b9d778286e0d7bb6cf0ca0,ea0f7aeaea,13313.967103981891,31534.684887939355,67.84,66.16,534.0,367.0,0.0,"L-099,L-097,L-094",L-099: query.state | L-097: pruning | L-094: hydrate/dehydrate options buster,not-transcribed,no,high,regions/R12-offline-persistence-hydration-pruning.md
S-370,IU-370,R11,Websockets / suspense / enabled,d3572dccdb7b03bacfff2e910e823e8a55e879a9,d3572dccdb,5712.58117911264,31594.83897946856,29.11,66.29,909.0,482.0,0.0,"L-101,L-098,L-084","L-101: serial suspence not showing nested | L-098: enabled, what to do | L-084: suspence",not-transcribed,no,high,regions/R11-websockets-suspense-enabled.md
S-371,IU-371,R12,Offline persistence / hydration / pruning,66852e288e18ac231c376fc44bd2df2e35a57847,66852e288e,10381.491065453363,31887.459562676635,52.9,66.9,991.0,422.0,0.0,"L-099,L-097,L-096",L-099: query.state | L-097: pruning | L-096: meta for dehydraton filtering to avoid overpopulaton of the store + acessing metha in queryfn,not-transcribed,no,high,regions/R12-offline-persistence-hydration-pruning.md
S-372,IU-372,R12,Offline persistence / hydration / pruning,9593d49fdad4c5236633c221f0383aa5fb969b41,9593d49fda,11758.559029803737,31889.098458161745,59.91,66.9,913.0,369.0,0.0,"L-099,L-097,L-094",L-099: query.state | L-097: pruning | L-094: hydrate/dehydrate options buster,not-transcribed,no,high,regions/R12-offline-persistence-hydration-pruning.md
S-373,IU-373,R11,Websockets / suspense / enabled,7f5fd03cdae1f3aee571d569359aadc79cc0e17f,7f5fd03cda,5724.196885203952,32090.23331017447,29.17,67.32,912.0,322.0,0.0,"L-101,L-098,L-084","L-101: serial suspence not showing nested | L-098: enabled, what to do | L-084: suspence",not-transcribed,no,high,regions/R11-websockets-suspense-enabled.md
S-374,IU-374,UNASSIGNED,Unassigned / outside current Stage 1 regions,5cdaec07b59a055905bf821117648b3b7865b541,5cdaec07b5,10377.880022159092,32319.62612761804,52.88,67.81,976.0,451.0,0.0,"L-074,L-065",L-074: OFFLINE FIRST CAN TRY TO GET DATA UNTIL IT NEED RETRIES RETRIES WILL BE QUEUED CAN TRY TO GET DATA FROM CACHE | L-065: REMOVEQUERIES RESETQUERIES,not-transcribed,no,medium,
S-375,IU-375,R11,Websockets / suspense / enabled,a5b18d2c3bb275066bb1a14e3c6ee5f0a70eaa18,a5b18d2c3b,5717.458848094577,32437.44759588876,29.13,68.05,735.0,359.0,0.0,"L-101,L-098,L-084","L-101: serial suspence not showing nested | L-098: enabled, what to do | L-084: suspence",not-transcribed,no,high,regions/R11-websockets-suspense-enabled.md
S-376,IU-376,R13,Cancellation / request cancellation / error handling,2e53933f4dabba1b436e8e032dfbacbfb8b986cb,2e53933f4d,7224.842547027215,33102.811302679664,36.81,69.45,785.0,467.0,0.0,"L-100,L-102,L-104",L-100: cancelling queries | L-102: Request cancellation | L-104: or better excplicitly cancel queries when you need cancellation on some aciton,not-transcribed,no,high,regions/R13-cancellation-request-cancellation-error-handling.md
S-377,IU-377,UNASSIGNED,Unassigned / outside current Stage 1 regions,5f7ffd16a18668fad3915462b16acb3d2bffd4ce,5f7ffd16a1,5771.971193327719,33208.17237093061,29.41,69.67,618.0,631.0,0.0,"L-074,L-065",L-074: OFFLINE FIRST CAN TRY TO GET DATA UNTIL IT NEED RETRIES RETRIES WILL BE QUEUED CAN TRY TO GET DATA FROM CACHE | L-065: REMOVEQUERIES RESETQUERIES,not-transcribed,no,medium,
S-378,IU-378,R13,Cancellation / request cancellation / error handling,ff1f13ba3a256d5cef189ddb08aaec213308c614,ff1f13ba3a,7232.418306906186,33552.134789061725,36.85,70.39,668.0,482.0,0.0,"L-100,L-102,L-104",L-100: cancelling queries | L-102: Request cancellation | L-104: or better excplicitly cancel queries when you need cancellation on some aciton,not-transcribed,no,high,regions/R13-cancellation-request-cancellation-error-handling.md
S-379,IU-379,R13,Cancellation / request cancellation / error handling,3183b42852b4d93389693f6b069cde3e98476ec3,3183b42852,9648.744498468111,33744.99787378419,49.16,70.8,831.0,482.0,0.0,"L-104,L-102,L-105",L-104: or better excplicitly cancel queries when you need cancellation on some aciton | L-102: Request cancellation | L-105: Error handling error boundary,not-transcribed,no,high,regions/R13-cancellation-request-cancellation-error-handling.md
S-380,IU-380,UNASSIGNED,Unassigned / outside current Stage 1 regions,11664458c2f84f65a023b5552d5081bd00074094,11664458c2,5745.323617439816,33847.28098735081,29.27,71.01,598.0,446.0,0.0,"L-074,L-065",L-074: OFFLINE FIRST CAN TRY TO GET DATA UNTIL IT NEED RETRIES RETRIES WILL BE QUEUED CAN TRY TO GET DATA FROM CACHE | L-065: REMOVEQUERIES RESETQUERIES,not-transcribed,no,medium,
S-381,IU-381,R13,Cancellation / request cancellation / error handling,a0ea9f6a342980180c14bc7c40d17e4e615216f4,a0ea9f6a34,7209.055242265054,34050.71067605206,36.73,71.44,674.0,482.0,0.0,"L-100,L-105,L-104",L-100: cancelling queries | L-105: Error handling error boundary | L-104: or better excplicitly cancel queries when you need cancellation on some aciton,not-transcribed,no,high,regions/R13-cancellation-request-cancellation-error-handling.md
S-382,IU-382,UNASSIGNED,Unassigned / outside current Stage 1 regions,9b1e04f8ba43db74facaa8776eaff119dc353d9b,9b1e04f8ba,5743.037903154102,34307.35237232571,29.26,71.98,534.0,463.0,0.0,"L-074,L-065",L-074: OFFLINE FIRST CAN TRY TO GET DATA UNTIL IT NEED RETRIES RETRIES WILL BE QUEUED CAN TRY TO GET DATA FROM CACHE | L-065: REMOVEQUERIES RESETQUERIES,not-transcribed,no,medium,
S-383,IU-383,R13,Cancellation / request cancellation / error handling,a0ea9f6a342980180c14bc7c40d17e4e615216f4,a0ea9f6a34,9762.832801923632,34455.33441767705,49.75,72.29,674.0,482.0,0.0,"L-104,L-105,L-106",L-104: or better excplicitly cancel queries when you need cancellation on some aciton | L-105: Error handling error boundary | L-106: throw on error,not-transcribed,no,high,regions/R13-cancellation-request-cancellation-error-handling.md
S-384,IU-384,R13,Cancellation / request cancellation / error handling,bbfaf9d5029d250e84ae00cadd63a016737a8042,bbfaf9d502,7206.014871406936,34544.0440093854,36.72,72.47,640.0,482.0,0.0,"L-105,L-111,L-100",L-105: Error handling error boundary | L-111: will it retry with throwonerror? | L-100: cancelling queries,not-transcribed,no,high,regions/R13-cancellation-request-cancellation-error-handling.md
S-385,IU-385,R15,Testing / MSW / global config / key factories,5fc37cd9db10d58516c37ca558f66b91498b8ffe,5fc37cd9db,12043.273272488885,34751.1869032487,61.37,72.91,329.0,76.0,0.0,"L-103,L-107,L-115",L-103: global/default config | L-107: Query key factories | L-115: performance structural sharing observers SELECT,not-transcribed,no,high,regions/R15-testing-msw-global-config-key-factories.md
S-386,IU-386,UNASSIGNED,Unassigned / outside current Stage 1 regions,6ff5da2ed3645528f93de539fd6fb6b818d43d1b,6ff5da2ed3,5755.55241508535,34787.21996091388,29.33,72.98,715.0,482.0,0.0,"L-074,L-065",L-074: OFFLINE FIRST CAN TRY TO GET DATA UNTIL IT NEED RETRIES RETRIES WILL BE QUEUED CAN TRY TO GET DATA FROM CACHE | L-065: REMOVEQUERIES RESETQUERIES,not-transcribed,no,medium,
S-387,IU-387,R15,Testing / MSW / global config / key factories,d8786219223db0481f090e8e790023613565a4f0,d878621922,11954.791103008374,34888.0306532487,60.91,73.19,790.0,482.0,0.0,"L-107,L-103,L-115",L-107: Query key factories | L-103: global/default config | L-115: performance structural sharing observers SELECT,not-transcribed,no,high,regions/R15-testing-msw-global-config-key-factories.md
S-388,IU-388,R13,Cancellation / request cancellation / error handling,26a09fc19d1e00a89fa3686a80f85da1325f7366,26a09fc19d,7205.87674025382,35041.82182107159,36.72,73.52,712.0,482.0,0.0,"L-111,L-112,L-105",L-111: will it retry with throwonerror? | L-112: flow with catching error in booundary and trying rerender with refetching the query instead of rerendering with error... | L-105: Error handling error boundary,not-transcribed,no,high,regions/R13-cancellation-request-cancellation-error-handling.md
S-389,IU-389,UNASSIGNED,Unassigned / outside current Stage 1 regions,b6379df3171a8419c664708a744fb2328883f4e3,b6379df317,5748.895046011244,35275.85232872916,29.29,74.01,888.0,286.0,0.0,"L-074,L-065",L-074: OFFLINE FIRST CAN TRY TO GET DATA UNTIL IT NEED RETRIES RETRIES WILL BE QUEUED CAN TRY TO GET DATA FROM CACHE | L-065: REMOVEQUERIES RESETQUERIES,not-transcribed,no,medium,
S-390,IU-390,R13,Cancellation / request cancellation / error handling,47947570b603fd3d2c098a5840202c3361585f09,47947570b6,9750.804968626811,35348.99629045575,49.68,74.16,844.0,386.0,0.0,"L-106,L-105,L-104",L-106: throw on error | L-105: Error handling error boundary | L-104: or better excplicitly cancel queries when you need cancellation on some aciton,not-transcribed,no,high,regions/R13-cancellation-request-cancellation-error-handling.md
S-391,IU-391,R15,Testing / MSW / global config / key factories,8c70db856679858e8c4724db8a11f8103b660042,8c70db8566,11932.662229194611,35385.63127987631,60.8,74.24,928.0,296.0,0.0,"L-107,L-103,L-115",L-107: Query key factories | L-103: global/default config | L-115: performance structural sharing observers SELECT,not-transcribed,no,high,regions/R15-testing-msw-global-config-key-factories.md
S-392,IU-392,R13,Cancellation / request cancellation / error handling,bd24fb8749137a387eac52801d7e3f0a0378aef4,bd24fb8749,7127.509213693882,35547.14473773826,36.32,74.58,913.0,325.0,0.0,"L-111,L-112,L-105",L-111: will it retry with throwonerror? | L-112: flow with catching error in booundary and trying rerender with refetching the query instead of rerendering with error... | L-105: Error handling error boundary,not-transcribed,no,high,regions/R13-cancellation-request-cancellation-error-handling.md
S-393,IU-393,UNASSIGNED,Unassigned / outside current Stage 1 regions,e91d3c5a4656c8cbb0ed4c74b701e0fd63a94b11,e91d3c5a46,5749.343356273189,35600.55330877939,29.3,74.69,788.0,482.0,0.0,"L-074,L-065",L-074: OFFLINE FIRST CAN TRY TO GET DATA UNTIL IT NEED RETRIES RETRIES WILL BE QUEUED CAN TRY TO GET DATA FROM CACHE | L-065: REMOVEQUERIES RESETQUERIES,not-transcribed,no,medium,
S-394,IU-394,R13,Cancellation / request cancellation / error handling,b3351d14fda5de171acc79c43cf2008b0b970825,b3351d14fd,9730.90014859333,35923.067664531496,49.58,75.37,920.0,425.0,0.0,"L-106,L-113,L-105",L-106: throw on error | L-113: queryerrorresetboundary | L-105: Error handling error boundary,not-transcribed,no,high,regions/R13-cancellation-request-cancellation-error-handling.md
S-395,IU-395,R13,Cancellation / request cancellation / error handling,79093152e5e743d8eb8cd385255cf9532bae2bc3,79093152e5,7156.453793772007,35934.47807107159,36.46,75.39,784.0,417.0,0.0,"L-111,L-112,L-105",L-111: will it retry with throwonerror? | L-112: flow with catching error in booundary and trying rerender with refetching the query instead of rerendering with error... | L-105: Error handling error boundary,not-transcribed,no,high,regions/R13-cancellation-request-cancellation-error-handling.md
S-396,IU-396,UNASSIGNED,Unassigned / outside current Stage 1 regions,ab518b8fb798903a572bfa1c773e018070bed2f2,ab518b8fb7,5751.252188868387,36103.32857733408,29.3,75.74,689.0,452.0,0.0,"L-074,L-065",L-074: OFFLINE FIRST CAN TRY TO GET DATA UNTIL IT NEED RETRIES RETRIES WILL BE QUEUED CAN TRY TO GET DATA FROM CACHE | L-065: REMOVEQUERIES RESETQUERIES,not-transcribed,no,medium,
S-397,IU-397,R15,Testing / MSW / global config / key factories,155177db8bd58f59ebdd07f54df80355258dd36c,155177db8b,11932.217649116488,36147.631381601575,60.8,75.84,880.0,332.0,0.0,"L-107,L-115,L-103",L-107: Query key factories | L-115: performance structural sharing observers SELECT | L-103: global/default config,not-transcribed,no,high,regions/R15-testing-msw-global-config-key-factories.md
S-398,IU-398,R13,Cancellation / request cancellation / error handling,bfb1da800787c5f37d36e42bac6ac845d8c5e892,bfb1da8007,9694.40014859333,36379.067664531496,49.4,76.32,963.0,443.0,0.0,"L-113,L-114,L-106",L-113: queryerrorresetboundary | L-114: need retryonmount  true (default) | L-106: throw on error,not-transcribed,no,high,regions/R13-cancellation-request-cancellation-error-handling.md
S-399,IU-399,R14,Transitions / urgent vs non-urgent renders,77f3392f8595f818c17755a4d320d69a1c222431,77f3392f85,4281.692512518073,36451.67316326513,21.82,76.47,550.0,482.0,0.0,"L-109,L-110,L-108",L-109: usetransition | L-110: react marksstate updates and rerenders that they cause as urgent and non urgent so we can have urgent updates while w... | L-108: urgent/non urgent updates/rerenders,not-transcribed,no,high,regions/R14-transitions-urgent-vs-non-urgent-renders.md
S-400,IU-400,R15,Testing / MSW / global config / key factories,78143a8e93c50ed772fb026dcfe35fb92043b898,78143a8e93,11913.15885207585,36488.03065324871,60.7,76.55,558.0,482.0,0.0,"L-107,L-115,L-103",L-107: Query key factories | L-115: performance structural sharing observers SELECT | L-103: global/default config,not-transcribed,no,high,regions/R15-testing-msw-global-config-key-factories.md
S-401,IU-401,UNASSIGNED,Unassigned / outside current Stage 1 regions,ed1ff3c24e62a6ef547afe46729468a3c6179108,ed1ff3c24e,5759.514151759012,36545.51906805673,29.35,76.67,882.0,360.0,0.0,"L-074,L-065",L-074: OFFLINE FIRST CAN TRY TO GET DATA UNTIL IT NEED RETRIES RETRIES WILL BE QUEUED CAN TRY TO GET DATA FROM CACHE | L-065: REMOVEQUERIES RESETQUERIES,not-transcribed,no,medium,
S-402,IU-402,R14,Transitions / urgent vs non-urgent renders,ae1e6f231c4aefee45c95ddb48fc54903ae8a7e6,ae1e6f231c,2869.7560603445545,36589.48919488763,14.62,76.76,842.0,482.0,0.0,"L-110,L-109,L-108",L-110: react marksstate updates and rerenders that they cause as urgent and non urgent so we can have urgent updates while w... | L-109: usetransition | L-108: urgent/non urgent updates/rerenders,not-transcribed,no,high,regions/R14-transitions-urgent-vs-non-urgent-renders.md
S-403,IU-403,UNASSIGNED,Unassigned / outside current Stage 1 regions,4d034f9fe0fb48c7828474978a938b6febb3e149,4d034f9fe0,5735.990400363921,36908.376167317336,29.23,77.43,750.0,480.0,0.0,"L-074,L-065",L-074: OFFLINE FIRST CAN TRY TO GET DATA UNTIL IT NEED RETRIES RETRIES WILL BE QUEUED CAN TRY TO GET DATA FROM CACHE | L-065: REMOVEQUERIES RESETQUERIES,not-transcribed,no,medium,
S-404,IU-404,R14,Transitions / urgent vs non-urgent renders,8e0c01179387c26ca79c81a15b55058bffc4478b,8e0c011793,4273.74872714491,36954.99609264745,21.78,77.53,543.0,389.0,0.0,"L-109,L-110,L-116",L-109: usetransition | L-110: react marksstate updates and rerenders that they cause as urgent and non urgent so we can have urgent updates while w... | L-116: use to show that new page is loading while the old page is still on the screen,not-transcribed,no,high,regions/R14-transitions-urgent-vs-non-urgent-renders.md
S-405,IU-405,R13,Cancellation / request cancellation / error handling,913168d66eec99aba9c2345b0cc119b5a67c140a,913168d66e,9689.566896640205,36980.56771030786,49.37,77.58,768.0,272.0,0.0,"L-113,L-114,L-106",L-113: queryerrorresetboundary | L-114: need retryonmount  true (default) | L-106: throw on error,not-transcribed,no,high,regions/R13-cancellation-request-cancellation-error-handling.md
S-406,IU-406,R15,Testing / MSW / global config / key factories,246e85f82cd5f0badf57f9adf15e2628fd9cc659,246e85f82c,11893.4128943757,36985.808363209646,60.6,77.6,869.0,482.0,0.0,"L-115,L-107,L-121",L-115: performance structural sharing observers SELECT | L-107: Query key factories | L-121: msw,not-transcribed,no,high,regions/R15-testing-msw-global-config-key-factories.md
S-407,IU-407,R13,Cancellation / request cancellation / error handling,750efbd479e99dd7fcfb4f459089e023419a3b95,750efbd479,7349.117120499786,36985.97842259308,37.45,77.6,903.0,180.0,0.0,"L-111,L-112,L-114",L-111: will it retry with throwonerror? | L-112: flow with catching error in booundary and trying rerender with refetching the query instead of rerendering with error... | L-114: need retryonmount  true (default),not-transcribed,no,high,regions/R13-cancellation-request-cancellation-error-handling.md
S-408,IU-408,R13,Cancellation / request cancellation / error handling,b3e6794ae95385388c3c4013eb46b9300006d8e1,b3e6794ae9,8541.94396340921,36993.18752522919,43.52,77.61,537.0,98.0,0.0,"L-112,L-114,L-113",L-112: flow with catching error in booundary and trying rerender with refetching the query instead of rerendering with error... | L-114: need retryonmount  true (default) | L-113: queryerrorresetboundary,not-transcribed,no,high,regions/R13-cancellation-request-cancellation-error-handling.md
S-409,IU-409,R13,Cancellation / request cancellation / error handling,80a0e0aac14586449c2f4068248a44f31f178c79,80a0e0aac1,8535.933045823267,37100.42519612762,43.49,77.84,692.0,482.0,0.0,"L-114,L-112,L-113",L-114: need retryonmount  true (default) | L-112: flow with catching error in booundary and trying rerender with refetching the query instead of rerendering with error... | L-113: queryerrorresetboundary,not-transcribed,no,high,regions/R13-cancellation-request-cancellation-error-handling.md
S-410,IU-410,R14,Transitions / urgent vs non-urgent renders,c8f2acd49756cad6ed1a608dc99b19bf44784196,c8f2acd497,2869.5811407308047,37109.42330743647,14.62,77.85,887.0,478.0,0.0,"L-110,L-116,L-109",L-110: react marksstate updates and rerenders that they cause as urgent and non urgent so we can have urgent updates while w... | L-116: use to show that new page is loading while the old page is still on the screen | L-109: usetransition,not-transcribed,no,high,regions/R14-transitions-urgent-vs-non-urgent-renders.md
S-411,IU-411,R13,Cancellation / request cancellation / error handling,e55cc5a5e648d2a24a1b5222afec6d5737fb5102,e55cc5a5e6,7358.617256133466,37173.8302292337,37.5,77.99,884.0,308.0,0.0,"L-111,L-112,L-114",L-111: will it retry with throwonerror? | L-112: flow with catching error in booundary and trying rerender with refetching the query instead of rerendering with error... | L-114: need retryonmount  true (default),not-transcribed,no,high,regions/R13-cancellation-request-cancellation-error-handling.md
S-412,IU-412,R13,Cancellation / request cancellation / error handling,c1bdab56fbf114e0db90b9da8e739a32402be74a,c1bdab56fb,9702.471698715526,37272.07817783716,49.44,78.2,797.0,482.0,0.0,"L-114,L-113,L-112",L-114: need retryonmount  true (default) | L-113: queryerrorresetboundary | L-112: flow with catching error in booundary and trying rerender with refetching the query instead of rerendering with error...,not-transcribed,no,high,regions/R13-cancellation-request-cancellation-error-handling.md
S-413,IU-413,R14,Transitions / urgent vs non-urgent renders,5e8f804ee442161aab2412c69b89706035e0cfcd,5e8f804ee4,4282.582009615613,37339.1627338828,21.82,78.34,532.0,374.0,0.0,"L-109,L-110,L-116",L-109: usetransition | L-110: react marksstate updates and rerenders that they cause as urgent and non urgent so we can have urgent updates while w... | L-116: use to show that new page is loading while the old page is still on the screen,not-transcribed,no,high,regions/R14-transitions-urgent-vs-non-urgent-renders.md
S-414,IU-414,UNASSIGNED,Unassigned / outside current Stage 1 regions,86c00bd7de71587b4ede21658567949d95473cc1,86c00bd7de,5696.942723187583,37393.80473874591,29.03,78.45,950.0,412.0,0.0,"L-074,L-065",L-074: OFFLINE FIRST CAN TRY TO GET DATA UNTIL IT NEED RETRIES RETRIES WILL BE QUEUED CAN TRY TO GET DATA FROM CACHE | L-065: REMOVEQUERIES RESETQUERIES,not-transcribed,no,medium,
S-415,IU-415,R15,Testing / MSW / global config / key factories,7f54e43053e31378756d2a045ed9d006fe851887,7f54e43053,11901.93993915555,37453.96471493491,60.65,78.58,905.0,426.0,0.0,"L-115,L-107,L-121",L-115: performance structural sharing observers SELECT | L-107: Query key factories | L-121: msw,not-transcribed,no,high,regions/R15-testing-msw-global-config-key-factories.md
S-416,IU-416,UNASSIGNED,Unassigned / outside current Stage 1 regions,3a4b17c0bde0b5208598fb5785d7bc5d93a81954,3a4b17c0bd,8521.459188906369,37590.217809763984,43.42,78.86,721.0,470.0,0.0,"L-074,L-065",L-074: OFFLINE FIRST CAN TRY TO GET DATA UNTIL IT NEED RETRIES RETRIES WILL BE QUEUED CAN TRY TO GET DATA FROM CACHE | L-065: REMOVEQUERIES RESETQUERIES,not-transcribed,no,medium,
S-417,IU-417,R14,Transitions / urgent vs non-urgent renders,0aad523474b0ccc3eae0ee7a0ab8e71feb0762b6,0aad523474,2991.5257208089297,37615.534401593366,15.24,78.92,732.0,208.0,0.0,"L-116,L-110,L-109",L-116: use to show that new page is loading while the old page is still on the screen | L-110: react marksstate updates and rerenders that they cause as urgent and non urgent so we can have urgent updates while w... | L-109: usetransition,not-transcribed,no,high,regions/R14-transitions-urgent-vs-non-urgent-renders.md
S-418,IU-418,R14,Transitions / urgent vs non-urgent renders,3bdb1b257ac1f8c5dd5b6065fc50581a3c34ee89,3bdb1b257a,4208.821937985578,37728.664052980894,21.45,79.15,912.0,479.0,0.0,"L-109,L-110,L-116",L-109: usetransition | L-110: react marksstate updates and rerenders that they cause as urgent and non urgent so we can have urgent updates while w... | L-116: use to show that new page is loading while the old page is still on the screen,not-transcribed,no,high,regions/R14-transitions-urgent-vs-non-urgent-renders.md
S-419,IU-419,R15,Testing / MSW / global config / key factories,2736adf8b045b426ab28082e15c6acdee922cd65,2736adf8b0,9687.699993088923,37775.41153660181,49.36,79.25,832.0,482.0,0.0,"L-118,L-121,L-115",L-118: Testing | L-121: msw | L-115: performance structural sharing observers SELECT,not-transcribed,no,high,regions/R15-testing-msw-global-config-key-factories.md
S-420,IU-420,UNASSIGNED,Unassigned / outside current Stage 1 regions,95c0e9bb43ee2b8ea457e93f53c155cf8506143b,95c0e9bb43,5710.829022561614,37813.886613048366,29.1,79.33,652.0,482.0,0.0,"L-074,L-065",L-074: OFFLINE FIRST CAN TRY TO GET DATA UNTIL IT NEED RETRIES RETRIES WILL BE QUEUED CAN TRY TO GET DATA FROM CACHE | L-065: REMOVEQUERIES RESETQUERIES,not-transcribed,no,medium,
S-421,IU-421,R14,Transitions / urgent vs non-urgent renders,84844e7d4bfd13591c2cb198c46f85224a9175d3,84844e7d4b,2993.58288938803,37864.42325148757,15.25,79.44,705.0,323.0,0.0,"L-116,L-110,L-109",L-116: use to show that new page is loading while the old page is still on the screen | L-110: react marksstate updates and rerenders that they cause as urgent and non urgent so we can have urgent updates while w... | L-109: usetransition,not-transcribed,no,high,regions/R14-transitions-urgent-vs-non-urgent-renders.md
S-422,IU-422,UNASSIGNED,Unassigned / outside current Stage 1 regions,551b3e703915489868a24fe5eda8678133ba555c,551b3e7039,8496.337939794155,38071.39962794581,43.29,79.87,827.0,424.0,0.0,"L-074,L-065",L-074: OFFLINE FIRST CAN TRY TO GET DATA UNTIL IT NEED RETRIES RETRIES WILL BE QUEUED CAN TRY TO GET DATA FROM CACHE | L-065: REMOVEQUERIES RESETQUERIES,not-transcribed,no,medium,
S-423,IU-423,UNASSIGNED,Unassigned / outside current Stage 1 regions,5d5a0ccf6e360c9c05c441bfe0e72fc5e36ba8f7,5d5a0ccf6e,4195.171141525574,38167.00784112787,21.38,80.07,769.0,482.0,0.0,"L-074,L-065",L-074: OFFLINE FIRST CAN TRY TO GET DATA UNTIL IT NEED RETRIES RETRIES WILL BE QUEUED CAN TRY TO GET DATA FROM CACHE | L-065: REMOVEQUERIES RESETQUERIES,not-transcribed,no,medium,
S-424,IU-424,UNASSIGNED,Unassigned / outside current Stage 1 regions,3be0fe39970d650266ad1843641ce981af4fdfa1,3be0fe3997,2975.582736800139,38190.08996901687,15.16,80.12,911.0,365.0,0.0,"L-074,L-065",L-074: OFFLINE FIRST CAN TRY TO GET DATA UNTIL IT NEED RETRIES RETRIES WILL BE QUEUED CAN TRY TO GET DATA FROM CACHE | L-065: REMOVEQUERIES RESETQUERIES,not-transcribed,no,medium,
S-425,IU-425,UNASSIGNED,Unassigned / outside current Stage 1 regions,04afe6e8fc9ba86c57c00e47a10071a98f4df4ae,04afe6e8fc,5681.490440843922,38301.50563160305,28.95,80.36,627.0,482.0,0.0,"L-074,L-065",L-074: OFFLINE FIRST CAN TRY TO GET DATA UNTIL IT NEED RETRIES RETRIES WILL BE QUEUED CAN TRY TO GET DATA FROM CACHE | L-065: REMOVEQUERIES RESETQUERIES,not-transcribed,no,medium,
S-426,IU-426,R15,Testing / MSW / global config / key factories,0798cdbadb39a978acff77fd1c170d8c35675419,0798cdbadb,11941.32889586128,38324.40909156251,60.85,80.4,844.0,374.0,0.0,"L-115,L-121,L-118",L-115: performance structural sharing observers SELECT | L-121: msw | L-118: Testing,not-transcribed,no,high,regions/R15-testing-msw-global-config-key-factories.md
S-427,IU-427,R16,Performance / select / structural sharing,f300d1e3f87dc2b2d5f63497b80cedd9088ac61e,f300d1e3f8,13453.746902044331,38496.80491044135,68.55,80.77,501.0,272.0,0.0,"L-117,L-119,L-120",L-117: select | L-119: rerendering with/without select | L-120: select usage examples,not-transcribed,no,high,regions/R16-performance-select-structural-sharing.md
S-428,IU-428,UNASSIGNED,Unassigned / outside current Stage 1 regions,57b6c5e673eb79451a19c894bbe0f33e9b2d46a8,57b6c5e673,8478.035525165249,38509.94904264244,43.2,80.79,718.0,482.0,0.0,"L-074,L-065",L-074: OFFLINE FIRST CAN TRY TO GET DATA UNTIL IT NEED RETRIES RETRIES WILL BE QUEUED CAN TRY TO GET DATA FROM CACHE | L-065: REMOVEQUERIES RESETQUERIES,not-transcribed,no,medium,
S-429,IU-429,UNASSIGNED,Unassigned / outside current Stage 1 regions,64ae29536de7a10006ac9cbb2943081c50efeb0c,64ae29536d,4199.988655514875,38668.83073236322,21.4,81.13,373.0,322.0,0.0,"L-074,L-065",L-074: OFFLINE FIRST CAN TRY TO GET DATA UNTIL IT NEED RETRIES RETRIES WILL BE QUEUED CAN TRY TO GET DATA FROM CACHE | L-065: REMOVEQUERIES RESETQUERIES,not-transcribed,no,medium,
S-430,IU-430,R15,Testing / MSW / global config / key factories,05b749830972c61d5e3f8ed10079493f92aa602f,05b7498309,9654.395173977437,38688.74481907251,49.19,81.17,925.0,482.0,0.0,"L-118,L-121,L-115",L-118: Testing | L-121: msw | L-115: performance structural sharing observers SELECT,not-transcribed,no,high,regions/R15-testing-msw-global-config-key-factories.md
S-431,IU-431,R15,Testing / MSW / global config / key factories,c327c603e858f3eea25a60e2ff86d5cd0872762c,c327c603e8,11947.833720721208,38716.91960995444,60.88,81.23,733.0,482.0,0.0,"L-115,L-121,L-118",L-115: performance structural sharing observers SELECT | L-121: msw | L-118: Testing,not-transcribed,no,high,regions/R15-testing-msw-global-config-key-factories.md
S-432,IU-432,R16,Performance / select / structural sharing,f9d115e85c4eb936f8abd37f086adef7b1d2878a,f9d115e85c,13442.501892794684,38796.74061497864,68.49,81.39,613.0,360.0,0.0,"L-119,L-117,L-120",L-119: rerendering with/without select | L-117: select | L-120: select usage examples,not-transcribed,no,high,regions/R16-performance-select-structural-sharing.md
S-433,IU-433,UNASSIGNED,Unassigned / outside current Stage 1 regions,0ff4794c70b64a628a816540f897dbbbdb2b3f8b,0ff4794c70,5692.847543221066,38806.13813020797,29.01,81.41,562.0,254.0,0.0,"L-074,L-065",L-074: OFFLINE FIRST CAN TRY TO GET DATA UNTIL IT NEED RETRIES RETRIES WILL BE QUEUED CAN TRY TO GET DATA FROM CACHE | L-065: REMOVEQUERIES RESETQUERIES,not-transcribed,no,medium,
S-434,IU-434,R16,Performance / select / structural sharing,7af8af0e27145c7af17c2226660babc9c5d8686e,7af8af0e27,14519.702507528258,38808.02254888539,73.98,81.42,408.0,360.0,0.0,"L-119,L-120,L-117",L-119: rerendering with/without select | L-120: select usage examples | L-117: select,not-transcribed,no,high,regions/R16-performance-select-structural-sharing.md
S-435,IU-435,R16,Performance / select / structural sharing,2ff8c1ed2c016c993aad3331e606ad8c6067b710,2ff8c1ed2c,15834.03311469236,38820.72583458963,80.68,81.44,931.0,325.0,0.0,"L-120,L-123,L-119",L-120: select usage examples | L-123: !!! | L-119: rerendering with/without select,not-transcribed,no,high,regions/R16-performance-select-structural-sharing.md
S-436,IU-436,UNASSIGNED,Unassigned / outside current Stage 1 regions,5b31422c3668f292715c3c8257c9150efd0d0153,5b31422c36,4181.655220456281,38990.33073236322,21.31,81.8,523.0,469.0,0.0,"L-074,L-065",L-074: OFFLINE FIRST CAN TRY TO GET DATA UNTIL IT NEED RETRIES RETRIES WILL BE QUEUED CAN TRY TO GET DATA FROM CACHE | L-065: REMOVEQUERIES RESETQUERIES,not-transcribed,no,medium,
S-437,IU-437,UNASSIGNED,Unassigned / outside current Stage 1 regions,05397c5c1b4316825edafe04f61187d87a624b3b,05397c5c1b,8457.879107610712,38995.20055980203,43.1,81.81,675.0,388.0,0.0,"L-074,L-065",L-074: OFFLINE FIRST CAN TRY TO GET DATA UNTIL IT NEED RETRIES RETRIES WILL BE QUEUED CAN TRY TO GET DATA FROM CACHE | L-065: REMOVEQUERIES RESETQUERIES,not-transcribed,no,medium,
S-438,IU-438,UNASSIGNED,Unassigned / outside current Stage 1 regions,8298e740e1a91b544082fa4499b679ef799faed3,8298e740e1,5663.657008901869,39105.78098735082,28.86,82.04,868.0,409.0,0.0,"L-074,L-065",L-074: OFFLINE FIRST CAN TRY TO GET DATA UNTIL IT NEED RETRIES RETRIES WILL BE QUEUED CAN TRY TO GET DATA FROM CACHE | L-065: REMOVEQUERIES RESETQUERIES,not-transcribed,no,medium,
S-439,IU-439,R16,Performance / select / structural sharing,f85216609d06e21ee683ab344bac156e18135354,f85216609d,15835.199858863987,39155.36620091683,80.69,82.15,902.0,471.0,0.0,"L-120,L-123,L-119",L-120: select usage examples | L-123: !!! | L-119: rerendering with/without select,not-transcribed,no,high,regions/R16-performance-select-structural-sharing.md
S-440,IU-440,R16,Performance / select / structural sharing,f45203256b39574a40c1e940415025b65688be4e,f45203256b,13447.424172183744,39162.638019576,68.52,82.16,901.0,463.0,0.0,"L-119,L-117,L-124",L-119: rerendering with/without select | L-117: select | L-124: memoizing selectors to avoid recomputation of select on every rerender,not-transcribed,no,high,regions/R16-performance-select-structural-sharing.md
S-441,IU-441,R15,Testing / MSW / global config / key factories,d086ba0a5e848fac015887d2583cbd651f03677a,d086ba0a5e,9662.066744052314,39176.56771030786,49.23,82.19,743.0,240.0,0.0,"L-121,L-118,L-115",L-121: msw | L-118: Testing | L-115: performance structural sharing observers SELECT,not-transcribed,no,high,regions/R15-testing-msw-global-config-key-factories.md
S-442,IU-442,R16,Performance / select / structural sharing,9d94722eb463f47a7feba807b5fac07334402924,9d94722eb4,14521.561574269892,39184.48855982012,73.99,82.21,600.0,364.0,0.0,"L-119,L-120,L-117",L-119: rerendering with/without select | L-120: select usage examples | L-117: select,not-transcribed,no,high,regions/R16-performance-select-structural-sharing.md
S-443,IU-443,R15,Testing / MSW / global config / key factories,0e6acb8429c40f5702832aaf828539dea378ce5e,0e6acb8429,11952.16984998969,39225.80836320965,60.9,82.29,880.0,482.0,0.0,"L-121,L-115,L-118",L-121: msw | L-115: performance structural sharing observers SELECT | L-118: Testing,not-transcribed,no,high,regions/R15-testing-msw-global-config-key-factories.md
S-444,IU-444,UNASSIGNED,Unassigned / outside current Stage 1 regions,183e59182f0e2ffda1ff08822f8fc22c83fdbba7,183e59182f,8442.551153617764,39405.187166944896,43.02,82.67,668.0,482.0,0.0,"L-074,L-065",L-074: OFFLINE FIRST CAN TRY TO GET DATA UNTIL IT NEED RETRIES RETRIES WILL BE QUEUED CAN TRY TO GET DATA FROM CACHE | L-065: REMOVEQUERIES RESETQUERIES,not-transcribed,no,medium,
S-445,IU-445,R15,Testing / MSW / global config / key factories,a3a53e14efeaf7af25ee60a71058c1713a796b19,a3a53e14ef,9627.400026523015,39443.06771030786,49.06,82.75,819.0,257.0,0.0,"L-121,L-118,L-115",L-121: msw | L-118: Testing | L-115: performance structural sharing observers SELECT,not-transcribed,no,high,regions/R15-testing-msw-global-config-key-factories.md
S-446,IU-446,UNASSIGNED,Unassigned / outside current Stage 1 regions,69014824395d4e8c1bccfe770c9b5554ae911167,6901482439,4124.655067868391,39506.16409112787,21.02,82.88,927.0,264.0,0.0,"L-074,L-065",L-074: OFFLINE FIRST CAN TRY TO GET DATA UNTIL IT NEED RETRIES RETRIES WILL BE QUEUED CAN TRY TO GET DATA FROM CACHE | L-065: REMOVEQUERIES RESETQUERIES,not-transcribed,no,medium,
S-447,IU-447,UNASSIGNED,Unassigned / outside current Stage 1 regions,561c21b24d0fa8f22bf3aa2d96ba02381ed3f2ff,561c21b24d,5683.818384841122,39518.55330877939,28.96,82.91,530.0,482.0,0.0,"L-074,L-065",L-074: OFFLINE FIRST CAN TRY TO GET DATA UNTIL IT NEED RETRIES RETRIES WILL BE QUEUED CAN TRY TO GET DATA FROM CACHE | L-065: REMOVEQUERIES RESETQUERIES,not-transcribed,no,medium,
S-448,IU-448,UNASSIGNED,Unassigned / outside current Stage 1 regions,97fc0cac7ac89f2dfc8cf519af3b9753019e4c2e,97fc0cac7a,10862.503815354685,39543.547240585394,55.35,82.96,853.0,430.0,0.0,"L-074,L-065",L-074: OFFLINE FIRST CAN TRY TO GET DATA UNTIL IT NEED RETRIES RETRIES WILL BE QUEUED CAN TRY TO GET DATA FROM CACHE | L-065: REMOVEQUERIES RESETQUERIES,not-transcribed,no,medium,
S-449,IU-449,R16,Performance / select / structural sharing,c34c30d1ff999efb4c6764035dbd5845eca43bc9,c34c30d1ff,13452.347952740598,39627.88157801951,68.54,83.14,421.0,349.0,0.0,"L-119,L-124,L-117",L-119: rerendering with/without select | L-124: memoizing selectors to avoid recomputation of select on every rerender | L-117: select,not-transcribed,no,high,regions/R16-performance-select-structural-sharing.md
S-450,IU-450,R16,Performance / select / structural sharing,354cfa90ecf9a430aa38d53fdf3a5b4ecf9536e6,354cfa90ec,14533.048187987682,39662.12519123816,74.05,83.21,527.0,463.0,0.0,"L-119,L-120,L-125","L-119: rerendering with/without select | L-120: select usage examples | L-125: so we dont memooize result with usecallback, we memoize the reference of the function, we can memoize result with use...",not-transcribed,no,high,regions/R16-performance-select-structural-sharing.md
S-451,IU-451,R16,Performance / select / structural sharing,118de21a71ec47bdd6b287720bc423f3908d2b75,118de21a71,15813.271287435417,39678.84227513558,80.57,83.25,923.0,445.0,0.0,"L-123,L-120,L-125","L-123: !!! | L-120: select usage examples | L-125: so we dont memooize result with usecallback, we memoize the reference of the function, we can memoize result with use...",not-transcribed,no,high,regions/R16-performance-select-structural-sharing.md
S-452,IU-452,UNASSIGNED,Unassigned / outside current Stage 1 regions,c0d79a464d6c218bc4648321b7a841252b03ca41,c0d79a464d,9620.28963547811,39707.07817783716,49.02,83.3,710.0,482.0,0.0,"L-074,L-065",L-074: OFFLINE FIRST CAN TRY TO GET DATA UNTIL IT NEED RETRIES RETRIES WILL BE QUEUED CAN TRY TO GET DATA FROM CACHE | L-065: REMOVEQUERIES RESETQUERIES,not-transcribed,no,medium,
S-453,IU-453,R16,Performance / select / structural sharing,69361022f895a4cfb7e57eb59cac1448209a5157,69361022f8,11932.940142606072,39714.79794654298,60.8,83.32,923.0,451.0,0.0,"L-124,L-117,L-126",L-124: memoizing selectors to avoid recomputation of select on every rerender | L-117: select | L-126: pure selectors,not-transcribed,no,high,regions/R16-performance-select-structural-sharing.md
S-454,IU-454,UNASSIGNED,Unassigned / outside current Stage 1 regions,b5e8b40ff48963193812fe783142fdbe7d9e006f,b5e8b40ff4,8321.49821335848,39887.81962195327,42.4,83.68,883.0,218.0,0.0,"L-074,L-065",L-074: OFFLINE FIRST CAN TRY TO GET DATA UNTIL IT NEED RETRIES RETRIES WILL BE QUEUED CAN TRY TO GET DATA FROM CACHE | L-065: REMOVEQUERIES RESETQUERIES,not-transcribed,no,medium,
S-455,IU-455,UNASSIGNED,Unassigned / outside current Stage 1 regions,9f0168a4d51aa761b51578d201f5c00d1ce53c65,9f0168a4d5,10863.596697299128,39981.084255016816,55.35,83.88,676.0,461.0,0.0,"L-074,L-065",L-074: OFFLINE FIRST CAN TRY TO GET DATA UNTIL IT NEED RETRIES RETRIES WILL BE QUEUED CAN TRY TO GET DATA FROM CACHE | L-065: REMOVEQUERIES RESETQUERIES,not-transcribed,no,medium,
S-456,IU-456,R16,Performance / select / structural sharing,8c2777d94ef21a5101d2cba349b6ca9eb1261f0d,8c2777d94e,13443.39939129228,39992.70215344018,68.5,83.9,923.0,405.0,0.0,"L-124,L-119,L-126",L-124: memoizing selectors to avoid recomputation of select on every rerender | L-119: rerendering with/without select | L-126: pure selectors,not-transcribed,no,high,regions/R16-performance-select-structural-sharing.md
S-457,IU-457,UNASSIGNED,Unassigned / outside current Stage 1 regions,a7257b2fb891168ab235386a9fb4b793a5e9fcb1,a7257b2fb8,8331.140896115177,40114.3196655498,42.45,84.16,898.0,405.0,0.0,"L-074,L-065",L-074: OFFLINE FIRST CAN TRY TO GET DATA UNTIL IT NEED RETRIES RETRIES WILL BE QUEUED CAN TRY TO GET DATA FROM CACHE | L-065: REMOVEQUERIES RESETQUERIES,not-transcribed,no,medium,
S-458,IU-458,R17,Step-by-step comparison / best practices summary,6417d8eeec2bd51cf2c74e7c1be39c82f74bed65,6417d8eeec,4120.902534242356,40131.45231948074,21.0,84.19,617.0,482.0,0.0,"L-122,L-127",L-122: step by step comparison | L-127: best practises summmary key points,not-transcribed,no,high,regions/R17-step-by-step-comparison-best-practices-summary.md
S-459,IU-459,R16,Performance / select / structural sharing,ec416766ce075dbd87715a1e41237103c817094d,ec416766ce,14529.604777529725,40138.90759504922,74.03,84.21,899.0,463.0,0.0,"L-125,L-123,L-124","L-125: so we dont memooize result with usecallback, we memoize the reference of the function, we can memoize result with use... | L-123: !!! | L-124: memoizing selectors to avoid recomputation of select on every rerender",not-transcribed,no,high,regions/R16-performance-select-structural-sharing.md
S-460,IU-460,R16,Performance / select / structural sharing,d773e1a9cebd670c85a31c0422d62c1d317ffee7,d773e1a9ce,15827.48999958738,40142.09084516906,80.65,84.22,525.0,482.0,0.0,"L-123,L-120,L-125","L-123: !!! | L-120: select usage examples | L-125: so we dont memooize result with usecallback, we memoize the reference of the function, we can memoize result with use...",not-transcribed,no,high,regions/R16-performance-select-structural-sharing.md
S-461,IU-461,UNASSIGNED,Unassigned / outside current Stage 1 regions,43d3cbe5923d4aabf728ae571ed52a17440591fb,43d3cbe592,9607.305260723631,40235.78201782043,48.95,84.41,933.0,363.0,0.0,"L-074,L-065",L-074: OFFLINE FIRST CAN TRY TO GET DATA UNTIL IT NEED RETRIES RETRIES WILL BE QUEUED CAN TRY TO GET DATA FROM CACHE | L-065: REMOVEQUERIES RESETQUERIES,not-transcribed,no,medium,
S-462,IU-462,R16,Performance / select / structural sharing,18fbb6e056661cb1eda94b12ec4af5ccf50d42bb,18fbb6e056,13458.822374315116,40401.53547112348,68.58,84.76,566.0,334.0,0.0,"L-124,L-126,L-125","L-124: memoizing selectors to avoid recomputation of select on every rerender | L-126: pure selectors | L-125: so we dont memooize result with usecallback, we memoize the reference of the function, we can memoize result with use...",not-transcribed,no,high,regions/R16-performance-select-structural-sharing.md
S-463,IU-463,UNASSIGNED,Unassigned / outside current Stage 1 regions,90c5d6a45a2cee244efcde367d0af049be829cf3,90c5d6a45a,10980.321138179996,40490.72432391872,55.95,84.95,413.0,482.0,0.0,"L-074,L-065",L-074: OFFLINE FIRST CAN TRY TO GET DATA UNTIL IT NEED RETRIES RETRIES WILL BE QUEUED CAN TRY TO GET DATA FROM CACHE | L-065: REMOVEQUERIES RESETQUERIES,not-transcribed,no,medium,
S-464,IU-464,UNASSIGNED,Unassigned / outside current Stage 1 regions,60fc4df97eca9ddab2542b8f6e57f0368b84f74f,60fc4df97e,8319.688573291516,40552.3196655498,42.39,85.08,959.0,409.0,0.0,"L-074,L-065",L-074: OFFLINE FIRST CAN TRY TO GET DATA UNTIL IT NEED RETRIES RETRIES WILL BE QUEUED CAN TRY TO GET DATA FROM CACHE | L-065: REMOVEQUERIES RESETQUERIES,not-transcribed,no,medium,
S-465,IU-465,R17,Step-by-step comparison / best practices summary,5500f634764321d73bbcd2e77458d23ecd7d5c9d,5500f63476,4101.774282607509,40578.14033973278,20.9,85.13,818.0,441.0,0.0,"L-122,L-127",L-122: step by step comparison | L-127: best practises summmary key points,not-transcribed,no,high,regions/R17-step-by-step-comparison-best-practices-summary.md
S-466,IU-466,R16,Performance / select / structural sharing,dca612dbc2b8247b507a0365a76ee350c4cb770b,dca612dbc2,15845.318964611755,40589.48521947152,80.74,85.16,497.0,258.0,0.0,"L-123,L-125,L-120","L-123: !!! | L-125: so we dont memooize result with usecallback, we memoize the reference of the function, we can memoize result with use... | L-120: select usage examples",not-transcribed,no,high,regions/R16-performance-select-structural-sharing.md
S-467,IU-467,UNASSIGNED,Unassigned / outside current Stage 1 regions,3eb24d26ddcc7e5d3bf8999b8ca19a631fc77e5b,3eb24d26dd,9588.30508633747,40603.1153220894,48.86,85.18,891.0,295.0,0.0,"L-074,L-065",L-074: OFFLINE FIRST CAN TRY TO GET DATA UNTIL IT NEED RETRIES RETRIES WILL BE QUEUED CAN TRY TO GET DATA FROM CACHE | L-065: REMOVEQUERIES RESETQUERIES,not-transcribed,no,medium,
S-468,IU-468,R16,Performance / select / structural sharing,572bca185e082e38de31d1b92191e72a879aa6f6,572bca185e,13491.528440606548,40722.63806652613,68.74,85.44,685.0,463.0,0.0,"L-124,L-126,L-125","L-124: memoizing selectors to avoid recomputation of select on every rerender | L-126: pure selectors | L-125: so we dont memooize result with usecallback, we memoize the reference of the function, we can memoize result with use...",not-transcribed,no,high,regions/R16-performance-select-structural-sharing.md
S-469,IU-469,UNASSIGNED,Unassigned / outside current Stage 1 regions,bf76afefe1d859ecc2d404872fb85cd701255b05,bf76afefe1,8296.494874150052,40970.37767728599,42.27,85.95,682.0,482.0,0.0,"L-074,L-065",L-074: OFFLINE FIRST CAN TRY TO GET DATA UNTIL IT NEED RETRIES RETRIES WILL BE QUEUED CAN TRY TO GET DATA FROM CACHE | L-065: REMOVEQUERIES RESETQUERIES,not-transcribed,no,medium,
S-470,IU-470,UNASSIGNED,Unassigned / outside current Stage 1 regions,17b1958ff64656145c26cb10520fd1b4e00cebb1,17b1958ff6,10987.4665296559,40985.30388857337,55.99,85.99,529.0,470.0,0.0,"L-074,L-065",L-074: OFFLINE FIRST CAN TRY TO GET DATA UNTIL IT NEED RETRIES RETRIES WILL BE QUEUED CAN TRY TO GET DATA FROM CACHE | L-065: REMOVEQUERIES RESETQUERIES,not-transcribed,no,medium,
S-471,IU-471,R17,Step-by-step comparison / best practices summary,db04f355024ee55c37faa7f7bb7db31505224b41,db04f35502,4104.655220456281,41012.83073236322,20.91,86.04,657.0,404.0,0.0,"L-122,L-127",L-122: step by step comparison | L-127: best practises summmary key points,not-transcribed,no,high,regions/R17-step-by-step-comparison-best-practices-summary.md
S-472,IU-472,R17,Step-by-step comparison / best practices summary,6dfbaf85774231eff86b0b42dec14e158d6379d7,6dfbaf8577,4077.610361095745,41440.34119989252,20.78,86.94,738.0,482.0,0.0,"L-122,L-127",L-122: step by step comparison | L-127: best practises summmary key points,not-transcribed,no,high,regions/R17-step-by-step-comparison-best-practices-summary.md
S-473,IU-473,UNASSIGNED,Unassigned / outside current Stage 1 regions,7af4c6f67bcd3324b89eccfb6f78757b44a2193c,7af4c6f67b,10997.993663036155,41469.81438662024,56.04,87.0,464.0,482.0,0.0,"L-074,L-065",L-074: OFFLINE FIRST CAN TRY TO GET DATA UNTIL IT NEED RETRIES RETRIES WILL BE QUEUED CAN TRY TO GET DATA FROM CACHE | L-065: REMOVEQUERIES RESETQUERIES,not-transcribed,no,medium,
S-474,IU-474,R16,Performance / select / structural sharing,78182e8040c0cd7224282f9b1c6e552beabc92b5,78182e8040,14896.71318507777,41851.592952404615,75.9,87.8,789.0,482.0,0.0,"L-125,L-126,L-124","L-125: so we dont memooize result with usecallback, we memoize the reference of the function, we can memoize result with use... | L-126: pure selectors | L-124: memoizing selectors to avoid recomputation of select on every rerender",not-transcribed,no,high,regions/R16-performance-select-structural-sharing.md
S-475,IU-475,R17,Step-by-step comparison / best practices summary,6f877c26512ae5200e421587d803978e5acee95b,6f877c2651,4087.821937985578,41925.16409112787,20.83,87.96,594.0,476.0,0.0,"L-122,L-127",L-122: step by step comparison | L-127: best practises summmary key points,not-transcribed,no,high,regions/R17-step-by-step-comparison-best-practices-summary.md
S-476,IU-476,UNASSIGNED,Unassigned / outside current Stage 1 regions,26768fa11db9448c41ead1e70e984c7b0e0a63bf,26768fa11d,11014.226863360764,41956.48099225175,56.12,88.02,538.0,482.0,0.0,"L-074,L-065",L-074: OFFLINE FIRST CAN TRY TO GET DATA UNTIL IT NEED RETRIES RETRIES WILL BE QUEUED CAN TRY TO GET DATA FROM CACHE | L-065: REMOVEQUERIES RESETQUERIES,not-transcribed,no,medium,
S-477,IU-477,UNASSIGNED,Unassigned / outside current Stage 1 regions,fa55186e8dfc7729af840cdedbc0981ba89f1eed,fa55186e8d,13552.843230878569,42122.99726803595,69.06,88.37,830.0,482.0,0.0,"L-074,L-065",L-074: OFFLINE FIRST CAN TRY TO GET DATA UNTIL IT NEED RETRIES RETRIES WILL BE QUEUED CAN TRY TO GET DATA FROM CACHE | L-065: REMOVEQUERIES RESETQUERIES,not-transcribed,no,medium,
S-478,IU-478,UNASSIGNED,Unassigned / outside current Stage 1 regions,4ffdc9f2a6dc9443f925ea9d125977c0871c946c,4ffdc9f2a6,14888.62160574707,42347.249202404615,75.86,88.84,899.0,467.0,0.0,"L-065,L-074",L-065: REMOVEQUERIES RESETQUERIES | L-074: OFFLINE FIRST CAN TRY TO GET DATA UNTIL IT NEED RETRIES RETRIES WILL BE QUEUED CAN TRY TO GET DATA FROM CACHE,not-transcribed,no,medium,
S-479,IU-479,R17,Step-by-step comparison / best practices summary,8e9a7a7ae4880c6b4376174f200358c84ec124ed,8e9a7a7ae4,4025.798365336303,42422.54499845907,20.51,89.0,603.0,272.0,0.0,"L-122,L-127",L-122: step by step comparison | L-127: best practises summmary key points,not-transcribed,no,high,regions/R17-step-by-step-comparison-best-practices-summary.md
S-480,IU-480,UNASSIGNED,Unassigned / outside current Stage 1 regions,57ccecac25ab1336ae8d47778302ba05805f1e8e,57ccecac25,11005.244483757462,42466.970555240034,56.08,89.09,601.0,416.0,0.0,"L-074,L-065",L-074: OFFLINE FIRST CAN TRY TO GET DATA UNTIL IT NEED RETRIES RETRIES WILL BE QUEUED CAN TRY TO GET DATA FROM CACHE | L-065: REMOVEQUERIES RESETQUERIES,not-transcribed,no,medium,
S-481,IU-481,UNASSIGNED,Unassigned / outside current Stage 1 regions,206b5fe9bc590f857283ddfc355944483fa3505f,206b5fe9bc,13543.834768066252,42594.66398556525,69.01,89.36,965.0,482.0,0.0,"L-074,L-065",L-074: OFFLINE FIRST CAN TRY TO GET DATA UNTIL IT NEED RETRIES RETRIES WILL BE QUEUED CAN TRY TO GET DATA FROM CACHE | L-065: REMOVEQUERIES RESETQUERIES,not-transcribed,no,medium,
S-482,IU-482,R17,Step-by-step comparison / best practices summary,f6e6efb55fb040bef4b2b4ebba3a063d65d85f6e,f6e6efb55f,4032.2294358743766,42676.76968412801,20.55,89.53,691.0,482.0,0.0,"L-127,L-122",L-127: best practises summmary key points | L-122: step by step comparison,not-transcribed,no,high,regions/R17-step-by-step-comparison-best-practices-summary.md
S-483,IU-483,UNASSIGNED,Unassigned / outside current Stage 1 regions,b4fb47dabbb14ee27b7cf1d4419f7bbc4f7744a0,b4fb47dabb,14892.62160574707,42836.749202404615,75.88,89.87,883.0,408.0,0.0,"L-065,L-074",L-065: REMOVEQUERIES RESETQUERIES | L-074: OFFLINE FIRST CAN TRY TO GET DATA UNTIL IT NEED RETRIES RETRIES WILL BE QUEUED CAN TRY TO GET DATA FROM CACHE,not-transcribed,no,medium,
S-484,IU-484,UNASSIGNED,Unassigned / outside current Stage 1 regions,9908e75ea87a5be46ae13f2587c141a655dbed15,9908e75ea8,11018.078109391206,42892.48099225175,56.14,89.99,546.0,482.0,0.0,"L-074,L-065",L-074: OFFLINE FIRST CAN TRY TO GET DATA UNTIL IT NEED RETRIES RETRIES WILL BE QUEUED CAN TRY TO GET DATA FROM CACHE | L-065: REMOVEQUERIES RESETQUERIES,not-transcribed,no,medium,
S-485,IU-485,UNASSIGNED,Unassigned / outside current Stage 1 regions,8551008f16b35083a2b143c41d27a8df57c02bdc,8551008f16,7481.567310807335,43016.68696864352,38.12,90.25,714.0,445.0,0.0,"L-074,L-065",L-074: OFFLINE FIRST CAN TRY TO GET DATA UNTIL IT NEED RETRIES RETRIES WILL BE QUEUED CAN TRY TO GET DATA FROM CACHE | L-065: REMOVEQUERIES RESETQUERIES,not-transcribed,no,medium,
S-486,IU-486,UNASSIGNED,Unassigned / outside current Stage 1 regions,1925501b08ddfb5f2c65b5ebd9777c2c0fdfc654,1925501b08,4026.322025178657,43170.87831144735,20.52,90.57,737.0,366.0,0.0,"L-074,L-065",L-074: OFFLINE FIRST CAN TRY TO GET DATA UNTIL IT NEED RETRIES RETRIES WILL BE QUEUED CAN TRY TO GET DATA FROM CACHE | L-065: REMOVEQUERIES RESETQUERIES,not-transcribed,no,medium,
S-487,IU-487,UNASSIGNED,Unassigned / outside current Stage 1 regions,22b0387b6b90dd379969ec407f858474033ed1b7,22b0387b6b,14888.615745690113,43244.92632642805,75.86,90.73,808.0,482.0,0.0,"L-065,L-074",L-065: REMOVEQUERIES RESETQUERIES | L-074: OFFLINE FIRST CAN TRY TO GET DATA UNTIL IT NEED RETRIES RETRIES WILL BE QUEUED CAN TRY TO GET DATA FROM CACHE,not-transcribed,no,medium,
S-488,IU-488,UNASSIGNED,Unassigned / outside current Stage 1 regions,4c176eaa618481818498b0cccc15b87ca620b168,4c176eaa61,11019.766158188104,43397.814305240034,56.15,91.05,732.0,482.0,0.0,"L-074,L-065",L-074: OFFLINE FIRST CAN TRY TO GET DATA UNTIL IT NEED RETRIES RETRIES WILL BE QUEUED CAN TRY TO GET DATA FROM CACHE | L-065: REMOVEQUERIES RESETQUERIES,not-transcribed,no,medium,
S-489,IU-489,UNASSIGNED,Unassigned / outside current Stage 1 regions,2a8a82cfffd1d66e0841927c56dff321dbf585e8,2a8a82cfff,7485.686067782783,43454.35366437455,38.14,91.17,641.0,423.0,0.0,"L-074,L-065",L-074: OFFLINE FIRST CAN TRY TO GET DATA UNTIL IT NEED RETRIES RETRIES WILL BE QUEUED CAN TRY TO GET DATA FROM CACHE | L-065: REMOVEQUERIES RESETQUERIES,not-transcribed,no,medium,
S-490,IU-490,UNASSIGNED,Unassigned / outside current Stage 1 regions,8a899870393fea4d6c4d435dbb4b6a73e8003315,8a89987039,4024.216357946116,43519.15075276641,20.5,91.3,717.0,482.0,0.0,"L-074,L-065",L-074: OFFLINE FIRST CAN TRY TO GET DATA UNTIL IT NEED RETRIES RETRIES WILL BE QUEUED CAN TRY TO GET DATA FROM CACHE | L-065: REMOVEQUERIES RESETQUERIES,not-transcribed,no,medium,
S-491,IU-491,UNASSIGNED,Unassigned / outside current Stage 1 regions,d39fb9c20bb8236bd98960875967e8c675eae32e,d39fb9c20b,14887.258966867075,43728.92632642805,75.86,91.74,843.0,482.0,0.0,"L-065,L-074",L-065: REMOVEQUERIES RESETQUERIES | L-074: OFFLINE FIRST CAN TRY TO GET DATA UNTIL IT NEED RETRIES RETRIES WILL BE QUEUED CAN TRY TO GET DATA FROM CACHE,not-transcribed,no,medium,
S-492,IU-492,UNASSIGNED,Unassigned / outside current Stage 1 regions,9e681381b1b6118182a787986ff19227544766c2,9e681381b1,11018.613923941512,43873.814305240034,56.14,92.05,630.0,482.0,0.0,"L-074,L-065",L-074: OFFLINE FIRST CAN TRY TO GET DATA UNTIL IT NEED RETRIES RETRIES WILL BE QUEUED CAN TRY TO GET DATA FROM CACHE | L-065: REMOVEQUERIES RESETQUERIES,not-transcribed,no,medium,
S-493,IU-493,UNASSIGNED,Unassigned / outside current Stage 1 regions,e94b5eb363995970c9d05985112420fbdadba56f,e94b5eb363,4017.60141198599,44004.15075276641,20.47,92.32,777.0,482.0,0.0,"L-074,L-065",L-074: OFFLINE FIRST CAN TRY TO GET DATA UNTIL IT NEED RETRIES RETRIES WILL BE QUEUED CAN TRY TO GET DATA FROM CACHE | L-065: REMOVEQUERIES RESETQUERIES,not-transcribed,no,medium,
S-494,IU-494,UNASSIGNED,Unassigned / outside current Stage 1 regions,9b8b4fe78d871b730dd8746f496548e57a6b0af6,9b8b4fe78d,14871.121483676758,44193.74926343977,75.77,92.72,750.0,430.0,0.0,"L-065,L-074",L-065: REMOVEQUERIES RESETQUERIES | L-074: OFFLINE FIRST CAN TRY TO GET DATA UNTIL IT NEED RETRIES RETRIES WILL BE QUEUED CAN TRY TO GET DATA FROM CACHE,not-transcribed,no,medium,
S-495,IU-495,UNASSIGNED,Unassigned / outside current Stage 1 regions,49f8026ec0e8cc2ba54f3900612ab3af08ab2684,49f8026ec0,11018.911109734025,44365.30392926347,56.15,93.08,699.0,422.0,0.0,"L-074,L-065",L-074: OFFLINE FIRST CAN TRY TO GET DATA UNTIL IT NEED RETRIES RETRIES WILL BE QUEUED CAN TRY TO GET DATA FROM CACHE | L-065: REMOVEQUERIES RESETQUERIES,not-transcribed,no,medium,
S-496,IU-496,UNASSIGNED,Unassigned / outside current Stage 1 regions,643f602633586f3ade189a2a83f16777bea0e9c4,643f602633,4004.012515901315,44507.30700276641,20.4,93.38,674.0,326.0,0.0,"L-074,L-065",L-074: OFFLINE FIRST CAN TRY TO GET DATA UNTIL IT NEED RETRIES RETRIES WILL BE QUEUED CAN TRY TO GET DATA FROM CACHE | L-065: REMOVEQUERIES RESETQUERIES,not-transcribed,no,medium,
S-497,IU-497,UNASSIGNED,Unassigned / outside current Stage 1 regions,541ce1e1921598736f4d79fd2af305e0c12cf2c9,541ce1e192,11029.411109734025,44796.13724225175,56.2,93.98,606.0,459.0,0.0,"L-074,L-065",L-074: OFFLINE FIRST CAN TRY TO GET DATA UNTIL IT NEED RETRIES RETRIES WILL BE QUEUED CAN TRY TO GET DATA FROM CACHE | L-065: REMOVEQUERIES RESETQUERIES,not-transcribed,no,medium,
S-498,IU-498,UNASSIGNED,Unassigned / outside current Stage 1 regions,796a1b979ec66b787588c2a1fdb4e68c7b060e8f,796a1b979e,3991.845798372018,44862.80700276641,20.34,94.12,745.0,285.0,0.0,"L-074,L-065",L-074: OFFLINE FIRST CAN TRY TO GET DATA UNTIL IT NEED RETRIES RETRIES WILL BE QUEUED CAN TRY TO GET DATA FROM CACHE | L-065: REMOVEQUERIES RESETQUERIES,not-transcribed,no,medium,
S-499,IU-499,UNASSIGNED,Unassigned / outside current Stage 1 regions,f004c25ab31a38e32135c115013a22cc7c8ffb3d,f004c25ab3,3967.845798372018,45151.80700276641,20.22,94.73,823.0,287.0,0.0,"L-074,L-065",L-074: OFFLINE FIRST CAN TRY TO GET DATA UNTIL IT NEED RETRIES RETRIES WILL BE QUEUED CAN TRY TO GET DATA FROM CACHE | L-065: REMOVEQUERIES RESETQUERIES,not-transcribed,no,medium,
S-500,IU-500,UNASSIGNED,Unassigned / outside current Stage 1 regions,f5131ef58afca096104efe585cacc907cd540867,f5131ef58a,11007.220338888246,45268.48099225175,56.09,94.97,885.0,482.0,0.0,"L-074,L-065",L-074: OFFLINE FIRST CAN TRY TO GET DATA UNTIL IT NEED RETRIES RETRIES WILL BE QUEUED CAN TRY TO GET DATA FROM CACHE | L-065: REMOVEQUERIES RESETQUERIES,not-transcribed,no,medium,
S-501,IU-501,UNASSIGNED,Unassigned / outside current Stage 1 regions,c4d203ec2e5372bfdf45fcf2b8fa4274f471f9c9,c4d203ec2e,3964.679080842721,45499.640361531056,20.2,95.46,906.0,448.0,0.0,"L-074,L-065",L-074: OFFLINE FIRST CAN TRY TO GET DATA UNTIL IT NEED RETRIES RETRIES WILL BE QUEUED CAN TRY TO GET DATA FROM CACHE | L-065: REMOVEQUERIES RESETQUERIES,not-transcribed,no,medium,
S-502,IU-502,UNASSIGNED,Unassigned / outside current Stage 1 regions,33dba8ec9f14ed9ee6ad1bf0b302a425e7f49dee,33dba8ec9f,11001.577735710587,45760.80392926347,56.06,96.01,547.0,423.0,0.0,"L-074,L-065",L-074: OFFLINE FIRST CAN TRY TO GET DATA UNTIL IT NEED RETRIES RETRIES WILL BE QUEUED CAN TRY TO GET DATA FROM CACHE | L-065: REMOVEQUERIES RESETQUERIES,not-transcribed,no,medium,
S-503,IU-503,UNASSIGNED,Unassigned / outside current Stage 1 regions,e6431cdcfbea24070156bc9e3ab90bec84791c6e,e6431cdcfb,6929.794555339462,46098.14115932933,35.31,96.71,323.0,482.0,0.0,"L-074,L-065",L-074: OFFLINE FIRST CAN TRY TO GET DATA UNTIL IT NEED RETRIES RETRIES WILL BE QUEUED CAN TRY TO GET DATA FROM CACHE | L-065: REMOVEQUERIES RESETQUERIES,not-transcribed,no,medium,
S-504,IU-504,UNASSIGNED,Unassigned / outside current Stage 1 regions,8f84323643960b358f45db1b0d9b6d47ccd16ea1,8f84323643,5886.27314962337,46116.08730166086,29.99,96.75,469.0,482.0,0.0,"L-074,L-065",L-074: OFFLINE FIRST CAN TRY TO GET DATA UNTIL IT NEED RETRIES RETRIES WILL BE QUEUED CAN TRY TO GET DATA FROM CACHE | L-065: REMOVEQUERIES RESETQUERIES,not-transcribed,no,medium,
S-505,IU-505,UNASSIGNED,Unassigned / outside current Stage 1 regions,4501984f59357785160b1edba5a81da48cb1e3b0,4501984f59,7345.614875768815,46118.88175313358,37.43,96.76,418.0,482.0,0.0,"L-074,L-065",L-074: OFFLINE FIRST CAN TRY TO GET DATA UNTIL IT NEED RETRIES RETRIES WILL BE QUEUED CAN TRY TO GET DATA FROM CACHE | L-065: REMOVEQUERIES RESETQUERIES,not-transcribed,no,medium,
S-506,IU-506,UNASSIGNED,Unassigned / outside current Stage 1 regions,aff7a63b67664ab5eef504eaaf2301f0bc14c2b2,aff7a63b67,6430.094314300623,46124.37007753976,32.76,96.77,417.0,482.0,0.0,"L-074,L-065",L-074: OFFLINE FIRST CAN TRY TO GET DATA UNTIL IT NEED RETRIES RETRIES WILL BE QUEUED CAN TRY TO GET DATA FROM CACHE | L-065: REMOVEQUERIES RESETQUERIES,not-transcribed,no,medium,
S-507,IU-507,UNASSIGNED,Unassigned / outside current Stage 1 regions,e4cef97c4aa517334a9b81ac0a078f89456250c9,e4cef97c4a,8253.161967173086,46124.43739346019,42.05,96.77,401.0,482.0,0.0,"L-074,L-065",L-074: OFFLINE FIRST CAN TRY TO GET DATA UNTIL IT NEED RETRIES RETRIES WILL BE QUEUED CAN TRY TO GET DATA FROM CACHE | L-065: REMOVEQUERIES RESETQUERIES,not-transcribed,no,medium,
S-508,IU-508,UNASSIGNED,Unassigned / outside current Stage 1 regions,a8033950fd9ce3d5a066e920d619cceae0bd20c4,a8033950fd,7765.097263287769,46132.2152221006,39.57,96.78,477.0,482.0,0.0,"L-074,L-065",L-074: OFFLINE FIRST CAN TRY TO GET DATA UNTIL IT NEED RETRIES RETRIES WILL BE QUEUED CAN TRY TO GET DATA FROM CACHE | L-065: REMOVEQUERIES RESETQUERIES,not-transcribed,no,medium,
S-509,IU-509,UNASSIGNED,Unassigned / outside current Stage 1 regions,18e061539b081cef731b6dbf7f2529b4aebe7633,18e061539b,5373.112883253223,46133.73520110689,27.38,96.79,396.0,482.0,0.0,"L-074,L-065",L-074: OFFLINE FIRST CAN TRY TO GET DATA UNTIL IT NEED RETRIES RETRIES WILL BE QUEUED CAN TRY TO GET DATA FROM CACHE | L-065: REMOVEQUERIES RESETQUERIES,not-transcribed,no,medium,
S-510,IU-510,UNASSIGNED,Unassigned / outside current Stage 1 regions,cbf6a625d3672843ebde422a60a4f2ead245e7ba,cbf6a625d3,8733.097781432154,46139.370092677455,44.5,96.8,483.0,482.0,0.0,"L-074,L-065",L-074: OFFLINE FIRST CAN TRY TO GET DATA UNTIL IT NEED RETRIES RETRIES WILL BE QUEUED CAN TRY TO GET DATA FROM CACHE | L-065: REMOVEQUERIES RESETQUERIES,not-transcribed,no,medium,
S-511,IU-511,UNASSIGNED,Unassigned / outside current Stage 1 regions,ebb15590fa5cfa41529b0c51c242eec62bc6f9a1,ebb15590fa,4545.624570681039,46159.39137481294,23.16,96.84,791.0,361.0,0.0,"L-074,L-065",L-074: OFFLINE FIRST CAN TRY TO GET DATA UNTIL IT NEED RETRIES RETRIES WILL BE QUEUED CAN TRY TO GET DATA FROM CACHE | L-065: REMOVEQUERIES RESETQUERIES,not-transcribed,no,medium,
S-512,IU-512,UNASSIGNED,Unassigned / outside current Stage 1 regions,38e6e187bc0f12f8c9859c504529b0b42d3c28a3,38e6e187bc,10961.411109734025,46190.13724225175,55.85,96.91,734.0,423.0,0.0,"L-074,L-065",L-074: OFFLINE FIRST CAN TRY TO GET DATA UNTIL IT NEED RETRIES RETRIES WILL BE QUEUED CAN TRY TO GET DATA FROM CACHE | L-065: REMOVEQUERIES RESETQUERIES,not-transcribed,no,medium,
S-513,IU-513,UNASSIGNED,Unassigned / outside current Stage 1 regions,a01d3c2b86a85cf76785b394f361965c9a3b685f,a01d3c2b86,9229.198616498095,46278.359726873416,47.03,97.09,482.0,351.0,0.0,"L-074,L-065",L-074: OFFLINE FIRST CAN TRY TO GET DATA UNTIL IT NEED RETRIES RETRIES WILL BE QUEUED CAN TRY TO GET DATA FROM CACHE | L-065: REMOVEQUERIES RESETQUERIES,not-transcribed,no,medium,
S-514,IU-514,UNASSIGNED,Unassigned / outside current Stage 1 regions,410db3d5df236045e0a29e7d8a1f285359bc20a0,410db3d5df,9787.6986164981,46392.97082103032,49.87,97.33,565.0,464.0,0.0,"L-074,L-065",L-074: OFFLINE FIRST CAN TRY TO GET DATA UNTIL IT NEED RETRIES RETRIES WILL BE QUEUED CAN TRY TO GET DATA FROM CACHE | L-065: REMOVEQUERIES RESETQUERIES,not-transcribed,no,medium,
S-515,IU-515,UNASSIGNED,Unassigned / outside current Stage 1 regions,064a1ad368c203a3a9840811d101741f0e0eb406,064a1ad368,4682.457853151742,46580.05809234224,23.86,97.72,534.0,463.0,0.0,"L-074,L-065",L-074: OFFLINE FIRST CAN TRY TO GET DATA UNTIL IT NEED RETRIES RETRIES WILL BE QUEUED CAN TRY TO GET DATA FROM CACHE | L-065: REMOVEQUERIES RESETQUERIES,not-transcribed,no,medium,
S-516,IU-516,UNASSIGNED,Unassigned / outside current Stage 1 regions,2ceec70ba64393d93ad3ad9bbf794382e5f1c7cd,2ceec70ba6,10967.0778577809,46610.97061627519,55.88,97.79,536.0,400.0,0.0,"L-074,L-065",L-074: OFFLINE FIRST CAN TRY TO GET DATA UNTIL IT NEED RETRIES RETRIES WILL BE QUEUED CAN TRY TO GET DATA FROM CACHE | L-065: REMOVEQUERIES RESETQUERIES,not-transcribed,no,medium,
S-517,IU-517,UNASSIGNED,Unassigned / outside current Stage 1 regions,a1b7bbb50ba69ed2d8b16b1799dd646233f05b72,a1b7bbb50b,6892.711990270871,46624.06702874122,35.12,97.82,382.0,482.0,0.0,"L-074,L-065",L-074: OFFLINE FIRST CAN TRY TO GET DATA UNTIL IT NEED RETRIES RETRIES WILL BE QUEUED CAN TRY TO GET DATA FROM CACHE | L-065: REMOVEQUERIES RESETQUERIES,not-transcribed,no,medium,
S-518,IU-518,UNASSIGNED,Unassigned / outside current Stage 1 regions,22618c5d8b6ddfa9daefe0d4040e57c50e6b0661,22618c5d8b,8284.27597255229,46626.65966654504,42.21,97.82,327.0,482.0,0.0,"L-074,L-065",L-074: OFFLINE FIRST CAN TRY TO GET DATA UNTIL IT NEED RETRIES RETRIES WILL BE QUEUED CAN TRY TO GET DATA FROM CACHE | L-065: REMOVEQUERIES RESETQUERIES,not-transcribed,no,medium,
S-519,IU-519,UNASSIGNED,Unassigned / outside current Stage 1 regions,dd54fb38a95108f654ba4471a43fdcae97ac2a0f,dd54fb38a9,5864.169302382647,46633.76877027768,29.88,97.84,514.0,472.0,0.0,"L-074,L-065",L-074: OFFLINE FIRST CAN TRY TO GET DATA UNTIL IT NEED RETRIES RETRIES WILL BE QUEUED CAN TRY TO GET DATA FROM CACHE | L-065: REMOVEQUERIES RESETQUERIES,not-transcribed,no,medium,
S-520,IU-520,UNASSIGNED,Unassigned / outside current Stage 1 regions,c85b8a0c7c836c5e11417f5ea2a55ac9f255b4e4,c85b8a0c7c,7845.141586490818,46635.91890319869,39.97,97.84,391.0,482.0,0.0,"L-074,L-065",L-074: OFFLINE FIRST CAN TRY TO GET DATA UNTIL IT NEED RETRIES RETRIES WILL BE QUEUED CAN TRY TO GET DATA FROM CACHE | L-065: REMOVEQUERIES RESETQUERIES,not-transcribed,no,medium,
S-521,IU-521,UNASSIGNED,Unassigned / outside current Stage 1 regions,27be4eaafb68ef463ce8b216b008c9c796cf1fc4,27be4eaafb,6452.325627844295,46639.52161118678,32.88,97.85,353.0,482.0,0.0,"L-074,L-065",L-074: OFFLINE FIRST CAN TRY TO GET DATA UNTIL IT NEED RETRIES RETRIES WILL BE QUEUED CAN TRY TO GET DATA FROM CACHE | L-065: REMOVEQUERIES RESETQUERIES,not-transcribed,no,medium,
S-522,IU-522,UNASSIGNED,Unassigned / outside current Stage 1 regions,6a97b2c3f6227deea782bb8f4c99ff4c7d2e7bdc,6a97b2c3f6,8790.429698274127,46643.81452016769,44.79,97.86,413.0,482.0,0.0,"L-074,L-065",L-074: OFFLINE FIRST CAN TRY TO GET DATA UNTIL IT NEED RETRIES RETRIES WILL BE QUEUED CAN TRY TO GET DATA FROM CACHE | L-065: REMOVEQUERIES RESETQUERIES,not-transcribed,no,medium,
S-523,IU-523,UNASSIGNED,Unassigned / outside current Stage 1 regions,dc849d0bfb3f271134b11dc4c8211623b1a51a8b,dc849d0bfb,7427.612148221744,46650.733695407886,37.85,97.87,317.0,482.0,0.0,"L-074,L-065",L-074: OFFLINE FIRST CAN TRY TO GET DATA UNTIL IT NEED RETRIES RETRIES WILL BE QUEUED CAN TRY TO GET DATA FROM CACHE | L-065: REMOVEQUERIES RESETQUERIES,not-transcribed,no,medium,
S-524,IU-524,UNASSIGNED,Unassigned / outside current Stage 1 regions,38a80c88685044cbac111dac83fd8d32b0b66944,38a80c8868,9273.080347267329,46657.14785350102,47.25,97.89,381.0,482.0,0.0,"L-074,L-065",L-074: OFFLINE FIRST CAN TRY TO GET DATA UNTIL IT NEED RETRIES RETRIES WILL BE QUEUED CAN TRY TO GET DATA FROM CACHE | L-065: REMOVEQUERIES RESETQUERIES,not-transcribed,no,medium,
S-525,IU-525,UNASSIGNED,Unassigned / outside current Stage 1 regions,50c2040d0f54ecf772a82fe46af5c6e18da351da,50c2040d0f,5311.124418093148,46696.724809871535,27.06,97.97,550.0,373.0,0.0,"L-074,L-065",L-074: OFFLINE FIRST CAN TRY TO GET DATA UNTIL IT NEED RETRIES RETRIES WILL BE QUEUED CAN TRY TO GET DATA FROM CACHE | L-065: REMOVEQUERIES RESETQUERIES,not-transcribed,no,medium,
S-526,IU-526,UNASSIGNED,Unassigned / outside current Stage 1 regions,59c3bada8640693a69be71163a2d9b10b6c162cb,59c3bada86,9784.198616498095,46897.63753855961,49.85,98.39,492.0,348.0,0.0,"L-074,L-065",L-074: OFFLINE FIRST CAN TRY TO GET DATA UNTIL IT NEED RETRIES RETRIES WILL BE QUEUED CAN TRY TO GET DATA FROM CACHE | L-065: REMOVEQUERIES RESETQUERIES,not-transcribed,no,medium,
S-527,IU-527,UNASSIGNED,Unassigned / outside current Stage 1 regions,c97e56b4c780a29d85a83ca03f46b76a55c7c20f,c97e56b4c7,4687.624570681039,47101.72473357759,23.89,98.82,517.0,213.0,0.0,"L-074,L-065",L-074: OFFLINE FIRST CAN TRY TO GET DATA UNTIL IT NEED RETRIES RETRIES WILL BE QUEUED CAN TRY TO GET DATA FROM CACHE | L-065: REMOVEQUERIES RESETQUERIES,not-transcribed,no,medium,
S-528,IU-528,UNASSIGNED,Unassigned / outside current Stage 1 regions,40bed35fffa0d841329f99c9e39b793dd1fef8fc,40bed35fff,7818.056810537208,47145.17832634865,39.84,98.91,416.0,482.0,0.0,"L-074,L-065",L-074: OFFLINE FIRST CAN TRY TO GET DATA UNTIL IT NEED RETRIES RETRIES WILL BE QUEUED CAN TRY TO GET DATA FROM CACHE | L-065: REMOVEQUERIES RESETQUERIES,not-transcribed,no,medium,
S-529,IU-529,UNASSIGNED,Unassigned / outside current Stage 1 regions,1ab0020f75cec6f95acc4e52ad848dc01949591c,1ab0020f75,8273.248938726783,47147.4797489522,42.16,98.91,395.0,482.0,0.0,"L-074,L-065",L-074: OFFLINE FIRST CAN TRY TO GET DATA UNTIL IT NEED RETRIES RETRIES WILL BE QUEUED CAN TRY TO GET DATA FROM CACHE | L-065: REMOVEQUERIES RESETQUERIES,not-transcribed,no,medium,
S-530,IU-530,UNASSIGNED,Unassigned / outside current Stage 1 regions,5632bffbe4668dc266ca39918dfb25f64e0a2efc,5632bffbe4,6457.57165165313,47155.88524755041,32.9,98.93,362.0,482.0,0.0,"L-074,L-065",L-074: OFFLINE FIRST CAN TRY TO GET DATA UNTIL IT NEED RETRIES RETRIES WILL BE QUEUED CAN TRY TO GET DATA FROM CACHE | L-065: REMOVEQUERIES RESETQUERIES,not-transcribed,no,medium,
S-531,IU-531,UNASSIGNED,Unassigned / outside current Stage 1 regions,7952ebff78f5154a5f85924bc433da4ab37c6eb1,7952ebff78,7401.840694064804,47155.91890319868,37.72,98.93,383.0,482.0,0.0,"L-074,L-065",L-074: OFFLINE FIRST CAN TRY TO GET DATA UNTIL IT NEED RETRIES RETRIES WILL BE QUEUED CAN TRY TO GET DATA FROM CACHE | L-065: REMOVEQUERIES RESETQUERIES,not-transcribed,no,medium,
S-532,IU-532,UNASSIGNED,Unassigned / outside current Stage 1 regions,796c21f00639ac35ea68db95759795e9f692d6db,796c21f006,5920.345580069499,47157.097405753535,30.17,98.93,465.0,482.0,0.0,"L-074,L-065",L-074: OFFLINE FIRST CAN TRY TO GET DATA UNTIL IT NEED RETRIES RETRIES WILL BE QUEUED CAN TRY TO GET DATA FROM CACHE | L-065: REMOVEQUERIES RESETQUERIES,not-transcribed,no,medium,
S-533,IU-533,UNASSIGNED,Unassigned / outside current Stage 1 regions,d36e67e4216a5f9772247267210afc90be5657b6,d36e67e421,8769.943214796747,47163.81462189295,44.69,98.95,418.0,482.0,0.0,"L-074,L-065",L-074: OFFLINE FIRST CAN TRY TO GET DATA UNTIL IT NEED RETRIES RETRIES WILL BE QUEUED CAN TRY TO GET DATA FROM CACHE | L-065: REMOVEQUERIES RESETQUERIES,not-transcribed,no,medium,
S-534,IU-534,UNASSIGNED,Unassigned / outside current Stage 1 regions,7ad65554343c593c9fd41498c422ece09a4f50af,7ad6555434,6895.429469363664,47172.2152221006,35.13,98.97,442.0,482.0,0.0,"L-074,L-065",L-074: OFFLINE FIRST CAN TRY TO GET DATA UNTIL IT NEED RETRIES RETRIES WILL BE QUEUED CAN TRY TO GET DATA FROM CACHE | L-065: REMOVEQUERIES RESETQUERIES,not-transcribed,no,medium,
S-535,IU-535,UNASSIGNED,Unassigned / outside current Stage 1 regions,41a015d3af82434b0d8fa3c778e128911f83b1c3,41a015d3af,9240.9924368822,47172.70337514815,47.09,98.97,516.0,482.0,0.0,"L-074,L-065",L-074: OFFLINE FIRST CAN TRY TO GET DATA UNTIL IT NEED RETRIES RETRIES WILL BE QUEUED CAN TRY TO GET DATA FROM CACHE | L-065: REMOVEQUERIES RESETQUERIES,not-transcribed,no,medium,
S-536,IU-536,UNASSIGNED,Unassigned / outside current Stage 1 regions,bf8890fd1432d1b48ca079af125ce9c0ad2c521c,bf8890fd14,5340.791135622445,47182.05816863618,27.21,98.99,474.0,419.0,0.0,"L-074,L-065",L-074: OFFLINE FIRST CAN TRY TO GET DATA UNTIL IT NEED RETRIES RETRIES WILL BE QUEUED CAN TRY TO GET DATA FROM CACHE | L-065: REMOVEQUERIES RESETQUERIES,not-transcribed,no,medium,
S-537,IU-537,UNASSIGNED,Unassigned / outside current Stage 1 regions,704b3107956b505528430504aa95880b31391fa5,704b310795,9780.865283164763,47257.47087189295,49.84,99.14,552.0,375.0,0.0,"L-074,L-065",L-074: OFFLINE FIRST CAN TRY TO GET DATA UNTIL IT NEED RETRIES RETRIES WILL BE QUEUED CAN TRY TO GET DATA FROM CACHE | L-065: REMOVEQUERIES RESETQUERIES,not-transcribed,no,medium,
