source_id,fileId_short,initial_candidate_band,coverage_status,current_region_decision,decision_is_final,must_recheck_before_region_close,decision_basis,review_notes,x,y,width,height,nearest_labels_for_search_only
S-001,3fb4712723,R01-left-testing-create-jsonpatch-shortcuts,unprocessed-stage0-candidate,,no,yes,Stage0 coordinate/label checklist only; not source of truth.,Must be visually/semantically checked during transcript pass.,4318.064,493.595,1114.0,369.0,"L-001: CREATE RESOURCE | L-007: dispose requestmessage and especiallty response message | L-014: NEED TO BUILD SOME CLEAR STEPS FOR USING HTTPCLIENT | L-006: quick | L-025: IF WE WANT, WE CAN ADD READING ON HEADERS ARRIVE"
S-002,8f3371b543,R01-left-testing-create-jsonpatch-shortcuts,unprocessed-stage0-candidate,,no,yes,Stage0 coordinate/label checklist only; not source of truth.,Must be visually/semantically checked during transcript pass.,39.517,497.856,760.0,482.0,"L-002: TESTING | L-001: CREATE RESOURCE | L-045: you cant set specific acept header for specific request with shortcusts, if you have diffe | L-043: Why not to use shortcuts all the time? | L-053: using Microsoft.AspNetCore.JsonPatch;"
S-003,e3fca9bd34,R01-left-testing-create-jsonpatch-shortcuts,unprocessed-stage0-candidate,,no,yes,Stage0 coordinate/label checklist only; not source of truth.,Must be visually/semantically checked during transcript pass.,926.46,508.097,695.0,482.0,"L-002: TESTING | L-001: CREATE RESOURCE | L-045: you cant set specific acept header for specific request with shortcusts, if you have diffe | L-043: Why not to use shortcuts all the time? | L-053: using Microsoft.AspNetCore.JsonPatch;"
S-004,7bf2390123,R03-theory-typed-client-jsonoptions-part1,unprocessed-stage0-candidate,,no,yes,Stage0 coordinate/label checklist only; not source of truth.,Must be visually/semantically checked during transcript pass.,16205.417,722.339,1277.0,369.0,L-015: Factory will automatocally creqate instance of httpclient | L-003: TYPED HTTPCLINET | L-022: Injecting via constructor | L-008: configuring default json options with jsonoptions wrapper | L-033: !!!
S-005,9976193b53,R01-left-testing-create-jsonpatch-shortcuts,unprocessed-stage0-candidate,,no,yes,Stage0 coordinate/label checklist only; not source of truth.,Must be visually/semantically checked during transcript pass.,3155.014,864.577,837.0,409.0,"L-001: CREATE RESOURCE | L-002: TESTING | L-043: Why not to use shortcuts all the time? | L-045: you cant set specific acept header for specific request with shortcusts, if you have diffe | L-007: dispose requestmessage and especiallty response message"
S-006,51aa89fb6b,R02-base-usage-quick-headers-dispose,unprocessed-stage0-candidate,,no,yes,Stage0 coordinate/label checklist only; not source of truth.,Must be visually/semantically checked during transcript pass.,10196.455,909.359,1383.0,369.0,"L-004: accept/contenttype headers, | L-005: sometheory | L-021: when getting objects stream | L-023: often there is a pipeline of handlers | L-019: default, but not all message hand;ers"
S-007,b65a03d109,R03-theory-typed-client-jsonoptions-part1,unprocessed-stage0-candidate,,no,yes,Stage0 coordinate/label checklist only; not source of truth.,Must be visually/semantically checked during transcript pass.,12267.022,915.452,1004.0,369.0,"L-005: sometheory | L-019: default, but not all message hand;ers | L-023: often there is a pipeline of handlers | L-024: there can be a caching handler that instead of | L-004: accept/contenttype headers,"
S-008,c4bcad034a,R02-base-usage-quick-headers-dispose,unprocessed-stage0-candidate,,no,yes,Stage0 coordinate/label checklist only; not source of truth.,Must be visually/semantically checked during transcript pass.,7746.759,917.461,801.0,139.0,"L-006: quick | L-007: dispose requestmessage and especiallty response message | L-014: NEED TO BUILD SOME CLEAR STEPS FOR USING HTTPCLIENT | L-021: when getting objects stream | L-025: IF WE WANT, WE CAN ADD READING ON HEADERS ARRIVE"
S-009,51c71f9000,R01-left-testing-create-jsonpatch-shortcuts,unprocessed-stage0-candidate,,no,yes,Stage0 coordinate/label checklist only; not source of truth.,Must be visually/semantically checked during transcript pass.,5474.552,996.45,942.0,237.0,"L-001: CREATE RESOURCE | L-007: dispose requestmessage and especiallty response message | L-014: NEED TO BUILD SOME CLEAR STEPS FOR USING HTTPCLIENT | L-006: quick | L-025: IF WE WANT, WE CAN ADD READING ON HEADERS ARRIVE"
S-010,53815676e5,R01-left-testing-create-jsonpatch-shortcuts,unprocessed-stage0-candidate,,no,yes,Stage0 coordinate/label checklist only; not source of truth.,Must be visually/semantically checked during transcript pass.,15.115,997.851,800.0,482.0,"L-002: TESTING | L-001: CREATE RESOURCE | L-045: you cant set specific acept header for specific request with shortcusts, if you have diffe | L-043: Why not to use shortcuts all the time? | L-053: using Microsoft.AspNetCore.JsonPatch;"
S-011,759199bd50,R01-left-testing-create-jsonpatch-shortcuts,unprocessed-stage0-candidate,,no,yes,Stage0 coordinate/label checklist only; not source of truth.,Must be visually/semantically checked during transcript pass.,4405.351,1019.968,799.0,402.0,"L-001: CREATE RESOURCE | L-007: dispose requestmessage and especiallty response message | L-014: NEED TO BUILD SOME CLEAR STEPS FOR USING HTTPCLIENT | L-006: quick | L-025: IF WE WANT, WE CAN ADD READING ON HEADERS ARRIVE"
S-012,899275bdc4,R01-left-testing-create-jsonpatch-shortcuts,unprocessed-stage0-candidate,,no,yes,Stage0 coordinate/label checklist only; not source of truth.,Must be visually/semantically checked during transcript pass.,921.485,1050.46,828.0,482.0,"L-002: TESTING | L-001: CREATE RESOURCE | L-045: you cant set specific acept header for specific request with shortcusts, if you have diffe | L-043: Why not to use shortcuts all the time? | L-053: using Microsoft.AspNetCore.JsonPatch;"
S-013,eae241cd1a,R01-left-testing-create-jsonpatch-shortcuts,unprocessed-stage0-candidate,,no,yes,Stage0 coordinate/label checklist only; not source of truth.,Must be visually/semantically checked during transcript pass.,5459.931,1270.041,867.0,228.0,"L-007: dispose requestmessage and especiallty response message | L-014: NEED TO BUILD SOME CLEAR STEPS FOR USING HTTPCLIENT | L-001: CREATE RESOURCE | L-006: quick | L-025: IF WE WANT, WE CAN ADD READING ON HEADERS ARRIVE"
S-014,63132f3c04,R03-theory-typed-client-jsonoptions-part1,unprocessed-stage0-candidate,,no,yes,Stage0 coordinate/label checklist only; not source of truth.,Must be visually/semantically checked during transcript pass.,16500.243,1273.071,702.0,347.0,L-015: Factory will automatocally creqate instance of httpclient | L-022: Injecting via constructor | L-003: TYPED HTTPCLINET | L-008: configuring default json options with jsonoptions wrapper | L-033: !!!
S-015,16a7615910,R04-jsonoptions-wrapper-typed-client-methods,unprocessed-stage0-candidate,,no,yes,Stage0 coordinate/label checklist only; not source of truth.,Must be visually/semantically checked during transcript pass.,19185.988,1277.15,846.0,307.0,L-008: configuring default json options with jsonoptions wrapper | L-009: need a workaround | L-017: injecting though constructor and using | L-010: can potentially use different wrappers for different | L-015: Factory will automatocally creqate instance of httpclient
S-016,c18f77f29d,R04-jsonoptions-wrapper-typed-client-methods,unprocessed-stage0-candidate,,no,yes,Stage0 coordinate/label checklist only; not source of truth.,Must be visually/semantically checked during transcript pass.,20620.986,1281.735,795.0,369.0,L-010: can potentially use different wrappers for different | L-009: need a workaround | L-017: injecting though constructor and using | L-008: configuring default json options with jsonoptions wrapper | L-013: problems without httpclient factory
S-017,e7694c37c4,R01-left-testing-create-jsonpatch-shortcuts,unprocessed-stage0-candidate,,no,yes,Stage0 coordinate/label checklist only; not source of truth.,Must be visually/semantically checked during transcript pass.,3153.348,1293.911,811.0,273.0,"L-001: CREATE RESOURCE | L-002: TESTING | L-043: Why not to use shortcuts all the time? | L-045: you cant set specific acept header for specific request with shortcusts, if you have diffe | L-047: Need to use Json.Net for this"
S-018,aa57b2858b,R03-theory-typed-client-jsonoptions-part1,unprocessed-stage0-candidate,,no,yes,Stage0 coordinate/label checklist only; not source of truth.,Must be visually/semantically checked during transcript pass.,12330.084,1412.674,682.0,369.0,"L-019: default, but not all message hand;ers | L-023: often there is a pipeline of handlers | L-005: sometheory | L-024: there can be a caching handler that instead of | L-030: ADD ACCEPT HEADERS"
S-019,08d487651c,R02-base-usage-quick-headers-dispose,unprocessed-stage0-candidate,,no,yes,Stage0 coordinate/label checklist only; not source of truth.,Must be visually/semantically checked during transcript pass.,10584.399,1436.366,649.0,482.0,"L-004: accept/contenttype headers, | L-021: when getting objects stream | L-023: often there is a pipeline of handlers | L-005: sometheory | L-030: ADD ACCEPT HEADERS"
S-020,a390fb1d24,R01-left-testing-create-jsonpatch-shortcuts,unprocessed-stage0-candidate,,no,yes,Stage0 coordinate/label checklist only; not source of truth.,Must be visually/semantically checked during transcript pass.,10.0,1502.361,853.0,411.0,"L-002: TESTING | L-001: CREATE RESOURCE | L-045: you cant set specific acept header for specific request with shortcusts, if you have diffe | L-053: using Microsoft.AspNetCore.JsonPatch; | L-043: Why not to use shortcuts all the time?"
S-021,02556c5bf1,R01-left-testing-create-jsonpatch-shortcuts,unprocessed-stage0-candidate,,no,yes,Stage0 coordinate/label checklist only; not source of truth.,Must be visually/semantically checked during transcript pass.,915.932,1553.263,915.0,359.0,"L-002: TESTING | L-001: CREATE RESOURCE | L-045: you cant set specific acept header for specific request with shortcusts, if you have diffe | L-043: Why not to use shortcuts all the time? | L-053: using Microsoft.AspNetCore.JsonPatch;"
S-022,595c530b7e,R01-left-testing-create-jsonpatch-shortcuts,unprocessed-stage0-candidate,,no,yes,Stage0 coordinate/label checklist only; not source of truth.,Must be visually/semantically checked during transcript pass.,4335.761,1609.244,996.0,369.0,"L-001: CREATE RESOURCE | L-014: NEED TO BUILD SOME CLEAR STEPS FOR USING HTTPCLIENT | L-007: dispose requestmessage and especiallty response message | L-025: IF WE WANT, WE CAN ADD READING ON HEADERS ARRIVE | L-043: Why not to use shortcuts all the time?"
S-023,8dc7cd5bb8,R04-jsonoptions-wrapper-typed-client-methods,unprocessed-stage0-candidate,,no,yes,Stage0 coordinate/label checklist only; not source of truth.,Must be visually/semantically checked during transcript pass.,19187.7,1643.059,765.0,317.0,L-008: configuring default json options with jsonoptions wrapper | L-017: injecting though constructor and using | L-009: need a workaround | L-010: can potentially use different wrappers for different | L-015: Factory will automatocally creqate instance of httpclient
S-024,9cb8f585c2,R04-jsonoptions-wrapper-typed-client-methods,unprocessed-stage0-candidate,,no,yes,Stage0 coordinate/label checklist only; not source of truth.,Must be visually/semantically checked during transcript pass.,20637.153,1717.135,800.0,111.0,L-017: injecting though constructor and using | L-010: can potentially use different wrappers for different | L-009: need a workaround | L-008: configuring default json options with jsonoptions wrapper | L-013: problems without httpclient factory
S-025,a9defbc143,R03-theory-typed-client-jsonoptions-part1,unprocessed-stage0-candidate,,no,yes,Stage0 coordinate/label checklist only; not source of truth.,Must be visually/semantically checked during transcript pass.,16366.638,1789.547,1026.0,198.0,"L-015: Factory will automatocally creqate instance of httpclient | L-022: Injecting via constructor | L-003: TYPED HTTPCLINET | L-033: !!! | L-034: IJ youve configured custom handler in program cs, you must not override it in client class"
S-026,78b1a7e45e,R02-base-usage-quick-headers-dispose,unprocessed-stage0-candidate,,no,yes,Stage0 coordinate/label checklist only; not source of truth.,Must be visually/semantically checked during transcript pass.,7815.623,1817.155,949.0,190.0,"L-014: NEED TO BUILD SOME CLEAR STEPS FOR USING HTTPCLIENT | L-025: IF WE WANT, WE CAN ADD READING ON HEADERS ARRIVE | L-007: dispose requestmessage and especiallty response message | L-027: CAN READ AS STRING AND SERIALIZE | L-021: when getting objects stream"
S-027,02f4e55788,R06-global-config-primary-handler-basics,unprocessed-stage0-candidate,,no,yes,Stage0 coordinate/label checklist only; not source of truth.,Must be visually/semantically checked during transcript pass.,32292.464,1834.889,860.0,467.0,L-011: global httpclient config | L-026: global timeout via client.timeout and | L-044: primaryhandlers | L-018: flow | L-055: !!!
S-028,81fa18a583,R03-theory-typed-client-jsonoptions-part1,unprocessed-stage0-candidate,,no,yes,Stage0 coordinate/label checklist only; not source of truth.,Must be visually/semantically checked during transcript pass.,12335.578,1846.007,654.0,369.0,"L-023: often there is a pipeline of handlers | L-019: default, but not all message hand;ers | L-024: there can be a caching handler that instead of | L-005: sometheory | L-030: ADD ACCEPT HEADERS"
S-029,b1eb8ee2ca,R02-base-usage-quick-headers-dispose,unprocessed-stage0-candidate,,no,yes,Stage0 coordinate/label checklist only; not source of truth.,Must be visually/semantically checked during transcript pass.,10581.557,1944.194,846.0,462.0,L-023: often there is a pipeline of handlers | L-030: ADD ACCEPT HEADERS | L-021: when getting objects stream | L-031: CHECK RESPONSE CONTENT-TYPE | L-005: sometheory
S-030,5125d7d35c,R04-jsonoptions-wrapper-typed-client-methods,unprocessed-stage0-candidate,,no,yes,Stage0 coordinate/label checklist only; not source of truth.,Must be visually/semantically checked during transcript pass.,19215.458,2011.059,661.0,381.0,L-008: configuring default json options with jsonoptions wrapper | L-017: injecting though constructor and using | L-009: need a workaround | L-010: can potentially use different wrappers for different | L-022: Injecting via constructor
S-031,56bace4a62,R02-base-usage-quick-headers-dispose,unprocessed-stage0-candidate,,no,yes,Stage0 coordinate/label checklist only; not source of truth.,Must be visually/semantically checked during transcript pass.,7800.861,2024.369,1169.0,187.0,"L-025: IF WE WANT, WE CAN ADD READING ON HEADERS ARRIVE | L-014: NEED TO BUILD SOME CLEAR STEPS FOR USING HTTPCLIENT | L-027: CAN READ AS STRING AND SERIALIZE | L-028: CAN READ AS JSON | L-021: when getting objects stream"
S-032,4d24af0060,R01-left-testing-create-jsonpatch-shortcuts,unprocessed-stage0-candidate,,no,yes,Stage0 coordinate/label checklist only; not source of truth.,Must be visually/semantically checked during transcript pass.,6115.407,2046.426,782.0,459.0,"L-025: IF WE WANT, WE CAN ADD READING ON HEADERS ARRIVE | L-014: NEED TO BUILD SOME CLEAR STEPS FOR USING HTTPCLIENT | L-027: CAN READ AS STRING AND SERIALIZE | L-028: CAN READ AS JSON | L-007: dispose requestmessage and especiallty response message"
S-033,21589d7eb7,R04-jsonoptions-wrapper-typed-client-methods,unprocessed-stage0-candidate,,no,yes,Stage0 coordinate/label checklist only; not source of truth.,Must be visually/semantically checked during transcript pass.,20550.315,2060.747,917.0,369.0,L-017: injecting though constructor and using | L-010: can potentially use different wrappers for different | L-009: need a workaround | L-008: configuring default json options with jsonoptions wrapper | L-013: problems without httpclient factory
S-034,606f4408a0,R02-base-usage-quick-headers-dispose,unprocessed-stage0-candidate,,no,yes,Stage0 coordinate/label checklist only; not source of truth.,Must be visually/semantically checked during transcript pass.,6949.465,2061.678,577.0,403.0,"L-025: IF WE WANT, WE CAN ADD READING ON HEADERS ARRIVE | L-014: NEED TO BUILD SOME CLEAR STEPS FOR USING HTTPCLIENT | L-027: CAN READ AS STRING AND SERIALIZE | L-028: CAN READ AS JSON | L-007: dispose requestmessage and especiallty response message"
S-035,4de3ef0ba4,R05A-factory-lifetime-reuse-dns-upper,unprocessed-stage0-candidate,,no,yes,Stage0 coordinate/label checklist only; not source of truth.,Must be visually/semantically checked during transcript pass.,25195.726,2069.161,1037.0,369.0,L-029: reusing connections | L-020: need to clarify evr after computer network course | L-032: as administrator | L-016: basic theo | L-013: problems without httpclient factory
S-036,90f64b764a,R01-left-testing-create-jsonpatch-shortcuts,unprocessed-stage0-candidate,,no,yes,Stage0 coordinate/label checklist only; not source of truth.,Must be visually/semantically checked during transcript pass.,4420.629,2093.024,764.0,367.0,"L-001: CREATE RESOURCE | L-043: Why not to use shortcuts all the time? | L-045: you cant set specific acept header for specific request with shortcusts, if you have diffe | L-047: Need to use Json.Net for this | L-014: NEED TO BUILD SOME CLEAR STEPS FOR USING HTTPCLIENT"
S-037,75ffd6bf0e,R05A-factory-lifetime-reuse-dns-upper,unprocessed-stage0-candidate,,no,yes,Stage0 coordinate/label checklist only; not source of truth.,Must be visually/semantically checked during transcript pass.,27482.009,2111.476,770.0,442.0,L-016: basic theo | L-012: newwer | L-018: flow | L-029: reusing connections | L-037: after http client is disposed
S-038,dea06952fb,R05A-factory-lifetime-reuse-dns-upper,unprocessed-stage0-candidate,,no,yes,Stage0 coordinate/label checklist only; not source of truth.,Must be visually/semantically checked during transcript pass.,28717.863,2171.251,654.0,482.0,L-018: flow | L-016: basic theo | L-012: newwer | L-026: global timeout via client.timeout and | L-029: reusing connections
S-039,e3c87ff97f,R02-base-usage-quick-headers-dispose,unprocessed-stage0-candidate,,no,yes,Stage0 coordinate/label checklist only; not source of truth.,Must be visually/semantically checked during transcript pass.,9195.2,2264.835,883.0,482.0,"L-021: when getting objects stream | L-027: CAN READ AS STRING AND SERIALIZE | L-028: CAN READ AS JSON | L-025: IF WE WANT, WE CAN ADD READING ON HEADERS ARRIVE | L-014: NEED TO BUILD SOME CLEAR STEPS FOR USING HTTPCLIENT"
S-040,ca3e87285a,R02-base-usage-quick-headers-dispose,unprocessed-stage0-candidate,,no,yes,Stage0 coordinate/label checklist only; not source of truth.,Must be visually/semantically checked during transcript pass.,7746.218,2266.179,1316.0,314.0,"L-025: IF WE WANT, WE CAN ADD READING ON HEADERS ARRIVE | L-027: CAN READ AS STRING AND SERIALIZE | L-028: CAN READ AS JSON | L-021: when getting objects stream | L-014: NEED TO BUILD SOME CLEAR STEPS FOR USING HTTPCLIENT"
S-041,aa442ba0a4,R03-theory-typed-client-jsonoptions-part1,unprocessed-stage0-candidate,,no,yes,Stage0 coordinate/label checklist only; not source of truth.,Must be visually/semantically checked during transcript pass.,16354.832,2270.487,877.0,369.0,"L-022: Injecting via constructor | L-015: Factory will automatocally creqate instance of httpclient | L-033: !!! | L-034: IJ youve configured custom handler in program cs, you must not override it in client class | L-003: TYPED HTTPCLINET"
S-042,f6b364a8de,R06-global-config-primary-handler-basics,unprocessed-stage0-candidate,,no,yes,Stage0 coordinate/label checklist only; not source of truth.,Must be visually/semantically checked during transcript pass.,32282.919,2312.086,886.0,282.0,L-011: global httpclient config | L-026: global timeout via client.timeout and | L-044: primaryhandlers | L-018: flow | L-055: !!!
S-043,505aaab8bb,R03-theory-typed-client-jsonoptions-part1,unprocessed-stage0-candidate,,no,yes,Stage0 coordinate/label checklist only; not source of truth.,Must be visually/semantically checked during transcript pass.,12386.933,2392.691,621.0,349.0,"L-023: often there is a pipeline of handlers | L-024: there can be a caching handler that instead of | L-019: default, but not all message hand;ers | L-030: ADD ACCEPT HEADERS | L-031: CHECK RESPONSE CONTENT-TYPE"
S-044,718a612360,R02-base-usage-quick-headers-dispose,unprocessed-stage0-candidate,,no,yes,Stage0 coordinate/label checklist only; not source of truth.,Must be visually/semantically checked during transcript pass.,10591.057,2427.285,827.0,434.0,L-030: ADD ACCEPT HEADERS | L-031: CHECK RESPONSE CONTENT-TYPE | L-023: often there is a pipeline of handlers | L-021: when getting objects stream | L-035: by default preference =1
S-045,f935ba97ef,R05A-factory-lifetime-reuse-dns-upper,unprocessed-stage0-candidate,,no,yes,Stage0 coordinate/label checklist only; not source of truth.,Must be visually/semantically checked during transcript pass.,23676.768,2438.767,919.0,323.0,L-020: need to clarify evr after computer network course | L-013: problems without httpclient factory | L-032: as administrator | L-029: reusing connections | L-037: after http client is disposed
S-046,2d92d09ce1,R04-jsonoptions-wrapper-typed-client-methods,unprocessed-stage0-candidate,,no,yes,Stage0 coordinate/label checklist only; not source of truth.,Must be visually/semantically checked during transcript pass.,19215.813,2459.186,746.0,482.0,L-017: injecting though constructor and using | L-008: configuring default json options with jsonoptions wrapper | L-009: need a workaround | L-010: can potentially use different wrappers for different | L-022: Injecting via constructor
S-047,3626ffdf9f,R04-jsonoptions-wrapper-typed-client-methods,unprocessed-stage0-candidate,,no,yes,Stage0 coordinate/label checklist only; not source of truth.,Must be visually/semantically checked during transcript pass.,20547.918,2464.548,776.0,110.0,L-017: injecting though constructor and using | L-010: can potentially use different wrappers for different | L-009: need a workaround | L-008: configuring default json options with jsonoptions wrapper | L-013: problems without httpclient factory
S-048,6773f6cb70,R05A-factory-lifetime-reuse-dns-upper,unprocessed-stage0-candidate,,no,yes,Stage0 coordinate/label checklist only; not source of truth.,Must be visually/semantically checked during transcript pass.,25103.979,2546.737,1172.0,369.0,L-029: reusing connections | L-032: as administrator | L-020: need to clarify evr after computer network course | L-037: after http client is disposed | L-016: basic theo
S-049,532c8597a5,R05A-factory-lifetime-reuse-dns-upper,unprocessed-stage0-candidate,,no,yes,Stage0 coordinate/label checklist only; not source of truth.,Must be visually/semantically checked during transcript pass.,27494.724,2579.238,836.0,276.0,L-016: basic theo | L-018: flow | L-012: newwer | L-029: reusing connections | L-037: after http client is disposed
S-050,4790046314,R01-left-testing-create-jsonpatch-shortcuts,unprocessed-stage0-candidate,,no,yes,Stage0 coordinate/label checklist only; not source of truth.,Must be visually/semantically checked during transcript pass.,4292.151,2581.466,1113.0,369.0,"L-043: Why not to use shortcuts all the time? | L-045: you cant set specific acept header for specific request with shortcusts, if you have diffe | L-047: Need to use Json.Net for this | L-001: CREATE RESOURCE | L-036: contenttype headers on"
S-051,5a0ef35823,R04-jsonoptions-wrapper-typed-client-methods,unprocessed-stage0-candidate,,no,yes,Stage0 coordinate/label checklist only; not source of truth.,Must be visually/semantically checked during transcript pass.,20517.11,2596.116,887.0,116.0,L-017: injecting though constructor and using | L-010: can potentially use different wrappers for different | L-009: need a workaround | L-008: configuring default json options with jsonoptions wrapper | L-013: problems without httpclient factory
S-052,ca9face7c3,R05A-factory-lifetime-reuse-dns-upper,unprocessed-stage0-candidate,,no,yes,Stage0 coordinate/label checklist only; not source of truth.,Must be visually/semantically checked during transcript pass.,28682.442,2671.122,961.0,294.0,L-018: flow | L-016: basic theo | L-012: newwer | L-026: global timeout via client.timeout and | L-044: primaryhandlers
S-053,578166625d,R02-base-usage-quick-headers-dispose,unprocessed-stage0-candidate,,no,yes,Stage0 coordinate/label checklist only; not source of truth.,Must be visually/semantically checked during transcript pass.,7764.914,2714.943,1119.0,158.0,"L-027: CAN READ AS STRING AND SERIALIZE | L-028: CAN READ AS JSON | L-025: IF WE WANT, WE CAN ADD READING ON HEADERS ARRIVE | L-021: when getting objects stream | L-014: NEED TO BUILD SOME CLEAR STEPS FOR USING HTTPCLIENT"
S-054,ae9801c095,R03-theory-typed-client-jsonoptions-part1,unprocessed-stage0-candidate,,no,yes,Stage0 coordinate/label checklist only; not source of truth.,Must be visually/semantically checked during transcript pass.,16380.004,2765.548,760.0,369.0,"L-022: Injecting via constructor | L-015: Factory will automatocally creqate instance of httpclient | L-034: IJ youve configured custom handler in program cs, you must not override it in client class | L-033: !!! | L-041: we will create specific methods to interact with api,"
S-055,1445cf4807,R05A-factory-lifetime-reuse-dns-upper,unprocessed-stage0-candidate,,no,yes,Stage0 coordinate/label checklist only; not source of truth.,Must be visually/semantically checked during transcript pass.,23630.291,2806.084,1021.0,319.0,L-020: need to clarify evr after computer network course | L-032: as administrator | L-013: problems without httpclient factory | L-029: reusing connections | L-037: after http client is disposed
S-056,fb5f1de2bb,R02-base-usage-quick-headers-dispose,unprocessed-stage0-candidate,,no,yes,Stage0 coordinate/label checklist only; not source of truth.,Must be visually/semantically checked during transcript pass.,10573.603,2870.27,811.0,365.0,L-030: ADD ACCEPT HEADERS | L-031: CHECK RESPONSE CONTENT-TYPE | L-023: often there is a pipeline of handlers | L-035: by default preference =1 | L-021: when getting objects stream
S-057,4fc0e865d4,R05A-factory-lifetime-reuse-dns-upper,unprocessed-stage0-candidate,,no,yes,Stage0 coordinate/label checklist only; not source of truth.,Must be visually/semantically checked during transcript pass.,27545.373,2889.415,838.0,482.0,L-016: basic theo | L-018: flow | L-029: reusing connections | L-012: newwer | L-037: after http client is disposed
S-058,9b584e4647,R03-theory-typed-client-jsonoptions-part1,unprocessed-stage0-candidate,,no,yes,Stage0 coordinate/label checklist only; not source of truth.,Must be visually/semantically checked during transcript pass.,12289.569,2930.246,796.0,478.0,"L-024: there can be a caching handler that instead of | L-023: often there is a pipeline of handlers | L-019: default, but not all message hand;ers | L-030: ADD ACCEPT HEADERS | L-031: CHECK RESPONSE CONTENT-TYPE"
S-059,fb0030f6ab,R05A-factory-lifetime-reuse-dns-upper,unprocessed-stage0-candidate,,no,yes,Stage0 coordinate/label checklist only; not source of truth.,Must be visually/semantically checked during transcript pass.,28771.68,2986.026,653.0,388.0,L-018: flow | L-016: basic theo | L-012: newwer | L-026: global timeout via client.timeout and | L-044: primaryhandlers
S-060,a9ad00af65,R01-left-testing-create-jsonpatch-shortcuts,unprocessed-stage0-candidate,,no,yes,Stage0 coordinate/label checklist only; not source of truth.,Must be visually/semantically checked during transcript pass.,4444.406,3068.913,792.0,273.0,"L-043: Why not to use shortcuts all the time? | L-045: you cant set specific acept header for specific request with shortcusts, if you have diffe | L-047: Need to use Json.Net for this | L-036: contenttype headers on | L-052: We need to return patch document of changes"
S-061,d9f6fc1700,R05A-factory-lifetime-reuse-dns-upper,unprocessed-stage0-candidate,,no,yes,Stage0 coordinate/label checklist only; not source of truth.,Must be visually/semantically checked during transcript pass.,25149.735,3085.943,647.0,369.0,L-032: as administrator | L-029: reusing connections | L-037: after http client is disposed | L-038: when you disposing socket with | L-020: need to clarify evr after computer network course
S-062,662c286ca4,R02-base-usage-quick-headers-dispose,unprocessed-stage0-candidate,,no,yes,Stage0 coordinate/label checklist only; not source of truth.,Must be visually/semantically checked during transcript pass.,8226.061,3156.989,965.0,113.0,"L-028: CAN READ AS JSON | L-027: CAN READ AS STRING AND SERIALIZE | L-025: IF WE WANT, WE CAN ADD READING ON HEADERS ARRIVE | L-021: when getting objects stream | L-014: NEED TO BUILD SOME CLEAR STEPS FOR USING HTTPCLIENT"
S-063,9ed36b90e1,R05A-factory-lifetime-reuse-dns-upper,unprocessed-stage0-candidate,,no,yes,Stage0 coordinate/label checklist only; not source of truth.,Must be visually/semantically checked during transcript pass.,23648.265,3169.428,778.0,482.0,L-020: need to clarify evr after computer network course | L-032: as administrator | L-013: problems without httpclient factory | L-029: reusing connections | L-046: using one httpclient
S-064,018ea05bc7,R04-jsonoptions-wrapper-typed-client-methods,unprocessed-stage0-candidate,,no,yes,Stage0 coordinate/label checklist only; not source of truth.,Must be visually/semantically checked during transcript pass.,19215.612,3187.316,752.0,364.0,L-017: injecting though constructor and using | L-008: configuring default json options with jsonoptions wrapper | L-009: need a workaround | L-010: can potentially use different wrappers for different | L-022: Injecting via constructor
S-065,36a499917e,R02-base-usage-quick-headers-dispose,unprocessed-stage0-candidate,,no,yes,Stage0 coordinate/label checklist only; not source of truth.,Must be visually/semantically checked during transcript pass.,7427.782,3191.221,685.0,482.0,"L-028: CAN READ AS JSON | L-027: CAN READ AS STRING AND SERIALIZE | L-025: IF WE WANT, WE CAN ADD READING ON HEADERS ARRIVE | L-036: contenttype headers on | L-014: NEED TO BUILD SOME CLEAR STEPS FOR USING HTTPCLIENT"
S-066,c6bc5c08c8,R03-theory-typed-client-jsonoptions-part1,unprocessed-stage0-candidate,,no,yes,Stage0 coordinate/label checklist only; not source of truth.,Must be visually/semantically checked during transcript pass.,16085.043,3235.919,1179.0,369.0,"L-034: IJ youve configured custom handler in program cs, you must not override it in client class | L-033: !!! | L-022: Injecting via constructor | L-041: we will create specific methods to interact with api, | L-040: Adding jsonoptonswrapper"
S-067,8534de729d,R02-base-usage-quick-headers-dispose,unprocessed-stage0-candidate,,no,yes,Stage0 coordinate/label checklist only; not source of truth.,Must be visually/semantically checked during transcript pass.,8302.458,3316.787,857.0,482.0,"L-028: CAN READ AS JSON | L-027: CAN READ AS STRING AND SERIALIZE | L-025: IF WE WANT, WE CAN ADD READING ON HEADERS ARRIVE | L-021: when getting objects stream | L-036: contenttype headers on"
S-068,ac018a01a6,R02-base-usage-quick-headers-dispose,unprocessed-stage0-candidate,,no,yes,Stage0 coordinate/label checklist only; not source of truth.,Must be visually/semantically checked during transcript pass.,10634.632,3376.864,716.0,270.0,L-030: ADD ACCEPT HEADERS | L-031: CHECK RESPONSE CONTENT-TYPE | L-035: by default preference =1 | L-039: in our case will return json even if xml is default for | L-023: often there is a pipeline of handlers
S-069,f6a3dd3870,R05A-factory-lifetime-reuse-dns-upper,unprocessed-stage0-candidate,,no,yes,Stage0 coordinate/label checklist only; not source of truth.,Must be visually/semantically checked during transcript pass.,28804.752,3419.503,724.0,462.0,L-018: flow | L-044: primaryhandlers | L-026: global timeout via client.timeout and | L-016: basic theo | L-012: newwer
S-070,cd7dd2ccae,R05A-factory-lifetime-reuse-dns-upper,unprocessed-stage0-candidate,,no,yes,Stage0 coordinate/label checklist only; not source of truth.,Must be visually/semantically checked during transcript pass.,27571.938,3433.976,773.0,437.0,L-029: reusing connections | L-016: basic theo | L-018: flow | L-012: newwer | L-037: after http client is disposed
S-071,c84e1e316d,R06-global-config-primary-handler-basics,unprocessed-stage0-candidate,,no,yes,Stage0 coordinate/label checklist only; not source of truth.,Must be visually/semantically checked during transcript pass.,32230.982,3489.377,819.0,479.0,L-026: global timeout via client.timeout and | L-011: global httpclient config | L-044: primaryhandlers | L-055: !!! | L-018: flow
S-072,202081ee54,R05A-factory-lifetime-reuse-dns-upper,unprocessed-stage0-candidate,,no,yes,Stage0 coordinate/label checklist only; not source of truth.,Must be visually/semantically checked during transcript pass.,25138.825,3503.033,597.0,369.0,L-032: as administrator | L-029: reusing connections | L-037: after http client is disposed | L-038: when you disposing socket with | L-042: can lead to socket exsaustion
S-073,c581be05ae,R01-left-testing-create-jsonpatch-shortcuts,unprocessed-stage0-candidate,,no,yes,Stage0 coordinate/label checklist only; not source of truth.,Must be visually/semantically checked during transcript pass.,4340.251,3511.737,993.0,369.0,"L-043: Why not to use shortcuts all the time? | L-045: you cant set specific acept header for specific request with shortcusts, if you have diffe | L-047: Need to use Json.Net for this | L-036: contenttype headers on | L-052: We need to return patch document of changes"
S-074,96997841dd,R03-theory-typed-client-jsonoptions-part1,unprocessed-stage0-candidate,,no,yes,Stage0 coordinate/label checklist only; not source of truth.,Must be visually/semantically checked during transcript pass.,13174.392,3558.268,846.0,482.0,"L-024: there can be a caching handler that instead of | L-019: default, but not all message hand;ers | L-023: often there is a pipeline of handlers | L-030: ADD ACCEPT HEADERS | L-031: CHECK RESPONSE CONTENT-TYPE"
S-075,b3acc09f16,R03-theory-typed-client-jsonoptions-part1,unprocessed-stage0-candidate,,no,yes,Stage0 coordinate/label checklist only; not source of truth.,Must be visually/semantically checked during transcript pass.,12213.734,3558.686,902.0,445.0,L-031: CHECK RESPONSE CONTENT-TYPE | L-030: ADD ACCEPT HEADERS | L-024: there can be a caching handler that instead of | L-035: by default preference =1 | L-023: often there is a pipeline of handlers
S-076,c84560f23a,R04-jsonoptions-wrapper-typed-client-methods,unprocessed-stage0-candidate,,no,yes,Stage0 coordinate/label checklist only; not source of truth.,Must be visually/semantically checked during transcript pass.,19203.705,3601.493,756.0,482.0,"L-017: injecting though constructor and using | L-008: configuring default json options with jsonoptions wrapper | L-009: need a workaround | L-010: can potentially use different wrappers for different | L-041: we will create specific methods to interact with api,"
S-077,73602c0b97,R05A-factory-lifetime-reuse-dns-upper,unprocessed-stage0-candidate,,no,yes,Stage0 coordinate/label checklist only; not source of truth.,Must be visually/semantically checked during transcript pass.,26199.32,3657.223,964.0,219.0,L-029: reusing connections | L-037: after http client is disposed | L-038: when you disposing socket with | L-042: can lead to socket exsaustion | L-032: as administrator
S-078,98a5e7211f,R02-base-usage-quick-headers-dispose,unprocessed-stage0-candidate,,no,yes,Stage0 coordinate/label checklist only; not source of truth.,Must be visually/semantically checked during transcript pass.,10617.299,3664.975,764.0,356.0,L-031: CHECK RESPONSE CONTENT-TYPE | L-030: ADD ACCEPT HEADERS | L-035: by default preference =1 | L-039: in our case will return json even if xml is default for | L-023: often there is a pipeline of handlers
S-079,51119ed496,R05A-factory-lifetime-reuse-dns-upper,unprocessed-stage0-candidate,,no,yes,Stage0 coordinate/label checklist only; not source of truth.,Must be visually/semantically checked during transcript pass.,23665.196,3669.409,885.0,456.0,L-032: as administrator | L-020: need to clarify evr after computer network course | L-046: using one httpclient | L-037: after http client is disposed | L-038: when you disposing socket with
S-080,2c15b6f812,R03-theory-typed-client-jsonoptions-part1,unprocessed-stage0-candidate,,no,yes,Stage0 coordinate/label checklist only; not source of truth.,Must be visually/semantically checked during transcript pass.,16245.632,3722.339,809.0,369.0,"L-034: IJ youve configured custom handler in program cs, you must not override it in client class | L-033: !!! | L-041: we will create specific methods to interact with api, | L-040: Adding jsonoptonswrapper | L-048: creating method of our typed client"
S-081,7a7c07d105,R02-base-usage-quick-headers-dispose,unprocessed-stage0-candidate,,no,yes,Stage0 coordinate/label checklist only; not source of truth.,Must be visually/semantically checked during transcript pass.,7318.513,3787.21,999.0,287.0,"L-028: CAN READ AS JSON | L-027: CAN READ AS STRING AND SERIALIZE | L-036: contenttype headers on | L-025: IF WE WANT, WE CAN ADD READING ON HEADERS ARRIVE | L-021: when getting objects stream"
S-082,db43ffc48d,R05A-factory-lifetime-reuse-dns-upper,unprocessed-stage0-candidate,,no,yes,Stage0 coordinate/label checklist only; not source of truth.,Must be visually/semantically checked during transcript pass.,28795.8,3878.003,780.0,265.0,L-044: primaryhandlers | L-018: flow | L-026: global timeout via client.timeout and | L-016: basic theo | L-012: newwer
S-083,1cc06f04f6,R06-global-config-primary-handler-basics,unprocessed-stage0-candidate,,no,yes,Stage0 coordinate/label checklist only; not source of truth.,Must be visually/semantically checked during transcript pass.,32208.649,3984.377,869.0,179.0,L-026: global timeout via client.timeout and | L-044: primaryhandlers | L-055: !!! | L-011: global httpclient config | L-018: flow
S-084,0c02f2b966,R03-theory-typed-client-jsonoptions-part1,unprocessed-stage0-candidate,,no,yes,Stage0 coordinate/label checklist only; not source of truth.,Must be visually/semantically checked during transcript pass.,12259.345,4037.297,713.0,270.0,L-031: CHECK RESPONSE CONTENT-TYPE | L-035: by default preference =1 | L-030: ADD ACCEPT HEADERS | L-039: in our case will return json even if xml is default for | L-024: there can be a caching handler that instead of
S-085,5c497328bb,R02-base-usage-quick-headers-dispose,unprocessed-stage0-candidate,,no,yes,Stage0 coordinate/label checklist only; not source of truth.,Must be visually/semantically checked during transcript pass.,10628.466,4050.475,765.0,295.0,L-031: CHECK RESPONSE CONTENT-TYPE | L-035: by default preference =1 | L-030: ADD ACCEPT HEADERS | L-039: in our case will return json even if xml is default for | L-023: often there is a pipeline of handlers
S-086,e6551b014b,R05A-factory-lifetime-reuse-dns-upper,unprocessed-stage0-candidate,,no,yes,Stage0 coordinate/label checklist only; not source of truth.,Must be visually/semantically checked during transcript pass.,27532.105,4057.414,826.0,482.0,L-029: reusing connections | L-037: after http client is disposed | L-038: when you disposing socket with | L-042: can lead to socket exsaustion | L-050: we didnt disposed httpclient
S-087,94da25652f,R05A-factory-lifetime-reuse-dns-upper,unprocessed-stage0-candidate,,no,yes,Stage0 coordinate/label checklist only; not source of truth.,Must be visually/semantically checked during transcript pass.,25128.221,4086.896,1194.0,369.0,L-037: after http client is disposed | L-032: as administrator | L-038: when you disposing socket with | L-042: can lead to socket exsaustion | L-029: reusing connections
S-088,fa46d6b89b,R02-base-usage-quick-headers-dispose,unprocessed-stage0-candidate,,no,yes,Stage0 coordinate/label checklist only; not source of truth.,Must be visually/semantically checked during transcript pass.,7299.608,4098.091,953.0,370.0,"L-036: contenttype headers on | L-028: CAN READ AS JSON | L-027: CAN READ AS STRING AND SERIALIZE | L-025: IF WE WANT, WE CAN ADD READING ON HEADERS ARRIVE | L-021: when getting objects stream"
S-089,9523f5e209,R01-left-testing-create-jsonpatch-shortcuts,unprocessed-stage0-candidate,,no,yes,Stage0 coordinate/label checklist only; not source of truth.,Must be visually/semantically checked during transcript pass.,4461.649,4109.032,894.0,244.0,"L-043: Why not to use shortcuts all the time? | L-045: you cant set specific acept header for specific request with shortcusts, if you have diffe | L-047: Need to use Json.Net for this | L-052: We need to return patch document of changes | L-036: contenttype headers on"
S-090,9bbb7d8413,R05A-factory-lifetime-reuse-dns-upper,unprocessed-stage0-candidate,,no,yes,Stage0 coordinate/label checklist only; not source of truth.,Must be visually/semantically checked during transcript pass.,28811.99,4178.169,900.0,438.0,L-044: primaryhandlers | L-018: flow | L-026: global timeout via client.timeout and | L-016: basic theo | L-029: reusing connections
S-091,1f1cb142ff,R06-global-config-primary-handler-basics,unprocessed-stage0-candidate,,no,yes,Stage0 coordinate/label checklist only; not source of truth.,Must be visually/semantically checked during transcript pass.,32274.26,4180.673,640.0,299.0,L-026: global timeout via client.timeout and | L-044: primaryhandlers | L-055: !!! | L-011: global httpclient config | L-018: flow
S-092,cb4e7c0b4b,R05A-factory-lifetime-reuse-dns-upper,unprocessed-stage0-candidate,,no,yes,Stage0 coordinate/label checklist only; not source of truth.,Must be visually/semantically checked during transcript pass.,23638.321,4211.809,859.0,482.0,L-032: as administrator | L-046: using one httpclient | L-049: one connection instead of 10 | L-037: after http client is disposed | L-038: when you disposing socket with
S-093,a829e5da83,R03-theory-typed-client-jsonoptions-part1,unprocessed-stage0-candidate,,no,yes,Stage0 coordinate/label checklist only; not source of truth.,Must be visually/semantically checked during transcript pass.,12284.845,4338.575,662.0,383.0,L-035: by default preference =1 | L-031: CHECK RESPONSE CONTENT-TYPE | L-039: in our case will return json even if xml is default for | L-030: ADD ACCEPT HEADERS | L-024: there can be a caching handler that instead of
S-094,d603550ef4,R01-left-testing-create-jsonpatch-shortcuts,unprocessed-stage0-candidate,,no,yes,Stage0 coordinate/label checklist only; not source of truth.,Must be visually/semantically checked during transcript pass.,4422.328,4417.97,864.0,236.0,"L-043: Why not to use shortcuts all the time? | L-045: you cant set specific acept header for specific request with shortcusts, if you have diffe | L-047: Need to use Json.Net for this | L-052: We need to return patch document of changes | L-051: same api for text.json patchdocument"
S-095,ab81d807e9,R03-theory-typed-client-jsonoptions-part1,unprocessed-stage0-candidate,,no,yes,Stage0 coordinate/label checklist only; not source of truth.,Must be visually/semantically checked during transcript pass.,15855.297,4506.289,1328.0,369.0,"L-041: we will create specific methods to interact with api, | L-040: Adding jsonoptonswrapper | L-034: IJ youve configured custom handler in program cs, you must not override it in client class | L-033: !!! | L-048: creating method of our typed client"
S-096,12ea3c6755,R02-base-usage-quick-headers-dispose,unprocessed-stage0-candidate,,no,yes,Stage0 coordinate/label checklist only; not source of truth.,Must be visually/semantically checked during transcript pass.,10583.058,4541.528,849.0,369.0,L-039: in our case will return json even if xml is default for | L-035: by default preference =1 | L-031: CHECK RESPONSE CONTENT-TYPE | L-030: ADD ACCEPT HEADERS | L-058: when using httpclient defaultrequestheaders need to clear
S-097,cbb466d33d,R06-global-config-primary-handler-basics,unprocessed-stage0-candidate,,no,yes,Stage0 coordinate/label checklist only; not source of truth.,Must be visually/semantically checked during transcript pass.,32261.186,4599.191,698.0,279.0,L-055: !!! | L-044: primaryhandlers | L-026: global timeout via client.timeout and | L-011: global httpclient config | L-018: flow
S-098,19bd88e8e5,R05A-factory-lifetime-reuse-dns-upper,unprocessed-stage0-candidate,,no,yes,Stage0 coordinate/label checklist only; not source of truth.,Must be visually/semantically checked during transcript pass.,27548.055,4602.213,912.0,307.0,L-037: after http client is disposed | L-038: when you disposing socket with | L-042: can lead to socket exsaustion | L-029: reusing connections | L-050: we didnt disposed httpclient
S-099,eb50adc7f2,R03-theory-typed-client-jsonoptions-part1,unprocessed-stage0-candidate,,no,yes,Stage0 coordinate/label checklist only; not source of truth.,Must be visually/semantically checked during transcript pass.,13106.114,4612.271,784.0,482.0,L-035: by default preference =1 | L-039: in our case will return json even if xml is default for | L-031: CHECK RESPONSE CONTENT-TYPE | L-024: there can be a caching handler that instead of | L-030: ADD ACCEPT HEADERS
S-100,c4ed17e86e,R05A-factory-lifetime-reuse-dns-upper,unprocessed-stage0-candidate,,no,yes,Stage0 coordinate/label checklist only; not source of truth.,Must be visually/semantically checked during transcript pass.,28897.222,4647.442,634.0,482.0,L-044: primaryhandlers | L-026: global timeout via client.timeout and | L-018: flow | L-038: when you disposing socket with | L-029: reusing connections
S-101,b64ece815e,R05A-factory-lifetime-reuse-dns-upper,unprocessed-stage0-candidate,,no,yes,Stage0 coordinate/label checklist only; not source of truth.,Must be visually/semantically checked during transcript pass.,23584.124,4740.698,878.0,482.0,L-046: using one httpclient | L-049: one connection instead of 10 | L-032: as administrator | L-042: can lead to socket exsaustion | L-038: when you disposing socket with
S-102,26a5848998,R01-left-testing-create-jsonpatch-shortcuts,unprocessed-stage0-candidate,,no,yes,Stage0 coordinate/label checklist only; not source of truth.,Must be visually/semantically checked during transcript pass.,4359.297,4765.519,995.0,173.0,"L-043: Why not to use shortcuts all the time? | L-047: Need to use Json.Net for this | L-045: you cant set specific acept header for specific request with shortcusts, if you have diffe | L-052: We need to return patch document of changes | L-051: same api for text.json patchdocument"
S-103,7761600d47,R05A-factory-lifetime-reuse-dns-upper,unprocessed-stage0-candidate,,no,yes,Stage0 coordinate/label checklist only; not source of truth.,Must be visually/semantically checked during transcript pass.,25132.984,4770.547,752.0,369.0,L-046: using one httpclient | L-038: when you disposing socket with | L-042: can lead to socket exsaustion | L-037: after http client is disposed | L-049: one connection instead of 10
S-104,0b92f44dd0,R06-global-config-primary-handler-basics,unprocessed-stage0-candidate,,no,yes,Stage0 coordinate/label checklist only; not source of truth.,Must be visually/semantically checked during transcript pass.,32241.908,4918.58,781.0,458.0,L-055: !!! | L-044: primaryhandlers | L-026: global timeout via client.timeout and | L-011: global httpclient config | L-018: flow
S-105,1231584a7e,R05A-factory-lifetime-reuse-dns-upper,unprocessed-stage0-candidate,,no,yes,Stage0 coordinate/label checklist only; not source of truth.,Must be visually/semantically checked during transcript pass.,27632.817,4955.951,952.0,270.0,L-050: we didnt disposed httpclient | L-042: can lead to socket exsaustion | L-038: when you disposing socket with | L-037: after http client is disposed | L-044: primaryhandlers
S-106,60bbfbc2b4,R03-theory-typed-client-jsonoptions-part1,unprocessed-stage0-candidate,,no,yes,Stage0 coordinate/label checklist only; not source of truth.,Must be visually/semantically checked during transcript pass.,16005.639,5074.617,917.0,369.0,"L-041: we will create specific methods to interact with api, | L-040: Adding jsonoptonswrapper | L-048: creating method of our typed client | L-034: IJ youve configured custom handler in program cs, you must not override it in client class | L-033: !!!"
S-107,71ce8934ab,R02-base-usage-quick-headers-dispose,unprocessed-stage0-candidate,,no,yes,Stage0 coordinate/label checklist only; not source of truth.,Must be visually/semantically checked during transcript pass.,10605.598,5125.203,737.0,482.0,L-039: in our case will return json even if xml is default for | L-035: by default preference =1 | L-031: CHECK RESPONSE CONTENT-TYPE | L-058: when using httpclient defaultrequestheaders need to clear | L-030: ADD ACCEPT HEADERS
S-108,050a2dfd84,R05A-factory-lifetime-reuse-dns-upper,unprocessed-stage0-candidate,,no,yes,Stage0 coordinate/label checklist only; not source of truth.,Must be visually/semantically checked during transcript pass.,28830.016,5165.537,906.0,482.0,L-044: primaryhandlers | L-055: !!! | L-050: we didnt disposed httpclient | L-026: global timeout via client.timeout and | L-042: can lead to socket exsaustion
S-109,531617b257,R05A-factory-lifetime-reuse-dns-upper,unprocessed-stage0-candidate,,no,yes,Stage0 coordinate/label checklist only; not source of truth.,Must be visually/semantically checked during transcript pass.,27635.293,5251.117,1008.0,453.0,L-050: we didnt disposed httpclient | L-044: primaryhandlers | L-042: can lead to socket exsaustion | L-038: when you disposing socket with | L-037: after http client is disposed
S-110,f7edffa71a,R05A-factory-lifetime-reuse-dns-upper,unprocessed-stage0-candidate,,no,yes,Stage0 coordinate/label checklist only; not source of truth.,Must be visually/semantically checked during transcript pass.,25191.586,5298.589,606.0,369.0,L-046: using one httpclient | L-049: one connection instead of 10 | L-042: can lead to socket exsaustion | L-050: we didnt disposed httpclient | L-038: when you disposing socket with
S-111,a797db587b,R05A-factory-lifetime-reuse-dns-upper,unprocessed-stage0-candidate,,no,yes,Stage0 coordinate/label checklist only; not source of truth.,Must be visually/semantically checked during transcript pass.,23578.664,5305.743,926.0,290.0,L-049: one connection instead of 10 | L-046: using one httpclient | L-032: as administrator | L-060: When instantiates httpclient it takes handler(socket usually) from a pool | L-042: can lead to socket exsaustion
S-112,1fd653dc23,R01-left-testing-create-jsonpatch-shortcuts,unprocessed-stage0-candidate,,no,yes,Stage0 coordinate/label checklist only; not source of truth.,Must be visually/semantically checked during transcript pass.,4576.124,5410.887,1108.0,369.0,"L-047: Need to use Json.Net for this | L-043: Why not to use shortcuts all the time? | L-045: you cant set specific acept header for specific request with shortcusts, if you have diffe | L-052: We need to return patch document of changes | L-056: can do both typed and utyped version (untyped for dynamic sys when you dont have classes"
S-113,4bcc039635,R06-global-config-primary-handler-basics,unprocessed-stage0-candidate,,no,yes,Stage0 coordinate/label checklist only; not source of truth.,Must be visually/semantically checked during transcript pass.,32193.241,5440.08,825.0,455.0,L-055: !!! | L-044: primaryhandlers | L-026: global timeout via client.timeout and | L-011: global httpclient config | L-018: flow
S-114,87ece5e438,R02-base-usage-quick-headers-dispose,unprocessed-stage0-candidate,,no,yes,Stage0 coordinate/label checklist only; not source of truth.,Must be visually/semantically checked during transcript pass.,7514.317,5511.479,792.0,354.0,L-036: contenttype headers on | L-059: need to dispose | L-028: CAN READ AS JSON | L-027: CAN READ AS STRING AND SERIALIZE | L-047: Need to use Json.Net for this
S-115,1c60178e34,R03-theory-typed-client-jsonoptions-part1,unprocessed-stage0-candidate,,no,yes,Stage0 coordinate/label checklist only; not source of truth.,Must be visually/semantically checked during transcript pass.,16052.642,5632.193,728.0,369.0,"L-048: creating method of our typed client | L-041: we will create specific methods to interact with api, | L-040: Adding jsonoptonswrapper | L-054: can lead to calling api via uri that no | L-034: IJ youve configured custom handler in program cs, you must not override it in client class"
S-116,4d11b0dc3b,R02-base-usage-quick-headers-dispose,unprocessed-stage0-candidate,,no,yes,Stage0 coordinate/label checklist only; not source of truth.,Must be visually/semantically checked during transcript pass.,10557.217,5636.896,756.0,482.0,L-039: in our case will return json even if xml is default for | L-058: when using httpclient defaultrequestheaders need to clear | L-035: by default preference =1 | L-031: CHECK RESPONSE CONTENT-TYPE | L-070: !!!
S-117,abb69051cb,R05A-factory-lifetime-reuse-dns-upper,unprocessed-stage0-candidate,,no,yes,Stage0 coordinate/label checklist only; not source of truth.,Must be visually/semantically checked during transcript pass.,28824.038,5679.431,914.0,205.0,L-044: primaryhandlers | L-055: !!! | L-050: we didnt disposed httpclient | L-042: can lead to socket exsaustion | L-038: when you disposing socket with
S-118,6622bc9993,R05A-factory-lifetime-reuse-dns-upper,unprocessed-stage0-candidate,,no,yes,Stage0 coordinate/label checklist only; not source of truth.,Must be visually/semantically checked during transcript pass.,27699.255,5747.563,682.0,482.0,L-050: we didnt disposed httpclient | L-042: can lead to socket exsaustion | L-038: when you disposing socket with | L-037: after http client is disposed | L-044: primaryhandlers
S-119,65807b9357,R05A-factory-lifetime-reuse-dns-upper,unprocessed-stage0-candidate,,no,yes,Stage0 coordinate/label checklist only; not source of truth.,Must be visually/semantically checked during transcript pass.,24968.451,5827.845,1037.0,196.0,L-049: one connection instead of 10 | L-050: we didnt disposed httpclient | L-046: using one httpclient | L-042: can lead to socket exsaustion | L-038: when you disposing socket with
S-120,1f8b489c03,R01-left-testing-create-jsonpatch-shortcuts,unprocessed-stage0-candidate,,no,yes,Stage0 coordinate/label checklist only; not source of truth.,Must be visually/semantically checked during transcript pass.,4616.822,5868.152,1005.0,369.0,"L-052: We need to return patch document of changes | L-047: Need to use Json.Net for this | L-056: can do both typed and utyped version (untyped for dynamic sys when you dont have classes | L-043: Why not to use shortcuts all the time? | L-045: you cant set specific acept header for specific request with shortcusts, if you have diffe"
S-121,c35fa352c0,R02-base-usage-quick-headers-dispose,unprocessed-stage0-candidate,,no,yes,Stage0 coordinate/label checklist only; not source of truth.,Must be visually/semantically checked during transcript pass.,7505.734,5907.949,877.0,220.0,L-059: need to dispose | L-036: contenttype headers on | L-070: !!! | L-028: CAN READ AS JSON | L-047: Need to use Json.Net for this
S-122,d08f769e53,R06-global-config-primary-handler-basics,unprocessed-stage0-candidate,,no,yes,Stage0 coordinate/label checklist only; not source of truth.,Must be visually/semantically checked during transcript pass.,32272.399,5946.424,676.0,482.0,L-055: !!! | L-044: primaryhandlers | L-026: global timeout via client.timeout and | L-011: global httpclient config | L-079: delegating handlers examples
S-123,c7e249260d,R05A-factory-lifetime-reuse-dns-upper,unprocessed-stage0-candidate,,no,yes,Stage0 coordinate/label checklist only; not source of truth.,Must be visually/semantically checked during transcript pass.,28818.863,5961.519,918.0,404.0,L-044: primaryhandlers | L-055: !!! | L-050: we didnt disposed httpclient | L-042: can lead to socket exsaustion | L-038: when you disposing socket with
S-124,a84be9c6b4,R03-theory-typed-client-jsonoptions-part1,unprocessed-stage0-candidate,,no,yes,Stage0 coordinate/label checklist only; not source of truth.,Must be visually/semantically checked during transcript pass.,15891.161,6123.737,897.0,150.0,"L-048: creating method of our typed client | L-054: can lead to calling api via uri that no | L-040: Adding jsonoptonswrapper | L-041: we will create specific methods to interact with api, | L-034: IJ youve configured custom handler in program cs, you must not override it in client class"
S-125,d96263ebb2,R02-base-usage-quick-headers-dispose,unprocessed-stage0-candidate,,no,yes,Stage0 coordinate/label checklist only; not source of truth.,Must be visually/semantically checked during transcript pass.,10506.985,6159.812,788.0,355.0,L-058: when using httpclient defaultrequestheaders need to clear | L-039: in our case will return json even if xml is default for | L-035: by default preference =1 | L-070: !!! | L-031: CHECK RESPONSE CONTENT-TYPE
S-126,333f5ff16e,R05A-factory-lifetime-reuse-dns-upper,unprocessed-stage0-candidate,,no,yes,Stage0 coordinate/label checklist only; not source of truth.,Must be visually/semantically checked during transcript pass.,24966.993,6202.514,1074.0,369.0,L-049: one connection instead of 10 | L-050: we didnt disposed httpclient | L-060: When instantiates httpclient it takes handler(socket usually) from a pool | L-061: And it manages the lifetime of handlers (2 mins) | L-046: using one httpclient
S-127,8e00d7575b,R05A-factory-lifetime-reuse-dns-upper,unprocessed-stage0-candidate,,no,yes,Stage0 coordinate/label checklist only; not source of truth.,Must be visually/semantically checked during transcript pass.,27671.394,6254.886,911.0,311.0,L-050: we didnt disposed httpclient | L-044: primaryhandlers | L-042: can lead to socket exsaustion | L-038: when you disposing socket with | L-037: after http client is disposed
S-128,dec33ef390,R03-theory-typed-client-jsonoptions-part1,unprocessed-stage0-candidate,,no,yes,Stage0 coordinate/label checklist only; not source of truth.,Must be visually/semantically checked during transcript pass.,15855.196,6387.748,1007.0,369.0,"L-054: can lead to calling api via uri that no | L-048: creating method of our typed client | L-040: Adding jsonoptonswrapper | L-041: we will create specific methods to interact with api, | L-034: IJ youve configured custom handler in program cs, you must not override it in client class"
S-129,9fb2a4e1c5,R01-left-testing-create-jsonpatch-shortcuts,unprocessed-stage0-candidate,,no,yes,Stage0 coordinate/label checklist only; not source of truth.,Must be visually/semantically checked during transcript pass.,4621.616,6408.169,749.0,86.0,L-052: We need to return patch document of changes | L-056: can do both typed and utyped version (untyped for dynamic sys when you dont have classes | L-057: patch operations | L-062: creating request | L-063: setting response content and content related header
S-130,47e05703d8,R06-global-config-primary-handler-basics,unprocessed-stage0-candidate,,no,yes,Stage0 coordinate/label checklist only; not source of truth.,Must be visually/semantically checked during transcript pass.,32304.13,6491.247,541.0,126.0,L-055: !!! | L-044: primaryhandlers | L-026: global timeout via client.timeout and | L-079: delegating handlers examples | L-078: httpmessagehandlers
S-131,7b80c37d41,R01-left-testing-create-jsonpatch-shortcuts,unprocessed-stage0-candidate,,no,yes,Stage0 coordinate/label checklist only; not source of truth.,Must be visually/semantically checked during transcript pass.,4569.864,6556.505,979.0,235.0,L-056: can do both typed and utyped version (untyped for dynamic sys when you dont have classes | L-052: We need to return patch document of changes | L-057: patch operations | L-063: setting response content and content related header | L-062: creating request
S-132,91b51b9a60,R05A-factory-lifetime-reuse-dns-upper,unprocessed-stage0-candidate,,no,yes,Stage0 coordinate/label checklist only; not source of truth.,Must be visually/semantically checked during transcript pass.,27710.313,6590.896,730.0,482.0,L-050: we didnt disposed httpclient | L-042: can lead to socket exsaustion | L-044: primaryhandlers | L-038: when you disposing socket with | L-037: after http client is disposed
S-133,97784ae7c7,R02-base-usage-quick-headers-dispose,unprocessed-stage0-candidate,,no,yes,Stage0 coordinate/label checklist only; not source of truth.,Must be visually/semantically checked during transcript pass.,10299.643,6619.01,1110.0,349.0,L-058: when using httpclient defaultrequestheaders need to clear | L-070: !!! | L-039: in our case will return json even if xml is default for | L-035: by default preference =1 | L-071: !!
S-134,cb3725a5be,R06-global-config-primary-handler-basics,unprocessed-stage0-candidate,,no,yes,Stage0 coordinate/label checklist only; not source of truth.,Must be visually/semantically checked during transcript pass.,32255.303,6664.122,723.0,482.0,L-055: !!! | L-044: primaryhandlers | L-026: global timeout via client.timeout and | L-079: delegating handlers examples | L-078: httpmessagehandlers
S-135,b25ab211cc,R05A-factory-lifetime-reuse-dns-upper,unprocessed-stage0-candidate,,no,yes,Stage0 coordinate/label checklist only; not source of truth.,Must be visually/semantically checked during transcript pass.,24897.618,6716.811,1004.0,293.0,"L-060: When instantiates httpclient it takes handler(socket usually) from a pool | L-061: And it manages the lifetime of handlers (2 mins) | L-065: For 2 mins, handlers can be reused | L-049: one connection instead of 10 | L-050: we didnt disposed httpclient"
S-136,82a63c589a,R03-theory-typed-client-jsonoptions-part1,unprocessed-stage0-candidate,,no,yes,Stage0 coordinate/label checklist only; not source of truth.,Must be visually/semantically checked during transcript pass.,15796.898,6855.425,1075.0,369.0,"L-054: can lead to calling api via uri that no | L-048: creating method of our typed client | L-040: Adding jsonoptonswrapper | L-041: we will create specific methods to interact with api, | L-034: IJ youve configured custom handler in program cs, you must not override it in client class"
S-137,e3063a210c,R01-left-testing-create-jsonpatch-shortcuts,unprocessed-stage0-candidate,,no,yes,Stage0 coordinate/label checklist only; not source of truth.,Must be visually/semantically checked during transcript pass.,4612.419,6952.672,885.0,316.0,L-056: can do both typed and utyped version (untyped for dynamic sys when you dont have classes | L-063: setting response content and content related header | L-062: creating request | L-057: patch operations | L-066: shortcut
S-138,b28d3b75d8,R05A-factory-lifetime-reuse-dns-upper,unprocessed-stage0-candidate,,no,yes,Stage0 coordinate/label checklist only; not source of truth.,Must be visually/semantically checked during transcript pass.,27711.727,7102.719,897.0,162.0,L-050: we didnt disposed httpclient | L-044: primaryhandlers | L-042: can lead to socket exsaustion | L-060: When instantiates httpclient it takes handler(socket usually) from a pool | L-061: And it manages the lifetime of handlers (2 mins)
S-139,f484f5f995,R02-base-usage-quick-headers-dispose,unprocessed-stage0-candidate,,no,yes,Stage0 coordinate/label checklist only; not source of truth.,Must be visually/semantically checked during transcript pass.,10392.945,7137.388,883.0,271.0,L-058: when using httpclient defaultrequestheaders need to clear | L-070: !!! | L-071: !! | L-073: !! | L-039: in our case will return json even if xml is default for
S-140,b9a453d224,R05A-factory-lifetime-reuse-dns-upper,unprocessed-stage0-candidate,,no,yes,Stage0 coordinate/label checklist only; not source of truth.,Must be visually/semantically checked during transcript pass.,25003.717,7179.181,839.0,429.0,"L-061: And it manages the lifetime of handlers (2 mins) | L-060: When instantiates httpclient it takes handler(socket usually) from a pool | L-065: For 2 mins, handlers can be reused | L-069: need to understand with deep | L-067: !1"
S-141,5b816732dc,R05A-factory-lifetime-reuse-dns-upper,unprocessed-stage0-candidate,,no,yes,Stage0 coordinate/label checklist only; not source of truth.,Must be visually/semantically checked during transcript pass.,27733.612,7287.361,710.0,482.0,"L-050: we didnt disposed httpclient | L-060: When instantiates httpclient it takes handler(socket usually) from a pool | L-065: For 2 mins, handlers can be reused | L-061: And it manages the lifetime of handlers (2 mins) | L-081: about dns"
S-142,a4af987398,R06-global-config-primary-handler-basics,unprocessed-stage0-candidate,,no,yes,Stage0 coordinate/label checklist only; not source of truth.,Must be visually/semantically checked during transcript pass.,32198.982,7319.289,757.0,242.0,L-055: !!! | L-044: primaryhandlers | L-079: delegating handlers examples | L-078: httpmessagehandlers | L-084: httpmessagehandler options
S-143,03f9ccd757,R01-left-testing-create-jsonpatch-shortcuts,unprocessed-stage0-candidate,,no,yes,Stage0 coordinate/label checklist only; not source of truth.,Must be visually/semantically checked during transcript pass.,4579.748,7373.071,1015.0,297.0,L-066: shortcut | L-063: setting response content and content related header | L-062: creating request | L-056: can do both typed and utyped version (untyped for dynamic sys when you dont have classes | L-057: patch operations
S-144,e77af20350,R02-base-usage-quick-headers-dispose,unprocessed-stage0-candidate,,no,yes,Stage0 coordinate/label checklist only; not source of truth.,Must be visually/semantically checked during transcript pass.,10440.403,7457.922,752.0,482.0,L-070: !!! | L-058: when using httpclient defaultrequestheaders need to clear | L-071: !! | L-073: !! | L-074: !!
S-145,c7b72d71cd,R06-global-config-primary-handler-basics,unprocessed-stage0-candidate,,no,yes,Stage0 coordinate/label checklist only; not source of truth.,Must be visually/semantically checked during transcript pass.,32207.887,7594.688,626.0,482.0,L-055: !!! | L-044: primaryhandlers | L-079: delegating handlers examples | L-084: httpmessagehandler options | L-078: httpmessagehandlers
S-146,e3c87ff97f,R02-base-usage-quick-headers-dispose,unprocessed-stage0-candidate,,no,yes,Stage0 coordinate/label checklist only; not source of truth.,Must be visually/semantically checked during transcript pass.,7435.834,7626.905,883.0,482.0,L-059: need to dispose | L-070: !!! | L-073: !! | L-071: !! | L-066: shortcut
S-147,47d16f1da0,R01-left-testing-create-jsonpatch-shortcuts,unprocessed-stage0-candidate,,no,yes,Stage0 coordinate/label checklist only; not source of truth.,Must be visually/semantically checked during transcript pass.,2917.353,7673.98,898.0,355.0,L-068: !!!!!!! | L-064: needed to check everything is good | L-062: creating request | L-057: patch operations | L-063: setting response content and content related header
S-148,23bf7b8646,R05A-factory-lifetime-reuse-dns-upper,unprocessed-stage0-candidate,,no,yes,Stage0 coordinate/label checklist only; not source of truth.,Must be visually/semantically checked during transcript pass.,24739.811,7759.938,1135.0,369.0,"L-065: For 2 mins, handlers can be reused | L-061: And it manages the lifetime of handlers (2 mins) | L-060: When instantiates httpclient it takes handler(socket usually) from a pool | L-069: need to understand with deep | L-067: !1"
S-149,1aaeb98879,R05A-factory-lifetime-reuse-dns-upper,unprocessed-stage0-candidate,,no,yes,Stage0 coordinate/label checklist only; not source of truth.,Must be visually/semantically checked during transcript pass.,27731.519,7771.11,951.0,419.0,"L-081: about dns | L-050: we didnt disposed httpclient | L-065: For 2 mins, handlers can be reused | L-060: When instantiates httpclient it takes handler(socket usually) from a pool | L-061: And it manages the lifetime of handlers (2 mins)"
S-150,d86c57055a,R01-left-testing-create-jsonpatch-shortcuts,unprocessed-stage0-candidate,,no,yes,Stage0 coordinate/label checklist only; not source of truth.,Must be visually/semantically checked during transcript pass.,4414.428,7885.219,1093.0,369.0,L-066: shortcut | L-063: setting response content and content related header | L-064: needed to check everything is good | L-062: creating request | L-068: !!!!!!!
S-151,e9a443a860,R02-base-usage-quick-headers-dispose,unprocessed-stage0-candidate,,no,yes,Stage0 coordinate/label checklist only; not source of truth.,Must be visually/semantically checked during transcript pass.,10386.112,7949.317,790.0,330.0,L-070: !!! | L-071: !! | L-058: when using httpclient defaultrequestheaders need to clear | L-073: !! | L-074: !!
S-152,f2c7a70fa7,R01-left-testing-create-jsonpatch-shortcuts,unprocessed-stage0-candidate,,no,yes,Stage0 coordinate/label checklist only; not source of truth.,Must be visually/semantically checked during transcript pass.,2942.377,8071.671,923.0,368.0,L-068: !!!!!!! | L-064: needed to check everything is good | L-066: shortcut | L-062: creating request | L-063: setting response content and content related header
S-153,71ab827415,R06-global-config-primary-handler-basics,unprocessed-stage0-candidate,,no,yes,Stage0 coordinate/label checklist only; not source of truth.,Must be visually/semantically checked during transcript pass.,32139.315,8104.678,823.0,389.0,L-055: !!! | L-044: primaryhandlers | L-084: httpmessagehandler options | L-079: delegating handlers examples | L-078: httpmessagehandlers
S-154,04a0f2df0d,R05A-factory-lifetime-reuse-dns-upper,unprocessed-stage0-candidate,,no,yes,Stage0 coordinate/label checklist only; not source of truth.,Must be visually/semantically checked during transcript pass.,27766.175,8216.121,599.0,482.0,"L-081: about dns | L-065: For 2 mins, handlers can be reused | L-050: we didnt disposed httpclient | L-061: And it manages the lifetime of handlers (2 mins) | L-060: When instantiates httpclient it takes handler(socket usually) from a pool"
S-155,ce8b52861c,R05A-factory-lifetime-reuse-dns-upper,unprocessed-stage0-candidate,,no,yes,Stage0 coordinate/label checklist only; not source of truth.,Must be visually/semantically checked during transcript pass.,24634.962,8233.549,1226.0,369.0,"L-065: For 2 mins, handlers can be reused | L-069: need to understand with deep | L-072: named clients | L-067: !1 | L-061: And it manages the lifetime of handlers (2 mins)"
S-156,d6338a4b81,R01-left-testing-create-jsonpatch-shortcuts,unprocessed-stage0-candidate,,no,yes,Stage0 coordinate/label checklist only; not source of truth.,Must be visually/semantically checked during transcript pass.,4463.767,8312.723,895.0,482.0,L-066: shortcut | L-064: needed to check everything is good | L-068: !!!!!!! | L-076: better to check if advanced deep dive array onega is supported by the api | L-063: setting response content and content related header
S-157,c4bcad034a,R02-base-usage-quick-headers-dispose,unprocessed-stage0-candidate,,no,yes,Stage0 coordinate/label checklist only; not source of truth.,Must be visually/semantically checked during transcript pass.,10294.898,8383.864,801.0,139.0,L-070: !!! | L-071: !! | L-073: !! | L-074: !! | L-077: !!
S-158,873ff8027f,R02-base-usage-quick-headers-dispose,unprocessed-stage0-candidate,,no,yes,Stage0 coordinate/label checklist only; not source of truth.,Must be visually/semantically checked during transcript pass.,11335.177,8402.824,625.0,401.0,L-074: !! | L-071: !! | L-077: !! | L-070: !!! | L-058: when using httpclient defaultrequestheaders need to clear
S-159,4bfacc9f3e,R06-global-config-primary-handler-basics,unprocessed-stage0-candidate,,no,yes,Stage0 coordinate/label checklist only; not source of truth.,Must be visually/semantically checked during transcript pass.,32194.048,8484.002,891.0,334.0,L-055: !!! | L-079: delegating handlers examples | L-084: httpmessagehandler options | L-078: httpmessagehandlers | L-080: corridhandler example
S-160,43622b63f9,R02-base-usage-quick-headers-dispose,unprocessed-stage0-candidate,,no,yes,Stage0 coordinate/label checklist only; not source of truth.,Must be visually/semantically checked during transcript pass.,10256.898,8573.882,797.0,229.0,L-071: !! | L-070: !!! | L-073: !! | L-074: !! | L-077: !!
S-161,49a249585e,R02-base-usage-quick-headers-dispose,unprocessed-stage0-candidate,,no,yes,Stage0 coordinate/label checklist only; not source of truth.,Must be visually/semantically checked during transcript pass.,11319.262,8829.535,738.0,404.0,L-074: !! | L-071: !! | L-077: !! | L-073: !! | L-070: !!!
S-162,727a1fce3d,R02-base-usage-quick-headers-dispose,unprocessed-stage0-candidate,,no,yes,Stage0 coordinate/label checklist only; not source of truth.,Must be visually/semantically checked during transcript pass.,10213.525,8844.706,775.0,176.0,L-071: !! | L-073: !! | L-077: !! | L-074: !! | L-070: !!!
S-163,91714272a3,R06-global-config-primary-handler-basics,unprocessed-stage0-candidate,,no,yes,Stage0 coordinate/label checklist only; not source of truth.,Must be visually/semantically checked during transcript pass.,32237.696,8847.623,808.0,482.0,L-055: !!! | L-084: httpmessagehandler options | L-079: delegating handlers examples | L-078: httpmessagehandlers | L-080: corridhandler example
S-164,2777119b3b,R05A-factory-lifetime-reuse-dns-upper,unprocessed-stage0-candidate,,no,yes,Stage0 coordinate/label checklist only; not source of truth.,Must be visually/semantically checked during transcript pass.,24651.056,8879.383,974.0,369.0,"L-072: named clients | L-075: using typed client and inject it instead of factory | L-065: For 2 mins, handlers can be reused | L-069: need to understand with deep | L-067: !1"
S-165,5ddfc555b4,R01-left-testing-create-jsonpatch-shortcuts,unprocessed-stage0-candidate,,no,yes,Stage0 coordinate/label checklist only; not source of truth.,Must be visually/semantically checked during transcript pass.,4475.093,8974.718,695.0,369.0,L-076: better to check if advanced deep dive array onega is supported by the api | L-066: shortcut | L-068: !!!!!!! | L-064: needed to check everything is good | L-063: setting response content and content related header
S-166,6d4cbefff2,R02-base-usage-quick-headers-dispose,unprocessed-stage0-candidate,,no,yes,Stage0 coordinate/label checklist only; not source of truth.,Must be visually/semantically checked during transcript pass.,10303.889,9264.311,730.0,482.0,L-077: !! | L-071: !! | L-074: !! | L-073: !! | L-070: !!!
S-167,a38ac5b6aa,R02-base-usage-quick-headers-dispose,unprocessed-stage0-candidate,,no,yes,Stage0 coordinate/label checklist only; not source of truth.,Must be visually/semantically checked during transcript pass.,11318.998,9318.922,706.0,152.0,L-074: !! | L-077: !! | L-071: !! | L-073: !! | L-070: !!!
S-168,4b8d99cfb1,R05A-factory-lifetime-reuse-dns-upper,unprocessed-stage0-candidate,,no,yes,Stage0 coordinate/label checklist only; not source of truth.,Must be visually/semantically checked during transcript pass.,24662.921,9333.992,844.0,369.0,"L-075: using typed client and inject it instead of factory | L-072: named clients | L-069: need to understand with deep | L-065: For 2 mins, handlers can be reused | L-067: !1"
S-169,86e05d2e78,R01-left-testing-create-jsonpatch-shortcuts,unprocessed-stage0-candidate,,no,yes,Stage0 coordinate/label checklist only; not source of truth.,Must be visually/semantically checked during transcript pass.,4435.624,9470.494,843.0,224.0,L-076: better to check if advanced deep dive array onega is supported by the api | L-066: shortcut | L-068: !!!!!!! | L-064: needed to check everything is good | L-063: setting response content and content related header
S-170,de7e748290,R02-base-usage-quick-headers-dispose,unprocessed-stage0-candidate,,no,yes,Stage0 coordinate/label checklist only; not source of truth.,Must be visually/semantically checked during transcript pass.,11331.15,9496.195,672.0,132.0,L-074: !! | L-077: !! | L-071: !! | L-073: !! | L-070: !!!
S-171,1902720bb9,R06-global-config-primary-handler-basics,unprocessed-stage0-candidate,,no,yes,Stage0 coordinate/label checklist only; not source of truth.,Must be visually/semantically checked during transcript pass.,32257.157,9547.108,646.0,273.0,L-084: httpmessagehandler options | L-055: !!! | L-079: delegating handlers examples | L-089: do we need to create primary mes | L-078: httpmessagehandlers
S-172,1ba3a60bab,R05A-factory-lifetime-reuse-dns-upper,unprocessed-stage0-candidate,,no,yes,Stage0 coordinate/label checklist only; not source of truth.,Must be visually/semantically checked during transcript pass.,24646.882,9793.588,684.0,369.0,"L-075: using typed client and inject it instead of factory | L-072: named clients | L-069: need to understand with deep | L-067: !1 | L-065: For 2 mins, handlers can be reused"
S-173,d008a904bf,R06-global-config-primary-handler-basics,unprocessed-stage0-candidate,,no,yes,Stage0 coordinate/label checklist only; not source of truth.,Must be visually/semantically checked during transcript pass.,32290.115,9837.181,618.0,490.0,L-084: httpmessagehandler options | L-089: do we need to create primary mes | L-079: delegating handlers examples | L-055: !!! | L-078: httpmessagehandlers
S-174,8daea22e1b,R01-left-testing-create-jsonpatch-shortcuts,unprocessed-stage0-candidate,,no,yes,Stage0 coordinate/label checklist only; not source of truth.,Must be visually/semantically checked during transcript pass.,4407.545,9845.256,804.0,369.0,L-076: better to check if advanced deep dive array onega is supported by the api | L-066: shortcut | L-068: !!!!!!! | L-064: needed to check everything is good | L-063: setting response content and content related header
S-175,7d1a2bdf34,R07-message-handlers-primary-handler-rotation,unprocessed-stage0-candidate,,no,yes,Stage0 coordinate/label checklist only; not source of truth.,Must be visually/semantically checked during transcript pass.,36056.089,10848.113,747.0,411.0,L-080: corridhandler example | L-082: accesstoken and logger ex | L-078: httpmessagehandlers | L-079: delegating handlers examples | L-083: Can create chain of handlers
S-176,82d381018e,R07-message-handlers-primary-handler-rotation,unprocessed-stage0-candidate,,no,yes,Stage0 coordinate/label checklist only; not source of truth.,Must be visually/semantically checked during transcript pass.,37293.085,11190.89,730.0,222.0,"L-083: Can create chain of handlers | L-085: Can configure primary handler | L-086: configuring redirection(need to return new configured handler) | L-087: by default true, now RedirectToAction wont work | L-082: accesstoken and logger ex"
S-177,21b68f72fb,R05B-named-typed-clients-dns-lower,unprocessed-stage0-candidate,,no,yes,Stage0 coordinate/label checklist only; not source of truth.,Must be visually/semantically checked during transcript pass.,28496.752,11287.581,932.0,193.0,L-081: about dns | L-084: httpmessagehandler options | L-090: handler rotation vs connection rotation | L-075: using typed client and inject it instead of factory | L-072: named clients
S-178,7442b68c36,R07-message-handlers-primary-handler-rotation,unprocessed-stage0-candidate,,no,yes,Stage0 coordinate/label checklist only; not source of truth.,Must be visually/semantically checked during transcript pass.,36046.633,11424.097,697.0,482.0,L-082: accesstoken and logger ex | L-083: Can create chain of handlers | L-085: Can configure primary handler | L-080: corridhandler example | L-086: configuring redirection(need to return new configured handler)
S-179,25618bf4aa,R05B-named-typed-clients-dns-lower,unprocessed-stage0-candidate,,no,yes,Stage0 coordinate/label checklist only; not source of truth.,Must be visually/semantically checked during transcript pass.,28524.918,11478.247,769.0,445.0,L-081: about dns | L-084: httpmessagehandler options | L-090: handler rotation vs connection rotation | L-075: using typed client and inject it instead of factory | L-092: why need rotate handlers
S-180,e021376e40,R07-message-handlers-primary-handler-rotation,unprocessed-stage0-candidate,,no,yes,Stage0 coordinate/label checklist only; not source of truth.,Must be visually/semantically checked during transcript pass.,37224.565,11625.259,1005.0,220.0,"L-083: Can create chain of handlers | L-085: Can configure primary handler | L-086: configuring redirection(need to return new configured handler) | L-087: by default true, now RedirectToAction wont work | L-082: accesstoken and logger ex"
S-181,330cecd6e7,R07-message-handlers-primary-handler-rotation,unprocessed-stage0-candidate,,no,yes,Stage0 coordinate/label checklist only; not source of truth.,Must be visually/semantically checked during transcript pass.,36031.161,11932.438,672.0,482.0,L-088: primary message handler | L-086: configuring redirection(need to return new configured handler) | L-082: accesstoken and logger ex | L-085: Can configure primary handler | L-083: Can create chain of handlers
S-182,47bb6ff574,R05B-named-typed-clients-dns-lower,unprocessed-stage0-candidate,,no,yes,Stage0 coordinate/label checklist only; not source of truth.,Must be visually/semantically checked during transcript pass.,28495.771,11949.591,794.0,482.0,L-084: httpmessagehandler options | L-081: about dns | L-090: handler rotation vs connection rotation | L-092: why need rotate handlers | L-075: using typed client and inject it instead of factory
S-183,a4da972f46,R07-message-handlers-primary-handler-rotation,unprocessed-stage0-candidate,,no,yes,Stage0 coordinate/label checklist only; not source of truth.,Must be visually/semantically checked during transcript pass.,37166.512,11980.753,1025.0,313.0,"L-085: Can configure primary handler | L-086: configuring redirection(need to return new configured handler) | L-087: by default true, now RedirectToAction wont work | L-083: Can create chain of handlers | L-082: accesstoken and logger ex"
S-184,2d196f25d1,R07-message-handlers-primary-handler-rotation,unprocessed-stage0-candidate,,no,yes,Stage0 coordinate/label checklist only; not source of truth.,Must be visually/semantically checked during transcript pass.,37243.75,12443.04,709.0,369.0,"L-087: by default true, now RedirectToAction wont work | L-086: configuring redirection(need to return new configured handler) | L-085: Can configure primary handler | L-083: Can create chain of handlers | L-088: primary message handler"
S-185,7e5b6b59a2,R05B-named-typed-clients-dns-lower,unprocessed-stage0-candidate,,no,yes,Stage0 coordinate/label checklist only; not source of truth.,Must be visually/semantically checked during transcript pass.,28445.252,12444.747,955.0,192.0,L-084: httpmessagehandler options | L-081: about dns | L-090: handler rotation vs connection rotation | L-092: why need rotate handlers | L-089: do we need to create primary mes
S-186,f6b364a8de,R05B-named-typed-clients-dns-lower,unprocessed-stage0-candidate,,no,yes,Stage0 coordinate/label checklist only; not source of truth.,Must be visually/semantically checked during transcript pass.,30451.76,12512.81,886.0,282.0,L-084: httpmessagehandler options | L-090: handler rotation vs connection rotation | L-089: do we need to create primary mes | L-092: why need rotate handlers | L-081: about dns
S-187,591837209d,R05B-named-typed-clients-dns-lower,unprocessed-stage0-candidate,,no,yes,Stage0 coordinate/label checklist only; not source of truth.,Must be visually/semantically checked during transcript pass.,28441.585,12650.081,889.0,368.0,L-084: httpmessagehandler options | L-081: about dns | L-090: handler rotation vs connection rotation | L-092: why need rotate handlers | L-089: do we need to create primary mes
S-188,cb8eef0bde,R05B-named-typed-clients-dns-lower,unprocessed-stage0-candidate,,no,yes,Stage0 coordinate/label checklist only; not source of truth.,Must be visually/semantically checked during transcript pass.,30473.52,12905.575,862.0,473.0,L-090: handler rotation vs connection rotation | L-084: httpmessagehandler options | L-092: why need rotate handlers | L-089: do we need to create primary mes | L-081: about dns
S-189,e3ba0af38a,R05B-named-typed-clients-dns-lower,unprocessed-stage0-candidate,,no,yes,Stage0 coordinate/label checklist only; not source of truth.,Must be visually/semantically checked during transcript pass.,28443.715,12983.525,864.0,346.0,L-084: httpmessagehandler options | L-081: about dns | L-090: handler rotation vs connection rotation | L-092: why need rotate handlers | L-089: do we need to create primary mes
S-190,f84c1290e7,R05B-named-typed-clients-dns-lower,unprocessed-stage0-candidate,,no,yes,Stage0 coordinate/label checklist only; not source of truth.,Must be visually/semantically checked during transcript pass.,27319.716,13010.041,820.0,482.0,L-081: about dns | L-084: httpmessagehandler options | L-090: handler rotation vs connection rotation | L-092: why need rotate handlers | L-075: using typed client and inject it instead of factory
S-191,7461868102,R07-message-handlers-primary-handler-rotation,unprocessed-stage0-candidate,,no,yes,Stage0 coordinate/label checklist only; not source of truth.,Must be visually/semantically checked during transcript pass.,33970.892,13146.683,686.0,463.0,L-089: do we need to create primary mes | L-088: primary message handler | L-091: can i configure primaryhandler for one specific httpclinet (not named) | L-090: handler rotation vs connection rotation | L-082: accesstoken and logger ex
S-192,02f4e55788,R07-message-handlers-primary-handler-rotation,unprocessed-stage0-candidate,,no,yes,Stage0 coordinate/label checklist only; not source of truth.,Must be visually/semantically checked during transcript pass.,35904.418,13233.153,860.0,467.0,"L-088: primary message handler | L-086: configuring redirection(need to return new configured handler) | L-091: can i configure primaryhandler for one specific httpclinet (not named) | L-085: Can configure primary handler | L-087: by default true, now RedirectToAction wont work"
S-193,7e13203bfc,R05B-named-typed-clients-dns-lower,unprocessed-stage0-candidate,,no,yes,Stage0 coordinate/label checklist only; not source of truth.,Must be visually/semantically checked during transcript pass.,28442.47,13347.962,748.0,482.0,L-084: httpmessagehandler options | L-081: about dns | L-090: handler rotation vs connection rotation | L-092: why need rotate handlers | L-089: do we need to create primary mes
S-194,ca637dc68c,R07-message-handlers-primary-handler-rotation,unprocessed-stage0-candidate,,no,yes,Stage0 coordinate/label checklist only; not source of truth.,Must be visually/semantically checked during transcript pass.,30506.168,13388.274,813.0,482.0,L-090: handler rotation vs connection rotation | L-084: httpmessagehandler options | L-092: why need rotate handlers | L-089: do we need to create primary mes | L-081: about dns
S-195,7b1486ab31,R07-message-handlers-primary-handler-rotation,unprocessed-stage0-candidate,,no,yes,Stage0 coordinate/label checklist only; not source of truth.,Must be visually/semantically checked during transcript pass.,33939.024,13621.129,833.0,482.0,L-089: do we need to create primary mes | L-091: can i configure primaryhandler for one specific httpclinet (not named) | L-088: primary message handler | L-090: handler rotation vs connection rotation | L-082: accesstoken and logger ex
S-196,d1633ed3cc,R07-message-handlers-primary-handler-rotation,unprocessed-stage0-candidate,,no,yes,Stage0 coordinate/label checklist only; not source of truth.,Must be visually/semantically checked during transcript pass.,35295.927,13702.242,580.0,386.0,L-091: can i configure primaryhandler for one specific httpclinet (not named) | L-088: primary message handler | L-089: do we need to create primary mes | L-086: configuring redirection(need to return new configured handler) | L-085: Can configure primary handler
S-197,f6b364a8de,R07-message-handlers-primary-handler-rotation,unprocessed-stage0-candidate,,no,yes,Stage0 coordinate/label checklist only; not source of truth.,Must be visually/semantically checked during transcript pass.,35894.874,13710.349,886.0,282.0,"L-088: primary message handler | L-091: can i configure primaryhandler for one specific httpclinet (not named) | L-086: configuring redirection(need to return new configured handler) | L-087: by default true, now RedirectToAction wont work | L-085: Can configure primary handler"
S-198,d8ab242066,R05B-named-typed-clients-dns-lower,unprocessed-stage0-candidate,,no,yes,Stage0 coordinate/label checklist only; not source of truth.,Must be visually/semantically checked during transcript pass.,28438.363,13842.97,851.0,476.0,L-084: httpmessagehandler options | L-092: why need rotate handlers | L-090: handler rotation vs connection rotation | L-081: about dns | L-089: do we need to create primary mes
S-199,9514b257e0,R07-message-handlers-primary-handler-rotation,unprocessed-stage0-candidate,,no,yes,Stage0 coordinate/label checklist only; not source of truth.,Must be visually/semantically checked during transcript pass.,30519.521,13921.871,866.0,441.0,L-090: handler rotation vs connection rotation | L-092: why need rotate handlers | L-084: httpmessagehandler options | L-089: do we need to create primary mes | L-081: about dns
S-200,3ddf4b65e6,R07-message-handlers-primary-handler-rotation,unprocessed-stage0-candidate,,no,yes,Stage0 coordinate/label checklist only; not source of truth.,Must be visually/semantically checked during transcript pass.,31951.737,13987.245,872.0,350.0,L-090: handler rotation vs connection rotation | L-089: do we need to create primary mes | L-092: why need rotate handlers | L-084: httpmessagehandler options | L-091: can i configure primaryhandler for one specific httpclinet (not named)
S-201,e3d628c777,R07-message-handlers-primary-handler-rotation,unprocessed-stage0-candidate,,no,yes,Stage0 coordinate/label checklist only; not source of truth.,Must be visually/semantically checked during transcript pass.,36223.487,14050.063,881.0,405.0,"L-091: can i configure primaryhandler for one specific httpclinet (not named) | L-088: primary message handler | L-086: configuring redirection(need to return new configured handler) | L-087: by default true, now RedirectToAction wont work | L-085: Can configure primary handler"
S-202,48c4e1a193,R07-message-handlers-primary-handler-rotation,unprocessed-stage0-candidate,,no,yes,Stage0 coordinate/label checklist only; not source of truth.,Must be visually/semantically checked during transcript pass.,33968.962,14091.129,823.0,482.0,L-091: can i configure primaryhandler for one specific httpclinet (not named) | L-089: do we need to create primary mes | L-088: primary message handler | L-090: handler rotation vs connection rotation | L-082: accesstoken and logger ex
S-203,c69c11db88,R07-message-handlers-primary-handler-rotation,unprocessed-stage0-candidate,,no,yes,Stage0 coordinate/label checklist only; not source of truth.,Must be visually/semantically checked during transcript pass.,31970.217,14342.422,726.0,482.0,L-090: handler rotation vs connection rotation | L-092: why need rotate handlers | L-089: do we need to create primary mes | L-091: can i configure primaryhandler for one specific httpclinet (not named) | L-084: httpmessagehandler options
S-204,986022f8f1,R05B-named-typed-clients-dns-lower,unprocessed-stage0-candidate,,no,yes,Stage0 coordinate/label checklist only; not source of truth.,Must be visually/semantically checked during transcript pass.,28432.196,14342.562,890.0,262.0,L-092: why need rotate handlers | L-090: handler rotation vs connection rotation | L-084: httpmessagehandler options | L-081: about dns | L-089: do we need to create primary mes
S-205,ed89c93ba8,R07-message-handlers-primary-handler-rotation,unprocessed-stage0-candidate,,no,yes,Stage0 coordinate/label checklist only; not source of truth.,Must be visually/semantically checked during transcript pass.,30528.187,14445.038,902.0,208.0,L-090: handler rotation vs connection rotation | L-092: why need rotate handlers | L-084: httpmessagehandler options | L-089: do we need to create primary mes | L-091: can i configure primaryhandler for one specific httpclinet (not named)
S-206,fa97ca0b8a,R07-message-handlers-primary-handler-rotation,unprocessed-stage0-candidate,,no,yes,Stage0 coordinate/label checklist only; not source of truth.,Must be visually/semantically checked during transcript pass.,36245.496,14486.089,793.0,441.0,"L-091: can i configure primaryhandler for one specific httpclinet (not named) | L-088: primary message handler | L-086: configuring redirection(need to return new configured handler) | L-087: by default true, now RedirectToAction wont work | L-085: Can configure primary handler"
S-207,1a793f8bd3,R07-message-handlers-primary-handler-rotation,unprocessed-stage0-candidate,,no,yes,Stage0 coordinate/label checklist only; not source of truth.,Must be visually/semantically checked during transcript pass.,33957.733,14590.452,869.0,177.0,L-091: can i configure primaryhandler for one specific httpclinet (not named) | L-089: do we need to create primary mes | L-088: primary message handler | L-090: handler rotation vs connection rotation | L-092: why need rotate handlers
S-208,8d4ae426d1,R05B-named-typed-clients-dns-lower,unprocessed-stage0-candidate,,no,yes,Stage0 coordinate/label checklist only; not source of truth.,Must be visually/semantically checked during transcript pass.,28434.289,14598.951,951.0,247.0,L-092: why need rotate handlers | L-090: handler rotation vs connection rotation | L-084: httpmessagehandler options | L-081: about dns | L-089: do we need to create primary mes
S-209,b700305d88,R07-message-handlers-primary-handler-rotation,unprocessed-stage0-candidate,,no,yes,Stage0 coordinate/label checklist only; not source of truth.,Must be visually/semantically checked during transcript pass.,33962.066,14786.452,907.0,255.0,L-091: can i configure primaryhandler for one specific httpclinet (not named) | L-089: do we need to create primary mes | L-088: primary message handler | L-090: handler rotation vs connection rotation | L-092: why need rotate handlers
S-210,63d85f0428,R07-message-handlers-primary-handler-rotation,unprocessed-stage0-candidate,,no,yes,Stage0 coordinate/label checklist only; not source of truth.,Must be visually/semantically checked during transcript pass.,31961.737,14831.745,844.0,389.0,L-092: why need rotate handlers | L-090: handler rotation vs connection rotation | L-089: do we need to create primary mes | L-091: can i configure primaryhandler for one specific httpclinet (not named) | L-084: httpmessagehandler options
S-211,668c96240e,R05B-named-typed-clients-dns-lower,unprocessed-stage0-candidate,,no,yes,Stage0 coordinate/label checklist only; not source of truth.,Must be visually/semantically checked during transcript pass.,27953.641,15003.359,896.0,333.0,L-092: why need rotate handlers | L-090: handler rotation vs connection rotation | L-084: httpmessagehandler options | L-081: about dns | L-089: do we need to create primary mes
S-212,ae3a5fed3d,R07-message-handlers-primary-handler-rotation,unprocessed-stage0-candidate,,no,yes,Stage0 coordinate/label checklist only; not source of truth.,Must be visually/semantically checked during transcript pass.,33977.9,15054.118,862.0,123.0,L-091: can i configure primaryhandler for one specific httpclinet (not named) | L-089: do we need to create primary mes | L-088: primary message handler | L-090: handler rotation vs connection rotation | L-092: why need rotate handlers
S-213,599f7325eb,R07-message-handlers-primary-handler-rotation,unprocessed-stage0-candidate,,no,yes,Stage0 coordinate/label checklist only; not source of truth.,Must be visually/semantically checked during transcript pass.,31974.281,15245.088,800.0,482.0,L-092: why need rotate handlers | L-090: handler rotation vs connection rotation | L-089: do we need to create primary mes | L-091: can i configure primaryhandler for one specific httpclinet (not named) | L-084: httpmessagehandler options
S-214,fdc1aaf4c0,R07-message-handlers-primary-handler-rotation,unprocessed-stage0-candidate,,no,yes,Stage0 coordinate/label checklist only; not source of truth.,Must be visually/semantically checked during transcript pass.,36397.831,15268.66,678.0,482.0,"L-091: can i configure primaryhandler for one specific httpclinet (not named) | L-088: primary message handler | L-087: by default true, now RedirectToAction wont work | L-086: configuring redirection(need to return new configured handler) | L-085: Can configure primary handler"
S-215,c7b6eb61cd,R05B-named-typed-clients-dns-lower,unprocessed-stage0-candidate,,no,yes,Stage0 coordinate/label checklist only; not source of truth.,Must be visually/semantically checked during transcript pass.,27954.622,15356.525,897.0,480.0,L-092: why need rotate handlers | L-090: handler rotation vs connection rotation | L-084: httpmessagehandler options | L-081: about dns | L-089: do we need to create primary mes
S-216,c87665d512,R07-message-handlers-primary-handler-rotation,unprocessed-stage0-candidate,,no,yes,Stage0 coordinate/label checklist only; not source of truth.,Must be visually/semantically checked during transcript pass.,36350.718,15829.613,804.0,482.0,"L-091: can i configure primaryhandler for one specific httpclinet (not named) | L-088: primary message handler | L-087: by default true, now RedirectToAction wont work | L-086: configuring redirection(need to return new configured handler) | L-085: Can configure primary handler"
S-217,ed5e754a89,R05B-named-typed-clients-dns-lower,unprocessed-stage0-candidate,,no,yes,Stage0 coordinate/label checklist only; not source of truth.,Must be visually/semantically checked during transcript pass.,27948.326,15849.84,877.0,403.0,L-092: why need rotate handlers | L-090: handler rotation vs connection rotation | L-084: httpmessagehandler options | L-081: about dns | L-089: do we need to create primary mes
S-218,16f21e5488,R07-message-handlers-primary-handler-rotation,unprocessed-stage0-candidate,,no,yes,Stage0 coordinate/label checklist only; not source of truth.,Must be visually/semantically checked during transcript pass.,31976.181,16219.133,616.0,482.0,L-092: why need rotate handlers | L-090: handler rotation vs connection rotation | L-091: can i configure primaryhandler for one specific httpclinet (not named) | L-089: do we need to create primary mes | L-088: primary message handler
S-219,a82c18c500,R05B-named-typed-clients-dns-lower,unprocessed-stage0-candidate,,no,yes,Stage0 coordinate/label checklist only; not source of truth.,Must be visually/semantically checked during transcript pass.,28006.68,16229.443,674.0,482.0,L-092: why need rotate handlers | L-090: handler rotation vs connection rotation | L-084: httpmessagehandler options | L-081: about dns | L-089: do we need to create primary mes
S-220,79b8794c54,R07-message-handlers-primary-handler-rotation,unprocessed-stage0-candidate,,no,yes,Stage0 coordinate/label checklist only; not source of truth.,Must be visually/semantically checked during transcript pass.,36345.328,16339.658,843.0,290.0,"L-091: can i configure primaryhandler for one specific httpclinet (not named) | L-088: primary message handler | L-087: by default true, now RedirectToAction wont work | L-086: configuring redirection(need to return new configured handler) | L-085: Can configure primary handler"
S-221,073b2feded,R05B-named-typed-clients-dns-lower,unprocessed-stage0-candidate,,no,yes,Stage0 coordinate/label checklist only; not source of truth.,Must be visually/semantically checked during transcript pass.,27916.715,16746.099,878.0,169.0,L-092: why need rotate handlers | L-090: handler rotation vs connection rotation | L-084: httpmessagehandler options | L-081: about dns | L-089: do we need to create primary mes
S-222,4926a30fc5,R05B-named-typed-clients-dns-lower,unprocessed-stage0-candidate,,no,yes,Stage0 coordinate/label checklist only; not source of truth.,Must be visually/semantically checked during transcript pass.,27926.77,16926.581,849.0,291.0,L-092: why need rotate handlers | L-090: handler rotation vs connection rotation | L-084: httpmessagehandler options | L-081: about dns | L-089: do we need to create primary mes
S-223,0d86925f7c,R05B-named-typed-clients-dns-lower,unprocessed-stage0-candidate,,no,yes,Stage0 coordinate/label checklist only; not source of truth.,Must be visually/semantically checked during transcript pass.,27896.363,17233.303,895.0,282.0,L-092: why need rotate handlers | L-090: handler rotation vs connection rotation | L-084: httpmessagehandler options | L-081: about dns | L-089: do we need to create primary mes
S-224,7130d38605,R05B-named-typed-clients-dns-lower,unprocessed-stage0-candidate,,no,yes,Stage0 coordinate/label checklist only; not source of truth.,Must be visually/semantically checked during transcript pass.,27905.881,17529.118,873.0,360.0,L-092: why need rotate handlers | L-090: handler rotation vs connection rotation | L-084: httpmessagehandler options | L-081: about dns | L-089: do we need to create primary mes
S-225,dce15c90eb,R05B-named-typed-clients-dns-lower,unprocessed-stage0-candidate,,no,yes,Stage0 coordinate/label checklist only; not source of truth.,Must be visually/semantically checked during transcript pass.,27935.918,17924.062,647.0,219.0,L-092: why need rotate handlers | L-090: handler rotation vs connection rotation | L-084: httpmessagehandler options | L-081: about dns | L-089: do we need to create primary mes
S-226,453935282d,R05B-named-typed-clients-dns-lower,unprocessed-stage0-candidate,,no,yes,Stage0 coordinate/label checklist only; not source of truth.,Must be visually/semantically checked during transcript pass.,27901.659,18173.451,917.0,458.0,L-092: why need rotate handlers | L-090: handler rotation vs connection rotation | L-084: httpmessagehandler options | L-081: about dns | L-089: do we need to create primary mes
S-227,f35f0019e6,R05B-named-typed-clients-dns-lower,unprocessed-stage0-candidate,,no,yes,Stage0 coordinate/label checklist only; not source of truth.,Must be visually/semantically checked during transcript pass.,27901.215,18644.025,909.0,305.0,L-092: why need rotate handlers | L-090: handler rotation vs connection rotation | L-084: httpmessagehandler options | L-081: about dns | L-089: do we need to create primary mes
S-228,a822639cf7,R05B-named-typed-clients-dns-lower,unprocessed-stage0-candidate,,no,yes,Stage0 coordinate/label checklist only; not source of truth.,Must be visually/semantically checked during transcript pass.,27895.363,18956.34,897.0,270.0,L-092: why need rotate handlers | L-090: handler rotation vs connection rotation | L-084: httpmessagehandler options | L-091: can i configure primaryhandler for one specific httpclinet (not named) | L-089: do we need to create primary mes
S-229,5e71a5df90,R05B-named-typed-clients-dns-lower,unprocessed-stage0-candidate,,no,yes,Stage0 coordinate/label checklist only; not source of truth.,Must be visually/semantically checked during transcript pass.,27901.918,19255.636,795.0,264.0,L-092: why need rotate handlers | L-090: handler rotation vs connection rotation | L-084: httpmessagehandler options | L-091: can i configure primaryhandler for one specific httpclinet (not named) | L-089: do we need to create primary mes
