source_id,fileId,fileId_short,x,y,width,height,rotation,opacity,initial_subregion,combined_pass,initial_meaning,nearest_labels_for_search_only,coverage_status,decision_is_final,review_notes,current_region_decision,must_recheck_before_region_close
S-001,cb1b53c07193a5e388653690e4791c57f904da11,cb1b53c071,5415.411,10434.367,806.0,352.0,0.0,1,R04-timezones-converting-date-math-dst,P03-R04-timezones-conversion-json-model-binding-dst,"TimeZoneInfo, UTC/local conversion, JSON/model binding, date math pitfalls, user local time, DST.",L-031: converting | L-036: time zones | L-020: when need to show user his local time | L-021: findsystemtimezonebyid | L-016: convert datetime to utc,processed-in-r04-v001,yes-for-r04-v001-boundary,R04 processed after local boundary review.,R04,no-for-r04-v001
S-002,f170746b1759cb792f913a34c0ee5c673c4b3442,f170746b17,5414.432,10803.497,762.0,482.0,0.0,1,R04-timezones-converting-date-math-dst,P03-R04-timezones-conversion-json-model-binding-dst,"TimeZoneInfo, UTC/local conversion, JSON/model binding, date math pitfalls, user local time, DST.",L-036: time zones | L-031: converting | L-020: when need to show user his local time | L-021: findsystemtimezonebyid | L-018: specified,processed-in-r04-v001,yes-for-r04-v001-boundary,R04 processed after local boundary review.,R04,no-for-r04-v001
S-003,3ca88d17e452163d02db85609b3576e6ebc28ef3,3ca88d17e4,5608.879,11785.351,527.0,304.0,0.0,1,R04-timezones-converting-date-math-dst,P03-R04-timezones-conversion-json-model-binding-dst,"TimeZoneInfo, UTC/local conversion, JSON/model binding, date math pitfalls, user local time, DST.",L-036: time zones | L-021: findsystemtimezonebyid | L-020: when need to show user his local time | L-037: json | L-031: converting,processed-in-r04-v001,yes-for-r04-v001-boundary,R04 processed after local boundary review.,R04,no-for-r04-v001
S-004,b5a2dfd44fc76ffab7c2d99544f8821532aa564d,b5a2dfd44f,5590.593,12114.113,815.0,416.0,0.0,1,R04-timezones-converting-date-math-dst,P03-R04-timezones-conversion-json-model-binding-dst,"TimeZoneInfo, UTC/local conversion, JSON/model binding, date math pitfalls, user local time, DST.",L-037: json | L-036: time zones | L-021: findsystemtimezonebyid | L-020: when need to show user his local time | L-038: model binding,processed-in-r04-v001,yes-for-r04-v001-boundary,R04 processed after local boundary review.,R04,no-for-r04-v001
S-005,410ac85eef99a9c7c3617bcaee5b38fb8f34fc6f,410ac85eef,7001.76,248.471,586.0,313.0,0.0,1,R01-core-types-offset-ticks-unix-js,P01-R01-core-types-offset-ticks-unix-js,"Core DateTime/DateTimeOffset choices, Kind/offset basics, comparing, ticks, Unix time, JS local formatting.",L-035: common choices | L-029: adding and substructing | L-009: what is the offset | L-032: basics | L-033: coretypes,processed-in-r01-v001,yes-for-r01-v001-boundary,R01 processed after local boundary review.,R01,no-for-r01-v001
S-006,0bf4e455eed5cf90cb1c0ec6cb2710a307e88847,0bf4e455ee,6994.546,570.661,829.0,461.0,0.0,1,R01-core-types-offset-ticks-unix-js,P01-R01-core-types-offset-ticks-unix-js,"Core DateTime/DateTimeOffset choices, Kind/offset basics, comparing, ticks, Unix time, JS local formatting.",L-035: common choices | L-009: what is the offset | L-029: adding and substructing | L-030: comparing times | L-034: what to use when,processed-in-r01-v001,yes-for-r01-v001-boundary,R01 processed after local boundary review.,R01,no-for-r01-v001
S-007,8426eb5879fcc2dfaa5a55d8706614a62c590e9c,8426eb5879,5543.489,13084.767,795.0,482.0,0.0,1,R04-timezones-converting-date-math-dst,P03-R04-timezones-conversion-json-model-binding-dst,"TimeZoneInfo, UTC/local conversion, JSON/model binding, date math pitfalls, user local time, DST.",L-037: json | L-038: model binding | L-036: time zones | L-004: stopwatch | L-021: findsystemtimezonebyid,processed-in-r04-v001,yes-for-r04-v001-boundary,R04 processed after local boundary review.,R04,no-for-r04-v001
S-008,e3b46b36d76af951ac247beb5a9ea9aadbbe862f,e3b46b36d7,5585.284,13914.542,578.0,118.0,0.0,1,R04-timezones-converting-date-math-dst,P03-R04-timezones-conversion-json-model-binding-dst,"TimeZoneInfo, UTC/local conversion, JSON/model binding, date math pitfalls, user local time, DST.",L-038: model binding | L-037: json | L-004: stopwatch | L-040: date math pitfalls | L-005: better to just recreate datetime object copying,processed-in-r04-v001,yes-for-r04-v001-boundary,R04 processed after local boundary review.,R04,no-for-r04-v001
S-009,84c9351c131e012ae5bcc0f20ec950f0fbb11a12,84c9351c13,5559.353,14052.386,737.0,482.0,0.0,1,R04-timezones-converting-date-math-dst,P03-R04-timezones-conversion-json-model-binding-dst,"TimeZoneInfo, UTC/local conversion, JSON/model binding, date math pitfalls, user local time, DST.",L-038: model binding | L-037: json | L-040: date math pitfalls | L-004: stopwatch | L-005: better to just recreate datetime object copying,processed-in-r04-v001,yes-for-r04-v001-boundary,R04 processed after local boundary review.,R04,no-for-r04-v001
S-010,a465e93e150488ce0814f22a59f9807cd021ffc5,a465e93e15,5578.712,14562.161,614.0,278.0,0.0,1,R04-timezones-converting-date-math-dst,P03-R04-timezones-conversion-json-model-binding-dst,"TimeZoneInfo, UTC/local conversion, JSON/model binding, date math pitfalls, user local time, DST.",L-038: model binding | L-040: date math pitfalls | L-005: better to just recreate datetime object copying | L-006: values | L-004: stopwatch,processed-in-r04-v001,yes-for-r04-v001-boundary,R04 processed after local boundary review.,R04,no-for-r04-v001
S-011,202c472ab013438b55c35621832e5a0332610b70,202c472ab0,5556.806,14888.576,856.0,482.0,0.0,1,R04-timezones-converting-date-math-dst,P03-R04-timezones-conversion-json-model-binding-dst,"TimeZoneInfo, UTC/local conversion, JSON/model binding, date math pitfalls, user local time, DST.",L-040: date math pitfalls | L-005: better to just recreate datetime object copying | L-006: values | L-007: (dont really understand how example below works) | L-038: model binding,processed-in-r04-v001,yes-for-r04-v001-boundary,R04 processed after local boundary review.,R04,no-for-r04-v001
S-012,1abb46621f5f4f66307e429b78d79c34734467a8,1abb46621f,5530.07,15924.899,837.0,463.0,0.0,1,R04-timezones-converting-date-math-dst,P03-R04-timezones-conversion-json-model-binding-dst,"TimeZoneInfo, UTC/local conversion, JSON/model binding, date math pitfalls, user local time, DST.",L-040: date math pitfalls | L-007: (dont really understand how example below works) | L-006: values | L-005: better to just recreate datetime object copying | L-038: model binding,processed-in-r04-v001,yes-for-r04-v001-boundary,R04 processed after local boundary review.,R04,no-for-r04-v001
S-013,6987468ca68f514e8091eee12a40dc6c32425558,6987468ca6,5533.015,16406.671,736.0,482.0,0.0,1,R04-timezones-converting-date-math-dst,P03-R04-timezones-conversion-json-model-binding-dst,"TimeZoneInfo, UTC/local conversion, JSON/model binding, date math pitfalls, user local time, DST.",L-040: date math pitfalls | L-007: (dont really understand how example below works) | L-006: values | L-005: better to just recreate datetime object copying | L-004: stopwatch,processed-in-r04-v001,yes-for-r04-v001-boundary,R04 processed after local boundary review.,R04,no-for-r04-v001
S-014,8d1c572238e93f861600c9b70fab20122ceee226,8d1c572238,5511.233,16894.29,677.0,482.0,0.0,1,R04-timezones-converting-date-math-dst,P03-R04-timezones-conversion-json-model-binding-dst,"TimeZoneInfo, UTC/local conversion, JSON/model binding, date math pitfalls, user local time, DST.",L-040: date math pitfalls | L-007: (dont really understand how example below works) | L-006: values | L-005: better to just recreate datetime object copying | L-083: converting the time on clock,processed-in-r04-v001,yes-for-r04-v001-boundary,R04 processed after local boundary review.,R04,no-for-r04-v001
S-015,11c354459b775c6465f4fa91eaab0765676d3ce0,11c354459b,5494.379,17429.732,836.0,440.0,0.0,1,R04-timezones-converting-date-math-dst,P03-R04-timezones-conversion-json-model-binding-dst,"TimeZoneInfo, UTC/local conversion, JSON/model binding, date math pitfalls, user local time, DST.","L-040: date math pitfalls | L-007: (dont really understand how example below works) | L-006: values | L-005: better to just recreate datetime object copying | L-085: timezone, so we can store it",processed-in-r04-v001,yes-for-r04-v001-boundary,R04 processed after local boundary review.,R04,no-for-r04-v001
S-016,acf157b83234eecf132afaacc713adb331919157,acf157b832,5496.161,17865.719,741.0,482.0,0.0,1,R04-timezones-converting-date-math-dst,P03-R04-timezones-conversion-json-model-binding-dst,"TimeZoneInfo, UTC/local conversion, JSON/model binding, date math pitfalls, user local time, DST.",L-040: date math pitfalls | L-007: (dont really understand how example below works) | L-006: values | L-005: better to just recreate datetime object copying | L-076: what if i pass with specified kind?,processed-in-r04-v001,yes-for-r04-v001-boundary,R04 processed after local boundary review.,R04,no-for-r04-v001
S-017,e3a249a686ef10c5bcee8111475f8908fbf62433,e3a249a686,5474.882,18373.558,806.0,306.0,0.0,1,R04-timezones-converting-date-math-dst,P03-R04-timezones-conversion-json-model-binding-dst,"TimeZoneInfo, UTC/local conversion, JSON/model binding, date math pitfalls, user local time, DST.",L-040: date math pitfalls | L-076: what if i pass with specified kind? | L-007: (dont really understand how example below works) | L-006: values | L-005: better to just recreate datetime object copying,processed-in-r04-v001,yes-for-r04-v001-boundary,R04 processed after local boundary review.,R04,no-for-r04-v001
S-018,1c53f3503d5ae320f7d9845279c8ec3b96982517,1c53f3503d,5459.363,18672.335,840.0,464.0,0.0,1,R04-timezones-converting-date-math-dst,P03-R04-timezones-conversion-json-model-binding-dst,"TimeZoneInfo, UTC/local conversion, JSON/model binding, date math pitfalls, user local time, DST.","L-076: what if i pass with specified kind? | L-040: date math pitfalls | L-007: (dont really understand how example below works) | L-085: timezone, so we can store it | L-006: values",processed-in-r04-v001,yes-for-r04-v001-boundary,R04 processed after local boundary review.,R04,no-for-r04-v001
S-019,b5d1f82a635027b519b33d70f562b8a12cb33839,b5d1f82a63,5434.828,19146.142,756.0,482.0,0.0,1,R05-invalid-ambiguous-time-policies,P04-R05-invalid-ambiguous-time-policies,"Invalid/ambiguous local times, DST gaps/folds, timezone policy helpers.","L-076: what if i pass with specified kind? | L-092: example of invalid/ambiguous time | L-093: policies | L-085: timezone, so we can store it | L-040: date math pitfalls",processed-in-r05-v001,yes-for-r05-v001-boundary,R05 processed after local boundary review.,R05,no-for-r05-v001
S-020,8aca5e5aac02051927b5136d0e39f8a2ee4b20bd,8aca5e5aac,5418.752,19657.169,859.0,441.0,0.0,1,R05-invalid-ambiguous-time-policies,P04-R05-invalid-ambiguous-time-policies,"Invalid/ambiguous local times, DST gaps/folds, timezone policy helpers.",L-092: example of invalid/ambiguous time | L-093: policies | L-076: what if i pass with specified kind? | L-094: common invalid/ambiguous | L-095: time policies,processed-in-r05-v001,yes-for-r05-v001-boundary,R05 processed after local boundary review.,R05,no-for-r05-v001
S-021,f7b36b9cf7a5544af5d280f3457eb61493a2781a,f7b36b9cf7,8512.492,2268.364,763.0,482.0,0.0,1,R01-core-types-offset-ticks-unix-js,P01-R01-core-types-offset-ticks-unix-js,"Core DateTime/DateTimeOffset choices, Kind/offset basics, comparing, ticks, Unix time, JS local formatting.",L-030: comparing times | L-039: expiratjion patterns | L-029: adding and substructing | L-009: what is the offset | L-001: datetimeoffset.localdatetime,processed-in-r01-v001,yes-for-r01-v001-boundary,R01 processed after local boundary review.,R01,no-for-r01-v001
S-022,3bb73c671948cb62c38e21f2a49f3d9fd0536684,3bb73c6719,8472.309,1552.187,873.0,338.0,0.0,1,R01-core-types-offset-ticks-unix-js,P01-R01-core-types-offset-ticks-unix-js,"Core DateTime/DateTimeOffset choices, Kind/offset basics, comparing, ticks, Unix time, JS local formatting.",L-030: comparing times | L-029: adding and substructing | L-039: expiratjion patterns | L-009: what is the offset | L-035: common choices,processed-in-r01-v001,yes-for-r01-v001-boundary,R01 processed after local boundary review.,R01,no-for-r01-v001
S-023,0dcede3d6f1431842f2a95d6abc108c373ec21fb,0dcede3d6f,8480.809,1041.92,685.0,482.0,0.0,1,R01-core-types-offset-ticks-unix-js,P01-R01-core-types-offset-ticks-unix-js,"Core DateTime/DateTimeOffset choices, Kind/offset basics, comparing, ticks, Unix time, JS local formatting.",L-029: adding and substructing | L-030: comparing times | L-039: expiratjion patterns | L-009: what is the offset | L-035: common choices,processed-in-r01-v001,yes-for-r01-v001-boundary,R01 processed after local boundary review.,R01,no-for-r01-v001
S-024,0797764a58eb98cb3e23c4f07b76bb83ce1fe225,0797764a58,5570.275,7638.41,799.0,300.0,0.0,1,R01-core-types-offset-ticks-unix-js,P01-R01-core-types-offset-ticks-unix-js,"Core DateTime/DateTimeOffset choices, Kind/offset basics, comparing, ticks, Unix time, JS local formatting.",L-104: what format | L-103: when to use | L-028: unix time | L-014: when to use unix time | L-031: converting,processed-in-r01-v001,yes-for-r01-v001-boundary,R01 processed after local boundary review.,R01,no-for-r01-v001
S-025,7d61f4c5afc6f9cfb3f6bf5961f5b6de97d87a44,7d61f4c5af,5598.799,7147.254,742.0,482.0,0.0,1,R01-core-types-offset-ticks-unix-js,P01-R01-core-types-offset-ticks-unix-js,"Core DateTime/DateTimeOffset choices, Kind/offset basics, comparing, ticks, Unix time, JS local formatting.",L-028: unix time | L-103: when to use | L-104: what format | L-014: when to use unix time | L-010: ticks vs unix seconds,processed-in-r01-v001,yes-for-r01-v001-boundary,R01 processed after local boundary review.,R01,no-for-r01-v001
S-026,9824ae60e88ae4cff89080558dcc9700d8398240,9824ae60e8,5596.775,6812.41,778.0,304.0,0.0,1,R01-core-types-offset-ticks-unix-js,P01-R01-core-types-offset-ticks-unix-js,"Core DateTime/DateTimeOffset choices, Kind/offset basics, comparing, ticks, Unix time, JS local formatting.",L-028: unix time | L-103: when to use | L-104: what format | L-014: when to use unix time | L-010: ticks vs unix seconds,processed-in-r01-v001,yes-for-r01-v001-boundary,R01 processed after local boundary review.,R01,no-for-r01-v001
S-027,d048c265a0d179ec2ea022ffee3f4371e9c57d45,d048c265a0,5609.942,6373.077,829.0,460.0,0.0,1,R01-core-types-offset-ticks-unix-js,P01-R01-core-types-offset-ticks-unix-js,"Core DateTime/DateTimeOffset choices, Kind/offset basics, comparing, ticks, Unix time, JS local formatting.",L-028: unix time | L-103: when to use | L-104: what format | L-014: when to use unix time | L-010: ticks vs unix seconds,processed-in-r01-v001,yes-for-r01-v001-boundary,R01 processed after local boundary review.,R01,no-for-r01-v001
S-028,3ddbc4772d7b3eed0c41ecfeca57c897aba3b555,3ddbc4772d,3901.108,5218.41,484.0,256.0,0.0,1,R01-core-types-offset-ticks-unix-js,P01-R01-core-types-offset-ticks-unix-js,"Core DateTime/DateTimeOffset choices, Kind/offset basics, comparing, ticks, Unix time, JS local formatting.",L-010: ticks vs unix seconds | L-027: ticks | L-011: what do ticks represent | L-028: unix time | L-014: when to use unix time,processed-in-r01-v001,yes-for-r01-v001-boundary,R01 processed after local boundary review.,R01,no-for-r01-v001
S-029,827b0932716c3ed3ab4f3e9e286a0dd69d2f4d27,827b093271,3884.5,4719.92,685.0,482.0,0.0,1,R01-core-types-offset-ticks-unix-js,P01-R01-core-types-offset-ticks-unix-js,"Core DateTime/DateTimeOffset choices, Kind/offset basics, comparing, ticks, Unix time, JS local formatting.",L-027: ticks | L-010: ticks vs unix seconds | L-028: unix time | L-011: what do ticks represent | L-014: when to use unix time,processed-in-r01-v001,yes-for-r01-v001-boundary,R01 processed after local boundary review.,R01,no-for-r01-v001
S-030,23267c80e874336a1dce32ffc531d98f43ce7aaf,23267c80e8,5622.144,5097.92,839.0,482.0,0.0,1,R01-core-types-offset-ticks-unix-js,P01-R01-core-types-offset-ticks-unix-js,"Core DateTime/DateTimeOffset choices, Kind/offset basics, comparing, ticks, Unix time, JS local formatting.",L-028: unix time | L-001: datetimeoffset.localdatetime | L-010: ticks vs unix seconds | L-027: ticks | L-103: when to use,processed-in-r01-v001,yes-for-r01-v001-boundary,R01 processed after local boundary review.,R01,no-for-r01-v001
S-031,d12c4db3c17a31ad951ea189874e0a01c75ea931,d12c4db3c1,5630.814,4615.254,726.0,482.0,0.0,1,R01-core-types-offset-ticks-unix-js,P01-R01-core-types-offset-ticks-unix-js,"Core DateTime/DateTimeOffset choices, Kind/offset basics, comparing, ticks, Unix time, JS local formatting.",L-028: unix time | L-001: datetimeoffset.localdatetime | L-027: ticks | L-010: ticks vs unix seconds | L-103: when to use,processed-in-r01-v001,yes-for-r01-v001-boundary,R01 processed after local boundary review.,R01,no-for-r01-v001
S-032,3f95bfeef64cbe6bf170328c57bf768d4d5a1c49,3f95bfeef6,5604.942,4280.91,895.0,335.0,0.0,1,R01-core-types-offset-ticks-unix-js,P01-R01-core-types-offset-ticks-unix-js,"Core DateTime/DateTimeOffset choices, Kind/offset basics, comparing, ticks, Unix time, JS local formatting.",L-001: datetimeoffset.localdatetime | L-028: unix time | L-027: ticks | L-010: ticks vs unix seconds | L-039: expiratjion patterns,processed-in-r01-v001,yes-for-r01-v001-boundary,R01 processed after local boundary review.,R01,no-for-r01-v001
S-033,a56e4c73a94beb7fd4234ec3090159384f227d49,a56e4c73a9,5611.775,3957.91,836.0,285.0,0.0,1,R01-core-types-offset-ticks-unix-js,P01-R01-core-types-offset-ticks-unix-js,"Core DateTime/DateTimeOffset choices, Kind/offset basics, comparing, ticks, Unix time, JS local formatting.",L-001: datetimeoffset.localdatetime | L-028: unix time | L-027: ticks | L-039: expiratjion patterns | L-009: what is the offset,processed-in-r01-v001,yes-for-r01-v001-boundary,R01 processed after local boundary review.,R01,no-for-r01-v001
S-034,f78b53d44de0dfb6410198e0393b3db438f107f0,f78b53d44d,5627.775,3470.41,852.0,476.0,0.0,1,R01-core-types-offset-ticks-unix-js,P01-R01-core-types-offset-ticks-unix-js,"Core DateTime/DateTimeOffset choices, Kind/offset basics, comparing, ticks, Unix time, JS local formatting.",L-001: datetimeoffset.localdatetime | L-009: what is the offset | L-027: ticks | L-039: expiratjion patterns | L-028: unix time,processed-in-r01-v001,yes-for-r01-v001-boundary,R01 processed after local boundary review.,R01,no-for-r01-v001
S-035,e404e1a2d57ca1648fe9d7d03e0ca743bb7f22b3,e404e1a2d5,5642.775,3123.243,862.0,341.0,0.0,1,R01-core-types-offset-ticks-unix-js,P01-R01-core-types-offset-ticks-unix-js,"Core DateTime/DateTimeOffset choices, Kind/offset basics, comparing, ticks, Unix time, JS local formatting.",L-001: datetimeoffset.localdatetime | L-009: what is the offset | L-039: expiratjion patterns | L-008: datetime.specifykind | L-034: what to use when,processed-in-r01-v001,yes-for-r01-v001-boundary,R01 processed after local boundary review.,R01,no-for-r01-v001
S-036,424b9ccca3b8f5c4826bd7fce4a4100f2d3ade7a,424b9ccca3,5607.775,2796.41,828.0,328.0,0.0,1,R01-core-types-offset-ticks-unix-js,P01-R01-core-types-offset-ticks-unix-js,"Core DateTime/DateTimeOffset choices, Kind/offset basics, comparing, ticks, Unix time, JS local formatting.",L-001: datetimeoffset.localdatetime | L-009: what is the offset | L-034: what to use when | L-008: datetime.specifykind | L-033: coretypes,processed-in-r01-v001,yes-for-r01-v001-boundary,R01 processed after local boundary review.,R01,no-for-r01-v001
S-037,c4462d9c5c2dd7c400740efcc7b5f10bf97653fb,c4462d9c5c,5610.442,2384.743,836.0,402.0,0.0,1,R01-core-types-offset-ticks-unix-js,P01-R01-core-types-offset-ticks-unix-js,"Core DateTime/DateTimeOffset choices, Kind/offset basics, comparing, ticks, Unix time, JS local formatting.",L-001: datetimeoffset.localdatetime | L-009: what is the offset | L-034: what to use when | L-033: coretypes | L-008: datetime.specifykind,processed-in-r01-v001,yes-for-r01-v001-boundary,R01 processed after local boundary review.,R01,no-for-r01-v001
S-038,5d5d11bd15046f68d557214f5a55939b76135600,5d5d11bd15,5604.943,1899.608,718.0,471.0,0.0,1,R01-core-types-offset-ticks-unix-js,P01-R01-core-types-offset-ticks-unix-js,"Core DateTime/DateTimeOffset choices, Kind/offset basics, comparing, ticks, Unix time, JS local formatting.",L-009: what is the offset | L-034: what to use when | L-001: datetimeoffset.localdatetime | L-033: coretypes | L-032: basics,processed-in-r01-v001,yes-for-r01-v001-boundary,R01 processed after local boundary review.,R01,no-for-r01-v001
S-039,36693495387c4c58d2fe256ab3dfcd9b43dad1ef,3669349538,5579.237,1407.254,636.0,482.0,0.0,1,R01-core-types-offset-ticks-unix-js,P01-R01-core-types-offset-ticks-unix-js,"Core DateTime/DateTimeOffset choices, Kind/offset basics, comparing, ticks, Unix time, JS local formatting.",L-034: what to use when | L-033: coretypes | L-032: basics | L-009: what is the offset | L-008: datetime.specifykind,processed-in-r01-v001,yes-for-r01-v001-boundary,R01 processed after local boundary review.,R01,no-for-r01-v001
S-040,4ee4b0a7f92358f6c0df2e0321d41edca2bcedf7,4ee4b0a7f9,5557.775,957.91,856.0,429.0,0.0,1,R01-core-types-offset-ticks-unix-js,P01-R01-core-types-offset-ticks-unix-js,"Core DateTime/DateTimeOffset choices, Kind/offset basics, comparing, ticks, Unix time, JS local formatting.",L-034: what to use when | L-033: coretypes | L-032: basics | L-009: what is the offset | L-035: common choices,processed-in-r01-v001,yes-for-r01-v001-boundary,R01 processed after local boundary review.,R01,no-for-r01-v001
S-041,e655844d8b7a4985d591437a07255c6cc646767e,e655844d8b,6968.304,1679.785,817.0,356.0,0.0,1,R01-core-types-offset-ticks-unix-js,P01-R01-core-types-offset-ticks-unix-js,"Core DateTime/DateTimeOffset choices, Kind/offset basics, comparing, ticks, Unix time, JS local formatting.",L-009: what is the offset | L-030: comparing times | L-029: adding and substructing | L-039: expiratjion patterns | L-001: datetimeoffset.localdatetime,processed-in-r01-v001,yes-for-r01-v001-boundary,R01 processed after local boundary review.,R01,no-for-r01-v001
S-042,075530dd366f7663bb4946733c9493169bbaea26,075530dd36,6967.44,2063.169,808.0,463.0,0.0,1,R01-core-types-offset-ticks-unix-js,P01-R01-core-types-offset-ticks-unix-js,"Core DateTime/DateTimeOffset choices, Kind/offset basics, comparing, ticks, Unix time, JS local formatting.",L-009: what is the offset | L-030: comparing times | L-001: datetimeoffset.localdatetime | L-039: expiratjion patterns | L-029: adding and substructing,processed-in-r01-v001,yes-for-r01-v001-boundary,R01 processed after local boundary review.,R01,no-for-r01-v001
S-043,6b1790ac3442c94c1681a47b21126a089035f9b6,6b1790ac34,6989.718,2589.323,758.0,463.0,0.0,1,R01-core-types-offset-ticks-unix-js,P01-R01-core-types-offset-ticks-unix-js,"Core DateTime/DateTimeOffset choices, Kind/offset basics, comparing, ticks, Unix time, JS local formatting.",L-001: datetimeoffset.localdatetime | L-039: expiratjion patterns | L-009: what is the offset | L-030: comparing times | L-029: adding and substructing,processed-in-r01-v001,yes-for-r01-v001-boundary,R01 processed after local boundary review.,R01,no-for-r01-v001
S-044,0c6a3234e202bde7efde4a4ecfa7a0a3edc9f1cd,0c6a3234e2,7042.059,3444.708,612.0,463.0,0.0,1,R01-core-types-offset-ticks-unix-js,P01-R01-core-types-offset-ticks-unix-js,"Core DateTime/DateTimeOffset choices, Kind/offset basics, comparing, ticks, Unix time, JS local formatting.",L-001: datetimeoffset.localdatetime | L-039: expiratjion patterns | L-030: comparing times | L-009: what is the offset | L-029: adding and substructing,processed-in-r01-v001,yes-for-r01-v001-boundary,R01 processed after local boundary review.,R01,no-for-r01-v001
S-045,7ff43d2b369b41791744758b7cf387b7b9085a04,7ff43d2b36,7053.057,11563.167,778.0,482.0,0.0,1,R04-timezones-converting-date-math-dst,P03-R04-timezones-conversion-json-model-binding-dst,"TimeZoneInfo, UTC/local conversion, JSON/model binding, date math pitfalls, user local time, DST.",L-021: findsystemtimezonebyid | L-020: when need to show user his local time | L-019: timezoneinfo | L-036: time zones | L-037: json,processed-in-r04-v001,yes-for-r04-v001-boundary,R04 processed after local boundary review.,R04,no-for-r04-v001
S-046,3be3403946b9d532f0226181968c1ddeca155bb2,3be3403946,7032.432,12056.49,839.0,239.0,0.0,1,R04-timezones-converting-date-math-dst,P03-R04-timezones-conversion-json-model-binding-dst,"TimeZoneInfo, UTC/local conversion, JSON/model binding, date math pitfalls, user local time, DST.",L-021: findsystemtimezonebyid | L-020: when need to show user his local time | L-019: timezoneinfo | L-036: time zones | L-037: json,processed-in-r04-v001,yes-for-r04-v001-boundary,R04 processed after local boundary review.,R04,no-for-r04-v001
S-047,f2685b0dfef108752e032b97c46496e12bc8882c,f2685b0dfe,7024.932,12325.656,844.0,384.0,0.0,1,R04-timezones-converting-date-math-dst,P03-R04-timezones-conversion-json-model-binding-dst,"TimeZoneInfo, UTC/local conversion, JSON/model binding, date math pitfalls, user local time, DST.",L-021: findsystemtimezonebyid | L-020: when need to show user his local time | L-019: timezoneinfo | L-037: json | L-036: time zones,processed-in-r04-v001,yes-for-r04-v001-boundary,R04 processed after local boundary review.,R04,no-for-r04-v001
S-048,a9e03a35caf8c78d164480b39bba679a700f16fd,a9e03a35ca,7044.964,12731.5,771.0,482.0,0.0,1,R04-timezones-converting-date-math-dst,P03-R04-timezones-conversion-json-model-binding-dst,"TimeZoneInfo, UTC/local conversion, JSON/model binding, date math pitfalls, user local time, DST.",L-021: findsystemtimezonebyid | L-037: json | L-020: when need to show user his local time | L-019: timezoneinfo | L-002: !!! daylightsavingtime,processed-in-r04-v001,yes-for-r04-v001-boundary,R04 processed after local boundary review.,R04,no-for-r04-v001
S-049,8876fadc6ce7c72617b316b104236a637a9b3ea5,8876fadc6c,7050.432,13250.823,843.0,377.0,0.0,1,R04-timezones-converting-date-math-dst,P03-R04-timezones-conversion-json-model-binding-dst,"TimeZoneInfo, UTC/local conversion, JSON/model binding, date math pitfalls, user local time, DST.",L-002: !!! daylightsavingtime | L-003: can be important for displaying | L-037: json | L-038: model binding | L-021: findsystemtimezonebyid,processed-in-r04-v001,yes-for-r04-v001-boundary,R04 processed after local boundary review.,R04,no-for-r04-v001
S-050,403580f414e26c8becd397fa8ff987e51a9b2841,403580f414,7068.932,13649.49,806.0,373.0,0.0,1,R04-timezones-converting-date-math-dst,P03-R04-timezones-conversion-json-model-binding-dst,"TimeZoneInfo, UTC/local conversion, JSON/model binding, date math pitfalls, user local time, DST.",L-003: can be important for displaying | L-002: !!! daylightsavingtime | L-038: model binding | L-005: better to just recreate datetime object copying | L-037: json,processed-in-r04-v001,yes-for-r04-v001-boundary,R04 processed after local boundary review.,R04,no-for-r04-v001
S-051,cea340a4405925c40b61d420a1a17b96c0827ecf,cea340a440,7059.265,14042.157,842.0,371.0,0.0,1,R04-timezones-converting-date-math-dst,P03-R04-timezones-conversion-json-model-binding-dst,"TimeZoneInfo, UTC/local conversion, JSON/model binding, date math pitfalls, user local time, DST.",L-005: better to just recreate datetime object copying | L-006: values | L-007: (dont really understand how example below works) | L-003: can be important for displaying | L-002: !!! daylightsavingtime,processed-in-r04-v001,yes-for-r04-v001-boundary,R04 processed after local boundary review.,R04,no-for-r04-v001
S-052,1ad0fba431e493b65273318d3131cebdd366bfd4,1ad0fba431,8141.599,11502.49,844.0,247.0,0.0,1,R04-timezones-converting-date-math-dst,P03-R04-timezones-conversion-json-model-binding-dst,"TimeZoneInfo, UTC/local conversion, JSON/model binding, date math pitfalls, user local time, DST.",L-019: timezoneinfo | L-021: findsystemtimezonebyid | L-020: when need to show user his local time | L-002: !!! daylightsavingtime | L-003: can be important for displaying,processed-in-r04-v001,yes-for-r04-v001-boundary,R04 processed after local boundary review.,R04,no-for-r04-v001
S-053,7a183a0a75f7efbdca744583067bd51e335a27cc,7a183a0a75,8139.426,11766.5,845.0,482.0,0.0,1,R04-timezones-converting-date-math-dst,P03-R04-timezones-conversion-json-model-binding-dst,"TimeZoneInfo, UTC/local conversion, JSON/model binding, date math pitfalls, user local time, DST.",L-019: timezoneinfo | L-002: !!! daylightsavingtime | L-003: can be important for displaying | L-021: findsystemtimezonebyid | L-020: when need to show user his local time,processed-in-r04-v001,yes-for-r04-v001-boundary,R04 processed after local boundary review.,R04,no-for-r04-v001
S-054,8c4ebce02dcad9f13c5f673a8b2a7f2ce92e511d,8c4ebce02d,8142.432,12246.823,839.0,315.0,0.0,1,R04-timezones-converting-date-math-dst,P03-R04-timezones-conversion-json-model-binding-dst,"TimeZoneInfo, UTC/local conversion, JSON/model binding, date math pitfalls, user local time, DST.",L-019: timezoneinfo | L-002: !!! daylightsavingtime | L-003: can be important for displaying | L-021: findsystemtimezonebyid | L-020: when need to show user his local time,processed-in-r04-v001,yes-for-r04-v001-boundary,R04 processed after local boundary review.,R04,no-for-r04-v001
S-055,3af0ebaeca882419cd0f7da8094cf8cbdd71ee04,3af0ebaeca,8176.449,12589.834,654.0,482.0,0.0,1,R04-timezones-converting-date-math-dst,P03-R04-timezones-conversion-json-model-binding-dst,"TimeZoneInfo, UTC/local conversion, JSON/model binding, date math pitfalls, user local time, DST.",L-002: !!! daylightsavingtime | L-003: can be important for displaying | L-019: timezoneinfo | L-021: findsystemtimezonebyid | L-020: when need to show user his local time,processed-in-r04-v001,yes-for-r04-v001-boundary,R04 processed after local boundary review.,R04,no-for-r04-v001
S-056,8ac7967330c20c3e9ed97bd524320ed4864b6364,8ac7967330,8199.451,13091.5,742.0,482.0,0.0,1,R04-timezones-converting-date-math-dst,P03-R04-timezones-conversion-json-model-binding-dst,"TimeZoneInfo, UTC/local conversion, JSON/model binding, date math pitfalls, user local time, DST.",L-002: !!! daylightsavingtime | L-003: can be important for displaying | L-019: timezoneinfo | L-021: findsystemtimezonebyid | L-020: when need to show user his local time,processed-in-r04-v001,yes-for-r04-v001-boundary,R04 processed after local boundary review.,R04,no-for-r04-v001
S-057,9e1cf3612490b073f2a4d5e2025841cf681a145e,9e1cf36124,8214.952,13599.834,714.0,482.0,0.0,1,R04-timezones-converting-date-math-dst,P03-R04-timezones-conversion-json-model-binding-dst,"TimeZoneInfo, UTC/local conversion, JSON/model binding, date math pitfalls, user local time, DST.",L-003: can be important for displaying | L-002: !!! daylightsavingtime | L-005: better to just recreate datetime object copying | L-006: values | L-019: timezoneinfo,processed-in-r04-v001,yes-for-r04-v001-boundary,R04 processed after local boundary review.,R04,no-for-r04-v001
S-058,a60ec7431bd30c84c9b64bfaa1da93264d12c28f,a60ec7431b,8224.082,14096.5,709.0,482.0,0.0,1,R04-timezones-converting-date-math-dst,P03-R04-timezones-conversion-json-model-binding-dst,"TimeZoneInfo, UTC/local conversion, JSON/model binding, date math pitfalls, user local time, DST.",L-003: can be important for displaying | L-002: !!! daylightsavingtime | L-005: better to just recreate datetime object copying | L-006: values | L-007: (dont really understand how example below works),processed-in-r04-v001,yes-for-r04-v001-boundary,R04 processed after local boundary review.,R04,no-for-r04-v001
S-059,6afd822c0c1fe525217f599f3b0a43bd0fb7bc44,6afd822c0c,4480.184,1604.897,716.0,430.0,0.0,1,R01-core-types-offset-ticks-unix-js,P01-R01-core-types-offset-ticks-unix-js,"Core DateTime/DateTimeOffset choices, Kind/offset basics, comparing, ticks, Unix time, JS local formatting.",L-008: datetime.specifykind | L-034: what to use when | L-033: coretypes | L-032: basics | L-009: what is the offset,processed-in-r01-v001,yes-for-r01-v001-boundary,R01 processed after local boundary review.,R01,no-for-r01-v001
S-060,81f403bd202103538686c8389359893632052129,81f403bd20,3840.358,6014.071,718.0,98.0,0.0,1,R01-core-types-offset-ticks-unix-js,P01-R01-core-types-offset-ticks-unix-js,"Core DateTime/DateTimeOffset choices, Kind/offset basics, comparing, ticks, Unix time, JS local formatting.",L-010: ticks vs unix seconds | L-028: unix time | L-027: ticks | L-014: when to use unix time | L-011: what do ticks represent,processed-in-r01-v001,yes-for-r01-v001-boundary,R01 processed after local boundary review.,R01,no-for-r01-v001
S-061,4155a5c6827b38b614272b640779c88c61d95d65,4155a5c682,3850.834,6108.582,699.0,482.0,0.0,1,R01-core-types-offset-ticks-unix-js,P01-R01-core-types-offset-ticks-unix-js,"Core DateTime/DateTimeOffset choices, Kind/offset basics, comparing, ticks, Unix time, JS local formatting.",L-010: ticks vs unix seconds | L-014: when to use unix time | L-028: unix time | L-011: what do ticks represent | L-027: ticks,processed-in-r01-v001,yes-for-r01-v001-boundary,R01 processed after local boundary review.,R01,no-for-r01-v001
S-062,94118058e6ebbb92cf98528746b35129bd13c2de,94118058e6,3822.473,6589.693,789.0,482.0,0.0,1,R01-core-types-offset-ticks-unix-js,P01-R01-core-types-offset-ticks-unix-js,"Core DateTime/DateTimeOffset choices, Kind/offset basics, comparing, ticks, Unix time, JS local formatting.",L-014: when to use unix time | L-010: ticks vs unix seconds | L-028: unix time | L-011: what do ticks represent | L-012: unix when you need to integrate,processed-in-r01-v001,yes-for-r01-v001-boundary,R01 processed after local boundary review.,R01,no-for-r01-v001
S-063,df0bc019482e9b0f23d1b77063c41d799381edb1,df0bc01948,4269.136,10938.627,826.0,470.0,0.0,1,R04-timezones-converting-date-math-dst,P03-R04-timezones-conversion-json-model-binding-dst,"TimeZoneInfo, UTC/local conversion, JSON/model binding, date math pitfalls, user local time, DST.",L-018: specified | L-017: if there is no offset | L-016: convert datetime to utc | L-015: how its possible to | L-036: time zones,processed-in-r01-v001,yes-for-r01-v001-boundary,R01 processed after local boundary review.,R01,no-for-r01-v001
S-064,296c85f168c4fa344b0aeb3c784c6e118f0dd11c,296c85f168,4282.747,11443.461,831.0,417.0,0.0,1,R04-timezones-converting-date-math-dst,P03-R04-timezones-conversion-json-model-binding-dst,"TimeZoneInfo, UTC/local conversion, JSON/model binding, date math pitfalls, user local time, DST.",L-036: time zones | L-018: specified | L-017: if there is no offset | L-016: convert datetime to utc | L-015: how its possible to,processed-in-r01-v001,yes-for-r01-v001-boundary,R01 processed after local boundary review.,R01,no-for-r01-v001
S-065,f495f06a668f555b31ecdb3aa179cc387ad50fed,f495f06a66,4296.3,11890.804,724.0,482.0,0.0,1,R04-timezones-converting-date-math-dst,P03-R04-timezones-conversion-json-model-binding-dst,"TimeZoneInfo, UTC/local conversion, JSON/model binding, date math pitfalls, user local time, DST.",L-036: time zones | L-037: json | L-018: specified | L-017: if there is no offset | L-016: convert datetime to utc,processed-in-r01-v001,yes-for-r01-v001-boundary,R01 processed after local boundary review.,R01,no-for-r01-v001
S-066,e18a7989d86759b62bdde2f835d2c9290bf09258,e18a7989d8,4269.21,12382.516,874.0,378.0,0.0,1,R04-timezones-converting-date-math-dst,P03-R04-timezones-conversion-json-model-binding-dst,"TimeZoneInfo, UTC/local conversion, JSON/model binding, date math pitfalls, user local time, DST.",L-037: json | L-036: time zones | L-038: model binding | L-018: specified | L-004: stopwatch,processed-in-r01-v001,yes-for-r01-v001-boundary,R01 processed after local boundary review.,R01,no-for-r01-v001
S-067,e1c679548ecfa54102c72e923866c521c6c9686b,e1c679548e,7071.352,14684.804,730.0,482.0,0.0,1,R04-timezones-converting-date-math-dst,P03-R04-timezones-conversion-json-model-binding-dst,"TimeZoneInfo, UTC/local conversion, JSON/model binding, date math pitfalls, user local time, DST.",L-005: better to just recreate datetime object copying | L-006: values | L-007: (dont really understand how example below works) | L-003: can be important for displaying | L-082: why converting,processed-in-r01-v001,yes-for-r01-v001-boundary,R01 processed after local boundary review.,R01,no-for-r01-v001
S-068,3422343b153b9605704cf0fff8f7fb615d851907,3422343b15,9142.789,13914.429,797.0,251.0,0.0,1,R03-parsing-formatting-cheat-sheets,P02-R03-parsing-formatting-cheat-sheets,"Parsing/ParseExact/TryParse, standard/custom formats, ISO/RFC/Unix/string formatting cheat sheets.",L-003: can be important for displaying | L-002: !!! daylightsavingtime | L-077: when working with users local time | L-082: why converting | L-099: need current users clock time,processed-in-r04-v001,yes-for-r04-v001-boundary,R04 processed after local boundary review.,R04,no-for-r04-v001
S-069,9923d36fcb88c937ce03cba29160dd314357e033,9923d36fcb,9164.055,14170.17,640.0,482.0,0.0,1,R03-parsing-formatting-cheat-sheets,P02-R03-parsing-formatting-cheat-sheets,"Parsing/ParseExact/TryParse, standard/custom formats, ISO/RFC/Unix/string formatting cheat sheets.",L-003: can be important for displaying | L-002: !!! daylightsavingtime | L-077: when working with users local time | L-082: why converting | L-099: need current users clock time,processed-in-r04-v001,yes-for-r04-v001-boundary,R04 processed after local boundary review.,R04,no-for-r04-v001
S-070,bef82f383f009b635c9db280a102c55bb52c96b5,bef82f383f,4332.394,14582.339,819.0,463.0,0.0,1,R04-timezones-converting-date-math-dst,P03-R04-timezones-conversion-json-model-binding-dst,"TimeZoneInfo, UTC/local conversion, JSON/model binding, date math pitfalls, user local time, DST.",L-004: stopwatch | L-040: date math pitfalls | L-038: model binding | L-037: json | L-005: better to just recreate datetime object copying,processed-in-r04-v001,yes-for-r04-v001-boundary,R04 processed after local boundary review.,R04,no-for-r04-v001
S-071,9e23ec9cdf296951ee04b6975890eccc270d5e9a,9e23ec9cdf,4331.394,15066.089,777.0,482.0,0.0,1,R04-timezones-converting-date-math-dst,P03-R04-timezones-conversion-json-model-binding-dst,"TimeZoneInfo, UTC/local conversion, JSON/model binding, date math pitfalls, user local time, DST.",L-040: date math pitfalls | L-004: stopwatch | L-038: model binding | L-005: better to just recreate datetime object copying | L-006: values,processed-in-r04-v001,yes-for-r04-v001-boundary,R04 processed after local boundary review.,R04,no-for-r04-v001
S-072,aa2a99f6ea9534ca9afefe557edd74ace3547b16,aa2a99f6ea,4314.21,15562.078,682.0,361.0,0.0,1,R04-timezones-converting-date-math-dst,P03-R04-timezones-conversion-json-model-binding-dst,"TimeZoneInfo, UTC/local conversion, JSON/model binding, date math pitfalls, user local time, DST.",L-040: date math pitfalls | L-004: stopwatch | L-038: model binding | L-005: better to just recreate datetime object copying | L-006: values,processed-in-r04-v001,yes-for-r04-v001-boundary,R04 processed after local boundary review.,R04,no-for-r04-v001
S-073,6720f98bfffe90344bcf91aaab1c1402b1f068cf,6720f98bff,4224.313,7868.507,677.0,463.0,0.0,1,R01-core-types-offset-ticks-unix-js,P01-R01-core-types-offset-ticks-unix-js,"Core DateTime/DateTimeOffset choices, Kind/offset basics, comparing, ticks, Unix time, JS local formatting.",L-014: when to use unix time | L-028: unix time | L-010: ticks vs unix seconds | L-031: converting | L-013: js frontend,processed-in-r01-v001,yes-for-r01-v001-boundary,R01 processed after local boundary review.,R01,no-for-r01-v001
S-074,69d674b41e7599f28a980098934b916ecd1390f1,69d674b41e,4192.646,8349.173,751.0,427.0,0.0,1,R01-core-types-offset-ticks-unix-js,P01-R01-core-types-offset-ticks-unix-js,"Core DateTime/DateTimeOffset choices, Kind/offset basics, comparing, ticks, Unix time, JS local formatting.",L-014: when to use unix time | L-031: converting | L-015: how its possible to | L-016: convert datetime to utc | L-017: if there is no offset,processed-in-r01-v001,yes-for-r01-v001-boundary,R01 processed after local boundary review.,R01,no-for-r01-v001
S-075,98f57da49357ec0fe045b829d268d6f2f4687508,98f57da493,4223.674,8809.517,684.0,482.0,0.0,1,R01-core-types-offset-ticks-unix-js,P01-R01-core-types-offset-ticks-unix-js,"Core DateTime/DateTimeOffset choices, Kind/offset basics, comparing, ticks, Unix time, JS local formatting.",L-014: when to use unix time | L-031: converting | L-015: how its possible to | L-016: convert datetime to utc | L-017: if there is no offset,processed-in-r01-v001,yes-for-r01-v001-boundary,R01 processed after local boundary review.,R01,no-for-r01-v001
S-076,71622f896c3c356c18cc3590aafd02ff39e0583c,71622f896c,4181.48,9309.84,728.0,239.0,0.0,1,R01-core-types-offset-ticks-unix-js,P01-R01-core-types-offset-ticks-unix-js,"Core DateTime/DateTimeOffset choices, Kind/offset basics, comparing, ticks, Unix time, JS local formatting.",L-015: how its possible to | L-031: converting | L-016: convert datetime to utc | L-017: if there is no offset | L-018: specified,processed-in-r01-v001,yes-for-r01-v001-boundary,R01 processed after local boundary review.,R01,no-for-r01-v001
S-077,d4c93ced164200900f4affe05cfab25dec50c120,d4c93ced16,4136.98,9590.507,857.0,459.0,0.0,1,R01-core-types-offset-ticks-unix-js,P01-R01-core-types-offset-ticks-unix-js,"Core DateTime/DateTimeOffset choices, Kind/offset basics, comparing, ticks, Unix time, JS local formatting.",L-015: how its possible to | L-016: convert datetime to utc | L-031: converting | L-017: if there is no offset | L-018: specified,processed-in-r01-v001,yes-for-r01-v001-boundary,R01 processed after local boundary review.,R01,no-for-r01-v001
S-078,cd99fc14589b0d4920c41361e556effa73da48be,cd99fc1458,2729.813,6477.84,842.0,391.0,0.0,1,R01-core-types-offset-ticks-unix-js,P01-R01-core-types-offset-ticks-unix-js,"Core DateTime/DateTimeOffset choices, Kind/offset basics, comparing, ticks, Unix time, JS local formatting.",L-011: what do ticks represent | L-010: ticks vs unix seconds | L-012: unix when you need to integrate | L-013: js frontend | L-014: when to use unix time,processed-in-r01-v001,yes-for-r01-v001-boundary,R01 processed after local boundary review.,R01,no-for-r01-v001
S-079,f95742b6e2635040467213796032b94e695272bc,f95742b6e2,2736.262,5958.85,877.0,482.0,0.0,1,R01-core-types-offset-ticks-unix-js,P01-R01-core-types-offset-ticks-unix-js,"Core DateTime/DateTimeOffset choices, Kind/offset basics, comparing, ticks, Unix time, JS local formatting.",L-011: what do ticks represent | L-010: ticks vs unix seconds | L-012: unix when you need to integrate | L-013: js frontend | L-027: ticks,processed-in-r01-v001,yes-for-r01-v001-boundary,R01 processed after local boundary review.,R01,no-for-r01-v001
S-080,533e36ee49e8a12bf4503bd4f277d9b7dfaa06cf,533e36ee49,2661.42,7827.681,823.0,312.0,0.0,1,R01-core-types-offset-ticks-unix-js,P01-R01-core-types-offset-ticks-unix-js,"Core DateTime/DateTimeOffset choices, Kind/offset basics, comparing, ticks, Unix time, JS local formatting.",L-013: js frontend | L-012: unix when you need to integrate | L-014: when to use unix time | L-011: what do ticks represent | L-010: ticks vs unix seconds,processed-in-r01-v001,yes-for-r01-v001-boundary,R01 processed after local boundary review.,R01,no-for-r01-v001
S-081,0b4cc714488532ed55fea36f7874a1b91394b4a9,0b4cc71448,2680.266,8161.572,724.0,482.0,0.0,1,R01-core-types-offset-ticks-unix-js,P01-R01-core-types-offset-ticks-unix-js,"Core DateTime/DateTimeOffset choices, Kind/offset basics, comparing, ticks, Unix time, JS local formatting.",L-013: js frontend | L-012: unix when you need to integrate | L-014: when to use unix time | L-015: how its possible to | L-016: convert datetime to utc,processed-in-r01-v001,yes-for-r01-v001-boundary,R01 processed after local boundary review.,R01,no-for-r01-v001
S-082,47990c36c240f80075179d0a031ec22a95d3fdbb,47990c36c2,2642.944,8674.348,799.0,352.0,0.0,1,R01-core-types-offset-ticks-unix-js,P01-R01-core-types-offset-ticks-unix-js,"Core DateTime/DateTimeOffset choices, Kind/offset basics, comparing, ticks, Unix time, JS local formatting.",L-013: js frontend | L-012: unix when you need to integrate | L-014: when to use unix time | L-015: how its possible to | L-016: convert datetime to utc,processed-in-r01-v001,yes-for-r01-v001-boundary,R01 processed after local boundary review.,R01,no-for-r01-v001
S-083,3b0cb8847cbe7c97429aee4287713392660e3e3a,3b0cb8847c,2655.039,9064.43,744.0,482.0,0.0,1,R01-core-types-offset-ticks-unix-js,P01-R01-core-types-offset-ticks-unix-js,"Core DateTime/DateTimeOffset choices, Kind/offset basics, comparing, ticks, Unix time, JS local formatting.",L-013: js frontend | L-015: how its possible to | L-016: convert datetime to utc | L-012: unix when you need to integrate | L-017: if there is no offset,processed-in-r01-v001,yes-for-r01-v001-boundary,R01 processed after local boundary review.,R01,no-for-r01-v001
S-084,a1ca7c7677fc4f7a05e09a70acf3ebe0dfaef059,a1ca7c7677,2641.392,9553.953,791.0,482.0,0.0,1,R01-core-types-offset-ticks-unix-js,P01-R01-core-types-offset-ticks-unix-js,"Core DateTime/DateTimeOffset choices, Kind/offset basics, comparing, ticks, Unix time, JS local formatting.",L-015: how its possible to | L-016: convert datetime to utc | L-017: if there is no offset | L-018: specified | L-026: tolocalestring,processed-in-r01-v001,yes-for-r01-v001-boundary,R01 processed after local boundary review.,R01,no-for-r01-v001
S-085,b19f6fefe6b026dc315a7742d56b19d3d08a75ac,b19f6fefe6,2629.396,10036.419,868.0,405.0,0.0,1,R01-core-types-offset-ticks-unix-js,P01-R01-core-types-offset-ticks-unix-js,"Core DateTime/DateTimeOffset choices, Kind/offset basics, comparing, ticks, Unix time, JS local formatting.",L-015: how its possible to | L-016: convert datetime to utc | L-017: if there is no offset | L-018: specified | L-026: tolocalestring,processed-in-r01-v001,yes-for-r01-v001-boundary,R01 processed after local boundary review.,R01,no-for-r01-v001
S-086,405b4a0dd561dc7f8e526f778b732135649c3d61,405b4a0dd5,2662.522,10456.81,687.0,482.0,0.0,1,R01-core-types-offset-ticks-unix-js,P01-R01-core-types-offset-ticks-unix-js,"Core DateTime/DateTimeOffset choices, Kind/offset basics, comparing, ticks, Unix time, JS local formatting.",L-017: if there is no offset | L-016: convert datetime to utc | L-018: specified | L-015: how its possible to | L-026: tolocalestring,processed-in-r01-v001,yes-for-r01-v001-boundary,R01 processed after local boundary review.,R01,no-for-r01-v001
S-087,46f25bdc1794a1d2aaa96e089503031adb3611a1,46f25bdc17,2667.444,10981.3,750.0,420.0,0.0,1,R01-core-types-offset-ticks-unix-js,P01-R01-core-types-offset-ticks-unix-js,"Core DateTime/DateTimeOffset choices, Kind/offset basics, comparing, ticks, Unix time, JS local formatting.",L-018: specified | L-017: if there is no offset | L-016: convert datetime to utc | L-015: how its possible to | L-026: tolocalestring,processed-in-r01-v001,yes-for-r01-v001-boundary,R01 processed after local boundary review.,R01,no-for-r01-v001
S-088,21a058a5a4df73ef8ccb12ee7540fcbeb47984f6,21a058a5a4,7101.716,16035.156,917.0,210.0,0.0,1,R04-timezones-converting-date-math-dst,P03-R04-timezones-conversion-json-model-binding-dst,"TimeZoneInfo, UTC/local conversion, JSON/model binding, date math pitfalls, user local time, DST.",L-007: (dont really understand how example below works) | L-006: values | L-005: better to just recreate datetime object copying | L-082: why converting | L-099: need current users clock time,processed-in-r04-v001,yes-for-r04-v001-boundary,R04 processed after local boundary review.,R04,no-for-r04-v001
S-089,405b9cbcfd602447295a28b5c83d73e14502fea1,405b9cbcfd,7118.973,16260.481,811.0,482.0,0.0,1,R04-timezones-converting-date-math-dst,P03-R04-timezones-conversion-json-model-binding-dst,"TimeZoneInfo, UTC/local conversion, JSON/model binding, date math pitfalls, user local time, DST.",L-007: (dont really understand how example below works) | L-006: values | L-005: better to just recreate datetime object copying | L-082: why converting | L-099: need current users clock time,processed-in-r04-v001,yes-for-r04-v001-boundary,R04 processed after local boundary review.,R04,no-for-r04-v001
S-090,e062b8c71914fe6bb0754a02e725f39a26f4bebe,e062b8c719,7143.105,16747.889,671.0,482.0,0.0,1,R04-timezones-converting-date-math-dst,P03-R04-timezones-conversion-json-model-binding-dst,"TimeZoneInfo, UTC/local conversion, JSON/model binding, date math pitfalls, user local time, DST.",L-007: (dont really understand how example below works) | L-006: values | L-083: converting the time on clock | L-005: better to just recreate datetime object copying | L-084: that we need to utc using users,processed-in-r04-v001,yes-for-r04-v001-boundary,R04 processed after local boundary review.,R04,no-for-r04-v001
S-091,0ea4560865d8e697a213c3dd7903362a0acaecbb,0ea4560865,7151.753,17243.471,731.0,463.0,0.0,1,R04-timezones-converting-date-math-dst,P03-R04-timezones-conversion-json-model-binding-dst,"TimeZoneInfo, UTC/local conversion, JSON/model binding, date math pitfalls, user local time, DST.","L-085: timezone, so we can store it | L-084: that we need to utc using users | L-083: converting the time on clock | L-076: what if i pass with specified kind? | L-082: why converting",processed-in-r04-v001,yes-for-r04-v001-boundary,R04 processed after local boundary review.,R04,no-for-r04-v001
S-092,49213a0b0e890cc41775a90101a77b5d7ac4722e,49213a0b0e,7163.938,17710.323,677.0,433.0,0.0,1,R04-timezones-converting-date-math-dst,P03-R04-timezones-conversion-json-model-binding-dst,"TimeZoneInfo, UTC/local conversion, JSON/model binding, date math pitfalls, user local time, DST.","L-076: what if i pass with specified kind? | L-085: timezone, so we can store it | L-084: that we need to utc using users | L-083: converting the time on clock | L-082: why converting",processed-in-r04-v001,yes-for-r04-v001-boundary,R04 processed after local boundary review.,R04,no-for-r04-v001
S-093,3f21c4cd27c922878aca198920432039dd0ecd0e,3f21c4cd27,7147.105,18151.619,844.0,303.0,0.0,1,R04-timezones-converting-date-math-dst,P03-R04-timezones-conversion-json-model-binding-dst,"TimeZoneInfo, UTC/local conversion, JSON/model binding, date math pitfalls, user local time, DST.","L-076: what if i pass with specified kind? | L-085: timezone, so we can store it | L-084: that we need to utc using users | L-083: converting the time on clock | L-101: can get basd sit at edgecases lik start/end of month",processed-in-r04-v001,yes-for-r04-v001-boundary,R04 processed after local boundary review.,R04,no-for-r04-v001
S-094,09c6c345b999c5745eac5473e3d8539fd951389e,09c6c345b9,7144.994,18464.156,786.0,472.0,0.0,1,R04-timezones-converting-date-math-dst,P03-R04-timezones-conversion-json-model-binding-dst,"TimeZoneInfo, UTC/local conversion, JSON/model binding, date math pitfalls, user local time, DST.","L-076: what if i pass with specified kind? | L-085: timezone, so we can store it | L-084: that we need to utc using users | L-083: converting the time on clock | L-101: can get basd sit at edgecases lik start/end of month",processed-in-r04-v001,yes-for-r04-v001-boundary,R04 processed after local boundary review.,R04,no-for-r04-v001
S-095,bb29cbe8a5a0a1498bc02bb1c1a9f2a2d0bbd501,bb29cbe8a5,7161.661,18948.008,886.0,408.0,0.0,1,R05-invalid-ambiguous-time-policies,P04-R05-invalid-ambiguous-time-policies,"Invalid/ambiguous local times, DST gaps/folds, timezone policy helpers.","L-076: what if i pass with specified kind? | L-092: example of invalid/ambiguous time | L-093: policies | L-085: timezone, so we can store it | L-084: that we need to utc using users",processed-in-r05-v001,yes-for-r05-v001-boundary,R05 processed after local boundary review.,R05,no-for-r05-v001
S-096,e7f7487dfd870da230033400f98d1cae1504d59e,e7f7487dfd,1650.02,12185.937,543.0,376.0,0.0,1,R01-core-types-offset-ticks-unix-js,P01-R01-core-types-offset-ticks-unix-js,"Core DateTime/DateTimeOffset choices, Kind/offset basics, comparing, ticks, Unix time, JS local formatting.",L-026: tolocalestring | L-025: tolocaledatestring | L-024: tolocaletimestring | L-023: tolocalestring | L-022: js date formatting methods,processed-in-r01-v001,yes-for-r01-v001-boundary,R01 processed after local boundary review.,R01,no-for-r01-v001
S-097,5f0cf54695c352eb3deeb88a8eb7846df94f18a7,5f0cf54695,1634.414,11691.608,675.0,482.0,0.0,1,R01-core-types-offset-ticks-unix-js,P01-R01-core-types-offset-ticks-unix-js,"Core DateTime/DateTimeOffset choices, Kind/offset basics, comparing, ticks, Unix time, JS local formatting.",L-026: tolocalestring | L-025: tolocaledatestring | L-024: tolocaletimestring | L-023: tolocalestring | L-022: js date formatting methods,processed-in-r01-v001,yes-for-r01-v001-boundary,R01 processed after local boundary review.,R01,no-for-r01-v001
S-098,1922ddaa10b990a28a12d04c8dbf7d0ebd598e00,1922ddaa10,1650.983,11330.895,558.0,347.0,0.0,1,R01-core-types-offset-ticks-unix-js,P01-R01-core-types-offset-ticks-unix-js,"Core DateTime/DateTimeOffset choices, Kind/offset basics, comparing, ticks, Unix time, JS local formatting.",L-026: tolocalestring | L-025: tolocaledatestring | L-024: tolocaletimestring | L-023: tolocalestring | L-022: js date formatting methods,processed-in-r01-v001,yes-for-r01-v001-boundary,R01 processed after local boundary review.,R01,no-for-r01-v001
S-099,96da4e9e646a7bf8f867e590f0355231c21ab02c,96da4e9e64,1479.892,10896.047,842.0,407.0,0.0,1,R01-core-types-offset-ticks-unix-js,P01-R01-core-types-offset-ticks-unix-js,"Core DateTime/DateTimeOffset choices, Kind/offset basics, comparing, ticks, Unix time, JS local formatting.",L-026: tolocalestring | L-025: tolocaledatestring | L-024: tolocaletimestring | L-023: tolocalestring | L-022: js date formatting methods,processed-in-r01-v001,yes-for-r01-v001-boundary,R01 processed after local boundary review.,R01,no-for-r01-v001
S-100,eb06a97845786311ad9633aeedae301dddc73eea,eb06a97845,10.0,11887.936,896.0,482.0,0.0,1,R01-core-types-offset-ticks-unix-js,P01-R01-core-types-offset-ticks-unix-js,"Core DateTime/DateTimeOffset choices, Kind/offset basics, comparing, ticks, Unix time, JS local formatting.",L-025: tolocaledatestring | L-024: tolocaletimestring | L-023: tolocalestring | L-022: js date formatting methods | L-026: tolocalestring,processed-in-r01-v001,yes-for-r01-v001-boundary,R01 processed after local boundary review.,R01,no-for-r01-v001
S-101,aabb1c152a5b56bd268fd6c0ed8f9fa76063ffb8,aabb1c152a,32.376,11391.269,864.0,482.0,0.0,1,R01-core-types-offset-ticks-unix-js,P01-R01-core-types-offset-ticks-unix-js,"Core DateTime/DateTimeOffset choices, Kind/offset basics, comparing, ticks, Unix time, JS local formatting.",L-025: tolocaledatestring | L-024: tolocaletimestring | L-023: tolocalestring | L-022: js date formatting methods | L-026: tolocalestring,processed-in-r01-v001,yes-for-r01-v001-boundary,R01 processed after local boundary review.,R01,no-for-r01-v001
S-102,e4c7a9c15c71f333729b313f0ac597884ea4259e,e4c7a9c15c,13.601,10882.936,842.0,482.0,0.0,1,R01-core-types-offset-ticks-unix-js,P01-R01-core-types-offset-ticks-unix-js,"Core DateTime/DateTimeOffset choices, Kind/offset basics, comparing, ticks, Unix time, JS local formatting.",L-025: tolocaledatestring | L-024: tolocaletimestring | L-023: tolocalestring | L-022: js date formatting methods | L-026: tolocalestring,processed-in-r01-v001,yes-for-r01-v001-boundary,R01 processed after local boundary review.,R01,no-for-r01-v001
S-103,6ac9d4e1797c424e5bc3417b1732554148813821,6ac9d4e179,8664.693,3226.243,693.0,482.0,0.0,1,R01-core-types-offset-ticks-unix-js,P01-R01-core-types-offset-ticks-unix-js,"Core DateTime/DateTimeOffset choices, Kind/offset basics, comparing, ticks, Unix time, JS local formatting.",L-039: expiratjion patterns | L-030: comparing times | L-049: custom formats for parse exact | L-001: datetimeoffset.localdatetime | L-029: adding and substructing,processed-in-r01-v001,yes-for-r01-v001-boundary,R01 processed after local boundary review.,R01,no-for-r01-v001
S-104,62adeaee71ffd571f1912752213f0b5f9e7d8d85,62adeaee71,13036.99,3296.845,869.0,306.0,0.0,1,R03-parsing-formatting-cheat-sheets,P02-R03-parsing-formatting-cheat-sheets,"Parsing/ParseExact/TryParse, standard/custom formats, ISO/RFC/Unix/string formatting cheat sheets.",L-043: into datetimeoffset/datetime | L-042: what we can tryto parse | L-046: what datetime can parse | L-050: what datetimeoffset can parse | L-045: parseexact/tryparseexact,processed-in-r03-v001,yes-for-r03-v001-boundary,R03 processed after local boundary review.,R03,no-for-r03-v001
S-105,040cb350f1774cb64780857a9b85345fb3d08e85,040cb350f1,11844.985,3325.113,766.0,482.0,0.0,1,R03-parsing-formatting-cheat-sheets,P02-R03-parsing-formatting-cheat-sheets,"Parsing/ParseExact/TryParse, standard/custom formats, ISO/RFC/Unix/string formatting cheat sheets.",L-045: parseexact/tryparseexact | L-044: parse/tryparse | L-046: what datetime can parse | L-041: parsing cheat sheet | L-043: into datetimeoffset/datetime,processed-in-r03-v001,yes-for-r03-v001-boundary,R03 processed after local boundary review.,R03,no-for-r03-v001
S-106,b68ac77b8e472f0aa956af03d6594dcb06f9995f,b68ac77b8e,11818.813,3836.027,896.0,382.0,0.0,1,R03-parsing-formatting-cheat-sheets,P02-R03-parsing-formatting-cheat-sheets,"Parsing/ParseExact/TryParse, standard/custom formats, ISO/RFC/Unix/string formatting cheat sheets.",L-046: what datetime can parse | L-045: parseexact/tryparseexact | L-044: parse/tryparse | L-047: standart formats | L-048: for parseexact,processed-in-r03-v001,yes-for-r03-v001-boundary,R03 processed after local boundary review.,R03,no-for-r03-v001
S-107,2984273683d12c653c7b7327dc2da4756510a0db,2984273683,11797.086,4222.315,874.0,407.0,0.0,1,R03-parsing-formatting-cheat-sheets,P02-R03-parsing-formatting-cheat-sheets,"Parsing/ParseExact/TryParse, standard/custom formats, ISO/RFC/Unix/string formatting cheat sheets.",L-046: what datetime can parse | L-047: standart formats | L-048: for parseexact | L-045: parseexact/tryparseexact | L-044: parse/tryparse,processed-in-r03-v001,yes-for-r03-v001-boundary,R03 processed after local boundary review.,R03,no-for-r03-v001
S-108,8b6f1d1abfc84ca75ea1fbadfeeb5b7653b25414,8b6f1d1abf,11799.465,4632.042,605.0,213.0,0.0,1,R03-parsing-formatting-cheat-sheets,P02-R03-parsing-formatting-cheat-sheets,"Parsing/ParseExact/TryParse, standard/custom formats, ISO/RFC/Unix/string formatting cheat sheets.",L-047: standart formats | L-048: for parseexact | L-046: what datetime can parse | L-053: can we format datetime | L-045: parseexact/tryparseexact,processed-in-r03-v001,yes-for-r03-v001-boundary,R03 processed after local boundary review.,R03,no-for-r03-v001
S-109,126f2d3a07398e0da0069f8605733919112f7cdf,126f2d3a07,10410.023,5136.037,795.0,482.0,0.0,1,R03-parsing-formatting-cheat-sheets,P02-R03-parsing-formatting-cheat-sheets,"Parsing/ParseExact/TryParse, standard/custom formats, ISO/RFC/Unix/string formatting cheat sheets.",L-051: is parseexact only for | L-052: datetimeoffset? | L-049: custom formats for parse exact | L-048: for parseexact | L-047: standart formats,processed-in-r03-v001,yes-for-r03-v001-boundary,R03 processed after local boundary review.,R03,no-for-r03-v001
S-110,96a008acdf3c5ea278270e7dcf04142e5055e2c6,96a008acdf,13038.902,3610.938,877.0,254.0,0.0,1,R03-parsing-formatting-cheat-sheets,P02-R03-parsing-formatting-cheat-sheets,"Parsing/ParseExact/TryParse, standard/custom formats, ISO/RFC/Unix/string formatting cheat sheets.",L-043: into datetimeoffset/datetime | L-046: what datetime can parse | L-042: what we can tryto parse | L-050: what datetimeoffset can parse | L-045: parseexact/tryparseexact,processed-in-r03-v001,yes-for-r03-v001-boundary,R03 processed after local boundary review.,R03,no-for-r03-v001
S-111,052b2da3a59366f85eb4c90567dffd7c8d50b791,052b2da3a5,12928.665,4146.725,654.0,354.0,0.0,1,R03-parsing-formatting-cheat-sheets,P02-R03-parsing-formatting-cheat-sheets,"Parsing/ParseExact/TryParse, standard/custom formats, ISO/RFC/Unix/string formatting cheat sheets.",L-046: what datetime can parse | L-050: what datetimeoffset can parse | L-043: into datetimeoffset/datetime | L-042: what we can tryto parse | L-047: standart formats,processed-in-r03-v001,yes-for-r03-v001-boundary,R03 processed after local boundary review.,R03,no-for-r03-v001
S-112,d04cc7723d06d0acc148843e8664aa8b219a4bff,d04cc7723d,12914.38,4510.448,780.0,482.0,0.0,1,R03-parsing-formatting-cheat-sheets,P02-R03-parsing-formatting-cheat-sheets,"Parsing/ParseExact/TryParse, standard/custom formats, ISO/RFC/Unix/string formatting cheat sheets.",L-046: what datetime can parse | L-050: what datetimeoffset can parse | L-043: into datetimeoffset/datetime | L-047: standart formats | L-048: for parseexact,processed-in-r03-v001,yes-for-r03-v001-boundary,R03 processed after local boundary review.,R03,no-for-r03-v001
S-113,3dd5a31455d5acfa9aeff1aed64ad70146dcb062,3dd5a31455,14119.688,4124.993,733.0,482.0,0.0,1,R03-parsing-formatting-cheat-sheets,P02-R03-parsing-formatting-cheat-sheets,"Parsing/ParseExact/TryParse, standard/custom formats, ISO/RFC/Unix/string formatting cheat sheets.",L-050: what datetimeoffset can parse | L-046: what datetime can parse | L-043: into datetimeoffset/datetime | L-042: what we can tryto parse | L-047: standart formats,processed-in-r03-v001,yes-for-r03-v001-boundary,R03 processed after local boundary review.,R03,no-for-r03-v001
S-114,28ef7cea312118521958d580d9359e06e8321ccf,28ef7cea31,11636.258,5085.384,851.0,277.0,0.0,1,R03-parsing-formatting-cheat-sheets,P02-R03-parsing-formatting-cheat-sheets,"Parsing/ParseExact/TryParse, standard/custom formats, ISO/RFC/Unix/string formatting cheat sheets.",L-048: for parseexact | L-047: standart formats | L-053: can we format datetime | L-054: with standart formats? | L-046: what datetime can parse,processed-in-r03-v001,yes-for-r03-v001-boundary,R03 processed after local boundary review.,R03,no-for-r03-v001
S-115,36d772be51493e650a2ac64155a1c028b3077d22,36d772be51,11643.015,5369.051,837.0,403.0,0.0,1,R03-parsing-formatting-cheat-sheets,P02-R03-parsing-formatting-cheat-sheets,"Parsing/ParseExact/TryParse, standard/custom formats, ISO/RFC/Unix/string formatting cheat sheets.",L-053: can we format datetime | L-048: for parseexact | L-047: standart formats | L-054: with standart formats? | L-051: is parseexact only for,processed-in-r03-v001,yes-for-r03-v001-boundary,R03 processed after local boundary review.,R03,no-for-r03-v001
S-116,afb9f89d1548ebeaad1a44c92a78125320c93a8c,afb9f89d15,10500.768,6171.377,729.0,482.0,0.0,1,R03-parsing-formatting-cheat-sheets,P02-R03-parsing-formatting-cheat-sheets,"Parsing/ParseExact/TryParse, standard/custom formats, ISO/RFC/Unix/string formatting cheat sheets.",L-052: datetimeoffset? | L-051: is parseexact only for | L-059: formats cheat sheet | L-054: with standart formats? | L-053: can we format datetime,processed-in-r03-v001,yes-for-r03-v001-boundary,R03 processed after local boundary review.,R03,no-for-r03-v001
S-117,41c8fab9271795b30f4bd0b3f8174de4c73637b3,41c8fab927,11605.099,6303.146,833.0,461.0,0.0,1,R03-parsing-formatting-cheat-sheets,P02-R03-parsing-formatting-cheat-sheets,"Parsing/ParseExact/TryParse, standard/custom formats, ISO/RFC/Unix/string formatting cheat sheets.",L-054: with standart formats? | L-053: can we format datetime | L-059: formats cheat sheet | L-052: datetimeoffset? | L-051: is parseexact only for,processed-in-r03-v001,yes-for-r03-v001-boundary,R03 processed after local boundary review.,R03,no-for-r03-v001
S-118,f06d544eb0c068956c42ca7d56ef1878bfe15e5b,f06d544eb0,10333.924,7539.785,856.0,307.0,0.0,1,R03-parsing-formatting-cheat-sheets,P02-R03-parsing-formatting-cheat-sheets,"Parsing/ParseExact/TryParse, standard/custom formats, ISO/RFC/Unix/string formatting cheat sheets.","L-059: formats cheat sheet | L-057: what just tostring does with | L-058: datetimeoffset | L-055: sortable format, | L-056: univarsal sortable",processed-in-r03-v001,yes-for-r03-v001-boundary,R03 processed after local boundary review.,R03,no-for-r03-v001
S-119,c2453233310c8453b29d8c78fdf7527c99607cde,c245323331,12387.921,7416.711,816.0,137.0,0.0,1,R03-parsing-formatting-cheat-sheets,P02-R03-parsing-formatting-cheat-sheets,"Parsing/ParseExact/TryParse, standard/custom formats, ISO/RFC/Unix/string formatting cheat sheets.","L-060: custom formatting cheat sheet | L-055: sortable format, | L-054: with standart formats? | L-056: univarsal sortable | L-053: can we format datetime",processed-in-r03-v001,yes-for-r03-v001-boundary,R03 processed after local boundary review.,R03,no-for-r03-v001
S-120,165e3e2f2d899cdcda94a1768a57db6b7e506a46,165e3e2f2d,11291.423,7299.592,818.0,159.0,0.0,1,R03-parsing-formatting-cheat-sheets,P02-R03-parsing-formatting-cheat-sheets,"Parsing/ParseExact/TryParse, standard/custom formats, ISO/RFC/Unix/string formatting cheat sheets.","L-059: formats cheat sheet | L-055: sortable format, | L-056: univarsal sortable | L-054: with standart formats? | L-053: can we format datetime",processed-in-r03-v001,yes-for-r03-v001-boundary,R03 processed after local boundary review.,R03,no-for-r03-v001
S-121,4831981a44b7436c6c0578320dcbfb06e5ac9bce,4831981a44,11289.016,7456.032,811.0,482.0,0.0,1,R03-parsing-formatting-cheat-sheets,P02-R03-parsing-formatting-cheat-sheets,"Parsing/ParseExact/TryParse, standard/custom formats, ISO/RFC/Unix/string formatting cheat sheets.","L-055: sortable format, | L-056: univarsal sortable | L-059: formats cheat sheet | L-054: with standart formats? | L-057: what just tostring does with",processed-in-r03-v001,yes-for-r03-v001-boundary,R03 processed after local boundary review.,R03,no-for-r03-v001
S-122,a247908e4e4aa273fc298a44147745330f6f1326,a247908e4e,11214.488,8541.768,882.0,461.0,0.0,1,R03-parsing-formatting-cheat-sheets,P02-R03-parsing-formatting-cheat-sheets,"Parsing/ParseExact/TryParse, standard/custom formats, ISO/RFC/Unix/string formatting cheat sheets.","L-056: univarsal sortable | L-055: sortable format, | L-058: datetimeoffset | L-057: what just tostring does with | L-059: formats cheat sheet",processed-in-r03-v001,yes-for-r03-v001-boundary,R03 processed after local boundary review.,R03,no-for-r03-v001
S-123,ada3dd385e773a282193a432415196579c69e173,ada3dd385e,11164.84,9056.657,925.0,409.0,0.0,1,R03-parsing-formatting-cheat-sheets,P02-R03-parsing-formatting-cheat-sheets,"Parsing/ParseExact/TryParse, standard/custom formats, ISO/RFC/Unix/string formatting cheat sheets.","L-056: univarsal sortable | L-055: sortable format, | L-058: datetimeoffset | L-057: what just tostring does with | L-059: formats cheat sheet",processed-in-r03-v001,yes-for-r03-v001-boundary,R03 processed after local boundary review.,R03,no-for-r03-v001
S-124,c088608553c42f1a5a01b9282296d0018d27af32,c088608553,11188.951,9496.601,779.0,178.0,0.0,1,R03-parsing-formatting-cheat-sheets,P02-R03-parsing-formatting-cheat-sheets,"Parsing/ParseExact/TryParse, standard/custom formats, ISO/RFC/Unix/string formatting cheat sheets.","L-056: univarsal sortable | L-055: sortable format, | L-058: datetimeoffset | L-057: what just tostring does with | L-059: formats cheat sheet",processed-in-r03-v001,yes-for-r03-v001-boundary,R03 processed after local boundary review.,R03,no-for-r03-v001
S-125,51f43a5102b8106025752169768e4a32d9e074ea,51f43a5102,11173.947,9694.075,759.0,482.0,0.0,1,R03-parsing-formatting-cheat-sheets,P02-R03-parsing-formatting-cheat-sheets,"Parsing/ParseExact/TryParse, standard/custom formats, ISO/RFC/Unix/string formatting cheat sheets.","L-056: univarsal sortable | L-055: sortable format, | L-058: datetimeoffset | L-057: what just tostring does with | L-107: unix",processed-in-r03-v001,yes-for-r03-v001-boundary,R03 processed after local boundary review.,R03,no-for-r03-v001
S-126,6a7a9c0a34aec78aa4e113a6598638796f3b9685,6a7a9c0a34,11167.803,10185.49,845.0,338.0,0.0,1,R03-parsing-formatting-cheat-sheets,P02-R03-parsing-formatting-cheat-sheets,"Parsing/ParseExact/TryParse, standard/custom formats, ISO/RFC/Unix/string formatting cheat sheets.","L-056: univarsal sortable | L-055: sortable format, | L-058: datetimeoffset | L-057: what just tostring does with | L-107: unix",processed-in-r03-v001,yes-for-r03-v001-boundary,R03 processed after local boundary review.,R03,no-for-r03-v001
S-127,d4a4d4cc31f378d7e299c82a2bf35868099c4069,d4a4d4cc31,11146.84,10533.101,881.0,345.0,0.0,1,R03-parsing-formatting-cheat-sheets,P02-R03-parsing-formatting-cheat-sheets,"Parsing/ParseExact/TryParse, standard/custom formats, ISO/RFC/Unix/string formatting cheat sheets.","L-056: univarsal sortable | L-055: sortable format, | L-058: datetimeoffset | L-057: what just tostring does with | L-107: unix",processed-in-r03-v001,yes-for-r03-v001-boundary,R03 processed after local boundary review.,R03,no-for-r03-v001
S-128,5970d9a17ca54e14e9684e0c5137fc8a8bec1a87,5970d9a17c,10170.681,8228.645,828.0,482.0,0.0,1,R03-parsing-formatting-cheat-sheets,P02-R03-parsing-formatting-cheat-sheets,"Parsing/ParseExact/TryParse, standard/custom formats, ISO/RFC/Unix/string formatting cheat sheets.","L-058: datetimeoffset | L-057: what just tostring does with | L-056: univarsal sortable | L-055: sortable format, | L-059: formats cheat sheet",processed-in-r03-v001,yes-for-r03-v001-boundary,R03 processed after local boundary review.,R03,no-for-r03-v001
S-129,21a3a0eb9a283fab972da4a79097847e0dff141b,21a3a0eb9a,10154.017,8737.444,835.0,299.0,0.0,1,R03-parsing-formatting-cheat-sheets,P02-R03-parsing-formatting-cheat-sheets,"Parsing/ParseExact/TryParse, standard/custom formats, ISO/RFC/Unix/string formatting cheat sheets.","L-058: datetimeoffset | L-057: what just tostring does with | L-056: univarsal sortable | L-055: sortable format, | L-059: formats cheat sheet",processed-in-r03-v001,yes-for-r03-v001-boundary,R03 processed after local boundary review.,R03,no-for-r03-v001
S-130,da48c853b9f8222fba1f1d4a3b30df813da1147f,da48c853b9,16863.648,8359.732,871.0,351.0,0.0,1,R03-parsing-formatting-cheat-sheets,P02-R03-parsing-formatting-cheat-sheets,"Parsing/ParseExact/TryParse, standard/custom formats, ISO/RFC/Unix/string formatting cheat sheets.",L-064: quick sheet | L-063: some patterns | L-065: some custom format tokens | L-062: need to remember | L-061: gotchas,processed-in-r03-v001,yes-for-r03-v001-boundary,R03 processed after local boundary review.,R03,no-for-r03-v001
S-131,76daeb9e45785bd003a75c16296a54cd8c12d564,76daeb9e45,16868.053,8730.161,836.0,323.0,0.0,1,R03-parsing-formatting-cheat-sheets,P02-R03-parsing-formatting-cheat-sheets,"Parsing/ParseExact/TryParse, standard/custom formats, ISO/RFC/Unix/string formatting cheat sheets.","L-064: quick sheet | L-063: some patterns | L-065: some custom format tokens | L-073: year,month,day | L-062: need to remember",processed-in-r03-v001,yes-for-r03-v001-boundary,R03 processed after local boundary review.,R03,no-for-r03-v001
S-132,51ab776cafc2b3366a0f165a40d40a6ec8c6911c,51ab776caf,14745.592,8313.288,736.0,245.0,0.0,1,R03-parsing-formatting-cheat-sheets,P02-R03-parsing-formatting-cheat-sheets,"Parsing/ParseExact/TryParse, standard/custom formats, ISO/RFC/Unix/string formatting cheat sheets.",L-062: need to remember | L-061: gotchas | L-063: some patterns | L-060: custom formatting cheat sheet | L-065: some custom format tokens,processed-in-r03-v001,yes-for-r03-v001-boundary,R03 processed after local boundary review.,R03,no-for-r03-v001
S-133,b2d274b7456e79e8e7e945f3df6c38e604889eda,b2d274b745,14706.426,8603.455,861.0,338.0,0.0,1,R03-parsing-formatting-cheat-sheets,P02-R03-parsing-formatting-cheat-sheets,"Parsing/ParseExact/TryParse, standard/custom formats, ISO/RFC/Unix/string formatting cheat sheets.",L-062: need to remember | L-061: gotchas | L-063: some patterns | L-065: some custom format tokens | L-060: custom formatting cheat sheet,processed-in-r03-v001,yes-for-r03-v001-boundary,R03 processed after local boundary review.,R03,no-for-r03-v001
S-134,6c973e1c7172edaad832af38d2eb8ba3e714ee85,6c973e1c71,15838.259,8224.455,894.0,316.0,0.0,1,R03-parsing-formatting-cheat-sheets,P02-R03-parsing-formatting-cheat-sheets,"Parsing/ParseExact/TryParse, standard/custom formats, ISO/RFC/Unix/string formatting cheat sheets.",L-063: some patterns | L-064: quick sheet | L-062: need to remember | L-061: gotchas | L-065: some custom format tokens,processed-in-r03-v001,yes-for-r03-v001-boundary,R03 processed after local boundary review.,R03,no-for-r03-v001
S-135,59a4f1570fb77a2086b29297f4dcf8a64b9164e8,59a4f1570f,15842.426,8557.788,829.0,436.0,0.0,1,R03-parsing-formatting-cheat-sheets,P02-R03-parsing-formatting-cheat-sheets,"Parsing/ParseExact/TryParse, standard/custom formats, ISO/RFC/Unix/string formatting cheat sheets.",L-063: some patterns | L-064: quick sheet | L-062: need to remember | L-061: gotchas | L-065: some custom format tokens,processed-in-r03-v001,yes-for-r03-v001-boundary,R03 processed after local boundary review.,R03,no-for-r03-v001
S-136,7c280851743c9daa8b1a560cd992c9c90d361dbe,7c28085174,15853.592,9019.455,850.0,426.0,0.0,1,R03-parsing-formatting-cheat-sheets,P02-R03-parsing-formatting-cheat-sheets,"Parsing/ParseExact/TryParse, standard/custom formats, ISO/RFC/Unix/string formatting cheat sheets.","L-063: some patterns | L-064: quick sheet | L-065: some custom format tokens | L-073: year,month,day | L-062: need to remember",processed-in-r03-v001,yes-for-r03-v001-boundary,R03 processed after local boundary review.,R03,no-for-r03-v001
S-137,acd06a9685f4043e93e34693f09a38c39d45c069,acd06a9685,15875.093,9490.455,907.0,424.0,0.0,1,R03-parsing-formatting-cheat-sheets,P02-R03-parsing-formatting-cheat-sheets,"Parsing/ParseExact/TryParse, standard/custom formats, ISO/RFC/Unix/string formatting cheat sheets.","L-065: some custom format tokens | L-073: year,month,day | L-064: quick sheet | L-063: some patterns | L-062: need to remember",processed-in-r03-v001,yes-for-r03-v001-boundary,R03 processed after local boundary review.,R03,no-for-r03-v001
S-138,e9bb0123b2101f987b1ff5477c2de64672ba527f,e9bb0123b2,15757.795,10260.075,794.0,344.0,0.0,1,R03-parsing-formatting-cheat-sheets,P02-R03-parsing-formatting-cheat-sheets,"Parsing/ParseExact/TryParse, standard/custom formats, ISO/RFC/Unix/string formatting cheat sheets.","L-073: year,month,day | L-065: some custom format tokens | L-072: Hours,minutes seconds | L-063: some patterns | L-064: quick sheet",processed-in-r03-v001,yes-for-r03-v001-boundary,R03 processed after local boundary review.,R03,no-for-r03-v001
S-139,40f4673339cb989747c83f71a7978bf270207387,40f4673339,15752.01,10861.86,817.0,409.0,0.0,1,R03-parsing-formatting-cheat-sheets,P02-R03-parsing-formatting-cheat-sheets,"Parsing/ParseExact/TryParse, standard/custom formats, ISO/RFC/Unix/string formatting cheat sheets.","L-073: year,month,day | L-065: some custom format tokens | L-072: Hours,minutes seconds | L-071: fractional seconds | L-063: some patterns",processed-in-r03-v001,yes-for-r03-v001-boundary,R03 processed after local boundary review.,R03,no-for-r03-v001
S-140,e23aa8bac025e70887d5678baae7c2d1785b12e7,e23aa8bac0,15712.319,11312.813,824.0,429.0,0.0,1,R03-parsing-formatting-cheat-sheets,P02-R03-parsing-formatting-cheat-sheets,"Parsing/ParseExact/TryParse, standard/custom formats, ISO/RFC/Unix/string formatting cheat sheets.","L-073: year,month,day | L-072: Hours,minutes seconds | L-065: some custom format tokens | L-071: fractional seconds | L-070: am/pm",processed-in-r03-v001,yes-for-r03-v001-boundary,R03 processed after local boundary review.,R03,no-for-r03-v001
S-141,4d453e89a0f4dcc352eba8b28db0faa6c99b2a04,4d453e89a0,15672.819,11803.218,903.0,412.0,0.0,1,R03-parsing-formatting-cheat-sheets,P02-R03-parsing-formatting-cheat-sheets,"Parsing/ParseExact/TryParse, standard/custom formats, ISO/RFC/Unix/string formatting cheat sheets.","L-072: Hours,minutes seconds | L-073: year,month,day | L-071: fractional seconds | L-065: some custom format tokens | L-070: am/pm",processed-in-r03-v001,yes-for-r03-v001-boundary,R03 processed after local boundary review.,R03,no-for-r03-v001
S-142,a138ff720c1119271f14ad5ddf364fdfee28567c,a138ff720c,15697.073,12501.395,794.0,482.0,0.0,1,R03-parsing-formatting-cheat-sheets,P02-R03-parsing-formatting-cheat-sheets,"Parsing/ParseExact/TryParse, standard/custom formats, ISO/RFC/Unix/string formatting cheat sheets.","L-072: Hours,minutes seconds | L-071: fractional seconds | L-070: am/pm | L-073: year,month,day | L-069: time zone/ offset",processed-in-r03-v001,yes-for-r03-v001-boundary,R03 processed after local boundary review.,R03,no-for-r03-v001
S-143,1f368e8e054437798eb1fc0fa8d8df3de4c640f8,1f368e8e05,15670.605,13036.622,896.0,349.0,0.0,1,R03-parsing-formatting-cheat-sheets,P02-R03-parsing-formatting-cheat-sheets,"Parsing/ParseExact/TryParse, standard/custom formats, ISO/RFC/Unix/string formatting cheat sheets.","L-071: fractional seconds | L-072: Hours,minutes seconds | L-070: am/pm | L-069: time zone/ offset | L-073: year,month,day",processed-in-r03-v001,yes-for-r03-v001-boundary,R03 processed after local boundary review.,R03,no-for-r03-v001
S-144,f1bf4d8754b8f5a9c5457284923d6828df72ec4a,f1bf4d8754,15695.462,13567.674,812.0,383.0,0.0,1,R03-parsing-formatting-cheat-sheets,P02-R03-parsing-formatting-cheat-sheets,"Parsing/ParseExact/TryParse, standard/custom formats, ISO/RFC/Unix/string formatting cheat sheets.","L-071: fractional seconds | L-070: am/pm | L-072: Hours,minutes seconds | L-069: time zone/ offset | L-075: 12 hour format,am pm",processed-in-r03-v001,yes-for-r03-v001-boundary,R03 processed after local boundary review.,R03,no-for-r03-v001
S-145,035f356857cdd4aac0ca1058c04abff4c8cba796,035f356857,15684.7,13983.934,725.0,482.0,0.0,1,R03-parsing-formatting-cheat-sheets,P02-R03-parsing-formatting-cheat-sheets,"Parsing/ParseExact/TryParse, standard/custom formats, ISO/RFC/Unix/string formatting cheat sheets.","L-070: am/pm | L-071: fractional seconds | L-069: time zone/ offset | L-068: era | L-072: Hours,minutes seconds",processed-in-r03-v001,yes-for-r03-v001-boundary,R03 processed after local boundary review.,R03,no-for-r03-v001
S-146,43b2a15e1878aeed0f45f6cf1fa2e2218f0e9452,43b2a15e18,15675.002,14747.884,858.0,306.0,0.0,1,R03-parsing-formatting-cheat-sheets,P02-R03-parsing-formatting-cheat-sheets,"Parsing/ParseExact/TryParse, standard/custom formats, ISO/RFC/Unix/string formatting cheat sheets.",L-070: am/pm | L-069: time zone/ offset | L-068: era | L-071: fractional seconds | L-067: separators,processed-in-r03-v001,yes-for-r03-v001-boundary,R03 processed after local boundary review.,R03,no-for-r03-v001
S-147,0cd5408d479eb74c784204f9f69a4e1fa7cd2da5,0cd5408d47,15654.798,15393.736,851.0,398.0,0.0,1,R03-parsing-formatting-cheat-sheets,P02-R03-parsing-formatting-cheat-sheets,"Parsing/ParseExact/TryParse, standard/custom formats, ISO/RFC/Unix/string formatting cheat sheets.",L-068: era | L-069: time zone/ offset | L-067: separators | L-070: am/pm | L-066: literal text,processed-in-r03-v001,yes-for-r03-v001-boundary,R03 processed after local boundary review.,R03,no-for-r03-v001
S-148,79b4c7af4846c33b8ee48da184d45f54cf7773ce,79b4c7af48,15666.15,16007.125,852.0,229.0,0.0,1,R03-parsing-formatting-cheat-sheets,P02-R03-parsing-formatting-cheat-sheets,"Parsing/ParseExact/TryParse, standard/custom formats, ISO/RFC/Unix/string formatting cheat sheets.",L-068: era | L-067: separators | L-066: literal text | L-069: time zone/ offset | L-074: escaping,processed-in-r03-v001,yes-for-r03-v001-boundary,R03 processed after local boundary review.,R03,no-for-r03-v001
S-149,5d8de16ecc2d21f4fd47fff5a08fc9c8bbdc5896,5d8de16ecc,15637.15,16430.606,830.0,345.0,0.0,1,R03-parsing-formatting-cheat-sheets,P02-R03-parsing-formatting-cheat-sheets,"Parsing/ParseExact/TryParse, standard/custom formats, ISO/RFC/Unix/string formatting cheat sheets.",L-067: separators | L-066: literal text | L-068: era | L-074: escaping | L-069: time zone/ offset,processed-in-r03-v001,yes-for-r03-v001-boundary,R03 processed after local boundary review.,R03,no-for-r03-v001
S-150,b0a03a72908922a1b9e77af85c0f2e267e378bd5,b0a03a7290,15637.594,16956.384,838.0,449.0,0.0,1,R03-parsing-formatting-cheat-sheets,P02-R03-parsing-formatting-cheat-sheets,"Parsing/ParseExact/TryParse, standard/custom formats, ISO/RFC/Unix/string formatting cheat sheets.",L-066: literal text | L-067: separators | L-074: escaping | L-068: era | L-069: time zone/ offset,processed-in-r03-v001,yes-for-r03-v001-boundary,R03 processed after local boundary review.,R03,no-for-r03-v001
S-151,9746ee02531549d73a0013b5763bffc97d490fce,9746ee0253,17142.192,13356.049,849.0,283.0,0.0,1,R03-parsing-formatting-cheat-sheets,P02-R03-parsing-formatting-cheat-sheets,"Parsing/ParseExact/TryParse, standard/custom formats, ISO/RFC/Unix/string formatting cheat sheets.","L-071: fractional seconds | L-070: am/pm | L-072: Hours,minutes seconds | L-069: time zone/ offset | L-068: era",processed-in-r03-v001,yes-for-r03-v001-boundary,R03 processed after local boundary review.,R03,no-for-r03-v001
S-152,e6fe2b8f96221d3f17d9882f8a0cdf137fd431df,e6fe2b8f96,17165.508,13662.107,677.0,482.0,0.0,1,R03-parsing-formatting-cheat-sheets,P02-R03-parsing-formatting-cheat-sheets,"Parsing/ParseExact/TryParse, standard/custom formats, ISO/RFC/Unix/string formatting cheat sheets.","L-071: fractional seconds | L-070: am/pm | L-069: time zone/ offset | L-072: Hours,minutes seconds | L-068: era",processed-in-r03-v001,yes-for-r03-v001-boundary,R03 processed after local boundary review.,R03,no-for-r03-v001
S-153,48e212d43c4c79998faeac42871ba7a9879f6af8,48e212d43c,17139.454,14157.526,824.0,341.0,0.0,1,R03-parsing-formatting-cheat-sheets,P02-R03-parsing-formatting-cheat-sheets,"Parsing/ParseExact/TryParse, standard/custom formats, ISO/RFC/Unix/string formatting cheat sheets.",L-070: am/pm | L-071: fractional seconds | L-069: time zone/ offset | L-068: era | L-074: escaping,processed-in-r03-v001,yes-for-r03-v001-boundary,R03 processed after local boundary review.,R03,no-for-r03-v001
S-154,52a7accc04139d85d2b818ea9ef5048d6c5b1abf,52a7accc04,17182.001,14526.216,537.0,76.0,0.0,1,R03-parsing-formatting-cheat-sheets,P02-R03-parsing-formatting-cheat-sheets,"Parsing/ParseExact/TryParse, standard/custom formats, ISO/RFC/Unix/string formatting cheat sheets.",L-070: am/pm | L-069: time zone/ offset | L-071: fractional seconds | L-068: era | L-074: escaping,processed-in-r03-v001,yes-for-r03-v001-boundary,R03 processed after local boundary review.,R03,no-for-r03-v001
S-155,456f57695cc7f86ac698afa8c93cdb1ccc923fb3,456f57695c,17147.93,14643.597,868.0,466.0,0.0,1,R03-parsing-formatting-cheat-sheets,P02-R03-parsing-formatting-cheat-sheets,"Parsing/ParseExact/TryParse, standard/custom formats, ISO/RFC/Unix/string formatting cheat sheets.",L-070: am/pm | L-069: time zone/ offset | L-074: escaping | L-068: era | L-071: fractional seconds,processed-in-r03-v001,yes-for-r03-v001-boundary,R03 processed after local boundary review.,R03,no-for-r03-v001
S-156,7811e30b81d9aad9641c98060a7a47b0857ac207,7811e30b81,16937.239,16862.692,681.0,392.0,0.0,1,R03-parsing-formatting-cheat-sheets,P02-R03-parsing-formatting-cheat-sheets,"Parsing/ParseExact/TryParse, standard/custom formats, ISO/RFC/Unix/string formatting cheat sheets.",L-074: escaping | L-066: literal text | L-067: separators | L-068: era | L-069: time zone/ offset,processed-in-r03-v001,yes-for-r03-v001-boundary,R03 processed after local boundary review.,R03,no-for-r03-v001
S-157,24b1863bbdc03b7ceba109501d78bbcdc952fc30,24b1863bbd,16941.406,17258.526,822.0,355.0,0.0,1,R03-parsing-formatting-cheat-sheets,P02-R03-parsing-formatting-cheat-sheets,"Parsing/ParseExact/TryParse, standard/custom formats, ISO/RFC/Unix/string formatting cheat sheets.",L-074: escaping | L-066: literal text | L-067: separators | L-068: era | L-069: time zone/ offset,processed-in-r03-v001,yes-for-r03-v001-boundary,R03 processed after local boundary review.,R03,no-for-r03-v001
S-158,abb5a4d2031c84ec8d22ba09b484a4d830849a5d,abb5a4d203,16947.772,17640.203,748.0,482.0,0.0,1,R04-timezones-converting-date-math-dst,P03-R04-timezones-conversion-json-model-binding-dst,"TimeZoneInfo, UTC/local conversion, JSON/model binding, date math pitfalls, user local time, DST.",L-074: escaping | L-066: literal text | L-067: separators | L-068: era | L-069: time zone/ offset,processed-in-r03-v002-correction,yes-for-r03-v002-correction,Corrected during R04 boundary review; custom-format escaping belongs to R03.,R03,no-for-r03-v002
S-159,01ad5d4c31648f2f372d643243ac4c17ea4b658c,01ad5d4c31,14339.365,15321.536,835.0,482.0,0.0,1,R03-parsing-formatting-cheat-sheets,P02-R03-parsing-formatting-cheat-sheets,"Parsing/ParseExact/TryParse, standard/custom formats, ISO/RFC/Unix/string formatting cheat sheets.","L-069: time zone/ offset | L-075: 12 hour format,am pm | L-068: era | L-067: separators | L-070: am/pm",processed-in-r03-v001,yes-for-r03-v001-boundary,R03 processed after local boundary review.,R03,no-for-r03-v001
S-160,64806544302f0671b689555446c865c3eadafdd5,6480654430,14378.082,14796.203,576.0,482.0,0.0,1,R03-parsing-formatting-cheat-sheets,P02-R03-parsing-formatting-cheat-sheets,"Parsing/ParseExact/TryParse, standard/custom formats, ISO/RFC/Unix/string formatting cheat sheets.","L-075: 12 hour format,am pm | L-069: time zone/ offset | L-070: am/pm | L-068: era | L-067: separators",processed-in-r03-v001,yes-for-r03-v001-boundary,R03 processed after local boundary review.,R03,no-for-r03-v001
S-161,cb84f7eb75786ad004fa6f8333df8d1aaf39f82a,cb84f7eb75,8741.887,17359.712,1114.0,437.0,0.0,1,R04-timezones-converting-date-math-dst,P03-R04-timezones-conversion-json-model-binding-dst,"TimeZoneInfo, UTC/local conversion, JSON/model binding, date math pitfalls, user local time, DST.","L-085: timezone, so we can store it | L-084: that we need to utc using users | L-083: converting the time on clock | L-076: what if i pass with specified kind? | L-101: can get basd sit at edgecases lik start/end of month",processed-in-r04-v001,yes-for-r04-v001-boundary,R04 processed after local boundary review.,R04,no-for-r04-v001
S-162,da82ec35e2befad10d7260b521799ad3dc71a696,da82ec35e2,8744.603,17789.278,1033.0,482.0,0.0,1,R04-timezones-converting-date-math-dst,P03-R04-timezones-conversion-json-model-binding-dst,"TimeZoneInfo, UTC/local conversion, JSON/model binding, date math pitfalls, user local time, DST.","L-076: what if i pass with specified kind? | L-085: timezone, so we can store it | L-084: that we need to utc using users | L-083: converting the time on clock | L-098: manual usage of isdaylightsavingtime",processed-in-r04-v001,yes-for-r04-v001-boundary,R04 processed after local boundary review.,R04,no-for-r04-v001
S-163,ead7fe7da411f7309fc3c9ddbe8eeb1979523854,ead7fe7da4,10631.522,17987.257,1100.0,445.0,0.0,1,R04-timezones-converting-date-math-dst,P03-R04-timezones-conversion-json-model-binding-dst,"TimeZoneInfo, UTC/local conversion, JSON/model binding, date math pitfalls, user local time, DST.","L-098: manual usage of isdaylightsavingtime | L-078: next day,specific/same time | L-079: everyday at specific time | L-081: from utcnow, using users timezone | L-080: getting the exact time on users clock",processed-in-r04-v001,yes-for-r04-v001-boundary,R04 processed after local boundary review.,R04,no-for-r04-v001
S-164,a5f1ab3aecf15f7526710d977431d525d12de99d,a5f1ab3aec,10639.8,18428.035,939.0,289.0,0.0,1,R04-timezones-converting-date-math-dst,P03-R04-timezones-conversion-json-model-binding-dst,"TimeZoneInfo, UTC/local conversion, JSON/model binding, date math pitfalls, user local time, DST.","L-098: manual usage of isdaylightsavingtime | L-078: next day,specific/same time | L-079: everyday at specific time | L-081: from utcnow, using users timezone | L-080: getting the exact time on users clock",processed-in-r04-v001,yes-for-r04-v001-boundary,R04 processed after local boundary review.,R04,no-for-r04-v001
S-165,ae07ebc00cd536a09dac136e9a2920f609206361,ae07ebc00c,10633.022,18748.535,907.0,328.0,0.0,1,R04-timezones-converting-date-math-dst,P03-R04-timezones-conversion-json-model-binding-dst,"TimeZoneInfo, UTC/local conversion, JSON/model binding, date math pitfalls, user local time, DST.",L-098: manual usage of isdaylightsavingtime | L-086: methods for working | L-094: common invalid/ambiguous | L-087: with invalid/ambiguous time | L-096: invalid,processed-in-r04-v001,yes-for-r04-v001-boundary,R04 processed after local boundary review.,R04,no-for-r04-v001
S-166,bc8ce65bcf2046068b6e3a272d14e57c3cb66b89,bc8ce65bcf,10626.355,19084.313,667.0,432.0,0.0,1,R05-invalid-ambiguous-time-policies,P04-R05-invalid-ambiguous-time-policies,"Invalid/ambiguous local times, DST gaps/folds, timezone policy helpers.",L-098: manual usage of isdaylightsavingtime | L-086: methods for working | L-096: invalid | L-087: with invalid/ambiguous time | L-094: common invalid/ambiguous,processed-in-r05-v001,yes-for-r05-v001-boundary,R05 processed after local boundary review.,R05,no-for-r05-v001
S-167,0f77f47abdcb265f6665d9859e2772f1f3fa96a5,0f77f47abd,10607.078,19517.757,770.0,414.0,0.0,1,R05-invalid-ambiguous-time-policies,P04-R05-invalid-ambiguous-time-policies,"Invalid/ambiguous local times, DST gaps/folds, timezone policy helpers.",L-086: methods for working | L-087: with invalid/ambiguous time | L-096: invalid | L-094: common invalid/ambiguous | L-088: isinvalidtime,processed-in-r05-v001,yes-for-r05-v001-boundary,R05 processed after local boundary review.,R05,no-for-r05-v001
S-168,24b05f8c8691ce69da0cf6e3770df9adda9534cc,24b05f8c86,8735.22,18463.983,885.0,237.0,0.0,1,R04-timezones-converting-date-math-dst,P03-R04-timezones-conversion-json-model-binding-dst,"TimeZoneInfo, UTC/local conversion, JSON/model binding, date math pitfalls, user local time, DST.","L-076: what if i pass with specified kind? | L-085: timezone, so we can store it | L-084: that we need to utc using users | L-083: converting the time on clock | L-098: manual usage of isdaylightsavingtime",processed-in-r04-v001,yes-for-r04-v001-boundary,R04 processed after local boundary review.,R04,no-for-r04-v001
S-169,d93ff73080401db8b27bfb5656f7b4c6ce22d06e,d93ff73080,8729.917,18733.604,1155.0,282.0,0.0,1,R04-timezones-converting-date-math-dst,P03-R04-timezones-conversion-json-model-binding-dst,"TimeZoneInfo, UTC/local conversion, JSON/model binding, date math pitfalls, user local time, DST.","L-076: what if i pass with specified kind? | L-094: common invalid/ambiguous | L-098: manual usage of isdaylightsavingtime | L-085: timezone, so we can store it | L-084: that we need to utc using users",processed-in-r04-v001,yes-for-r04-v001-boundary,R04 processed after local boundary review.,R04,no-for-r04-v001
S-170,a170663ac0c040504cf4c28f10616039ba8af2ff,a170663ac0,10564.917,16709.003,988.0,464.0,0.0,1,R04-timezones-converting-date-math-dst,P03-R04-timezones-conversion-json-model-binding-dst,"TimeZoneInfo, UTC/local conversion, JSON/model binding, date math pitfalls, user local time, DST.","L-078: next day,specific/same time | L-079: everyday at specific time | L-098: manual usage of isdaylightsavingtime | L-081: from utcnow, using users timezone | L-080: getting the exact time on users clock",processed-in-r04-v001,yes-for-r04-v001-boundary,R04 processed after local boundary review.,R04,no-for-r04-v001
S-171,39f6b5e5579835072189264c4333c44fae5d3bdf,39f6b5e557,10618.568,17327.217,946.0,482.0,0.0,1,R04-timezones-converting-date-math-dst,P03-R04-timezones-conversion-json-model-binding-dst,"TimeZoneInfo, UTC/local conversion, JSON/model binding, date math pitfalls, user local time, DST.","L-098: manual usage of isdaylightsavingtime | L-078: next day,specific/same time | L-079: everyday at specific time | L-081: from utcnow, using users timezone | L-080: getting the exact time on users clock",processed-in-r04-v001,yes-for-r04-v001-boundary,R04 processed after local boundary review.,R04,no-for-r04-v001
S-172,9e355e3d02f7b6715bc14148151732962d2fdd8e,9e355e3d02,11654.947,16692.361,1081.0,373.0,0.0,1,R04-timezones-converting-date-math-dst,P03-R04-timezones-conversion-json-model-binding-dst,"TimeZoneInfo, UTC/local conversion, JSON/model binding, date math pitfalls, user local time, DST.","L-079: everyday at specific time | L-078: next day,specific/same time | L-098: manual usage of isdaylightsavingtime | L-081: from utcnow, using users timezone | L-080: getting the exact time on users clock",processed-in-r04-v001,yes-for-r04-v001-boundary,R04 processed after local boundary review.,R04,no-for-r04-v001
S-173,b1c2491b1c65feec312652df7a65249dd3d074ae,b1c2491b1c,8865.174,16630.821,762.0,435.0,0.0,1,R04-timezones-converting-date-math-dst,P03-R04-timezones-conversion-json-model-binding-dst,"TimeZoneInfo, UTC/local conversion, JSON/model binding, date math pitfalls, user local time, DST.",L-101: can get basd sit at edgecases lik start/end of month | L-100: if assume that our local or utc is close enoug | L-099: need current users clock time | L-083: converting the time on clock | L-082: why converting,processed-in-r04-v001,yes-for-r04-v001-boundary,R04 processed after local boundary review.,R04,no-for-r04-v001
S-174,2125974e07155e261535a612d2348aedfa7d0c3d,2125974e07,8861.468,21047.574,899.0,482.0,0.0,1,R05-invalid-ambiguous-time-policies,P04-R05-invalid-ambiguous-time-policies,"Invalid/ambiguous local times, DST gaps/folds, timezone policy helpers.",L-093: policies | L-092: example of invalid/ambiguous time | L-095: time policies | L-094: common invalid/ambiguous | L-096: invalid,processed-in-r05-v001,yes-for-r05-v001-boundary,R05 processed after local boundary review.,R05,no-for-r05-v001
S-175,7bb571f17336f76dbdbaf1e07762b2b89c923e67,7bb571f173,8727.822,21538.397,1135.0,434.0,0.0,1,R05-invalid-ambiguous-time-policies,P04-R05-invalid-ambiguous-time-policies,"Invalid/ambiguous local times, DST gaps/folds, timezone policy helpers.",L-093: policies | L-092: example of invalid/ambiguous time | L-095: time policies | L-096: invalid | L-094: common invalid/ambiguous,processed-in-r05-v001,yes-for-r05-v001-boundary,R05 processed after local boundary review.,R05,no-for-r05-v001
S-176,ca77ab8b324c4db4fb476efb240842c6028f8956,ca77ab8b32,11323.6,21352.175,827.0,306.0,0.0,1,R05-invalid-ambiguous-time-policies,P04-R05-invalid-ambiguous-time-policies,"Invalid/ambiguous local times, DST gaps/folds, timezone policy helpers.",L-088: isinvalidtime | L-089: isinvalidtime | L-087: with invalid/ambiguous time | L-086: methods for working | L-090: getambiguoustimeoffsets,processed-in-r05-v001,yes-for-r05-v001-boundary,R05 processed after local boundary review.,R05,no-for-r05-v001
S-177,2b0ef099d025aff16f748ce81a5049ff3fe3a1b4,2b0ef099d0,11319.378,21826.508,839.0,304.0,0.0,1,R05-invalid-ambiguous-time-policies,P04-R05-invalid-ambiguous-time-policies,"Invalid/ambiguous local times, DST gaps/folds, timezone policy helpers.",L-089: isinvalidtime | L-090: getambiguoustimeoffsets | L-091: and configure based on policy | L-088: isinvalidtime | L-087: with invalid/ambiguous time,processed-in-r05-v001,yes-for-r05-v001-boundary,R05 processed after local boundary review.,R05,no-for-r05-v001
S-178,42548a5037efec5ca1aad455bdc68ca1c55c8813,42548a5037,11391.545,22438.442,1101.0,219.0,0.0,1,R05-invalid-ambiguous-time-policies,P04-R05-invalid-ambiguous-time-policies,"Invalid/ambiguous local times, DST gaps/folds, timezone policy helpers.",L-091: and configure based on policy | L-090: getambiguoustimeoffsets | L-089: isinvalidtime | L-088: isinvalidtime | L-087: with invalid/ambiguous time,processed-in-r05-v001,yes-for-r05-v001-boundary,R05 processed after local boundary review.,R05,no-for-r05-v001
S-179,abfaf9b562c62fb4114bb7865aa2a68a7f3b070b,abfaf9b562,11377.282,22685.064,1105.0,422.0,0.0,1,R05-invalid-ambiguous-time-policies,P04-R05-invalid-ambiguous-time-policies,"Invalid/ambiguous local times, DST gaps/folds, timezone policy helpers.",L-091: and configure based on policy | L-090: getambiguoustimeoffsets | L-089: isinvalidtime | L-088: isinvalidtime | L-102: type of offsets,processed-in-r05-v001,yes-for-r05-v001-boundary,R05 processed after local boundary review.,R05,no-for-r05-v001
S-180,eb8580549cbf7c78a985949d97434562d640740f,eb8580549c,11381.56,23077.564,928.0,453.0,0.0,1,R05-invalid-ambiguous-time-policies,P04-R05-invalid-ambiguous-time-policies,"Invalid/ambiguous local times, DST gaps/folds, timezone policy helpers.",L-091: and configure based on policy | L-090: getambiguoustimeoffsets | L-089: isinvalidtime | L-097: ambiguous | L-102: type of offsets,processed-in-r05-v001,yes-for-r05-v001-boundary,R05 processed after local boundary review.,R05,no-for-r05-v001
S-181,059e839271f10c712b3f791873e568da5f7640c7,059e839271,11337.894,23686.23,1146.0,409.0,0.0,1,R05-invalid-ambiguous-time-policies,P04-R05-invalid-ambiguous-time-policies,"Invalid/ambiguous local times, DST gaps/folds, timezone policy helpers.",L-091: and configure based on policy | L-090: getambiguoustimeoffsets | L-097: ambiguous | L-089: isinvalidtime | L-102: type of offsets,processed-in-r05-v001,yes-for-r05-v001-boundary,R05 processed after local boundary review.,R05,no-for-r05-v001
S-182,558bcd6a709e34cf2b98010f8354dc4a23dd32c5,558bcd6a70,11353.727,24101.564,1117.0,341.0,0.0,1,R05-invalid-ambiguous-time-policies,P04-R05-invalid-ambiguous-time-policies,"Invalid/ambiguous local times, DST gaps/folds, timezone policy helpers.",L-097: ambiguous | L-091: and configure based on policy | L-090: getambiguoustimeoffsets | L-089: isinvalidtime | L-102: type of offsets,processed-in-r05-v001,yes-for-r05-v001-boundary,R05 processed after local boundary review.,R05,no-for-r05-v001
S-183,4cf0181d2062106db4e5c6bd3a206c9aa49ba124,4cf0181d20,11348.894,24496.23,1076.0,237.0,0.0,1,R05-invalid-ambiguous-time-policies,P04-R05-invalid-ambiguous-time-policies,"Invalid/ambiguous local times, DST gaps/folds, timezone policy helpers.",L-097: ambiguous | L-091: and configure based on policy | L-090: getambiguoustimeoffsets | L-089: isinvalidtime | L-102: type of offsets,processed-in-r05-v001,yes-for-r05-v001-boundary,R05 processed after local boundary review.,R05,no-for-r05-v001
S-184,3285e3e8195d533fc1667d96c9fb3f710e7f29d3,3285e3e819,11335.815,24729.574,1075.0,482.0,0.0,1,R05-invalid-ambiguous-time-policies,P04-R05-invalid-ambiguous-time-policies,"Invalid/ambiguous local times, DST gaps/folds, timezone policy helpers.",L-097: ambiguous | L-091: and configure based on policy | L-090: getambiguoustimeoffsets | L-089: isinvalidtime | L-102: type of offsets,processed-in-r05-v001,yes-for-r05-v001-boundary,R05 processed after local boundary review.,R05,no-for-r05-v001
S-185,3b040939e76edacf9eb41268e657724287f9adef,3b040939e7,10168.526,20934.211,626.0,399.0,0.0,1,R05-invalid-ambiguous-time-policies,P04-R05-invalid-ambiguous-time-policies,"Invalid/ambiguous local times, DST gaps/folds, timezone policy helpers.",L-096: invalid | L-087: with invalid/ambiguous time | L-086: methods for working | L-088: isinvalidtime | L-095: time policies,processed-in-r05-v001,yes-for-r05-v001-boundary,R05 processed after local boundary review.,R05,no-for-r05-v001
S-186,e5b04a597a8dfaaa51d9462ce660409a22aacc6c,e5b04a597a,10165.747,21380.492,633.0,482.0,0.0,1,R05-invalid-ambiguous-time-policies,P04-R05-invalid-ambiguous-time-policies,"Invalid/ambiguous local times, DST gaps/folds, timezone policy helpers.",L-096: invalid | L-089: isinvalidtime | L-088: isinvalidtime | L-090: getambiguoustimeoffsets | L-087: with invalid/ambiguous time,processed-in-r05-v001,yes-for-r05-v001-boundary,R05 processed after local boundary review.,R05,no-for-r05-v001
S-187,bb755ebf5ba40c6f0b17b8ca030de346e7573762,bb755ebf5b,10181.526,21872.092,430.0,228.0,0.0,1,R05-invalid-ambiguous-time-policies,P04-R05-invalid-ambiguous-time-policies,"Invalid/ambiguous local times, DST gaps/folds, timezone policy helpers.",L-090: getambiguoustimeoffsets | L-089: isinvalidtime | L-091: and configure based on policy | L-096: invalid | L-088: isinvalidtime,processed-in-r05-v001,yes-for-r05-v001-boundary,R05 processed after local boundary review.,R05,no-for-r05-v001
S-188,57628706f51ada5df374a684e1afca8e1bfdff2d,57628706f5,10175.248,22102.259,727.0,281.0,0.0,1,R05-invalid-ambiguous-time-policies,P04-R05-invalid-ambiguous-time-policies,"Invalid/ambiguous local times, DST gaps/folds, timezone policy helpers.",L-090: getambiguoustimeoffsets | L-091: and configure based on policy | L-089: isinvalidtime | L-097: ambiguous | L-088: isinvalidtime,processed-in-r05-v001,yes-for-r05-v001-boundary,R05 processed after local boundary review.,R05,no-for-r05-v001
S-189,daf3d240b689343180eae2f0e43d620a133d0a82,daf3d240b6,10162.915,22393.815,765.0,369.0,0.0,1,R05-invalid-ambiguous-time-policies,P04-R05-invalid-ambiguous-time-policies,"Invalid/ambiguous local times, DST gaps/folds, timezone policy helpers.",L-091: and configure based on policy | L-090: getambiguoustimeoffsets | L-097: ambiguous | L-089: isinvalidtime | L-088: isinvalidtime,processed-in-r05-v001,yes-for-r05-v001-boundary,R05 processed after local boundary review.,R05,no-for-r05-v001
S-190,3fcd6045b8bb0134b35551aeb3f24c56f8539cb1,3fcd6045b8,10149.692,22780.481,847.0,429.0,0.0,1,R05-invalid-ambiguous-time-policies,P04-R05-invalid-ambiguous-time-policies,"Invalid/ambiguous local times, DST gaps/folds, timezone policy helpers.",L-097: ambiguous | L-091: and configure based on policy | L-090: getambiguoustimeoffsets | L-089: isinvalidtime | L-088: isinvalidtime,processed-in-r05-v001,yes-for-r05-v001-boundary,R05 processed after local boundary review.,R05,no-for-r05-v001
S-191,f9496960331fe8d9737967fac3d552708d861103,f949696033,10162.581,23436.703,559.0,301.0,0.0,1,R05-invalid-ambiguous-time-policies,P04-R05-invalid-ambiguous-time-policies,"Invalid/ambiguous local times, DST gaps/folds, timezone policy helpers.",L-097: ambiguous | L-091: and configure based on policy | L-090: getambiguoustimeoffsets | L-089: isinvalidtime | L-088: isinvalidtime,processed-in-r05-v001,yes-for-r05-v001-boundary,R05 processed after local boundary review.,R05,no-for-r05-v001
S-192,2a3012752b4d67adf017e7662925b99b45a0c6c2,2a3012752b,10065.212,23768.269,1045.0,482.0,0.0,1,R05-invalid-ambiguous-time-policies,P04-R05-invalid-ambiguous-time-policies,"Invalid/ambiguous local times, DST gaps/folds, timezone policy helpers.",L-097: ambiguous | L-091: and configure based on policy | L-090: getambiguoustimeoffsets | L-089: isinvalidtime | L-088: isinvalidtime,processed-in-r05-v001,yes-for-r05-v001-boundary,R05 processed after local boundary review.,R05,no-for-r05-v001
S-193,f8c590b4457bd5ce5ed08cf949d11b4d51e3d8c7,f8c590b445,10057.544,24129.981,815.0,290.0,0.0,1,R05-invalid-ambiguous-time-policies,P04-R05-invalid-ambiguous-time-policies,"Invalid/ambiguous local times, DST gaps/folds, timezone policy helpers.",L-097: ambiguous | L-091: and configure based on policy | L-090: getambiguoustimeoffsets | L-089: isinvalidtime | L-088: isinvalidtime,processed-in-r05-v001,yes-for-r05-v001-boundary,R05 processed after local boundary review.,R05,no-for-r05-v001
S-194,9e9ab0272289f2c01d821c95913b0e73fc9a7d38,9e9ab02722,10056.766,24440.574,461.0,134.0,0.0,1,R05-invalid-ambiguous-time-policies,P04-R05-invalid-ambiguous-time-policies,"Invalid/ambiguous local times, DST gaps/folds, timezone policy helpers.",L-097: ambiguous | L-091: and configure based on policy | L-090: getambiguoustimeoffsets | L-089: isinvalidtime | L-088: isinvalidtime,processed-in-r05-v001,yes-for-r05-v001-boundary,R05 processed after local boundary review.,R05,no-for-r05-v001
S-195,783aac5d20f2fba565d888c412b8e249475c901e,783aac5d20,10048.433,24582.5,1091.0,422.0,0.0,1,R05-invalid-ambiguous-time-policies,P04-R05-invalid-ambiguous-time-policies,"Invalid/ambiguous local times, DST gaps/folds, timezone policy helpers.",L-097: ambiguous | L-091: and configure based on policy | L-090: getambiguoustimeoffsets | L-089: isinvalidtime | L-088: isinvalidtime,processed-in-r05-v001,yes-for-r05-v001-boundary,R05 processed after local boundary review.,R05,no-for-r05-v001
S-196,81e56084600238b7cc63c7f9f48683ef2e557913,81e5608460,10031.47,25015.259,639.0,315.0,0.0,1,R05-invalid-ambiguous-time-policies,P04-R05-invalid-ambiguous-time-policies,"Invalid/ambiguous local times, DST gaps/folds, timezone policy helpers.",L-097: ambiguous | L-091: and configure based on policy | L-090: getambiguoustimeoffsets | L-089: isinvalidtime | L-088: isinvalidtime,processed-in-r05-v001,yes-for-r05-v001-boundary,R05 processed after local boundary review.,R05,no-for-r05-v001
S-197,457868854b7c1d4b67a76e24f987f63805479440,457868854b,10005.952,25347.666,1013.0,385.0,0.0,1,R05-invalid-ambiguous-time-policies,P04-R05-invalid-ambiguous-time-policies,"Invalid/ambiguous local times, DST gaps/folds, timezone policy helpers.",L-097: ambiguous | L-091: and configure based on policy | L-090: getambiguoustimeoffsets | L-089: isinvalidtime | L-088: isinvalidtime,processed-in-r05-v001,yes-for-r05-v001-boundary,R05 processed after local boundary review.,R05,no-for-r05-v001
S-198,be61824bd1697733f0b805bb07a7ea98f47f0b8c,be61824bd1,13537.291,22210.1,1020.0,306.0,0.0,1,R05-invalid-ambiguous-time-policies,P04-R05-invalid-ambiguous-time-policies,"Invalid/ambiguous local times, DST gaps/folds, timezone policy helpers.",L-102: type of offsets | L-091: and configure based on policy | L-090: getambiguoustimeoffsets | L-089: isinvalidtime | L-088: isinvalidtime,processed-in-r05-v001,yes-for-r05-v001-boundary,R05 processed after local boundary review.,R05,no-for-r05-v001
S-199,157b34ae8452e9cdef46db960d5769254388b2b7,157b34ae84,13547.013,22575.915,1013.0,340.0,0.0,1,R05-invalid-ambiguous-time-policies,P04-R05-invalid-ambiguous-time-policies,"Invalid/ambiguous local times, DST gaps/folds, timezone policy helpers.",L-102: type of offsets | L-091: and configure based on policy | L-090: getambiguoustimeoffsets | L-089: isinvalidtime | L-088: isinvalidtime,processed-in-r05-v001,yes-for-r05-v001-boundary,R05 processed after local boundary review.,R05,no-for-r05-v001
S-200,1572e0864dcd96df98d6e8b066d59b8bf61aafab,1572e0864d,13554.347,22935.248,993.0,296.0,0.0,1,R05-invalid-ambiguous-time-policies,P04-R05-invalid-ambiguous-time-policies,"Invalid/ambiguous local times, DST gaps/folds, timezone policy helpers.",L-102: type of offsets | L-091: and configure based on policy | L-090: getambiguoustimeoffsets | L-089: isinvalidtime | L-088: isinvalidtime,processed-in-r05-v001,yes-for-r05-v001-boundary,R05 processed after local boundary review.,R05,no-for-r05-v001
S-201,0f299aa8acd50d50512aa0e577d3407f942bd276,0f299aa8ac,8704.932,7750.468,897.0,121.0,0.0,1,R01-core-types-offset-ticks-unix-js,P01-R01-core-types-offset-ticks-unix-js,"Core DateTime/DateTimeOffset choices, Kind/offset basics, comparing, ticks, Unix time, JS local formatting.",L-105: iso 8601 | L-106: rfc 1123 | L-057: what just tostring does with | L-058: datetimeoffset | L-107: unix,processed-in-r03-v001,yes-for-r03-v001-boundary,R03 processed after local boundary review.,R03,no-for-r03-v001
S-202,420d627df1a655a63381891278f7069014df7558,420d627df1,8703.27,8026.256,741.0,482.0,0.0,1,R01-core-types-offset-ticks-unix-js,P01-R01-core-types-offset-ticks-unix-js,"Core DateTime/DateTimeOffset choices, Kind/offset basics, comparing, ticks, Unix time, JS local formatting.",L-105: iso 8601 | L-106: rfc 1123 | L-107: unix | L-058: datetimeoffset | L-057: what just tostring does with,processed-in-r03-v001,yes-for-r03-v001-boundary,R03 processed after local boundary review.,R03,no-for-r03-v001
S-203,01665246b6d207110a68940b8e5e1f9e55b7ff29,01665246b6,8697.083,8605.811,724.0,482.0,0.0,1,R01-core-types-offset-ticks-unix-js,P01-R01-core-types-offset-ticks-unix-js,"Core DateTime/DateTimeOffset choices, Kind/offset basics, comparing, ticks, Unix time, JS local formatting.",L-106: rfc 1123 | L-107: unix | L-105: iso 8601 | L-058: datetimeoffset | L-057: what just tostring does with,processed-in-r03-v001,yes-for-r03-v001-boundary,R03 processed after local boundary review.,R03,no-for-r03-v001
S-204,adb5e1c64a0a5a89a9d9fae1537db970f02570fc,adb5e1c64a,8708.159,9160.478,582.0,482.0,0.0,1,R01-core-types-offset-ticks-unix-js,P01-R01-core-types-offset-ticks-unix-js,"Core DateTime/DateTimeOffset choices, Kind/offset basics, comparing, ticks, Unix time, JS local formatting.",L-107: unix | L-106: rfc 1123 | L-105: iso 8601 | L-058: datetimeoffset | L-057: what just tostring does with,processed-in-r03-v001,yes-for-r03-v001-boundary,R03 processed after local boundary review.,R03,no-for-r03-v001
S-205,9565df86f3f064a91ee5e4323b61b18a139ee164,9565df86f3,7589.488,9157.811,939.0,482.0,0.0,1,R01-core-types-offset-ticks-unix-js,P01-R01-core-types-offset-ticks-unix-js,"Core DateTime/DateTimeOffset choices, Kind/offset basics, comparing, ticks, Unix time, JS local formatting.",L-107: unix | L-106: rfc 1123 | L-105: iso 8601 | L-104: what format | L-019: timezoneinfo,processed-in-r03-v001,yes-for-r03-v001-boundary,R03 processed after local boundary review.,R03,no-for-r03-v001
S-206,d79010fd37a2c601f4196ce9ec642e0d01c522d2,d79010fd37,7623.043,9696.134,779.0,163.0,0.0,1,R01-core-types-offset-ticks-unix-js,P01-R01-core-types-offset-ticks-unix-js,"Core DateTime/DateTimeOffset choices, Kind/offset basics, comparing, ticks, Unix time, JS local formatting.",L-107: unix | L-106: rfc 1123 | L-019: timezoneinfo | L-105: iso 8601 | L-020: when need to show user his local time,processed-in-r03-v001,yes-for-r03-v001-boundary,R03 processed after local boundary review.,R03,no-for-r03-v001
